log_date,country,nth_event,avg_sec,player_count
2026-07-11,AR,1-ALL_LOAD_INTRO_START,2.4,9
2026-07-11,AR,1-INTRO_FB_ENTRY_POINT,2.8,9
2026-07-11,AR,1-1000_LOGIN_COMPLETE,5.6,9
2026-07-11,AR,1-INTRO_OBJECT_POOL_FINISH,5.0,9
2026-07-11,AR,1-ALL_LOAD_INTRO_FINISH,2.7,9
2026-07-11,AR,1-6040_SETTING_LANGUAGE,4.3,9
2026-07-11,AR,1-6000_FRIEND_COUNT,3.2,9
2026-07-11,AR,1-INTRO_FB_ENTRY_DATA_FINISH,4.6,9
2026-07-11,AR,1-1010_LOAD_COMPLETE,8.4,9
2026-07-11,AR,1-INTRO_SIGNED_PLAYER_INFO,2.8,9
2026-07-11,AR,1-6020_USER_CURRENT_LEVEL,6.0,9
2026-07-11,AR,1-INTRO_GAME_DATA,3.0,9
2026-07-11,AR,1-9400_GOLD_TRANSACTION_LOG,5.4,9
2026-07-11,AR,1-INTRO_FB_SUBSCRIBE_BOT_FINISH,3.9,9
2026-07-11,AR,1-INTRO_FB_START_FINISH,0.0,9
2026-07-11,AR,1-INTRO_BUNDLE,2.8,9
2026-07-11,AR,1-ALL_LOAD_INTRO,2.4,9
2026-07-11,AR,1-6012_USER_HAMMER_BALANCE,6.0,9
2026-07-11,AR,1-INTRO_FB_FRIEND_FINISH,3.2,9
2026-07-11,AR,1-INTRO_FB_ENTRY_DATA,3.9,9
2026-07-11,AR,1-INTRO_SIGNED_PLAYER_INFO_FINISH,3.2,9
2026-07-11,AR,1-INTRO_FB_ENTRY_POINT_FINISH,3.9,9
2026-07-11,AR,1-INTRO_FB_FRIEND,2.8,9
2026-07-11,AR,1-INTRO_LOGIN,5.1,9
2026-07-11,AR,1-INTRO_GAME_DATA_FINISH,4.6,9
2026-07-11,AR,1-2100_GAMEPLAY_START,8.4,9
2026-07-11,AR,1-ALL_LOAD_FB,0.7,9
2026-07-11,AR,1-6011_USER_TICKET_BALANCE,6.0,9
2026-07-11,AR,1-9403_BOOSTER_TRANSACTION_LOG,5.6,9
2026-07-11,AR,1-12001_INTRO_DIRECT_ENTRY_START,6.1,9
2026-07-11,AR,1-INTRO_BUNDLE_FINISH,4.3,9
2026-07-11,AR,1-6030_USER_CITY_STATUS,6.0,9
2026-07-11,AR,1-12002_INTRO_DIRECT_ENTRY_END,8.6,9
2026-07-11,AR,1-INTRO_OBJECT_POOL,4.3,9
2026-07-11,AR,1-INTRO_FB_SUBSCRIBE_BOT,2.8,9
2026-07-11,AR,1-6010_USER_GOLD_BALANCE,6.0,9
2026-07-11,AR,1-9402_HAMMER_TRANSACTION_LOG,29.5,8
2026-07-11,AR,1-2210_GAMEPLAY_COMBO_REWARD,28.8,8
2026-07-11,AR,1-2150_GAMEPLAY_NRU_CARD_MATCH,15.6,8
2026-07-11,AR,1-2110_TUTO_INGAME_INTRO,10.4,8
2026-07-11,AR,1-2151_GAMEPLAY_NRU_MATCHES,28.8,8
2026-07-11,AR,1-2141_TUTO_STEP_COMPLETE,13.0,8
2026-07-11,AR,1-7180_BTN_DRAW_DECK,47.4,8
2026-07-11,AR,1-2213_GAMEPLAY_DECK_BONUS,27.3,8
2026-07-11,AR,1-12000_TEST_TOUCH,11.8,8
2026-07-11,AR,1-2300_GAMEPLAY_FINISH,28.8,8
2026-07-11,AR,1-2410_FINISH_RESULT_CLAIM,32.4,8
2026-07-11,AR,1-2400_FINISH_RESULT,30.1,8
2026-07-11,AR,1-9990_PLAY_FIRST_TOUCH,14.1,8
2026-07-11,AR,1-2610_GIMMICK_PLUS_CARD_MATCH,116.1,7
2026-07-11,AR,1-2510_ENTRY_COST_PAY,69.7,7
2026-07-11,AR,1-2090_PRE_LEVEL_SHOW,68.3,7
2026-07-11,AR,1-3120_TOURNAMENT_CREATE_FAIL,111.6,7
2026-07-11,AR,1-5700_LOBBY,62.3,7
2026-07-11,AR,1-2094_PRE_LEVEL_PLAY,69.7,7
2026-07-11,AR,1-2114_TUTO_PRE_LEVEL_POPUP,68.3,7
2026-07-11,AR,1-2116_TUTO_PLUS_CARD,114.9,7
2026-07-11,AR,1-2111_TUTO_DECK_DRAW,36.0,7
2026-07-11,AR,1-3100_TOURNAMENT_CREATE,110.9,7
2026-07-11,AR,1-2600_GIMMICK_FIRST_APPEAR,114.9,7
2026-07-11,AR,1-2212_GAMEPLAY_STREAK_STAR_EARN,178.0,6
2026-07-11,AR,1-2119_TUTO_STREAK,169.3,6
2026-07-11,AR,1-2211_GAMEPLAY_STREAK_METER_FILL,178.0,6
2026-07-11,AR,1-6110_IDLE_GOLD_COLLECT_TRY,149.0,6
2026-07-11,AR,1-5200_LEADERBOARD,212.2,6
2026-07-11,AR,1-11001_GAMEPLAY_FINISH_5,201.5,6
2026-07-11,AR,1-6111_IDLE_GOLD_COLLECT_SUCCESS,149.2,6
2026-07-11,AR,1-8060_DAILY_CHECKIN_POPUP,242.6,5
2026-07-11,AR,1-8062_DAILY_CHECKIN_CLAIM_SUCCESS,244.8,5
2026-07-11,AR,1-8064_BTN_DAILY_CHECKIN_CLOSE,246.4,5
2026-07-11,AR,1-11002_GAMEPLAY_FINISH_6,238.0,5
2026-07-11,AR,1-8061_DAILY_CHECKIN_CLAIM_TRY,244.8,5
2026-07-11,AR,1-8105_BTN_CITY_DECO_CLOSE,243.3,4
2026-07-11,AR,1-FIRST_LOAD_INTRO_START_Android,2.8,4
2026-07-11,AR,1-FIRST_LOAD_FB_etc,0.3,4
2026-07-11,AR,1-FIRST_LOAD_INTRO_etc,2.5,4
2026-07-11,AR,1-FIRST_LOAD_INTRO_FINISH_Android,3.0,4
2026-07-11,AR,1-FIRST_LOAD_FB_Android,1.3,4
2026-07-11,AR,1-FIRST_LOAD_INTRO_START_etc,2.5,4
2026-07-11,AR,1-8100_CITY_DECO_POPUP,238.8,4
2026-07-11,AR,1-FIRST_LOAD_INTRO_FINISH_etc,2.8,4
2026-07-11,AR,1-FIRST_LOAD_INTRO_Android,2.8,4
2026-07-11,AR,1-8101_CITY_DECO_UPGRADE_TRY,240.5,4
2026-07-11,AR,1-8102_CITY_DECO_UPGRADE_SUCCESS,240.5,4
2026-07-11,AR,1-2125_TUTO_BOOSTER_EXTRADECK,386.3,3
2026-07-11,AR,1-5105_BTN_DAILY_TASK_CLOSE,480.7,3
2026-07-11,AR,1-11006_GAMEPLAY_FINISH_10,393.3,3
2026-07-11,AR,1-8050_DAILY_WHEEL_POPUP,330.0,3
2026-07-11,AR,1-2190_GAMEPLAY_ITEM_EXTRADECK_TRY,454.3,3
2026-07-11,AR,1-2093_PRE_LEVEL_BETTING,349.3,3
2026-07-11,AR,1-8053_BTN_DAILY_WHEEL_CLOSE,343.0,3
2026-07-11,AR,1-2123_TUTO_BOOSTER_FIREWORKS,302.3,3
2026-07-11,AR,1-5100_DAILY_TASK,477.0,3
2026-07-11,AR,1-11004_GAMEPLAY_FINISH_8,283.7,3
2026-07-11,AR,1-2124_TUTO_BOOSTER_WILDCARD,225.0,3
2026-07-11,AR,1-2091_PRE_LEVEL_BOOSTER_SELECT,304.3,3
2026-07-11,AR,1-11005_GAMEPLAY_FINISH_9,321.7,3
2026-07-11,AR,1-2122_TUTO_BOOSTER_UNDO,264.7,3
2026-07-11,AR,1-2127_TUTO_BETTING_2,346.7,3
2026-07-11,AR,1-2191_GAMEPLAY_ITEM_EXTRADECK_SUCCESS,454.7,3
2026-07-11,AR,1-8120_COLLECTION_POPUP,251.3,3
2026-07-11,AR,1-11003_GAMEPLAY_FINISH_7,245.3,3
2026-07-11,AR,1-8051_DAILY_WHEEL_SPIN_SUCCESS,338.3,3
2026-07-11,AR,1-5522_LEADERBOARD_FRIEND_GIFT_SUCCESS,233.5,2
2026-07-11,AR,1-3010_SWITCH_CONTEXT_SUCCESS,233.0,2
2026-07-11,AR,1-ALL_INTRO_DEBUG_ERROR_98,13.5,2
2026-07-11,AR,1-5412_EVENT_RED_CARD_MILESTONE_CLOSE,473.5,2
2026-07-11,AR,1-5201_BTN_LEADERBOARD_FRIENDS_TAB,224.0,2
2026-07-11,AR,1-3500_FEED_SHARE,88.0,2
2026-07-11,AR,1-5521_LEADERBOARD_FRIEND_GIFT_TRY,227.5,2
2026-07-11,AR,1-2130_TUTO_GIMMICK_RUNNER,515.5,2
2026-07-11,AR,1-5410_EVENT_RED_CARD_MILESTONE,470.0,2
2026-07-11,AR,1-3510_FEED_SHARE_SUCCESS,94.5,2
2026-07-11,AR,1-NETWORK_TIMEOUT_RETRY,8.0,2
2026-07-11,AR,1-3000_SWITCH_CONTEXT_START,227.5,2
2026-07-11,AR,1-3410_MSG_P2P_SUCCESS,235.0,2
2026-07-11,AR,1-NETWORK_TIMEOUT,8.0,2
2026-07-11,AR,1-3400_MSG_P2P,233.5,2
2026-07-11,AR,1-ALL_INTRO_DEBUG_ERROR_PASS_AFTER_98,15.5,2
2026-07-11,AR,1-3610_SCREENSHOT_SHARE_SUCCESS,94.5,2
2026-07-11,AR,1-2170_GAMEPLAY_ITEM_FIREWORKS_TRY,332.5,2
2026-07-11,AR,1-2620_GIMMICK_RUNNER_MOVE,519.0,2
2026-07-11,AR,1-2171_GAMEPLAY_ITEM_FIREWORKS_SUCCESS,332.5,2
2026-07-11,AR,1-3600_SCREENSHOT_SHARE,88.0,2
2026-07-11,AT,1-2151_GAMEPLAY_NRU_MATCHES,113.0,2
2026-07-11,AT,1-INTRO_SIGNED_PLAYER_INFO,3.5,2
2026-07-11,AT,1-ALL_LOAD_INTRO,3.0,2
2026-07-11,AT,1-6000_FRIEND_COUNT,3.5,2
2026-07-11,AT,1-6030_USER_CITY_STATUS,6.0,2
2026-07-11,AT,1-INTRO_BUNDLE_FINISH,4.0,2
2026-07-11,AT,1-6010_USER_GOLD_BALANCE,6.0,2
2026-07-11,AT,1-6040_SETTING_LANGUAGE,4.0,2
2026-07-11,AT,1-6020_USER_CURRENT_LEVEL,6.0,2
2026-07-11,AT,1-INTRO_FB_SUBSCRIBE_BOT,3.5,2
2026-07-11,AT,1-INTRO_OBJECT_POOL,4.0,2
2026-07-11,AT,1-1010_LOAD_COMPLETE,11.5,2
2026-07-11,AT,1-INTRO_BUNDLE,3.5,2
2026-07-11,AT,1-ALL_LOAD_FB,1.5,2
2026-07-11,AT,1-INTRO_LOGIN,5.0,2
2026-07-11,AT,1-2150_GAMEPLAY_NRU_CARD_MATCH,88.5,2
2026-07-11,AT,1-INTRO_OBJECT_POOL_FINISH,9.0,2
2026-07-11,AT,1-INTRO_FB_ENTRY_POINT,3.5,2
2026-07-11,AT,1-INTRO_FB_FRIEND,3.5,2
2026-07-11,AT,1-12001_INTRO_DIRECT_ENTRY_START,9.5,2
2026-07-11,AT,1-9400_GOLD_TRANSACTION_LOG,5.5,2
2026-07-11,AT,1-2213_GAMEPLAY_DECK_BONUS,111.5,2
2026-07-11,AT,1-6012_USER_HAMMER_BALANCE,6.0,2
2026-07-11,AT,1-2300_GAMEPLAY_FINISH,113.0,2
2026-07-11,AT,1-INTRO_FB_ENTRY_DATA_FINISH,4.5,2
2026-07-11,AT,1-INTRO_GAME_DATA_FINISH,5.0,2
2026-07-11,AT,1-INTRO_FB_ENTRY_DATA,4.0,2
2026-07-11,AT,1-12002_INTRO_DIRECT_ENTRY_END,11.5,2
2026-07-11,AT,1-2100_GAMEPLAY_START,11.5,2
2026-07-11,AT,1-9990_PLAY_FIRST_TOUCH,87.5,2
2026-07-11,AT,1-ALL_LOAD_INTRO_START,3.0,2
2026-07-11,AT,1-2210_GAMEPLAY_COMBO_REWARD,113.0,2
2026-07-11,AT,1-2400_FINISH_RESULT,113.5,2
2026-07-11,AT,1-1000_LOGIN_COMPLETE,6.0,2
2026-07-11,AT,1-INTRO_GAME_DATA,3.5,2
2026-07-11,AT,1-ALL_LOAD_INTRO_FINISH,3.0,2
2026-07-11,AT,1-INTRO_FB_ENTRY_POINT_FINISH,4.0,2
2026-07-11,AT,1-6011_USER_TICKET_BALANCE,6.0,2
2026-07-11,AT,1-9402_HAMMER_TRANSACTION_LOG,112.0,2
2026-07-11,AT,1-INTRO_FB_START_FINISH,0.0,2
2026-07-11,AT,1-INTRO_FB_FRIEND_FINISH,3.5,2
2026-07-11,AT,1-INTRO_SIGNED_PLAYER_INFO_FINISH,3.5,2
2026-07-11,AT,1-12000_TEST_TOUCH,12.0,2
2026-07-11,AT,1-INTRO_FB_SUBSCRIBE_BOT_FINISH,4.0,2
2026-07-11,AT,1-9403_BOOSTER_TRANSACTION_LOG,5.5,2
2026-07-11,AT,1-2110_TUTO_INGAME_INTRO,13.0,2
2026-07-11,AT,1-2141_TUTO_STEP_COMPLETE,17.5,2
2026-07-11,BD,1-INTRO_FB_ENTRY_DATA_FINISH,11.8,9
2026-07-11,BD,1-INTRO_BUNDLE,9.6,9
2026-07-11,BD,1-FIRST_LOAD_INTRO_FINISH_Android,5.3,9
2026-07-11,BD,1-6040_SETTING_LANGUAGE,10.9,9
2026-07-11,BD,1-FIRST_LOAD_INTRO_START_Android,5.0,9
2026-07-11,BD,1-INTRO_SIGNED_PLAYER_INFO_FINISH,9.9,9
2026-07-11,BD,1-9400_GOLD_TRANSACTION_LOG,13.2,9
2026-07-11,BD,1-INTRO_GAME_DATA_FINISH,12.0,9
2026-07-11,BD,1-9403_BOOSTER_TRANSACTION_LOG,13.3,9
2026-07-11,BD,1-ALL_LOAD_INTRO_FINISH,5.3,9
2026-07-11,BD,1-INTRO_FB_ENTRY_DATA,10.8,9
2026-07-11,BD,1-INTRO_FB_SUBSCRIBE_BOT_FINISH,10.8,9
2026-07-11,BD,1-6010_USER_GOLD_BALANCE,13.7,9
2026-07-11,BD,1-INTRO_OBJECT_POOL,10.9,9
2026-07-11,BD,1-FIRST_LOAD_INTRO_Android,4.9,9
2026-07-11,BD,1-INTRO_FB_ENTRY_POINT,9.6,9
2026-07-11,BD,1-ALL_LOAD_FB,1.7,9
2026-07-11,BD,1-ALL_LOAD_INTRO,5.0,9
2026-07-11,BD,1-6020_USER_CURRENT_LEVEL,14.0,9
2026-07-11,BD,1-INTRO_SIGNED_PLAYER_INFO,9.6,9
2026-07-11,BD,1-6030_USER_CITY_STATUS,14.1,9
2026-07-11,BD,1-INTRO_BUNDLE_FINISH,10.8,9
2026-07-11,BD,1-INTRO_LOGIN,12.4,9
2026-07-11,BD,1-INTRO_FB_ENTRY_POINT_FINISH,10.7,9
2026-07-11,BD,1-INTRO_FB_SUBSCRIBE_BOT,9.6,9
2026-07-11,BD,1-6012_USER_HAMMER_BALANCE,13.9,9
2026-07-11,BD,1-1000_LOGIN_COMPLETE,13.3,9
2026-07-11,BD,1-6011_USER_TICKET_BALANCE,13.7,9
2026-07-11,BD,1-6000_FRIEND_COUNT,10.2,9
2026-07-11,BD,1-INTRO_FB_START_FINISH,0.0,9
2026-07-11,BD,1-FIRST_LOAD_FB_Android,1.7,9
2026-07-11,BD,1-ALL_LOAD_INTRO_START,5.0,9
2026-07-11,BD,1-INTRO_GAME_DATA,9.8,9
2026-07-11,BD,1-INTRO_FB_FRIEND_FINISH,10.2,9
2026-07-11,BD,1-INTRO_FB_FRIEND,9.6,9
2026-07-11,BD,1-12002_INTRO_DIRECT_ENTRY_END,20.1,8
2026-07-11,BD,1-12000_TEST_TOUCH,19.3,8
2026-07-11,BD,1-2100_GAMEPLAY_START,21.8,8
2026-07-11,BD,1-1010_LOAD_COMPLETE,21.9,8
2026-07-11,BD,1-12001_INTRO_DIRECT_ENTRY_START,15.3,8
2026-07-11,BD,1-INTRO_OBJECT_POOL_FINISH,13.5,8
2026-07-11,BD,1-2110_TUTO_INGAME_INTRO,49.7,7
2026-07-11,BD,1-FIRST_INTRO_DEBUG_ERROR_98_Android,15.0,6
2026-07-11,BD,1-ALL_INTRO_DEBUG_ERROR_98,15.0,6
2026-07-11,BD,1-2141_TUTO_STEP_COMPLETE,69.2,6
2026-07-11,BD,1-ALL_INTRO_DEBUG_ERROR_PASS_AFTER_98,38.5,4
2026-07-11,BD,1-FIRST_INTRO_DEBUG_ERROR_PASS_AFTER_98_Android,37.3,3
2026-07-11,BD,1-12020_FRAME_DROP_LOG,259.5,2
2026-07-11,BE,1-6012_USER_HAMMER_BALANCE,3.0,7
2026-07-11,BE,1-9400_GOLD_TRANSACTION_LOG,2.4,7
2026-07-11,BE,1-2213_GAMEPLAY_DECK_BONUS,27.1,7
2026-07-11,BE,1-12002_INTRO_DIRECT_ENTRY_END,5.3,7
2026-07-11,BE,1-INTRO_FB_ENTRY_DATA_FINISH,2.1,7
2026-07-11,BE,1-7180_BTN_DRAW_DECK,45.9,7
2026-07-11,BE,1-INTRO_FB_FRIEND_FINISH,1.6,7
2026-07-11,BE,1-9990_PLAY_FIRST_TOUCH,15.3,7
2026-07-11,BE,1-3120_TOURNAMENT_CREATE_FAIL,99.4,7
2026-07-11,BE,1-6010_USER_GOLD_BALANCE,2.9,7
2026-07-11,BE,1-9403_BOOSTER_TRANSACTION_LOG,2.6,7
2026-07-11,BE,1-12001_INTRO_DIRECT_ENTRY_START,3.4,7
2026-07-11,BE,1-ALL_LOAD_INTRO_FINISH,0.9,7
2026-07-11,BE,1-2150_GAMEPLAY_NRU_CARD_MATCH,16.3,7
2026-07-11,BE,1-ALL_LOAD_INTRO,0.9,7
2026-07-11,BE,1-INTRO_FB_ENTRY_DATA,1.7,7
2026-07-11,BE,1-2400_FINISH_RESULT,29.6,7
2026-07-11,BE,1-ALL_LOAD_INTRO_START,0.9,7
2026-07-11,BE,1-2300_GAMEPLAY_FINISH,28.7,7
2026-07-11,BE,1-2111_TUTO_DECK_DRAW,37.0,7
2026-07-11,BE,1-1010_LOAD_COMPLETE,5.1,7
2026-07-11,BE,1-6030_USER_CITY_STATUS,3.0,7
2026-07-11,BE,1-2114_TUTO_PRE_LEVEL_POPUP,69.7,7
2026-07-11,BE,1-6020_USER_CURRENT_LEVEL,3.0,7
2026-07-11,BE,1-2141_TUTO_STEP_COMPLETE,13.7,7
2026-07-11,BE,1-1000_LOGIN_COMPLETE,2.6,7
2026-07-11,BE,1-3100_TOURNAMENT_CREATE,99.0,7
2026-07-11,BE,1-INTRO_OBJECT_POOL,1.6,7
2026-07-11,BE,1-2151_GAMEPLAY_NRU_MATCHES,28.7,7
2026-07-11,BE,1-INTRO_FB_SUBSCRIBE_BOT_FINISH,1.9,7
2026-07-11,BE,1-ALL_LOAD_FB,0.0,7
2026-07-11,BE,1-6040_SETTING_LANGUAGE,1.6,7
2026-07-11,BE,1-6000_FRIEND_COUNT,1.6,7
2026-07-11,BE,1-INTRO_BUNDLE_FINISH,1.4,7
2026-07-11,BE,1-INTRO_SIGNED_PLAYER_INFO_FINISH,1.1,7
2026-07-11,BE,1-INTRO_FB_ENTRY_POINT_FINISH,1.7,7
2026-07-11,BE,1-FIRST_LOAD_INTRO_START_etc,0.9,7
2026-07-11,BE,1-INTRO_SIGNED_PLAYER_INFO,0.9,7
2026-07-11,BE,1-9402_HAMMER_TRANSACTION_LOG,27.7,7
2026-07-11,BE,1-INTRO_BUNDLE,0.9,7
2026-07-11,BE,1-INTRO_GAME_DATA,0.9,7
2026-07-11,BE,1-6011_USER_TICKET_BALANCE,3.0,7
2026-07-11,BE,1-2210_GAMEPLAY_COMBO_REWARD,28.7,7
2026-07-11,BE,1-FIRST_LOAD_INTRO_etc,0.9,7
2026-07-11,BE,1-FIRST_LOAD_FB_etc,0.0,7
2026-07-11,BE,1-INTRO_GAME_DATA_FINISH,2.3,7
2026-07-11,BE,1-INTRO_FB_START_FINISH,0.0,7
2026-07-11,BE,1-2100_GAMEPLAY_START,5.1,7
2026-07-11,BE,1-2410_FINISH_RESULT_CLAIM,33.0,7
2026-07-11,BE,1-INTRO_LOGIN,2.4,7
2026-07-11,BE,1-FIRST_LOAD_INTRO_FINISH_etc,0.9,7
2026-07-11,BE,1-2094_PRE_LEVEL_PLAY,72.7,7
2026-07-11,BE,1-2110_TUTO_INGAME_INTRO,6.6,7
2026-07-11,BE,1-12000_TEST_TOUCH,13.4,7
2026-07-11,BE,1-2510_ENTRY_COST_PAY,72.7,7
2026-07-11,BE,1-5700_LOBBY,67.0,7
2026-07-11,BE,1-INTRO_FB_ENTRY_POINT,0.9,7
2026-07-11,BE,1-INTRO_FB_FRIEND,0.9,7
2026-07-11,BE,1-INTRO_OBJECT_POOL_FINISH,1.7,7
2026-07-11,BE,1-INTRO_FB_SUBSCRIBE_BOT,0.9,7
2026-07-11,BE,1-2090_PRE_LEVEL_SHOW,69.6,7
2026-07-11,BE,1-6110_IDLE_GOLD_COLLECT_TRY,186.5,6
2026-07-11,BE,1-11002_GAMEPLAY_FINISH_6,300.2,6
2026-07-11,BE,1-2211_GAMEPLAY_STREAK_METER_FILL,211.0,6
2026-07-11,BE,1-11001_GAMEPLAY_FINISH_5,237.7,6
2026-07-11,BE,1-5200_LEADERBOARD,246.8,6
2026-07-11,BE,1-2116_TUTO_PLUS_CARD,149.0,6
2026-07-11,BE,1-2600_GIMMICK_FIRST_APPEAR,149.0,6
2026-07-11,BE,1-6111_IDLE_GOLD_COLLECT_SUCCESS,186.5,6
2026-07-11,BE,1-2610_GIMMICK_PLUS_CARD_MATCH,151.2,6
2026-07-11,BE,1-2119_TUTO_STREAK,199.7,6
2026-07-11,BE,1-2212_GAMEPLAY_STREAK_STAR_EARN,210.8,6
2026-07-11,BE,1-8060_DAILY_CHECKIN_POPUP,301.4,5
2026-07-11,BE,1-2122_TUTO_BOOSTER_UNDO,400.6,5
2026-07-11,BE,1-8062_DAILY_CHECKIN_CLAIM_SUCCESS,304.2,5
2026-07-11,BE,1-8064_BTN_DAILY_CHECKIN_CLOSE,305.6,5
2026-07-11,BE,1-2124_TUTO_BOOSTER_WILDCARD,322.2,5
2026-07-11,BE,1-11003_GAMEPLAY_FINISH_7,355.6,5
2026-07-11,BE,1-8061_DAILY_CHECKIN_CLAIM_TRY,304.2,5
2026-07-11,BE,1-8120_COLLECTION_POPUP,367.4,5
2026-07-11,BE,1-11004_GAMEPLAY_FINISH_8,385.5,4
2026-07-11,BE,1-2091_PRE_LEVEL_BOOSTER_SELECT,429.8,4
2026-07-11,BE,1-11005_GAMEPLAY_FINISH_9,457.0,4
2026-07-11,BE,1-4200_RV_START,438.5,4
2026-07-11,BE,1-2123_TUTO_BOOSTER_FIREWORKS,425.0,4
2026-07-11,BE,1-2171_GAMEPLAY_ITEM_FIREWORKS_SUCCESS,458.3,3
2026-07-11,BE,1-8051_DAILY_WHEEL_SPIN_SUCCESS,468.3,3
2026-07-11,BE,1-2125_TUTO_BOOSTER_EXTRADECK,474.0,3
2026-07-11,BE,1-8130_CITY_LIST_POPUP,327.7,3
2026-07-11,BE,1-2170_GAMEPLAY_ITEM_FIREWORKS_TRY,458.3,3
2026-07-11,BE,1-8050_DAILY_WHEEL_POPUP,459.7,3
2026-07-11,BE,1-2160_GAMEPLAY_ITEM_UNDO_TRY,449.0,2
2026-07-11,BE,1-8100_CITY_DECO_POPUP,234.5,2
2026-07-11,BE,1-12020_FRAME_DROP_LOG,247.0,2
2026-07-11,BE,1-8105_BTN_CITY_DECO_CLOSE,242.0,2
2026-07-11,BE,1-2180_GAMEPLAY_ITEM_WILDCARD_TRY,394.5,2
2026-07-11,BE,1-2191_GAMEPLAY_ITEM_EXTRADECK_SUCCESS,479.0,2
2026-07-11,BE,1-2093_PRE_LEVEL_BETTING,428.0,2
2026-07-11,BE,1-2127_TUTO_BETTING_2,423.5,2
2026-07-11,BE,1-8102_CITY_DECO_UPGRADE_SUCCESS,238.0,2
2026-07-11,BE,1-LOAD_INTRO_etc,380.5,2
2026-07-11,BE,1-8053_BTN_DAILY_WHEEL_CLOSE,420.5,2
2026-07-11,BE,1-9401_TICKET_TRANSACTION_LOG,494.5,2
2026-07-11,BE,1-LOAD_INTRO_START_etc,380.5,2
2026-07-11,BE,1-LOAD_INTRO_FINISH_etc,380.5,2
2026-07-11,BE,1-LOAD_FB_etc,380.5,2
2026-07-11,BE,1-2190_GAMEPLAY_ITEM_EXTRADECK_TRY,479.0,2
2026-07-11,BE,1-8131_CITY_LIST_SELECT,451.0,2
2026-07-11,BE,1-2161_GAMEPLAY_ITEM_UNDO_SUCCESS,449.0,2
2026-07-11,BE,1-8101_CITY_DECO_UPGRADE_TRY,237.5,2
2026-07-11,BE,1-11006_GAMEPLAY_FINISH_10,490.0,2
2026-07-11,BE,1-2181_GAMEPLAY_ITEM_WILDCARD_SUCCESS,394.5,2
2026-07-11,BG,1-9400_GOLD_TRANSACTION_LOG,7.0,2
2026-07-11,BG,1-2110_TUTO_INGAME_INTRO,12.5,2
2026-07-11,BG,1-INTRO_FB_ENTRY_DATA,5.0,2
2026-07-11,BG,1-2151_GAMEPLAY_NRU_MATCHES,45.0,2
2026-07-11,BG,1-INTRO_FB_ENTRY_POINT,3.5,2
2026-07-11,BG,1-INTRO_GAME_DATA,3.5,2
2026-07-11,BG,1-12002_INTRO_DIRECT_ENTRY_END,10.0,2
2026-07-11,BG,1-6040_SETTING_LANGUAGE,5.0,2
2026-07-11,BG,1-ALL_LOAD_INTRO_START,3.0,2
2026-07-11,BG,1-INTRO_BUNDLE_FINISH,5.0,2
2026-07-11,BG,1-2300_GAMEPLAY_FINISH,45.0,2
2026-07-11,BG,1-2100_GAMEPLAY_START,10.0,2
2026-07-11,BG,1-INTRO_FB_FRIEND,3.5,2
2026-07-11,BG,1-INTRO_FB_SUBSCRIBE_BOT_FINISH,5.0,2
2026-07-11,BG,1-2400_FINISH_RESULT,47.0,2
2026-07-11,BG,1-FIRST_LOAD_INTRO_START_etc,3.0,2
2026-07-11,BG,1-6010_USER_GOLD_BALANCE,7.5,2
2026-07-11,BG,1-2410_FINISH_RESULT_CLAIM,48.5,2
2026-07-11,BG,1-6030_USER_CITY_STATUS,7.5,2
2026-07-11,BG,1-INTRO_FB_SUBSCRIBE_BOT,3.5,2
2026-07-11,BG,1-FIRST_LOAD_FB_etc,1.0,2
2026-07-11,BG,1-1000_LOGIN_COMPLETE,7.5,2
2026-07-11,BG,1-ALL_LOAD_INTRO_FINISH,3.5,2
2026-07-11,BG,1-INTRO_SIGNED_PLAYER_INFO_FINISH,4.0,2
2026-07-11,BG,1-12000_TEST_TOUCH,31.0,2
2026-07-11,BG,1-INTRO_FB_FRIEND_FINISH,3.5,2
2026-07-11,BG,1-2111_TUTO_DECK_DRAW,52.5,2
2026-07-11,BG,1-2141_TUTO_STEP_COMPLETE,31.0,2
2026-07-11,BG,1-1010_LOAD_COMPLETE,10.0,2
2026-07-11,BG,1-6020_USER_CURRENT_LEVEL,7.5,2
2026-07-11,BG,1-INTRO_FB_START_FINISH,0.0,2
2026-07-11,BG,1-INTRO_OBJECT_POOL_FINISH,5.5,2
2026-07-11,BG,1-ALL_LOAD_INTRO,3.0,2
2026-07-11,BG,1-ALL_LOAD_FB,1.0,2
2026-07-11,BG,1-FIRST_LOAD_INTRO_etc,3.0,2
2026-07-11,BG,1-2150_GAMEPLAY_NRU_CARD_MATCH,33.0,2
2026-07-11,BG,1-INTRO_SIGNED_PLAYER_INFO,3.5,2
2026-07-11,BG,1-INTRO_LOGIN,7.0,2
2026-07-11,BG,1-INTRO_OBJECT_POOL,5.0,2
2026-07-11,BG,1-9990_PLAY_FIRST_TOUCH,33.0,2
2026-07-11,BG,1-2213_GAMEPLAY_DECK_BONUS,43.5,2
2026-07-11,BG,1-9402_HAMMER_TRANSACTION_LOG,44.0,2
2026-07-11,BG,1-9403_BOOSTER_TRANSACTION_LOG,7.0,2
2026-07-11,BG,1-6000_FRIEND_COUNT,4.0,2
2026-07-11,BG,1-FIRST_LOAD_INTRO_FINISH_etc,3.5,2
2026-07-11,BG,1-INTRO_FB_ENTRY_POINT_FINISH,5.0,2
2026-07-11,BG,1-6012_USER_HAMMER_BALANCE,7.5,2
2026-07-11,BG,1-6011_USER_TICKET_BALANCE,7.5,2
2026-07-11,BG,1-INTRO_BUNDLE,3.5,2
2026-07-11,BG,1-2210_GAMEPLAY_COMBO_REWARD,45.0,2
2026-07-11,BG,1-INTRO_GAME_DATA_FINISH,5.5,2
2026-07-11,BG,1-INTRO_FB_ENTRY_DATA_FINISH,7.0,2
2026-07-11,BG,1-12001_INTRO_DIRECT_ENTRY_START,7.5,2
2026-07-11,BR,1-1000_LOGIN_COMPLETE,20.5,37
2026-07-11,BR,1-INTRO_GAME_DATA,16.9,37
2026-07-11,BR,1-INTRO_BUNDLE_FINISH,17.8,37
2026-07-11,BR,1-ALL_LOAD_INTRO_START,3.1,37
2026-07-11,BR,1-INTRO_LOGIN,19.8,37
2026-07-11,BR,1-6000_FRIEND_COUNT,17.5,37
2026-07-11,BR,1-INTRO_OBJECT_POOL,17.9,37
2026-07-11,BR,1-INTRO_FB_SUBSCRIBE_BOT,16.7,37
2026-07-11,BR,1-INTRO_FB_ENTRY_DATA,17.6,37
2026-07-11,BR,1-6030_USER_CITY_STATUS,21.1,37
2026-07-11,BR,1-INTRO_FB_ENTRY_POINT,16.7,37
2026-07-11,BR,1-6012_USER_HAMMER_BALANCE,21.0,37
2026-07-11,BR,1-INTRO_SIGNED_PLAYER_INFO,16.7,37
2026-07-11,BR,1-9403_BOOSTER_TRANSACTION_LOG,20.4,37
2026-07-11,BR,1-6040_SETTING_LANGUAGE,17.9,37
2026-07-11,BR,1-INTRO_FB_ENTRY_POINT_FINISH,17.6,37
2026-07-11,BR,1-6020_USER_CURRENT_LEVEL,21.1,37
2026-07-11,BR,1-INTRO_FB_FRIEND_FINISH,17.5,37
2026-07-11,BR,1-INTRO_FB_ENTRY_DATA_FINISH,19.3,37
2026-07-11,BR,1-INTRO_BUNDLE,16.6,37
2026-07-11,BR,1-INTRO_FB_FRIEND,16.7,37
2026-07-11,BR,1-6010_USER_GOLD_BALANCE,21.0,37
2026-07-11,BR,1-ALL_LOAD_FB,1.4,37
2026-07-11,BR,1-ALL_LOAD_INTRO,3.1,37
2026-07-11,BR,1-INTRO_SIGNED_PLAYER_INFO_FINISH,17.2,37
2026-07-11,BR,1-INTRO_FB_SUBSCRIBE_BOT_FINISH,17.6,37
2026-07-11,BR,1-ALL_LOAD_INTRO_FINISH,3.2,37
2026-07-11,BR,1-INTRO_GAME_DATA_FINISH,18.8,37
2026-07-11,BR,1-INTRO_FB_START_FINISH,0.0,37
2026-07-11,BR,1-9400_GOLD_TRANSACTION_LOG,20.4,37
2026-07-11,BR,1-6011_USER_TICKET_BALANCE,21.0,37
2026-07-11,BR,1-INTRO_OBJECT_POOL_FINISH,22.3,34
2026-07-11,BR,1-12001_INTRO_DIRECT_ENTRY_START,23.9,34
2026-07-11,BR,1-1010_LOAD_COMPLETE,28.5,33
2026-07-11,BR,1-2100_GAMEPLAY_START,28.5,33
2026-07-11,BR,1-12002_INTRO_DIRECT_ENTRY_END,28.6,32
2026-07-11,BR,1-FIRST_LOAD_INTRO_START_Android,3.4,30
2026-07-11,BR,1-FIRST_LOAD_INTRO_Android,3.4,30
2026-07-11,BR,1-FIRST_LOAD_FB_Android,1.5,30
2026-07-11,BR,1-FIRST_LOAD_INTRO_FINISH_Android,3.5,30
2026-07-11,BR,1-2110_TUTO_INGAME_INTRO,40.3,29
2026-07-11,BR,1-12000_TEST_TOUCH,37.5,27
2026-07-11,BR,1-2141_TUTO_STEP_COMPLETE,51.1,24
2026-07-11,BR,1-9990_PLAY_FIRST_TOUCH,35.3,15
2026-07-11,BR,1-ALL_INTRO_DEBUG_ERROR_98,24.3,13
2026-07-11,BR,1-2150_GAMEPLAY_NRU_CARD_MATCH,46.2,13
2026-07-11,BR,1-FIRST_INTRO_DEBUG_ERROR_98_Android,15.1,10
2026-07-11,BR,1-2151_GAMEPLAY_NRU_MATCHES,53.4,10
2026-07-11,BR,1-2210_GAMEPLAY_COMBO_REWARD,53.4,10
2026-07-11,BR,1-9402_HAMMER_TRANSACTION_LOG,58.6,10
2026-07-11,BR,1-2213_GAMEPLAY_DECK_BONUS,52.0,10
2026-07-11,BR,1-2300_GAMEPLAY_FINISH,53.5,10
2026-07-11,BR,1-2410_FINISH_RESULT_CLAIM,58.2,9
2026-07-11,BR,1-2400_FINISH_RESULT,55.9,9
2026-07-11,BR,1-ALL_INTRO_DEBUG_ERROR_PASS_AFTER_98,88.1,9
2026-07-11,BR,1-FIRST_INTRO_DEBUG_ERROR_PASS_AFTER_98_Android,91.4,8
2026-07-11,BR,1-2111_TUTO_DECK_DRAW,50.9,8
2026-07-11,BR,1-FIRST_LOAD_INTRO_etc,2.1,7
2026-07-11,BR,1-FIRST_LOAD_INTRO_FINISH_etc,2.1,7
2026-07-11,BR,1-FIRST_LOAD_FB_etc,1.0,7
2026-07-11,BR,1-FIRST_LOAD_INTRO_START_etc,2.1,7
2026-07-11,BR,1-7180_BTN_DRAW_DECK,60.9,7
2026-07-11,BR,1-2600_GIMMICK_FIRST_APPEAR,176.2,6
2026-07-11,BR,1-6110_IDLE_GOLD_COLLECT_TRY,216.8,6
2026-07-11,BR,1-2510_ENTRY_COST_PAY,91.0,6
2026-07-11,BR,1-NETWORK_TIMEOUT,104.3,6
2026-07-11,BR,1-2090_PRE_LEVEL_SHOW,89.3,6
2026-07-11,BR,1-2094_PRE_LEVEL_PLAY,91.0,6
2026-07-11,BR,1-NETWORK_TIMEOUT_RETRY,104.3,6
2026-07-11,BR,1-2114_TUTO_PRE_LEVEL_POPUP,89.5,6
2026-07-11,BR,1-2116_TUTO_PLUS_CARD,176.2,6
2026-07-11,BR,1-2610_GIMMICK_PLUS_CARD_MATCH,180.0,6
2026-07-11,BR,1-3120_TOURNAMENT_CREATE_FAIL,160.0,6
2026-07-11,BR,1-3100_TOURNAMENT_CREATE,158.2,6
2026-07-11,BR,1-5700_LOBBY,66.2,6
2026-07-11,BR,1-6111_IDLE_GOLD_COLLECT_SUCCESS,161.6,5
2026-07-11,BR,1-11003_GAMEPLAY_FINISH_7,310.3,4
2026-07-11,BR,1-8064_BTN_DAILY_CHECKIN_CLOSE,272.0,4
2026-07-11,BR,1-2212_GAMEPLAY_STREAK_STAR_EARN,177.3,4
2026-07-11,BR,1-2119_TUTO_STREAK,165.0,4
2026-07-11,BR,1-8062_DAILY_CHECKIN_CLAIM_SUCCESS,270.5,4
2026-07-11,BR,1-8060_DAILY_CHECKIN_POPUP,268.0,4
2026-07-11,BR,1-5200_LEADERBOARD,212.5,4
2026-07-11,BR,1-2211_GAMEPLAY_STREAK_METER_FILL,177.3,4
2026-07-11,BR,1-2122_TUTO_BOOSTER_UNDO,333.3,4
2026-07-11,BR,1-11004_GAMEPLAY_FINISH_8,368.0,4
2026-07-11,BR,1-2124_TUTO_BOOSTER_WILDCARD,281.3,4
2026-07-11,BR,1-8120_COLLECTION_POPUP,317.0,4
2026-07-11,BR,1-11002_GAMEPLAY_FINISH_6,263.5,4
2026-07-11,BR,1-11001_GAMEPLAY_FINISH_5,205.0,4
2026-07-11,BR,1-8061_DAILY_CHECKIN_CLAIM_TRY,270.5,4
2026-07-11,BR,1-8101_CITY_DECO_UPGRADE_TRY,180.7,3
2026-07-11,BR,1-12020_FRAME_DROP_LOG,261.3,3
2026-07-11,BR,1-8105_BTN_CITY_DECO_CLOSE,184.0,3
2026-07-11,BR,1-LOAD_INTRO_Android,51.7,3
2026-07-11,BR,1-8102_CITY_DECO_UPGRADE_SUCCESS,180.7,3
2026-07-11,BR,1-8100_CITY_DECO_POPUP,179.3,3
2026-07-11,BR,1-8130_CITY_LIST_POPUP,235.7,3
2026-07-11,BR,1-LOAD_INTRO_START_Android,51.7,3
2026-07-11,BR,1-LOAD_FB_Android,49.7,3
2026-07-11,BR,1-LOAD_INTRO_FINISH_Android,52.0,3
2026-07-11,BR,1-2091_PRE_LEVEL_BOOSTER_SELECT,319.0,2
2026-07-11,BR,1-8910_TRY_AGAIN_ERROR_POPUP,332.0,2
2026-07-11,BR,1-INTRO_DEBUG_ERROR_98_Android,77.0,2
2026-07-11,BR,1-LOAD_INTRO_etc,320.0,2
2026-07-11,BR,1-LOAD_INTRO_START_etc,320.0,2
2026-07-11,BR,1-NETWORK_TIMEOUT_RETRY_OVER,332.0,2
2026-07-11,BR,1-LOAD_FB_etc,320.0,2
2026-07-11,BR,1-LOAD_INTRO_FINISH_etc,320.0,2
2026-07-11,BR,1-2123_TUTO_BOOSTER_FIREWORKS,317.5,2
2026-07-11,CA,1-12002_INTRO_DIRECT_ENTRY_END,5.3,11
2026-07-11,CA,1-6040_SETTING_LANGUAGE,1.2,11
2026-07-11,CA,1-INTRO_FB_FRIEND_FINISH,2.4,11
2026-07-11,CA,1-1010_LOAD_COMPLETE,5.3,11
2026-07-11,CA,1-ALL_LOAD_INTRO_START,0.6,11
2026-07-11,CA,1-INTRO_GAME_DATA,1.0,11
2026-07-11,CA,1-6011_USER_TICKET_BALANCE,3.7,11
2026-07-11,CA,1-INTRO_GAME_DATA_FINISH,1.9,11
2026-07-11,CA,1-6010_USER_GOLD_BALANCE,3.7,11
2026-07-11,CA,1-6000_FRIEND_COUNT,2.5,11
2026-07-11,CA,1-INTRO_FB_FRIEND,0.8,11
2026-07-11,CA,1-6012_USER_HAMMER_BALANCE,3.8,11
2026-07-11,CA,1-ALL_LOAD_FB,0.2,11
2026-07-11,CA,1-INTRO_OBJECT_POOL_FINISH,1.2,11
2026-07-11,CA,1-2141_TUTO_STEP_COMPLETE,12.1,11
2026-07-11,CA,1-INTRO_FB_ENTRY_POINT_FINISH,1.2,11
2026-07-11,CA,1-ALL_LOAD_INTRO_FINISH,0.7,11
2026-07-11,CA,1-INTRO_SIGNED_PLAYER_INFO_FINISH,1.0,11
2026-07-11,CA,1-12000_TEST_TOUCH,11.2,11
2026-07-11,CA,1-INTRO_FB_START_FINISH,0.0,11
2026-07-11,CA,1-INTRO_SIGNED_PLAYER_INFO,0.8,11
2026-07-11,CA,1-2100_GAMEPLAY_START,5.3,11
2026-07-11,CA,1-1000_LOGIN_COMPLETE,3.7,11
2026-07-11,CA,1-6020_USER_CURRENT_LEVEL,3.8,11
2026-07-11,CA,1-INTRO_BUNDLE,0.8,11
2026-07-11,CA,1-INTRO_BUNDLE_FINISH,1.2,11
2026-07-11,CA,1-INTRO_FB_SUBSCRIBE_BOT,0.8,11
2026-07-11,CA,1-9400_GOLD_TRANSACTION_LOG,3.5,11
2026-07-11,CA,1-12001_INTRO_DIRECT_ENTRY_START,4.1,11
2026-07-11,CA,1-INTRO_OBJECT_POOL,1.2,11
2026-07-11,CA,1-INTRO_FB_SUBSCRIBE_BOT_FINISH,1.5,11
2026-07-11,CA,1-INTRO_FB_ENTRY_DATA_FINISH,1.7,11
2026-07-11,CA,1-ALL_LOAD_INTRO,0.6,11
2026-07-11,CA,1-INTRO_LOGIN,3.4,11
2026-07-11,CA,1-9403_BOOSTER_TRANSACTION_LOG,3.5,11
2026-07-11,CA,1-INTRO_FB_ENTRY_DATA,1.2,11
2026-07-11,CA,1-2110_TUTO_INGAME_INTRO,7.2,11
2026-07-11,CA,1-INTRO_FB_ENTRY_POINT,0.8,11
2026-07-11,CA,1-6030_USER_CITY_STATUS,3.8,11
2026-07-11,CA,1-5200_LEADERBOARD,184.9,9
2026-07-11,CA,1-2210_GAMEPLAY_COMBO_REWARD,24.4,9
2026-07-11,CA,1-2213_GAMEPLAY_DECK_BONUS,23.2,9
2026-07-11,CA,1-11005_GAMEPLAY_FINISH_9,396.2,9
2026-07-11,CA,1-8120_COLLECTION_POPUP,290.4,9
2026-07-11,CA,1-2171_GAMEPLAY_ITEM_FIREWORKS_SUCCESS,387.4,9
2026-07-11,CA,1-11001_GAMEPLAY_FINISH_5,176.2,9
2026-07-11,CA,1-2610_GIMMICK_PLUS_CARD_MATCH,102.2,9
2026-07-11,CA,1-9402_HAMMER_TRANSACTION_LOG,23.3,9
2026-07-11,CA,1-9990_PLAY_FIRST_TOUCH,12.1,9
2026-07-11,CA,1-2211_GAMEPLAY_STREAK_METER_FILL,153.8,9
2026-07-11,CA,1-2119_TUTO_STREAK,143.4,9
2026-07-11,CA,1-2122_TUTO_BOOSTER_UNDO,309.8,9
2026-07-11,CA,1-6111_IDLE_GOLD_COLLECT_SUCCESS,132.1,9
2026-07-11,CA,1-11003_GAMEPLAY_FINISH_7,282.2,9
2026-07-11,CA,1-2170_GAMEPLAY_ITEM_FIREWORKS_TRY,387.4,9
2026-07-11,CA,1-11002_GAMEPLAY_FINISH_6,226.6,9
2026-07-11,CA,1-2124_TUTO_BOOSTER_WILDCARD,254.9,9
2026-07-11,CA,1-2600_GIMMICK_FIRST_APPEAR,99.9,9
2026-07-11,CA,1-3100_TOURNAMENT_CREATE,81.1,9
2026-07-11,CA,1-2123_TUTO_BOOSTER_FIREWORKS,371.4,9
2026-07-11,CA,1-2111_TUTO_DECK_DRAW,31.0,9
2026-07-11,CA,1-7180_BTN_DRAW_DECK,37.4,9
2026-07-11,CA,1-2150_GAMEPLAY_NRU_CARD_MATCH,13.7,9
2026-07-11,CA,1-2300_GAMEPLAY_FINISH,24.4,9
2026-07-11,CA,1-8061_DAILY_CHECKIN_CLAIM_TRY,234.8,9
2026-07-11,CA,1-2094_PRE_LEVEL_PLAY,59.0,9
2026-07-11,CA,1-8051_DAILY_WHEEL_SPIN_SUCCESS,419.4,9
2026-07-11,CA,1-8050_DAILY_WHEEL_POPUP,410.8,9
2026-07-11,CA,1-2151_GAMEPLAY_NRU_MATCHES,24.4,9
2026-07-11,CA,1-8062_DAILY_CHECKIN_CLAIM_SUCCESS,234.8,9
2026-07-11,CA,1-2410_FINISH_RESULT_CLAIM,27.7,9
2026-07-11,CA,1-8064_BTN_DAILY_CHECKIN_CLOSE,236.3,9
2026-07-11,CA,1-2114_TUTO_PRE_LEVEL_POPUP,56.9,9
2026-07-11,CA,1-2400_FINISH_RESULT,25.3,9
2026-07-11,CA,1-2212_GAMEPLAY_STREAK_STAR_EARN,153.8,9
2026-07-11,CA,1-6110_IDLE_GOLD_COLLECT_TRY,131.8,9
2026-07-11,CA,1-2091_PRE_LEVEL_BOOSTER_SELECT,374.6,9
2026-07-11,CA,1-5700_LOBBY,54.4,9
2026-07-11,CA,1-11004_GAMEPLAY_FINISH_8,337.4,9
2026-07-11,CA,1-3120_TOURNAMENT_CREATE_FAIL,81.2,9
2026-07-11,CA,1-8060_DAILY_CHECKIN_POPUP,231.7,9
2026-07-11,CA,1-2090_PRE_LEVEL_SHOW,56.7,9
2026-07-11,CA,1-2116_TUTO_PLUS_CARD,99.9,9
2026-07-11,CA,1-2510_ENTRY_COST_PAY,59.0,9
2026-07-11,CA,1-FIRST_LOAD_FB_etc,0.1,8
2026-07-11,CA,1-FIRST_LOAD_INTRO_etc,0.6,8
2026-07-11,CA,1-FIRST_LOAD_INTRO_FINISH_etc,0.8,8
2026-07-11,CA,1-8053_BTN_DAILY_WHEEL_CLOSE,405.8,8
2026-07-11,CA,1-FIRST_LOAD_INTRO_START_etc,0.6,8
2026-07-11,CA,1-8100_CITY_DECO_POPUP,298.6,7
2026-07-11,CA,1-8101_CITY_DECO_UPGRADE_TRY,315.4,7
2026-07-11,CA,1-2127_TUTO_BETTING_2,393.7,7
2026-07-11,CA,1-8105_BTN_CITY_DECO_CLOSE,309.1,7
2026-07-11,CA,1-2093_PRE_LEVEL_BETTING,396.4,7
2026-07-11,CA,1-8102_CITY_DECO_UPGRADE_SUCCESS,315.4,7
2026-07-11,CA,1-11006_GAMEPLAY_FINISH_10,417.3,6
2026-07-11,CA,1-2180_GAMEPLAY_ITEM_WILDCARD_TRY,318.6,5
2026-07-11,CA,1-2181_GAMEPLAY_ITEM_WILDCARD_SUCCESS,318.6,5
2026-07-11,CA,1-5100_DAILY_TASK,503.4,5
2026-07-11,CA,1-5105_BTN_DAILY_TASK_CLOSE,508.8,5
2026-07-11,CA,1-8130_CITY_LIST_POPUP,322.6,5
2026-07-11,CA,1-2125_TUTO_BOOSTER_EXTRADECK,355.8,5
2026-07-11,CA,1-4200_RV_START,345.5,4
2026-07-11,CA,1-4210_RV_FINISH,385.5,4
2026-07-11,CA,1-8131_CITY_LIST_SELECT,331.8,4
2026-07-11,CA,1-5410_EVENT_RED_CARD_MILESTONE,532.0,4
2026-07-11,CA,1-2191_GAMEPLAY_ITEM_EXTRADECK_SUCCESS,419.3,3
2026-07-11,CA,1-2190_GAMEPLAY_ITEM_EXTRADECK_TRY,419.3,3
2026-07-11,CA,1-5411_EVENT_RED_CARD_MILESTONE_PLAY,549.7,3
2026-07-11,CA,1-5412_EVENT_RED_CARD_MILESTONE_CLOSE,519.3,3
2026-07-11,CA,1-FIRST_LOAD_FB_Android,0.5,2
2026-07-11,CA,1-12020_FRAME_DROP_LOG,516.5,2
2026-07-11,CA,1-FIRST_LOAD_INTRO_FINISH_Android,0.5,2
2026-07-11,CA,1-2420_FINISH_RESULT_DOUBLE_CLAIM_TRY,396.5,2
2026-07-11,CA,1-2160_GAMEPLAY_ITEM_UNDO_TRY,350.5,2
2026-07-11,CA,1-9401_TICKET_TRANSACTION_LOG,456.0,2
2026-07-11,CA,1-2161_GAMEPLAY_ITEM_UNDO_SUCCESS,350.5,2
2026-07-11,CA,1-2130_TUTO_GIMMICK_RUNNER,552.5,2
2026-07-11,CA,1-2421_FINISH_RESULT_DOUBLE_CLAIM_SUCCESS,437.5,2
2026-07-11,CA,1-FIRST_LOAD_INTRO_START_Android,0.5,2
2026-07-11,CA,1-2620_GIMMICK_RUNNER_MOVE,555.0,2
2026-07-11,CA,1-2511_ENTRY_COST_PAY_TICKET,481.0,2
2026-07-11,CA,1-FIRST_LOAD_INTRO_Android,0.5,2
2026-07-11,CD,1-INTRO_FB_SUBSCRIBE_BOT,9.5,2
2026-07-11,CD,1-INTRO_BUNDLE_FINISH,13.5,2
2026-07-11,CD,1-INTRO_FB_SUBSCRIBE_BOT_FINISH,13.5,2
2026-07-11,CD,1-ALL_LOAD_INTRO,9.0,2
2026-07-11,CD,1-INTRO_FB_FRIEND,9.0,2
2026-07-11,CD,1-INTRO_FB_ENTRY_POINT,9.5,2
2026-07-11,CD,1-6011_USER_TICKET_BALANCE,21.5,2
2026-07-11,CD,1-INTRO_FB_ENTRY_DATA_FINISH,16.0,2
2026-07-11,CD,1-INTRO_GAME_DATA_FINISH,16.5,2
2026-07-11,CD,1-INTRO_FB_ENTRY_POINT_FINISH,13.5,2
2026-07-11,CD,1-FIRST_LOAD_INTRO_START_Android,9.0,2
2026-07-11,CD,1-INTRO_FB_ENTRY_DATA,13.5,2
2026-07-11,CD,1-FIRST_LOAD_FB_Android,3.0,2
2026-07-11,CD,1-FIRST_LOAD_INTRO_Android,9.0,2
2026-07-11,CD,1-INTRO_OBJECT_POOL,13.5,2
2026-07-11,CD,1-FIRST_LOAD_INTRO_FINISH_Android,9.0,2
2026-07-11,CD,1-12000_TEST_TOUCH,28.5,2
2026-07-11,CD,1-INTRO_LOGIN,19.0,2
2026-07-11,CD,1-6010_USER_GOLD_BALANCE,21.5,2
2026-07-11,CD,1-1000_LOGIN_COMPLETE,20.0,2
2026-07-11,CD,1-6012_USER_HAMMER_BALANCE,21.5,2
2026-07-11,CD,1-ALL_INTRO_DEBUG_ERROR_98,18.0,2
2026-07-11,CD,1-6040_SETTING_LANGUAGE,13.5,2
2026-07-11,CD,1-6000_FRIEND_COUNT,9.5,2
2026-07-11,CD,1-ALL_LOAD_INTRO_FINISH,9.0,2
2026-07-11,CD,1-FIRST_INTRO_DEBUG_ERROR_98_Android,18.0,2
2026-07-11,CD,1-INTRO_OBJECT_POOL_FINISH,18.0,2
2026-07-11,CD,1-ALL_LOAD_FB,3.0,2
2026-07-11,CD,1-INTRO_SIGNED_PLAYER_INFO_FINISH,9.5,2
2026-07-11,CD,1-INTRO_FB_FRIEND_FINISH,9.5,2
2026-07-11,CD,1-INTRO_FB_START_FINISH,0.0,2
2026-07-11,CD,1-6030_USER_CITY_STATUS,21.5,2
2026-07-11,CD,1-INTRO_SIGNED_PLAYER_INFO,9.0,2
2026-07-11,CD,1-9400_GOLD_TRANSACTION_LOG,20.0,2
2026-07-11,CD,1-INTRO_BUNDLE,9.0,2
2026-07-11,CD,1-6020_USER_CURRENT_LEVEL,21.5,2
2026-07-11,CD,1-INTRO_GAME_DATA,9.5,2
2026-07-11,CD,1-9403_BOOSTER_TRANSACTION_LOG,20.0,2
2026-07-11,CD,1-ALL_LOAD_INTRO_START,9.0,2
2026-07-11,CI,1-INTRO_SIGNED_PLAYER_INFO_FINISH,11.5,4
2026-07-11,CI,1-INTRO_BUNDLE,11.0,4
2026-07-11,CI,1-INTRO_FB_ENTRY_DATA,11.8,4
2026-07-11,CI,1-INTRO_OBJECT_POOL_FINISH,14.0,4
2026-07-11,CI,1-FIRST_LOAD_INTRO_Android,3.8,4
2026-07-11,CI,1-6040_SETTING_LANGUAGE,12.0,4
2026-07-11,CI,1-INTRO_FB_START_FINISH,0.0,4
2026-07-11,CI,1-INTRO_GAME_DATA_FINISH,12.5,4
2026-07-11,CI,1-ALL_LOAD_INTRO_FINISH,4.3,4
2026-07-11,CI,1-INTRO_FB_SUBSCRIBE_BOT_FINISH,11.8,4
2026-07-11,CI,1-INTRO_FB_FRIEND,11.0,4
2026-07-11,CI,1-INTRO_SIGNED_PLAYER_INFO,11.0,4
2026-07-11,CI,1-INTRO_FB_SUBSCRIBE_BOT,11.3,4
2026-07-11,CI,1-FIRST_LOAD_FB_Android,1.8,4
2026-07-11,CI,1-INTRO_FB_FRIEND_FINISH,12.0,4
2026-07-11,CI,1-6011_USER_TICKET_BALANCE,16.8,4
2026-07-11,CI,1-INTRO_OBJECT_POOL,12.0,4
2026-07-11,CI,1-6012_USER_HAMMER_BALANCE,16.8,4
2026-07-11,CI,1-INTRO_FB_ENTRY_POINT_FINISH,11.8,4
2026-07-11,CI,1-ALL_LOAD_FB,1.8,4
2026-07-11,CI,1-1000_LOGIN_COMPLETE,16.0,4
2026-07-11,CI,1-INTRO_FB_ENTRY_POINT,11.0,4
2026-07-11,CI,1-INTRO_FB_ENTRY_DATA_FINISH,12.8,4
2026-07-11,CI,1-ALL_LOAD_INTRO_START,4.0,4
2026-07-11,CI,1-FIRST_LOAD_INTRO_START_Android,3.8,4
2026-07-11,CI,1-INTRO_BUNDLE_FINISH,11.8,4
2026-07-11,CI,1-FIRST_LOAD_INTRO_FINISH_Android,4.3,4
2026-07-11,CI,1-9403_BOOSTER_TRANSACTION_LOG,16.0,4
2026-07-11,CI,1-6010_USER_GOLD_BALANCE,16.8,4
2026-07-11,CI,1-INTRO_LOGIN,12.8,4
2026-07-11,CI,1-12001_INTRO_DIRECT_ENTRY_START,17.3,4
2026-07-11,CI,1-INTRO_GAME_DATA,11.3,4
2026-07-11,CI,1-6030_USER_CITY_STATUS,17.0,4
2026-07-11,CI,1-ALL_LOAD_INTRO,3.8,4
2026-07-11,CI,1-9400_GOLD_TRANSACTION_LOG,15.8,4
2026-07-11,CI,1-6000_FRIEND_COUNT,12.0,4
2026-07-11,CI,1-6020_USER_CURRENT_LEVEL,16.8,4
2026-07-11,CI,1-12000_TEST_TOUCH,20.0,3
2026-07-11,CI,1-2100_GAMEPLAY_START,18.7,3
2026-07-11,CI,1-1010_LOAD_COMPLETE,18.7,3
2026-07-11,CI,1-12002_INTRO_DIRECT_ENTRY_END,18.7,3
2026-07-11,CI,1-ALL_INTRO_DEBUG_ERROR_98,15.0,2
2026-07-11,CI,1-2110_TUTO_INGAME_INTRO,27.5,2
2026-07-11,CI,1-2141_TUTO_STEP_COMPLETE,31.0,2
2026-07-11,CI,1-FIRST_INTRO_DEBUG_ERROR_98_Android,15.0,2
2026-07-11,CL,1-INTRO_SIGNED_PLAYER_INFO,2.8,4
2026-07-11,CL,1-1010_LOAD_COMPLETE,6.0,4
2026-07-11,CL,1-INTRO_GAME_DATA_FINISH,3.5,4
2026-07-11,CL,1-INTRO_FB_START_FINISH,0.0,4
2026-07-11,CL,1-INTRO_SIGNED_PLAYER_INFO_FINISH,3.0,4
2026-07-11,CL,1-INTRO_LOGIN,4.0,4
2026-07-11,CL,1-INTRO_BUNDLE,2.8,4
2026-07-11,CL,1-FIRST_LOAD_INTRO_FINISH_Android,1.8,4
2026-07-11,CL,1-INTRO_FB_ENTRY_POINT,2.8,4
2026-07-11,CL,1-ALL_LOAD_INTRO,1.5,4
2026-07-11,CL,1-INTRO_FB_SUBSCRIBE_BOT,2.8,4
2026-07-11,CL,1-INTRO_OBJECT_POOL_FINISH,4.0,4
2026-07-11,CL,1-INTRO_OBJECT_POOL,3.5,4
2026-07-11,CL,1-INTRO_GAME_DATA,2.8,4
2026-07-11,CL,1-INTRO_FB_FRIEND,2.8,4
2026-07-11,CL,1-ALL_LOAD_INTRO_START,1.5,4
2026-07-11,CL,1-2100_GAMEPLAY_START,6.0,4
2026-07-11,CL,1-6011_USER_TICKET_BALANCE,4.3,4
2026-07-11,CL,1-12001_INTRO_DIRECT_ENTRY_START,4.5,4
2026-07-11,CL,1-1000_LOGIN_COMPLETE,4.3,4
2026-07-11,CL,1-INTRO_FB_ENTRY_DATA,3.3,4
2026-07-11,CL,1-9400_GOLD_TRANSACTION_LOG,4.3,4
2026-07-11,CL,1-6000_FRIEND_COUNT,3.0,4
2026-07-11,CL,1-12002_INTRO_DIRECT_ENTRY_END,6.0,4
2026-07-11,CL,1-9403_BOOSTER_TRANSACTION_LOG,4.3,4
2026-07-11,CL,1-6010_USER_GOLD_BALANCE,4.3,4
2026-07-11,CL,1-6030_USER_CITY_STATUS,4.5,4
2026-07-11,CL,1-6012_USER_HAMMER_BALANCE,4.3,4
2026-07-11,CL,1-FIRST_LOAD_INTRO_Android,1.5,4
2026-07-11,CL,1-6020_USER_CURRENT_LEVEL,4.5,4
2026-07-11,CL,1-FIRST_LOAD_INTRO_START_Android,1.5,4
2026-07-11,CL,1-INTRO_FB_ENTRY_POINT_FINISH,3.3,4
2026-07-11,CL,1-ALL_LOAD_FB,1.0,4
2026-07-11,CL,1-INTRO_FB_SUBSCRIBE_BOT_FINISH,3.5,4
2026-07-11,CL,1-6040_SETTING_LANGUAGE,3.5,4
2026-07-11,CL,1-INTRO_BUNDLE_FINISH,3.5,4
2026-07-11,CL,1-FIRST_LOAD_FB_Android,1.0,4
2026-07-11,CL,1-INTRO_FB_FRIEND_FINISH,2.8,4
2026-07-11,CL,1-2110_TUTO_INGAME_INTRO,9.0,4
2026-07-11,CL,1-ALL_LOAD_INTRO_FINISH,1.8,4
2026-07-11,CL,1-INTRO_FB_ENTRY_DATA_FINISH,4.0,4
2026-07-11,CL,1-12000_TEST_TOUCH,17.0,3
2026-07-11,CL,1-2141_TUTO_STEP_COMPLETE,17.0,3
2026-07-11,CL,1-3100_TOURNAMENT_CREATE,88.5,2
2026-07-11,CL,1-2213_GAMEPLAY_DECK_BONUS,31.5,2
2026-07-11,CL,1-9402_HAMMER_TRANSACTION_LOG,31.5,2
2026-07-11,CL,1-3120_TOURNAMENT_CREATE_FAIL,89.0,2
2026-07-11,CL,1-2111_TUTO_DECK_DRAW,39.5,2
2026-07-11,CL,1-2090_PRE_LEVEL_SHOW,65.5,2
2026-07-11,CL,1-9990_PLAY_FIRST_TOUCH,18.0,2
2026-07-11,CL,1-2210_GAMEPLAY_COMBO_REWARD,32.5,2
2026-07-11,CL,1-7180_BTN_DRAW_DECK,47.5,2
2026-07-11,CL,1-2151_GAMEPLAY_NRU_MATCHES,32.5,2
2026-07-11,CL,1-2410_FINISH_RESULT_CLAIM,35.5,2
2026-07-11,CL,1-5700_LOBBY,63.0,2
2026-07-11,CL,1-2094_PRE_LEVEL_PLAY,66.5,2
2026-07-11,CL,1-2300_GAMEPLAY_FINISH,32.5,2
2026-07-11,CL,1-2400_FINISH_RESULT,33.5,2
2026-07-11,CL,1-2510_ENTRY_COST_PAY,66.5,2
2026-07-11,CL,1-2114_TUTO_PRE_LEVEL_POPUP,65.5,2
2026-07-11,CL,1-2150_GAMEPLAY_NRU_CARD_MATCH,19.0,2
2026-07-11,CO,1-6012_USER_HAMMER_BALANCE,37.5,4
2026-07-11,CO,1-INTRO_FB_ENTRY_DATA_FINISH,32.8,4
2026-07-11,CO,1-ALL_LOAD_INTRO,14.8,4
2026-07-11,CO,1-INTRO_GAME_DATA_FINISH,35.3,4
2026-07-11,CO,1-FIRST_LOAD_INTRO_START_Android,15.0,4
2026-07-11,CO,1-INTRO_SIGNED_PLAYER_INFO,30.5,4
2026-07-11,CO,1-INTRO_OBJECT_POOL,35.3,4
2026-07-11,CO,1-INTRO_GAME_DATA,30.5,4
2026-07-11,CO,1-ALL_LOAD_INTRO_FINISH,15.3,4
2026-07-11,CO,1-INTRO_LOGIN,35.5,4
2026-07-11,CO,1-INTRO_BUNDLE,30.3,4
2026-07-11,CO,1-6011_USER_TICKET_BALANCE,37.5,4
2026-07-11,CO,1-6010_USER_GOLD_BALANCE,37.3,4
2026-07-11,CO,1-6000_FRIEND_COUNT,30.5,4
2026-07-11,CO,1-ALL_LOAD_FB,5.5,4
2026-07-11,CO,1-INTRO_OBJECT_POOL_FINISH,37.0,4
2026-07-11,CO,1-INTRO_FB_FRIEND_FINISH,30.5,4
2026-07-11,CO,1-INTRO_FB_FRIEND,30.5,4
2026-07-11,CO,1-ALL_LOAD_INTRO_START,15.0,4
2026-07-11,CO,1-INTRO_FB_ENTRY_DATA,31.5,4
2026-07-11,CO,1-12001_INTRO_DIRECT_ENTRY_START,39.3,4
2026-07-11,CO,1-FIRST_LOAD_FB_Android,5.3,4
2026-07-11,CO,1-1000_LOGIN_COMPLETE,36.8,4
2026-07-11,CO,1-6030_USER_CITY_STATUS,37.8,4
2026-07-11,CO,1-FIRST_LOAD_INTRO_FINISH_Android,15.3,4
2026-07-11,CO,1-12000_TEST_TOUCH,49.3,4
2026-07-11,CO,1-INTRO_FB_ENTRY_POINT_FINISH,31.5,4
2026-07-11,CO,1-INTRO_FB_SUBSCRIBE_BOT,30.5,4
2026-07-11,CO,1-INTRO_FB_SUBSCRIBE_BOT_FINISH,31.8,4
2026-07-11,CO,1-INTRO_BUNDLE_FINISH,34.8,4
2026-07-11,CO,1-INTRO_FB_ENTRY_POINT,30.5,4
2026-07-11,CO,1-9400_GOLD_TRANSACTION_LOG,36.8,4
2026-07-11,CO,1-6020_USER_CURRENT_LEVEL,37.8,4
2026-07-11,CO,1-FIRST_LOAD_INTRO_Android,14.8,4
2026-07-11,CO,1-INTRO_FB_START_FINISH,0.0,4
2026-07-11,CO,1-INTRO_SIGNED_PLAYER_INFO_FINISH,30.5,4
2026-07-11,CO,1-9403_BOOSTER_TRANSACTION_LOG,36.8,4
2026-07-11,CO,1-6040_SETTING_LANGUAGE,35.3,4
2026-07-11,CO,1-2141_TUTO_STEP_COMPLETE,68.7,3
2026-07-11,CO,1-FIRST_INTRO_DEBUG_ERROR_98_Android,19.0,3
2026-07-11,CO,1-1010_LOAD_COMPLETE,41.0,3
2026-07-11,CO,1-ALL_INTRO_DEBUG_ERROR_98,19.0,3
2026-07-11,CO,1-2100_GAMEPLAY_START,40.7,3
2026-07-11,CO,1-2110_TUTO_INGAME_INTRO,45.7,3
2026-07-11,CO,1-12002_INTRO_DIRECT_ENTRY_END,41.3,3
2026-07-11,CO,1-FIRST_INTRO_DEBUG_ERROR_PASS_AFTER_98_Android,36.0,2
2026-07-11,CO,1-ALL_INTRO_DEBUG_ERROR_PASS_AFTER_98,36.5,2
2026-07-11,CZ,1-INTRO_SIGNED_PLAYER_INFO,1.0,3
2026-07-11,CZ,1-ALL_LOAD_INTRO,1.0,3
2026-07-11,CZ,1-2111_TUTO_DECK_DRAW,43.0,3
2026-07-11,CZ,1-6111_IDLE_GOLD_COLLECT_SUCCESS,181.3,3
2026-07-11,CZ,1-ALL_LOAD_INTRO_FINISH,1.0,3
2026-07-11,CZ,1-6012_USER_HAMMER_BALANCE,4.7,3
2026-07-11,CZ,1-2210_GAMEPLAY_COMBO_REWARD,33.7,3
2026-07-11,CZ,1-8062_DAILY_CHECKIN_CLAIM_SUCCESS,336.0,3
2026-07-11,CZ,1-FIRST_LOAD_INTRO_START_etc,1.0,3
2026-07-11,CZ,1-INTRO_FB_START_FINISH,0.0,3
2026-07-11,CZ,1-2600_GIMMICK_FIRST_APPEAR,137.7,3
2026-07-11,CZ,1-7180_BTN_DRAW_DECK,51.0,3
2026-07-11,CZ,1-INTRO_SIGNED_PLAYER_INFO_FINISH,1.7,3
2026-07-11,CZ,1-12000_TEST_TOUCH,15.7,3
2026-07-11,CZ,1-2610_GIMMICK_PLUS_CARD_MATCH,140.7,3
2026-07-11,CZ,1-2124_TUTO_BOOSTER_WILDCARD,364.7,3
2026-07-11,CZ,1-2151_GAMEPLAY_NRU_MATCHES,33.7,3
2026-07-11,CZ,1-11001_GAMEPLAY_FINISH_5,244.0,3
2026-07-11,CZ,1-INTRO_BUNDLE_FINISH,2.0,3
2026-07-11,CZ,1-ALL_LOAD_INTRO_START,1.0,3
2026-07-11,CZ,1-2094_PRE_LEVEL_PLAY,85.3,3
2026-07-11,CZ,1-INTRO_OBJECT_POOL,2.0,3
2026-07-11,CZ,1-2090_PRE_LEVEL_SHOW,82.7,3
2026-07-11,CZ,1-INTRO_FB_FRIEND_FINISH,1.7,3
2026-07-11,CZ,1-INTRO_FB_ENTRY_DATA_FINISH,3.7,3
2026-07-11,CZ,1-INTRO_FB_ENTRY_DATA,2.0,3
2026-07-11,CZ,1-6110_IDLE_GOLD_COLLECT_TRY,181.0,3
2026-07-11,CZ,1-FIRST_LOAD_INTRO_FINISH_etc,1.0,3
2026-07-11,CZ,1-1010_LOAD_COMPLETE,6.7,3
2026-07-11,CZ,1-2212_GAMEPLAY_STREAK_STAR_EARN,208.3,3
2026-07-11,CZ,1-6011_USER_TICKET_BALANCE,4.7,3
2026-07-11,CZ,1-1000_LOGIN_COMPLETE,4.3,3
2026-07-11,CZ,1-8120_COLLECTION_POPUP,421.7,3
2026-07-11,CZ,1-8064_BTN_DAILY_CHECKIN_CLOSE,338.0,3
2026-07-11,CZ,1-2410_FINISH_RESULT_CLAIM,38.0,3
2026-07-11,CZ,1-INTRO_BUNDLE,1.0,3
2026-07-11,CZ,1-12002_INTRO_DIRECT_ENTRY_END,6.7,3
2026-07-11,CZ,1-11003_GAMEPLAY_FINISH_7,412.0,3
2026-07-11,CZ,1-3100_TOURNAMENT_CREATE,117.7,3
2026-07-11,CZ,1-12001_INTRO_DIRECT_ENTRY_START,4.7,3
2026-07-11,CZ,1-ALL_LOAD_FB,0.3,3
2026-07-11,CZ,1-2100_GAMEPLAY_START,6.7,3
2026-07-11,CZ,1-3120_TOURNAMENT_CREATE_FAIL,118.3,3
2026-07-11,CZ,1-5200_LEADERBOARD,255.3,3
2026-07-11,CZ,1-6030_USER_CITY_STATUS,4.7,3
2026-07-11,CZ,1-6010_USER_GOLD_BALANCE,4.7,3
2026-07-11,CZ,1-6040_SETTING_LANGUAGE,2.0,3
2026-07-11,CZ,1-INTRO_GAME_DATA,1.3,3
2026-07-11,CZ,1-2150_GAMEPLAY_NRU_CARD_MATCH,17.7,3
2026-07-11,CZ,1-5700_LOBBY,80.0,3
2026-07-11,CZ,1-FIRST_LOAD_INTRO_etc,1.0,3
2026-07-11,CZ,1-INTRO_FB_SUBSCRIBE_BOT,1.0,3
2026-07-11,CZ,1-2300_GAMEPLAY_FINISH,33.7,3
2026-07-11,CZ,1-2510_ENTRY_COST_PAY,85.3,3
2026-07-11,CZ,1-9990_PLAY_FIRST_TOUCH,17.0,3
2026-07-11,CZ,1-6000_FRIEND_COUNT,1.7,3
2026-07-11,CZ,1-8061_DAILY_CHECKIN_CLAIM_TRY,336.0,3
2026-07-11,CZ,1-8060_DAILY_CHECKIN_POPUP,332.7,3
2026-07-11,CZ,1-11002_GAMEPLAY_FINISH_6,325.7,3
2026-07-11,CZ,1-2116_TUTO_PLUS_CARD,137.7,3
2026-07-11,CZ,1-INTRO_FB_ENTRY_POINT,1.0,3
2026-07-11,CZ,1-2110_TUTO_INGAME_INTRO,10.0,3
2026-07-11,CZ,1-INTRO_LOGIN,3.7,3
2026-07-11,CZ,1-2400_FINISH_RESULT,34.7,3
2026-07-11,CZ,1-2213_GAMEPLAY_DECK_BONUS,32.0,3
2026-07-11,CZ,1-2114_TUTO_PRE_LEVEL_POPUP,83.0,3
2026-07-11,CZ,1-2141_TUTO_STEP_COMPLETE,16.0,3
2026-07-11,CZ,1-9400_GOLD_TRANSACTION_LOG,4.3,3
2026-07-11,CZ,1-2119_TUTO_STREAK,194.3,3
2026-07-11,CZ,1-INTRO_FB_SUBSCRIBE_BOT_FINISH,2.3,3
2026-07-11,CZ,1-INTRO_GAME_DATA_FINISH,2.3,3
2026-07-11,CZ,1-9402_HAMMER_TRANSACTION_LOG,32.7,3
2026-07-11,CZ,1-2211_GAMEPLAY_STREAK_METER_FILL,208.3,3
2026-07-11,CZ,1-INTRO_OBJECT_POOL_FINISH,3.0,3
2026-07-11,CZ,1-9403_BOOSTER_TRANSACTION_LOG,4.3,3
2026-07-11,CZ,1-FIRST_LOAD_FB_etc,0.3,3
2026-07-11,CZ,1-INTRO_FB_ENTRY_POINT_FINISH,2.0,3
2026-07-11,CZ,1-6020_USER_CURRENT_LEVEL,4.7,3
2026-07-11,CZ,1-INTRO_FB_FRIEND,1.0,3
2026-07-11,CZ,1-8101_CITY_DECO_UPGRADE_TRY,365.0,2
2026-07-11,CZ,1-4200_RV_START,517.5,2
2026-07-11,CZ,1-8102_CITY_DECO_UPGRADE_SUCCESS,365.5,2
2026-07-11,CZ,1-12020_FRAME_DROP_LOG,310.0,2
2026-07-11,CZ,1-8050_DAILY_WHEEL_POPUP,525.5,2
2026-07-11,CZ,1-8053_BTN_DAILY_WHEEL_CLOSE,545.0,2
2026-07-11,CZ,1-8051_DAILY_WHEEL_SPIN_SUCCESS,536.5,2
2026-07-11,CZ,1-2091_PRE_LEVEL_BOOSTER_SELECT,474.5,2
2026-07-11,CZ,1-2123_TUTO_BOOSTER_FIREWORKS,471.0,2
2026-07-11,CZ,1-2122_TUTO_BOOSTER_UNDO,393.5,2
2026-07-11,CZ,1-8110_RV_POPUP_GOLD_TRY,551.0,2
2026-07-11,CZ,1-11005_GAMEPLAY_FINISH_9,504.5,2
2026-07-11,CZ,1-8105_BTN_CITY_DECO_CLOSE,368.5,2
2026-07-11,CZ,1-2170_GAMEPLAY_ITEM_FIREWORKS_TRY,493.5,2
2026-07-11,CZ,1-8100_CITY_DECO_POPUP,362.0,2
2026-07-11,CZ,1-2171_GAMEPLAY_ITEM_FIREWORKS_SUCCESS,493.5,2
2026-07-11,CZ,1-11004_GAMEPLAY_FINISH_8,426.5,2
2026-07-11,DE,1-INTRO_FB_SUBSCRIBE_BOT_FINISH,1.4,12
2026-07-11,DE,1-INTRO_FB_ENTRY_POINT_FINISH,1.4,12
2026-07-11,DE,1-2110_TUTO_INGAME_INTRO,5.7,12
2026-07-11,DE,1-INTRO_LOGIN,1.9,12
2026-07-11,DE,1-INTRO_FB_FRIEND,1.2,12
2026-07-11,DE,1-2100_GAMEPLAY_START,3.6,12
2026-07-11,DE,1-INTRO_GAME_DATA_FINISH,1.7,12
2026-07-11,DE,1-1010_LOAD_COMPLETE,3.6,12
2026-07-11,DE,1-INTRO_OBJECT_POOL_FINISH,1.6,12
2026-07-11,DE,1-INTRO_FB_ENTRY_DATA,1.5,12
2026-07-11,DE,1-9403_BOOSTER_TRANSACTION_LOG,2.6,12
2026-07-11,DE,1-INTRO_OBJECT_POOL,1.3,12
2026-07-11,DE,1-INTRO_FB_ENTRY_POINT,1.2,12
2026-07-11,DE,1-6020_USER_CURRENT_LEVEL,2.7,12
2026-07-11,DE,1-6012_USER_HAMMER_BALANCE,2.7,12
2026-07-11,DE,1-INTRO_FB_START_FINISH,0.0,12
2026-07-11,DE,1-INTRO_FB_ENTRY_DATA_FINISH,1.8,12
2026-07-11,DE,1-INTRO_FB_FRIEND_FINISH,1.7,12
2026-07-11,DE,1-INTRO_GAME_DATA,1.2,12
2026-07-11,DE,1-INTRO_BUNDLE,1.1,12
2026-07-11,DE,1-6000_FRIEND_COUNT,1.7,12
2026-07-11,DE,1-INTRO_SIGNED_PLAYER_INFO_FINISH,1.3,12
2026-07-11,DE,1-INTRO_FB_SUBSCRIBE_BOT,1.2,12
2026-07-11,DE,1-6030_USER_CITY_STATUS,2.7,12
2026-07-11,DE,1-12002_INTRO_DIRECT_ENTRY_END,3.7,12
2026-07-11,DE,1-6011_USER_TICKET_BALANCE,2.7,12
2026-07-11,DE,1-1000_LOGIN_COMPLETE,2.6,12
2026-07-11,DE,1-ALL_LOAD_INTRO_START,1.1,12
2026-07-11,DE,1-12001_INTRO_DIRECT_ENTRY_START,2.9,12
2026-07-11,DE,1-INTRO_SIGNED_PLAYER_INFO,1.2,12
2026-07-11,DE,1-9400_GOLD_TRANSACTION_LOG,2.5,12
2026-07-11,DE,1-6010_USER_GOLD_BALANCE,2.7,12
2026-07-11,DE,1-ALL_LOAD_INTRO_FINISH,1.1,12
2026-07-11,DE,1-6040_SETTING_LANGUAGE,1.3,12
2026-07-11,DE,1-INTRO_BUNDLE_FINISH,1.3,12
2026-07-11,DE,1-ALL_LOAD_FB,0.3,12
2026-07-11,DE,1-ALL_LOAD_INTRO,1.1,12
2026-07-11,DE,1-FIRST_LOAD_FB_etc,0.4,11
2026-07-11,DE,1-FIRST_LOAD_INTRO_etc,1.1,11
2026-07-11,DE,1-12000_TEST_TOUCH,10.2,11
2026-07-11,DE,1-2141_TUTO_STEP_COMPLETE,10.4,11
2026-07-11,DE,1-FIRST_LOAD_INTRO_START_etc,1.1,11
2026-07-11,DE,1-FIRST_LOAD_INTRO_FINISH_etc,1.1,11
2026-07-11,DE,1-9402_HAMMER_TRANSACTION_LOG,22.9,10
2026-07-11,DE,1-2210_GAMEPLAY_COMBO_REWARD,23.9,10
2026-07-11,DE,1-2150_GAMEPLAY_NRU_CARD_MATCH,12.7,10
2026-07-11,DE,1-2213_GAMEPLAY_DECK_BONUS,22.7,10
2026-07-11,DE,1-2151_GAMEPLAY_NRU_MATCHES,23.9,10
2026-07-11,DE,1-2400_FINISH_RESULT,24.8,10
2026-07-11,DE,1-2300_GAMEPLAY_FINISH,23.9,10
2026-07-11,DE,1-9990_PLAY_FIRST_TOUCH,11.9,10
2026-07-11,DE,1-3120_TOURNAMENT_CREATE_FAIL,80.0,9
2026-07-11,DE,1-2094_PRE_LEVEL_PLAY,58.8,9
2026-07-11,DE,1-2410_FINISH_RESULT_CLAIM,25.8,9
2026-07-11,DE,1-2510_ENTRY_COST_PAY,58.8,9
2026-07-11,DE,1-7180_BTN_DRAW_DECK,35.9,9
2026-07-11,DE,1-2114_TUTO_PRE_LEVEL_POPUP,56.4,9
2026-07-11,DE,1-3100_TOURNAMENT_CREATE,79.8,9
2026-07-11,DE,1-2111_TUTO_DECK_DRAW,29.9,9
2026-07-11,DE,1-2090_PRE_LEVEL_SHOW,55.9,9
2026-07-11,DE,1-5700_LOBBY,53.3,9
2026-07-11,DE,1-6110_IDLE_GOLD_COLLECT_TRY,168.7,7
2026-07-11,DE,1-2600_GIMMICK_FIRST_APPEAR,99.3,7
2026-07-11,DE,1-8025_BTN_SETTING_CLOSE,116.9,7
2026-07-11,DE,1-6111_IDLE_GOLD_COLLECT_SUCCESS,169.0,7
2026-07-11,DE,1-2116_TUTO_PLUS_CARD,99.3,7
2026-07-11,DE,1-2610_GIMMICK_PLUS_CARD_MATCH,100.7,7
2026-07-11,DE,1-8020_SETTING_POPUP,108.0,7
2026-07-11,DE,1-8061_DAILY_CHECKIN_CLAIM_TRY,273.0,6
2026-07-11,DE,1-11002_GAMEPLAY_FINISH_6,264.8,6
2026-07-11,DE,1-2212_GAMEPLAY_STREAK_STAR_EARN,196.3,6
2026-07-11,DE,1-2119_TUTO_STREAK,188.3,6
2026-07-11,DE,1-8064_BTN_DAILY_CHECKIN_CLOSE,274.5,6
2026-07-11,DE,1-8062_DAILY_CHECKIN_CLAIM_SUCCESS,273.0,6
2026-07-11,DE,1-2211_GAMEPLAY_STREAK_METER_FILL,196.3,6
2026-07-11,DE,1-2124_TUTO_BOOSTER_WILDCARD,290.3,6
2026-07-11,DE,1-8060_DAILY_CHECKIN_POPUP,270.8,6
2026-07-11,DE,1-5200_LEADERBOARD,226.5,6
2026-07-11,DE,1-11001_GAMEPLAY_FINISH_5,218.0,6
2026-07-11,DE,1-8030_LANGUAGE_POPUP,140.8,5
2026-07-11,DE,1-2122_TUTO_BOOSTER_UNDO,293.2,5
2026-07-11,DE,1-11003_GAMEPLAY_FINISH_7,257.6,5
2026-07-11,DE,1-8100_CITY_DECO_POPUP,141.0,5
2026-07-11,DE,1-8102_CITY_DECO_UPGRADE_SUCCESS,144.6,5
2026-07-11,DE,1-8051_DAILY_WHEEL_SPIN_SUCCESS,375.2,5
2026-07-11,DE,1-2123_TUTO_BOOSTER_FIREWORKS,338.0,5
2026-07-11,DE,1-8050_DAILY_WHEEL_POPUP,367.0,5
2026-07-11,DE,1-11004_GAMEPLAY_FINISH_8,317.0,5
2026-07-11,DE,1-8053_BTN_DAILY_WHEEL_CLOSE,378.8,5
2026-07-11,DE,1-8032_BTN_LANGUAGE_CLOSE,146.2,5
2026-07-11,DE,1-2091_PRE_LEVEL_BOOSTER_SELECT,340.2,5
2026-07-11,DE,1-8101_CITY_DECO_UPGRADE_TRY,144.4,5
2026-07-11,DE,1-11005_GAMEPLAY_FINISH_9,360.0,5
2026-07-11,DE,1-8120_COLLECTION_POPUP,266.2,5
2026-07-11,DE,1-8105_BTN_CITY_DECO_CLOSE,146.4,5
2026-07-11,DE,1-8021_BTN_SETTING_MUSIC,115.5,4
2026-07-11,DE,1-2127_TUTO_BETTING_2,388.5,4
2026-07-11,DE,1-2125_TUTO_BOOSTER_EXTRADECK,423.3,4
2026-07-11,DE,1-11006_GAMEPLAY_FINISH_10,438.5,4
2026-07-11,DE,1-2093_PRE_LEVEL_BETTING,391.0,4
2026-07-11,DE,1-8022_BTN_SETTING_SOUND,124.7,3
2026-07-11,DE,1-2191_GAMEPLAY_ITEM_EXTRADECK_SUCCESS,411.3,3
2026-07-11,DE,1-2092_PRE_LEVEL_BOOSTER_DESELECT,360.3,3
2026-07-11,DE,1-2190_GAMEPLAY_ITEM_EXTRADECK_TRY,411.0,3
2026-07-11,DE,1-8130_CITY_LIST_POPUP,210.0,3
2026-07-11,DE,1-12020_FRAME_DROP_LOG,61.5,2
2026-07-11,DE,1-2170_GAMEPLAY_ITEM_FIREWORKS_TRY,323.0,2
2026-07-11,DE,1-2171_GAMEPLAY_ITEM_FIREWORKS_SUCCESS,323.0,2
2026-07-11,DE,1-5004_BTN_SHOP_CLOSE,193.0,2
2026-07-11,DE,1-5105_BTN_DAILY_TASK_CLOSE,515.0,2
2026-07-11,DE,1-5100_DAILY_TASK,509.0,2
2026-07-11,DE,1-4200_RV_START,444.5,2
2026-07-11,DE,1-5000_SHOP,187.5,2
2026-07-11,DE,1-8110_RV_POPUP_GOLD_TRY,444.5,2
2026-07-11,DK,1-INTRO_FB_SUBSCRIBE_BOT_FINISH,1.3,3
2026-07-11,DK,1-6011_USER_TICKET_BALANCE,2.3,3
2026-07-11,DK,1-ALL_LOAD_INTRO,1.3,3
2026-07-11,DK,1-6030_USER_CITY_STATUS,2.3,3
2026-07-11,DK,1-1000_LOGIN_COMPLETE,2.3,3
2026-07-11,DK,1-INTRO_LOGIN,2.3,3
2026-07-11,DK,1-INTRO_OBJECT_POOL_FINISH,2.0,3
2026-07-11,DK,1-ALL_LOAD_INTRO_START,1.3,3
2026-07-11,DK,1-9403_BOOSTER_TRANSACTION_LOG,2.3,3
2026-07-11,DK,1-6010_USER_GOLD_BALANCE,2.3,3
2026-07-11,DK,1-INTRO_FB_SUBSCRIBE_BOT,1.3,3
2026-07-11,DK,1-INTRO_FB_FRIEND_FINISH,1.7,3
2026-07-11,DK,1-ALL_LOAD_INTRO_FINISH,1.3,3
2026-07-11,DK,1-INTRO_OBJECT_POOL,1.3,3
2026-07-11,DK,1-INTRO_BUNDLE,1.3,3
2026-07-11,DK,1-INTRO_FB_ENTRY_POINT_FINISH,1.7,3
2026-07-11,DK,1-INTRO_GAME_DATA_FINISH,2.0,3
2026-07-11,DK,1-6012_USER_HAMMER_BALANCE,2.3,3
2026-07-11,DK,1-9400_GOLD_TRANSACTION_LOG,2.3,3
2026-07-11,DK,1-INTRO_FB_START_FINISH,0.0,3
2026-07-11,DK,1-INTRO_FB_ENTRY_DATA_FINISH,2.3,3
2026-07-11,DK,1-2100_GAMEPLAY_START,4.0,3
2026-07-11,DK,1-INTRO_SIGNED_PLAYER_INFO,1.3,3
2026-07-11,DK,1-ALL_LOAD_FB,0.7,3
2026-07-11,DK,1-INTRO_BUNDLE_FINISH,1.3,3
2026-07-11,DK,1-6040_SETTING_LANGUAGE,1.3,3
2026-07-11,DK,1-INTRO_FB_ENTRY_POINT,1.3,3
2026-07-11,DK,1-INTRO_SIGNED_PLAYER_INFO_FINISH,1.7,3
2026-07-11,DK,1-1010_LOAD_COMPLETE,4.0,3
2026-07-11,DK,1-INTRO_FB_ENTRY_DATA,1.7,3
2026-07-11,DK,1-12001_INTRO_DIRECT_ENTRY_START,2.7,3
2026-07-11,DK,1-6020_USER_CURRENT_LEVEL,2.3,3
2026-07-11,DK,1-INTRO_FB_FRIEND,1.3,3
2026-07-11,DK,1-12002_INTRO_DIRECT_ENTRY_END,4.0,3
2026-07-11,DK,1-INTRO_GAME_DATA,1.3,3
2026-07-11,DK,1-6000_FRIEND_COUNT,1.7,3
2026-07-11,DK,1-2210_GAMEPLAY_COMBO_REWARD,33.5,2
2026-07-11,DK,1-9402_HAMMER_TRANSACTION_LOG,32.5,2
2026-07-11,DK,1-2600_GIMMICK_FIRST_APPEAR,121.5,2
2026-07-11,DK,1-6111_IDLE_GOLD_COLLECT_SUCCESS,167.0,2
2026-07-11,DK,1-2150_GAMEPLAY_NRU_CARD_MATCH,13.5,2
2026-07-11,DK,1-8062_DAILY_CHECKIN_CLAIM_SUCCESS,313.0,2
2026-07-11,DK,1-2090_PRE_LEVEL_SHOW,74.5,2
2026-07-11,DK,1-7180_BTN_DRAW_DECK,47.5,2
2026-07-11,DK,1-3120_TOURNAMENT_CREATE_FAIL,107.5,2
2026-07-11,DK,1-11001_GAMEPLAY_FINISH_5,240.5,2
2026-07-11,DK,1-2213_GAMEPLAY_DECK_BONUS,32.0,2
2026-07-11,DK,1-2116_TUTO_PLUS_CARD,121.5,2
2026-07-11,DK,1-2141_TUTO_STEP_COMPLETE,11.0,2
2026-07-11,DK,1-2111_TUTO_DECK_DRAW,40.0,2
2026-07-11,DK,1-8064_BTN_DAILY_CHECKIN_CLOSE,314.0,2
2026-07-11,DK,1-12000_TEST_TOUCH,10.5,2
2026-07-11,DK,1-2151_GAMEPLAY_NRU_MATCHES,33.5,2
2026-07-11,DK,1-9990_PLAY_FIRST_TOUCH,12.5,2
2026-07-11,DK,1-8061_DAILY_CHECKIN_CLAIM_TRY,313.0,2
2026-07-11,DK,1-8060_DAILY_CHECKIN_POPUP,310.5,2
2026-07-11,DK,1-FIRST_LOAD_INTRO_etc,1.0,2
2026-07-11,DK,1-2119_TUTO_STREAK,185.5,2
2026-07-11,DK,1-2124_TUTO_BOOSTER_WILDCARD,321.5,2
2026-07-11,DK,1-2400_FINISH_RESULT,34.5,2
2026-07-11,DK,1-FIRST_LOAD_FB_etc,0.5,2
2026-07-11,DK,1-2110_TUTO_INGAME_INTRO,6.5,2
2026-07-11,DK,1-2114_TUTO_PRE_LEVEL_POPUP,75.0,2
2026-07-11,DK,1-2410_FINISH_RESULT_CLAIM,36.0,2
2026-07-11,DK,1-5700_LOBBY,72.5,2
2026-07-11,DK,1-2211_GAMEPLAY_STREAK_METER_FILL,198.0,2
2026-07-11,DK,1-2300_GAMEPLAY_FINISH,33.5,2
2026-07-11,DK,1-3100_TOURNAMENT_CREATE,107.5,2
2026-07-11,DK,1-FIRST_LOAD_INTRO_FINISH_etc,1.0,2
2026-07-11,DK,1-5200_LEADERBOARD,247.0,2
2026-07-11,DK,1-2510_ENTRY_COST_PAY,76.5,2
2026-07-11,DK,1-FIRST_LOAD_INTRO_START_etc,1.0,2
2026-07-11,DK,1-11002_GAMEPLAY_FINISH_6,307.0,2
2026-07-11,DK,1-2094_PRE_LEVEL_PLAY,76.5,2
2026-07-11,DK,1-2212_GAMEPLAY_STREAK_STAR_EARN,198.0,2
2026-07-11,DK,1-2610_GIMMICK_PLUS_CARD_MATCH,123.0,2
2026-07-11,DK,1-6110_IDLE_GOLD_COLLECT_TRY,167.0,2
2026-07-11,DO,1-INTRO_FB_SUBSCRIBE_BOT_FINISH,86.5,2
2026-07-11,DO,1-INTRO_BUNDLE_FINISH,87.0,2
2026-07-11,DO,1-INTRO_FB_ENTRY_POINT_FINISH,86.5,2
2026-07-11,DO,1-FIRST_LOAD_FB_Android,0.5,2
2026-07-11,DO,1-INTRO_OBJECT_POOL_FINISH,87.5,2
2026-07-11,DO,1-6030_USER_CITY_STATUS,87.5,2
2026-07-11,DO,1-INTRO_FB_ENTRY_DATA_FINISH,87.0,2
2026-07-11,DO,1-INTRO_OBJECT_POOL,87.0,2
2026-07-11,DO,1-12002_INTRO_DIRECT_ENTRY_END,89.5,2
2026-07-11,DO,1-12000_TEST_TOUCH,91.5,2
2026-07-11,DO,1-INTRO_FB_SUBSCRIBE_BOT,86.0,2
2026-07-11,DO,1-ALL_LOAD_INTRO_START,3.0,2
2026-07-11,DO,1-6000_FRIEND_COUNT,86.0,2
2026-07-11,DO,1-1000_LOGIN_COMPLETE,87.5,2
2026-07-11,DO,1-INTRO_GAME_DATA_FINISH,87.0,2
2026-07-11,DO,1-INTRO_GAME_DATA,86.0,2
2026-07-11,DO,1-INTRO_FB_ENTRY_DATA,86.5,2
2026-07-11,DO,1-6012_USER_HAMMER_BALANCE,87.5,2
2026-07-11,DO,1-INTRO_FB_FRIEND,86.0,2
2026-07-11,DO,1-INTRO_FB_FRIEND_FINISH,86.0,2
2026-07-11,DO,1-6011_USER_TICKET_BALANCE,87.5,2
2026-07-11,DO,1-6010_USER_GOLD_BALANCE,87.5,2
2026-07-11,DO,1-INTRO_SIGNED_PLAYER_INFO,86.0,2
2026-07-11,DO,1-INTRO_FB_ENTRY_POINT,86.0,2
2026-07-11,DO,1-FIRST_LOAD_INTRO_FINISH_Android,3.0,2
2026-07-11,DO,1-ALL_LOAD_INTRO,3.0,2
2026-07-11,DO,1-2110_TUTO_INGAME_INTRO,119.5,2
2026-07-11,DO,1-6040_SETTING_LANGUAGE,87.0,2
2026-07-11,DO,1-INTRO_BUNDLE,86.0,2
2026-07-11,DO,1-12001_INTRO_DIRECT_ENTRY_START,88.0,2
2026-07-11,DO,1-9400_GOLD_TRANSACTION_LOG,87.0,2
2026-07-11,DO,1-9403_BOOSTER_TRANSACTION_LOG,87.0,2
2026-07-11,DO,1-FIRST_LOAD_INTRO_Android,3.0,2
2026-07-11,DO,1-2100_GAMEPLAY_START,89.5,2
2026-07-11,DO,1-6020_USER_CURRENT_LEVEL,87.5,2
2026-07-11,DO,1-ALL_LOAD_FB,0.5,2
2026-07-11,DO,1-FIRST_LOAD_INTRO_START_Android,3.0,2
2026-07-11,DO,1-1010_LOAD_COMPLETE,89.5,2
2026-07-11,DO,1-INTRO_SIGNED_PLAYER_INFO_FINISH,86.0,2
2026-07-11,DO,1-INTRO_FB_START_FINISH,0.0,2
2026-07-11,DO,1-ALL_LOAD_INTRO_FINISH,3.0,2
2026-07-11,DO,1-INTRO_LOGIN,87.0,2
2026-07-11,EC,1-FIRST_LOAD_INTRO_Android,2.3,3
2026-07-11,EC,1-INTRO_FB_SUBSCRIBE_BOT,3.3,3
2026-07-11,EC,1-FIRST_LOAD_FB_Android,1.3,3
2026-07-11,EC,1-INTRO_FB_ENTRY_DATA,4.0,3
2026-07-11,EC,1-INTRO_LOGIN,4.3,3
2026-07-11,EC,1-INTRO_SIGNED_PLAYER_INFO_FINISH,3.7,3
2026-07-11,EC,1-INTRO_BUNDLE,3.3,3
2026-07-11,EC,1-ALL_LOAD_INTRO_START,2.3,3
2026-07-11,EC,1-ALL_LOAD_INTRO,2.3,3
2026-07-11,EC,1-9400_GOLD_TRANSACTION_LOG,5.3,3
2026-07-11,EC,1-INTRO_FB_ENTRY_POINT,3.3,3
2026-07-11,EC,1-INTRO_BUNDLE_FINISH,4.0,3
2026-07-11,EC,1-INTRO_FB_START_FINISH,0.0,3
2026-07-11,EC,1-INTRO_OBJECT_POOL,4.3,3
2026-07-11,EC,1-INTRO_FB_FRIEND,3.3,3
2026-07-11,EC,1-1000_LOGIN_COMPLETE,5.3,3
2026-07-11,EC,1-9403_BOOSTER_TRANSACTION_LOG,5.3,3
2026-07-11,EC,1-6040_SETTING_LANGUAGE,4.3,3
2026-07-11,EC,1-FIRST_LOAD_INTRO_START_Android,2.3,3
2026-07-11,EC,1-6000_FRIEND_COUNT,4.0,3
2026-07-11,EC,1-INTRO_GAME_DATA,3.3,3
2026-07-11,EC,1-INTRO_FB_ENTRY_POINT_FINISH,4.0,3
2026-07-11,EC,1-ALL_LOAD_INTRO_FINISH,2.3,3
2026-07-11,EC,1-FIRST_LOAD_INTRO_FINISH_Android,2.3,3
2026-07-11,EC,1-INTRO_FB_ENTRY_DATA_FINISH,4.3,3
2026-07-11,EC,1-INTRO_FB_SUBSCRIBE_BOT_FINISH,4.3,3
2026-07-11,EC,1-ALL_LOAD_FB,1.3,3
2026-07-11,EC,1-INTRO_SIGNED_PLAYER_INFO,3.3,3
2026-07-11,EC,1-INTRO_FB_FRIEND_FINISH,4.0,3
2026-07-11,EC,1-INTRO_GAME_DATA_FINISH,4.3,3
2026-07-11,EC,1-INTRO_OBJECT_POOL_FINISH,5.0,2
2026-07-11,EC,1-12002_INTRO_DIRECT_ENTRY_END,7.0,2
2026-07-11,EC,1-2110_TUTO_INGAME_INTRO,9.0,2
2026-07-11,EC,1-6020_USER_CURRENT_LEVEL,5.5,2
2026-07-11,EC,1-6012_USER_HAMMER_BALANCE,5.5,2
2026-07-11,EC,1-1010_LOAD_COMPLETE,7.0,2
2026-07-11,EC,1-6030_USER_CITY_STATUS,5.5,2
2026-07-11,EC,1-2100_GAMEPLAY_START,7.0,2
2026-07-11,EC,1-6010_USER_GOLD_BALANCE,5.5,2
2026-07-11,EC,1-6011_USER_TICKET_BALANCE,5.5,2
2026-07-11,EC,1-12001_INTRO_DIRECT_ENTRY_START,5.5,2
2026-07-11,EG,1-INTRO_FB_START_FINISH,0.0,4
2026-07-11,EG,1-FIRST_LOAD_FB_Android,2.5,4
2026-07-11,EG,1-ALL_LOAD_FB,2.5,4
2026-07-11,EG,1-INTRO_SIGNED_PLAYER_INFO_FINISH,4.7,3
2026-07-11,EG,1-9403_BOOSTER_TRANSACTION_LOG,7.0,3
2026-07-11,EG,1-INTRO_FB_ENTRY_POINT,4.7,3
2026-07-11,EG,1-1000_LOGIN_COMPLETE,7.0,3
2026-07-11,EG,1-ALL_LOAD_INTRO,3.3,3
2026-07-11,EG,1-2100_GAMEPLAY_START,11.7,3
2026-07-11,EG,1-6030_USER_CITY_STATUS,7.7,3
2026-07-11,EG,1-1010_LOAD_COMPLETE,12.0,3
2026-07-11,EG,1-INTRO_BUNDLE_FINISH,5.3,3
2026-07-11,EG,1-6011_USER_TICKET_BALANCE,7.3,3
2026-07-11,EG,1-12001_INTRO_DIRECT_ENTRY_START,7.7,3
2026-07-11,EG,1-FIRST_LOAD_INTRO_START_Android,3.3,3
2026-07-11,EG,1-ALL_LOAD_INTRO_FINISH,3.3,3
2026-07-11,EG,1-FIRST_LOAD_INTRO_FINISH_Android,3.3,3
2026-07-11,EG,1-INTRO_FB_ENTRY_DATA,5.0,3
2026-07-11,EG,1-INTRO_SIGNED_PLAYER_INFO,4.7,3
2026-07-11,EG,1-INTRO_LOGIN,6.7,3
2026-07-11,EG,1-12002_INTRO_DIRECT_ENTRY_END,12.0,3
2026-07-11,EG,1-FIRST_LOAD_INTRO_Android,3.3,3
2026-07-11,EG,1-INTRO_OBJECT_POOL_FINISH,6.0,3
2026-07-11,EG,1-2110_TUTO_INGAME_INTRO,13.7,3
2026-07-11,EG,1-INTRO_FB_ENTRY_DATA_FINISH,5.7,3
2026-07-11,EG,1-INTRO_FB_SUBSCRIBE_BOT_FINISH,5.3,3
2026-07-11,EG,1-INTRO_FB_FRIEND,4.7,3
2026-07-11,EG,1-6040_SETTING_LANGUAGE,5.3,3
2026-07-11,EG,1-6000_FRIEND_COUNT,5.3,3
2026-07-11,EG,1-6012_USER_HAMMER_BALANCE,7.7,3
2026-07-11,EG,1-INTRO_OBJECT_POOL,5.3,3
2026-07-11,EG,1-INTRO_GAME_DATA,4.7,3
2026-07-11,EG,1-INTRO_BUNDLE,4.3,3
2026-07-11,EG,1-INTRO_FB_FRIEND_FINISH,5.3,3
2026-07-11,EG,1-INTRO_FB_ENTRY_POINT_FINISH,5.0,3
2026-07-11,EG,1-9400_GOLD_TRANSACTION_LOG,7.0,3
2026-07-11,EG,1-INTRO_GAME_DATA_FINISH,6.0,3
2026-07-11,EG,1-ALL_LOAD_INTRO_START,3.3,3
2026-07-11,EG,1-6020_USER_CURRENT_LEVEL,7.7,3
2026-07-11,EG,1-INTRO_FB_SUBSCRIBE_BOT,4.7,3
2026-07-11,EG,1-6010_USER_GOLD_BALANCE,7.3,3
2026-07-11,EG,1-12000_TEST_TOUCH,25.5,2
2026-07-11,ES,1-INTRO_BUNDLE_FINISH,0.5,2
2026-07-11,ES,1-12001_INTRO_DIRECT_ENTRY_START,2.0,2
2026-07-11,ES,1-9400_GOLD_TRANSACTION_LOG,1.5,2
2026-07-11,ES,1-INTRO_FB_ENTRY_POINT_FINISH,1.5,2
2026-07-11,ES,1-INTRO_BUNDLE,0.5,2
2026-07-11,ES,1-6012_USER_HAMMER_BALANCE,1.5,2
2026-07-11,ES,1-ALL_LOAD_FB,0.0,2
2026-07-11,ES,1-1000_LOGIN_COMPLETE,1.5,2
2026-07-11,ES,1-INTRO_FB_START_FINISH,0.0,2
2026-07-11,ES,1-6020_USER_CURRENT_LEVEL,2.0,2
2026-07-11,ES,1-6030_USER_CITY_STATUS,2.0,2
2026-07-11,ES,1-FIRST_LOAD_FB_Android,0.0,2
2026-07-11,ES,1-INTRO_SIGNED_PLAYER_INFO_FINISH,1.0,2
2026-07-11,ES,1-INTRO_LOGIN,1.5,2
2026-07-11,ES,1-INTRO_FB_ENTRY_DATA,1.5,2
2026-07-11,ES,1-ALL_LOAD_INTRO_FINISH,0.5,2
2026-07-11,ES,1-2110_TUTO_INGAME_INTRO,5.0,2
2026-07-11,ES,1-INTRO_OBJECT_POOL,0.5,2
2026-07-11,ES,1-INTRO_FB_ENTRY_DATA_FINISH,1.5,2
2026-07-11,ES,1-INTRO_GAME_DATA,0.5,2
2026-07-11,ES,1-6010_USER_GOLD_BALANCE,1.5,2
2026-07-11,ES,1-INTRO_FB_SUBSCRIBE_BOT_FINISH,1.5,2
2026-07-11,ES,1-INTRO_FB_FRIEND_FINISH,1.0,2
2026-07-11,ES,1-12002_INTRO_DIRECT_ENTRY_END,3.0,2
2026-07-11,ES,1-FIRST_LOAD_INTRO_Android,0.5,2
2026-07-11,ES,1-ALL_LOAD_INTRO,0.5,2
2026-07-11,ES,1-2141_TUTO_STEP_COMPLETE,9.5,2
2026-07-11,ES,1-1010_LOAD_COMPLETE,3.0,2
2026-07-11,ES,1-ALL_LOAD_INTRO_START,0.5,2
2026-07-11,ES,1-6040_SETTING_LANGUAGE,0.5,2
2026-07-11,ES,1-6011_USER_TICKET_BALANCE,1.5,2
2026-07-11,ES,1-INTRO_GAME_DATA_FINISH,1.5,2
2026-07-11,ES,1-INTRO_FB_SUBSCRIBE_BOT,0.5,2
2026-07-11,ES,1-9403_BOOSTER_TRANSACTION_LOG,1.5,2
2026-07-11,ES,1-FIRST_LOAD_INTRO_START_Android,0.5,2
2026-07-11,ES,1-INTRO_OBJECT_POOL_FINISH,1.5,2
2026-07-11,ES,1-FIRST_LOAD_INTRO_FINISH_Android,0.5,2
2026-07-11,ES,1-INTRO_FB_ENTRY_POINT,0.5,2
2026-07-11,ES,1-INTRO_FB_FRIEND,0.5,2
2026-07-11,ES,1-12000_TEST_TOUCH,9.5,2
2026-07-11,ES,1-INTRO_SIGNED_PLAYER_INFO,0.5,2
2026-07-11,ES,1-2100_GAMEPLAY_START,3.0,2
2026-07-11,ES,1-6000_FRIEND_COUNT,1.0,2
2026-07-11,FR,1-6010_USER_GOLD_BALANCE,24.5,15
2026-07-11,FR,1-6040_SETTING_LANGUAGE,18.7,15
2026-07-11,FR,1-INTRO_GAME_DATA,16.7,15
2026-07-11,FR,1-INTRO_GAME_DATA_FINISH,20.2,15
2026-07-11,FR,1-ALL_LOAD_INTRO_START,2.8,15
2026-07-11,FR,1-INTRO_FB_SUBSCRIBE_BOT,16.7,15
2026-07-11,FR,1-INTRO_BUNDLE_FINISH,18.7,15
2026-07-11,FR,1-6000_FRIEND_COUNT,17.4,15
2026-07-11,FR,1-INTRO_FB_FRIEND_FINISH,17.4,15
2026-07-11,FR,1-INTRO_FB_ENTRY_DATA_FINISH,20.7,15
2026-07-11,FR,1-INTRO_SIGNED_PLAYER_INFO,16.5,15
2026-07-11,FR,1-6012_USER_HAMMER_BALANCE,24.5,15
2026-07-11,FR,1-ALL_LOAD_INTRO_FINISH,2.8,15
2026-07-11,FR,1-INTRO_BUNDLE,16.5,15
2026-07-11,FR,1-INTRO_FB_START_FINISH,0.0,15
2026-07-11,FR,1-INTRO_LOGIN,21.1,15
2026-07-11,FR,1-INTRO_FB_SUBSCRIBE_BOT_FINISH,17.8,15
2026-07-11,FR,1-9400_GOLD_TRANSACTION_LOG,24.1,15
2026-07-11,FR,1-INTRO_FB_ENTRY_DATA,17.8,15
2026-07-11,FR,1-6011_USER_TICKET_BALANCE,24.5,15
2026-07-11,FR,1-9403_BOOSTER_TRANSACTION_LOG,24.1,15
2026-07-11,FR,1-INTRO_FB_FRIEND,16.6,15
2026-07-11,FR,1-6030_USER_CITY_STATUS,24.5,15
2026-07-11,FR,1-INTRO_OBJECT_POOL,18.7,15
2026-07-11,FR,1-1000_LOGIN_COMPLETE,24.1,15
2026-07-11,FR,1-ALL_LOAD_FB,1.0,15
2026-07-11,FR,1-ALL_LOAD_INTRO,2.8,15
2026-07-11,FR,1-INTRO_FB_ENTRY_POINT,16.6,15
2026-07-11,FR,1-INTRO_SIGNED_PLAYER_INFO_FINISH,17.5,15
2026-07-11,FR,1-6020_USER_CURRENT_LEVEL,24.5,15
2026-07-11,FR,1-INTRO_FB_ENTRY_POINT_FINISH,17.7,15
2026-07-11,FR,1-2100_GAMEPLAY_START,28.6,14
2026-07-11,FR,1-2111_TUTO_DECK_DRAW,63.6,14
2026-07-11,FR,1-2400_FINISH_RESULT,57.4,14
2026-07-11,FR,1-2141_TUTO_STEP_COMPLETE,42.8,14
2026-07-11,FR,1-2150_GAMEPLAY_NRU_CARD_MATCH,44.6,14
2026-07-11,FR,1-2300_GAMEPLAY_FINISH,56.3,14
2026-07-11,FR,1-2213_GAMEPLAY_DECK_BONUS,55.2,14
2026-07-11,FR,1-2210_GAMEPLAY_COMBO_REWARD,56.3,14
2026-07-11,FR,1-9990_PLAY_FIRST_TOUCH,44.0,14
2026-07-11,FR,1-7180_BTN_DRAW_DECK,69.4,14
2026-07-11,FR,1-12002_INTRO_DIRECT_ENTRY_END,28.6,14
2026-07-11,FR,1-12001_INTRO_DIRECT_ENTRY_START,26.5,14
2026-07-11,FR,1-9402_HAMMER_TRANSACTION_LOG,55.4,14
2026-07-11,FR,1-INTRO_OBJECT_POOL_FINISH,20.3,14
2026-07-11,FR,1-2151_GAMEPLAY_NRU_MATCHES,56.3,14
2026-07-11,FR,1-2110_TUTO_INGAME_INTRO,30.5,14
2026-07-11,FR,1-2410_FINISH_RESULT_CLAIM,59.9,14
2026-07-11,FR,1-12000_TEST_TOUCH,42.5,14
2026-07-11,FR,1-1010_LOAD_COMPLETE,28.6,14
2026-07-11,FR,1-FIRST_LOAD_INTRO_etc,2.8,12
2026-07-11,FR,1-2510_ENTRY_COST_PAY,103.7,12
2026-07-11,FR,1-3100_TOURNAMENT_CREATE,128.6,12
2026-07-11,FR,1-FIRST_LOAD_FB_etc,1.1,12
2026-07-11,FR,1-3120_TOURNAMENT_CREATE_FAIL,135.4,12
2026-07-11,FR,1-5700_LOBBY,99.1,12
2026-07-11,FR,1-2094_PRE_LEVEL_PLAY,103.7,12
2026-07-11,FR,1-FIRST_LOAD_INTRO_FINISH_etc,2.8,12
2026-07-11,FR,1-2114_TUTO_PRE_LEVEL_POPUP,102.1,12
2026-07-11,FR,1-2090_PRE_LEVEL_SHOW,101.7,12
2026-07-11,FR,1-FIRST_LOAD_INTRO_START_etc,2.8,12
2026-07-11,FR,1-2116_TUTO_PLUS_CARD,160.5,11
2026-07-11,FR,1-2610_GIMMICK_PLUS_CARD_MATCH,163.5,11
2026-07-11,FR,1-2600_GIMMICK_FIRST_APPEAR,150.3,11
2026-07-11,FR,1-2119_TUTO_STREAK,231.1,10
2026-07-11,FR,1-5200_LEADERBOARD,270.8,10
2026-07-11,FR,1-6110_IDLE_GOLD_COLLECT_TRY,214.1,10
2026-07-11,FR,1-2211_GAMEPLAY_STREAK_METER_FILL,240.6,10
2026-07-11,FR,1-2212_GAMEPLAY_STREAK_STAR_EARN,240.6,10
2026-07-11,FR,1-11002_GAMEPLAY_FINISH_6,329.3,10
2026-07-11,FR,1-6111_IDLE_GOLD_COLLECT_SUCCESS,214.3,10
2026-07-11,FR,1-11001_GAMEPLAY_FINISH_5,259.3,10
2026-07-11,FR,1-11003_GAMEPLAY_FINISH_7,392.0,9
2026-07-11,FR,1-8061_DAILY_CHECKIN_CLAIM_TRY,348.8,9
2026-07-11,FR,1-8060_DAILY_CHECKIN_POPUP,346.4,9
2026-07-11,FR,1-8064_BTN_DAILY_CHECKIN_CLOSE,351.2,9
2026-07-11,FR,1-8062_DAILY_CHECKIN_CLAIM_SUCCESS,349.2,9
2026-07-11,FR,1-2124_TUTO_BOOSTER_WILDCARD,362.7,9
2026-07-11,FR,1-2122_TUTO_BOOSTER_UNDO,398.1,8
2026-07-11,FR,1-8120_COLLECTION_POPUP,377.5,8
2026-07-11,FR,1-8102_CITY_DECO_UPGRADE_SUCCESS,307.6,7
2026-07-11,FR,1-8105_BTN_CITY_DECO_CLOSE,304.9,7
2026-07-11,FR,1-8101_CITY_DECO_UPGRADE_TRY,307.6,7
2026-07-11,FR,1-8100_CITY_DECO_POPUP,305.1,7
2026-07-11,FR,1-11004_GAMEPLAY_FINISH_8,403.9,7
2026-07-11,FR,1-NETWORK_TIMEOUT_RETRY,47.8,4
2026-07-11,FR,1-NETWORK_TIMEOUT,46.0,4
2026-07-11,FR,1-2171_GAMEPLAY_ITEM_FIREWORKS_SUCCESS,450.8,4
2026-07-11,FR,1-2091_PRE_LEVEL_BOOSTER_SELECT,431.3,4
2026-07-11,FR,1-2170_GAMEPLAY_ITEM_FIREWORKS_TRY,450.8,4
2026-07-11,FR,1-2123_TUTO_BOOSTER_FIREWORKS,428.5,4
2026-07-11,FR,1-8130_CITY_LIST_POPUP,295.0,4
2026-07-11,FR,1-ALL_INTRO_DEBUG_ERROR_98,16.0,3
2026-07-11,FR,1-2127_TUTO_BETTING_2,427.7,3
2026-07-11,FR,1-11005_GAMEPLAY_FINISH_9,410.7,3
2026-07-11,FR,1-11006_GAMEPLAY_FINISH_10,472.7,3
2026-07-11,FR,1-2093_PRE_LEVEL_BETTING,429.3,3
2026-07-11,FR,1-FIRST_INTRO_DEBUG_ERROR_98_etc,16.0,3
2026-07-11,FR,1-2511_ENTRY_COST_PAY_TICKET,443.0,2
2026-07-11,FR,1-LOAD_INTRO_START_etc,194.0,2
2026-07-11,FR,1-9401_TICKET_TRANSACTION_LOG,427.5,2
2026-07-11,FR,1-8053_BTN_DAILY_WHEEL_CLOSE,436.0,2
2026-07-11,FR,1-5000_SHOP,323.5,2
2026-07-11,FR,1-FIRST_LOAD_INTRO_Android,1.0,2
2026-07-11,FR,1-5201_BTN_LEADERBOARD_FRIENDS_TAB,515.0,2
2026-07-11,FR,1-ALL_INTRO_DEBUG_ERROR_PASS_AFTER_98,31.0,2
2026-07-11,FR,1-FIRST_LOAD_INTRO_START_Android,1.0,2
2026-07-11,FR,1-8020_SETTING_POPUP,253.5,2
2026-07-11,FR,1-FIRST_INTRO_DEBUG_ERROR_PASS_AFTER_98_etc,30.5,2
2026-07-11,FR,1-LOAD_FB_etc,192.5,2
2026-07-11,FR,1-FIRST_LOAD_INTRO_FINISH_Android,1.0,2
2026-07-11,FR,1-LOAD_INTRO_FINISH_etc,194.5,2
2026-07-11,FR,1-2125_TUTO_BOOSTER_EXTRADECK,305.0,2
2026-07-11,FR,1-8050_DAILY_WHEEL_POPUP,426.0,2
2026-07-11,FR,1-5004_BTN_SHOP_CLOSE,339.5,2
2026-07-11,FR,1-LOAD_INTRO_etc,194.0,2
2026-07-11,FR,1-FIRST_LOAD_FB_Android,0.5,2
2026-07-11,FR,1-8025_BTN_SETTING_CLOSE,254.5,2
2026-07-11,FR,1-8051_DAILY_WHEEL_SPIN_SUCCESS,434.0,2
2026-07-11,GB,1-INTRO_BUNDLE_FINISH,1.2,6
2026-07-11,GB,1-ALL_LOAD_INTRO_START,11.3,6
2026-07-11,GB,1-2110_TUTO_INGAME_INTRO,13.3,6
2026-07-11,GB,1-INTRO_FB_ENTRY_DATA_FINISH,2.3,6
2026-07-11,GB,1-2141_TUTO_STEP_COMPLETE,26.7,6
2026-07-11,GB,1-INTRO_GAME_DATA_FINISH,6.8,6
2026-07-11,GB,1-INTRO_FB_ENTRY_DATA,1.7,6
2026-07-11,GB,1-2100_GAMEPLAY_START,9.3,6
2026-07-11,GB,1-6011_USER_TICKET_BALANCE,7.5,6
2026-07-11,GB,1-6012_USER_HAMMER_BALANCE,7.5,6
2026-07-11,GB,1-6000_FRIEND_COUNT,1.5,6
2026-07-11,GB,1-6040_SETTING_LANGUAGE,1.2,6
2026-07-11,GB,1-1010_LOAD_COMPLETE,9.3,6
2026-07-11,GB,1-12002_INTRO_DIRECT_ENTRY_END,9.3,6
2026-07-11,GB,1-12001_INTRO_DIRECT_ENTRY_START,8.0,6
2026-07-11,GB,1-ALL_LOAD_INTRO,11.3,6
2026-07-11,GB,1-6010_USER_GOLD_BALANCE,7.5,6
2026-07-11,GB,1-INTRO_FB_START_FINISH,10.2,6
2026-07-11,GB,1-INTRO_LOGIN,7.2,6
2026-07-11,GB,1-12000_TEST_TOUCH,17.2,6
2026-07-11,GB,1-INTRO_BUNDLE,0.8,6
2026-07-11,GB,1-INTRO_FB_SUBSCRIBE_BOT_FINISH,1.7,6
2026-07-11,GB,1-INTRO_SIGNED_PLAYER_INFO,0.8,6
2026-07-11,GB,1-9400_GOLD_TRANSACTION_LOG,7.3,6
2026-07-11,GB,1-INTRO_FB_ENTRY_POINT_FINISH,1.7,6
2026-07-11,GB,1-9403_BOOSTER_TRANSACTION_LOG,7.3,6
2026-07-11,GB,1-6030_USER_CITY_STATUS,7.5,6
2026-07-11,GB,1-6020_USER_CURRENT_LEVEL,7.5,6
2026-07-11,GB,1-INTRO_GAME_DATA,0.8,6
2026-07-11,GB,1-INTRO_FB_FRIEND,0.8,6
2026-07-11,GB,1-INTRO_OBJECT_POOL,1.2,6
2026-07-11,GB,1-INTRO_FB_FRIEND_FINISH,1.5,6
2026-07-11,GB,1-INTRO_FB_SUBSCRIBE_BOT,0.8,6
2026-07-11,GB,1-INTRO_SIGNED_PLAYER_INFO_FINISH,1.2,6
2026-07-11,GB,1-INTRO_FB_ENTRY_POINT,0.8,6
2026-07-11,GB,1-9990_PLAY_FIRST_TOUCH,47.3,6
2026-07-11,GB,1-INTRO_OBJECT_POOL_FINISH,4.3,6
2026-07-11,GB,1-ALL_LOAD_INTRO_FINISH,11.3,6
2026-07-11,GB,1-1000_LOGIN_COMPLETE,7.3,6
2026-07-11,GB,1-ALL_LOAD_FB,10.5,6
2026-07-11,GB,1-2410_FINISH_RESULT_CLAIM,34.4,5
2026-07-11,GB,1-11001_GAMEPLAY_FINISH_5,230.2,5
2026-07-11,GB,1-FIRST_LOAD_INTRO_FINISH_etc,1.0,5
2026-07-11,GB,1-2400_FINISH_RESULT,32.4,5
2026-07-11,GB,1-2116_TUTO_PLUS_CARD,139.2,5
2026-07-11,GB,1-2211_GAMEPLAY_STREAK_METER_FILL,205.0,5
2026-07-11,GB,1-2610_GIMMICK_PLUS_CARD_MATCH,141.4,5
2026-07-11,GB,1-2510_ENTRY_COST_PAY,71.8,5
2026-07-11,GB,1-2150_GAMEPLAY_NRU_CARD_MATCH,16.4,5
2026-07-11,GB,1-2114_TUTO_PRE_LEVEL_POPUP,68.8,5
2026-07-11,GB,1-3120_TOURNAMENT_CREATE_FAIL,98.0,5
2026-07-11,GB,1-2212_GAMEPLAY_STREAK_STAR_EARN,205.0,5
2026-07-11,GB,1-6111_IDLE_GOLD_COLLECT_SUCCESS,175.8,5
2026-07-11,GB,1-8064_BTN_DAILY_CHECKIN_CLOSE,298.6,5
2026-07-11,GB,1-7180_BTN_DRAW_DECK,45.0,5
2026-07-11,GB,1-FIRST_LOAD_FB_etc,0.4,5
2026-07-11,GB,1-FIRST_LOAD_INTRO_etc,1.0,5
2026-07-11,GB,1-FIRST_LOAD_INTRO_START_etc,1.0,5
2026-07-11,GB,1-8062_DAILY_CHECKIN_CLAIM_SUCCESS,297.4,5
2026-07-11,GB,1-2213_GAMEPLAY_DECK_BONUS,30.4,5
2026-07-11,GB,1-9402_HAMMER_TRANSACTION_LOG,30.4,5
2026-07-11,GB,1-2094_PRE_LEVEL_PLAY,71.8,5
2026-07-11,GB,1-2111_TUTO_DECK_DRAW,38.4,5
2026-07-11,GB,1-2210_GAMEPLAY_COMBO_REWARD,31.6,5
2026-07-11,GB,1-8060_DAILY_CHECKIN_POPUP,295.0,5
2026-07-11,GB,1-2151_GAMEPLAY_NRU_MATCHES,31.6,5
2026-07-11,GB,1-2090_PRE_LEVEL_SHOW,68.4,5
2026-07-11,GB,1-6110_IDLE_GOLD_COLLECT_TRY,175.6,5
2026-07-11,GB,1-2600_GIMMICK_FIRST_APPEAR,139.2,5
2026-07-11,GB,1-3100_TOURNAMENT_CREATE,97.4,5
2026-07-11,GB,1-2119_TUTO_STREAK,195.2,5
2026-07-11,GB,1-5700_LOBBY,66.4,5
2026-07-11,GB,1-2300_GAMEPLAY_FINISH,31.6,5
2026-07-11,GB,1-5200_LEADERBOARD,239.0,5
2026-07-11,GB,1-8061_DAILY_CHECKIN_CLAIM_TRY,297.4,5
2026-07-11,GB,1-8101_CITY_DECO_UPGRADE_TRY,209.0,4
2026-07-11,GB,1-11003_GAMEPLAY_FINISH_7,287.3,4
2026-07-11,GB,1-8105_BTN_CITY_DECO_CLOSE,205.0,4
2026-07-11,GB,1-11002_GAMEPLAY_FINISH_6,305.0,4
2026-07-11,GB,1-8102_CITY_DECO_UPGRADE_SUCCESS,209.0,4
2026-07-11,GB,1-8100_CITY_DECO_POPUP,201.0,4
2026-07-11,GB,1-11006_GAMEPLAY_FINISH_10,457.7,3
2026-07-11,GB,1-2122_TUTO_BOOSTER_UNDO,292.0,3
2026-07-11,GB,1-11004_GAMEPLAY_FINISH_8,314.0,3
2026-07-11,GB,1-8051_DAILY_WHEEL_SPIN_SUCCESS,387.0,3
2026-07-11,GB,1-8053_BTN_DAILY_WHEEL_CLOSE,392.7,3
2026-07-11,GB,1-2127_TUTO_BETTING_2,406.7,3
2026-07-11,GB,1-2123_TUTO_BOOSTER_FIREWORKS,347.7,3
2026-07-11,GB,1-8050_DAILY_WHEEL_POPUP,378.7,3
2026-07-11,GB,1-2124_TUTO_BOOSTER_WILDCARD,280.0,3
2026-07-11,GB,1-2093_PRE_LEVEL_BETTING,409.7,3
2026-07-11,GB,1-11005_GAMEPLAY_FINISH_9,371.3,3
2026-07-11,GB,1-8120_COLLECTION_POPUP,267.0,3
2026-07-11,GB,1-2091_PRE_LEVEL_BOOSTER_SELECT,351.0,3
2026-07-11,GB,1-5100_DAILY_TASK,506.0,2
2026-07-11,GB,1-2191_GAMEPLAY_ITEM_EXTRADECK_SUCCESS,507.0,2
2026-07-11,GB,1-12020_FRAME_DROP_LOG,91.0,2
2026-07-11,GB,1-2190_GAMEPLAY_ITEM_EXTRADECK_TRY,507.0,2
2026-07-11,GB,1-8130_CITY_LIST_POPUP,218.5,2
2026-07-11,GB,1-2170_GAMEPLAY_ITEM_FIREWORKS_TRY,367.5,2
2026-07-11,GB,1-5000_SHOP,158.5,2
2026-07-11,GB,1-2125_TUTO_BOOSTER_EXTRADECK,501.0,2
2026-07-11,GB,1-4200_RV_START,268.0,2
2026-07-11,GB,1-5105_BTN_DAILY_TASK_CLOSE,512.0,2
2026-07-11,GB,1-5004_BTN_SHOP_CLOSE,193.5,2
2026-07-11,GB,1-2171_GAMEPLAY_ITEM_FIREWORKS_SUCCESS,367.5,2
2026-07-11,GR,1-6020_USER_CURRENT_LEVEL,6.3,4
2026-07-11,GR,1-ALL_LOAD_FB,1.8,4
2026-07-11,GR,1-INTRO_GAME_DATA,3.5,4
2026-07-11,GR,1-2410_FINISH_RESULT_CLAIM,32.5,4
2026-07-11,GR,1-2141_TUTO_STEP_COMPLETE,14.5,4
2026-07-11,GR,1-INTRO_BUNDLE,3.5,4
2026-07-11,GR,1-7180_BTN_DRAW_DECK,41.0,4
2026-07-11,GR,1-11005_GAMEPLAY_FINISH_9,360.0,4
2026-07-11,GR,1-2093_PRE_LEVEL_BETTING,407.3,4
2026-07-11,GR,1-2091_PRE_LEVEL_BOOSTER_SELECT,340.0,4
2026-07-11,GR,1-INTRO_FB_FRIEND_FINISH,4.3,4
2026-07-11,GR,1-2116_TUTO_PLUS_CARD,107.8,4
2026-07-11,GR,1-ALL_LOAD_INTRO_FINISH,3.5,4
2026-07-11,GR,1-2210_GAMEPLAY_COMBO_REWARD,28.8,4
2026-07-11,GR,1-INTRO_BUNDLE_FINISH,4.3,4
2026-07-11,GR,1-INTRO_FB_ENTRY_POINT_FINISH,4.5,4
2026-07-11,GR,1-12001_INTRO_DIRECT_ENTRY_START,6.8,4
2026-07-11,GR,1-11006_GAMEPLAY_FINISH_10,451.5,4
2026-07-11,GR,1-8060_DAILY_CHECKIN_POPUP,234.0,4
2026-07-11,GR,1-INTRO_FB_ENTRY_POINT,3.5,4
2026-07-11,GR,1-2211_GAMEPLAY_STREAK_METER_FILL,160.5,4
2026-07-11,GR,1-8062_DAILY_CHECKIN_CLAIM_SUCCESS,236.5,4
2026-07-11,GR,1-2213_GAMEPLAY_DECK_BONUS,27.8,4
2026-07-11,GR,1-6111_IDLE_GOLD_COLLECT_SUCCESS,139.3,4
2026-07-11,GR,1-11003_GAMEPLAY_FINISH_7,269.5,4
2026-07-11,GR,1-INTRO_SIGNED_PLAYER_INFO_FINISH,3.5,4
2026-07-11,GR,1-2110_TUTO_INGAME_INTRO,10.5,4
2026-07-11,GR,1-INTRO_FB_ENTRY_DATA_FINISH,4.8,4
2026-07-11,GR,1-INTRO_FB_START_FINISH,0.0,4
2026-07-11,GR,1-5200_LEADERBOARD,190.5,4
2026-07-11,GR,1-6000_FRIEND_COUNT,4.3,4
2026-07-11,GR,1-2400_FINISH_RESULT,30.5,4
2026-07-11,GR,1-2124_TUTO_BOOSTER_WILDCARD,244.5,4
2026-07-11,GR,1-2150_GAMEPLAY_NRU_CARD_MATCH,17.3,4
2026-07-11,GR,1-8120_COLLECTION_POPUP,276.0,4
2026-07-11,GR,1-12002_INTRO_DIRECT_ENTRY_END,8.5,4
2026-07-11,GR,1-2114_TUTO_PRE_LEVEL_POPUP,65.0,4
2026-07-11,GR,1-2170_GAMEPLAY_ITEM_FIREWORKS_TRY,352.0,4
2026-07-11,GR,1-2300_GAMEPLAY_FINISH,28.8,4
2026-07-11,GR,1-6040_SETTING_LANGUAGE,4.3,4
2026-07-11,GR,1-8061_DAILY_CHECKIN_CLAIM_TRY,236.5,4
2026-07-11,GR,1-9990_PLAY_FIRST_TOUCH,16.8,4
2026-07-11,GR,1-2123_TUTO_BOOSTER_FIREWORKS,337.5,4
2026-07-11,GR,1-3120_TOURNAMENT_CREATE_FAIL,104.5,4
2026-07-11,GR,1-6011_USER_TICKET_BALANCE,6.0,4
2026-07-11,GR,1-INTRO_GAME_DATA_FINISH,4.8,4
2026-07-11,GR,1-2510_ENTRY_COST_PAY,68.5,4
2026-07-11,GR,1-2119_TUTO_STREAK,151.3,4
2026-07-11,GR,1-2094_PRE_LEVEL_PLAY,68.5,4
2026-07-11,GR,1-11002_GAMEPLAY_FINISH_6,229.8,4
2026-07-11,GR,1-2100_GAMEPLAY_START,8.5,4
2026-07-11,GR,1-ALL_LOAD_INTRO_START,3.5,4
2026-07-11,GR,1-INTRO_FB_ENTRY_DATA,4.5,4
2026-07-11,GR,1-6012_USER_HAMMER_BALANCE,6.3,4
2026-07-11,GR,1-INTRO_FB_FRIEND,3.5,4
2026-07-11,GR,1-1000_LOGIN_COMPLETE,5.8,4
2026-07-11,GR,1-2171_GAMEPLAY_ITEM_FIREWORKS_SUCCESS,352.0,4
2026-07-11,GR,1-6030_USER_CITY_STATUS,6.5,4
2026-07-11,GR,1-2127_TUTO_BETTING_2,405.0,4
2026-07-11,GR,1-9402_HAMMER_TRANSACTION_LOG,27.8,4
2026-07-11,GR,1-INTRO_OBJECT_POOL,4.3,4
2026-07-11,GR,1-ALL_LOAD_INTRO,3.5,4
2026-07-11,GR,1-6110_IDLE_GOLD_COLLECT_TRY,139.3,4
2026-07-11,GR,1-2111_TUTO_DECK_DRAW,36.5,4
2026-07-11,GR,1-2600_GIMMICK_FIRST_APPEAR,107.8,4
2026-07-11,GR,1-12000_TEST_TOUCH,14.0,4
2026-07-11,GR,1-INTRO_FB_SUBSCRIBE_BOT,3.5,4
2026-07-11,GR,1-11004_GAMEPLAY_FINISH_8,314.0,4
2026-07-11,GR,1-9403_BOOSTER_TRANSACTION_LOG,5.8,4
2026-07-11,GR,1-2151_GAMEPLAY_NRU_MATCHES,28.8,4
2026-07-11,GR,1-INTRO_LOGIN,5.8,4
2026-07-11,GR,1-2212_GAMEPLAY_STREAK_STAR_EARN,160.5,4
2026-07-11,GR,1-2090_PRE_LEVEL_SHOW,64.8,4
2026-07-11,GR,1-9400_GOLD_TRANSACTION_LOG,5.8,4
2026-07-11,GR,1-INTRO_FB_SUBSCRIBE_BOT_FINISH,4.5,4
2026-07-11,GR,1-6010_USER_GOLD_BALANCE,6.0,4
2026-07-11,GR,1-3100_TOURNAMENT_CREATE,104.3,4
2026-07-11,GR,1-8050_DAILY_WHEEL_POPUP,377.8,4
2026-07-11,GR,1-INTRO_SIGNED_PLAYER_INFO,3.5,4
2026-07-11,GR,1-8064_BTN_DAILY_CHECKIN_CLOSE,237.8,4
2026-07-11,GR,1-8053_BTN_DAILY_WHEEL_CLOSE,396.0,4
2026-07-11,GR,1-1010_LOAD_COMPLETE,8.5,4
2026-07-11,GR,1-2610_GIMMICK_PLUS_CARD_MATCH,109.3,4
2026-07-11,GR,1-2122_TUTO_BOOSTER_UNDO,289.8,4
2026-07-11,GR,1-INTRO_OBJECT_POOL_FINISH,5.0,4
2026-07-11,GR,1-11001_GAMEPLAY_FINISH_5,182.0,4
2026-07-11,GR,1-5700_LOBBY,61.8,4
2026-07-11,GR,1-FIRST_LOAD_INTRO_START_etc,3.7,3
2026-07-11,GR,1-8051_DAILY_WHEEL_SPIN_SUCCESS,383.7,3
2026-07-11,GR,1-FIRST_LOAD_FB_etc,1.7,3
2026-07-11,GR,1-FIRST_LOAD_INTRO_FINISH_etc,3.7,3
2026-07-11,GR,1-5105_BTN_DAILY_TASK_CLOSE,511.0,3
2026-07-11,GR,1-FIRST_LOAD_INTRO_etc,3.7,3
2026-07-11,GR,1-2191_GAMEPLAY_ITEM_EXTRADECK_SUCCESS,456.7,3
2026-07-11,GR,1-5100_DAILY_TASK,495.3,3
2026-07-11,GR,1-2190_GAMEPLAY_ITEM_EXTRADECK_TRY,456.7,3
2026-07-11,GR,1-2125_TUTO_BOOSTER_EXTRADECK,453.7,3
2026-07-11,GR,1-4210_RV_FINISH,463.7,3
2026-07-11,GR,1-4200_RV_START,434.7,3
2026-07-11,GR,1-8130_CITY_LIST_POPUP,366.0,2
2026-07-11,GR,1-8100_CITY_DECO_POPUP,209.5,2
2026-07-11,GR,1-8105_BTN_CITY_DECO_CLOSE,216.5,2
2026-07-11,GR,1-2181_GAMEPLAY_ITEM_WILDCARD_SUCCESS,280.0,2
2026-07-11,GR,1-8102_CITY_DECO_UPGRADE_SUCCESS,213.0,2
2026-07-11,GR,1-2180_GAMEPLAY_ITEM_WILDCARD_TRY,280.0,2
2026-07-11,GR,1-8101_CITY_DECO_UPGRADE_TRY,212.5,2
2026-07-11,GT,1-2100_GAMEPLAY_START,15.0,2
2026-07-11,GT,1-ALL_LOAD_INTRO_START,3.5,2
2026-07-11,GT,1-INTRO_FB_ENTRY_POINT_FINISH,8.5,2
2026-07-11,GT,1-ALL_LOAD_INTRO,3.5,2
2026-07-11,GT,1-9403_BOOSTER_TRANSACTION_LOG,10.0,2
2026-07-11,GT,1-1010_LOAD_COMPLETE,15.5,2
2026-07-11,GT,1-INTRO_FB_SUBSCRIBE_BOT,7.0,2
2026-07-11,GT,1-INTRO_FB_FRIEND,7.0,2
2026-07-11,GT,1-INTRO_BUNDLE_FINISH,9.5,2
2026-07-11,GT,1-FIRST_LOAD_INTRO_FINISH_Android,4.0,2
2026-07-11,GT,1-FIRST_LOAD_INTRO_START_Android,3.5,2
2026-07-11,GT,1-6040_SETTING_LANGUAGE,9.5,2
2026-07-11,GT,1-ALL_LOAD_FB,1.5,2
2026-07-11,GT,1-6020_USER_CURRENT_LEVEL,10.5,2
2026-07-11,GT,1-INTRO_GAME_DATA,7.5,2
2026-07-11,GT,1-1000_LOGIN_COMPLETE,10.5,2
2026-07-11,GT,1-INTRO_OBJECT_POOL,9.5,2
2026-07-11,GT,1-6012_USER_HAMMER_BALANCE,10.5,2
2026-07-11,GT,1-12001_INTRO_DIRECT_ENTRY_START,13.0,2
2026-07-11,GT,1-6011_USER_TICKET_BALANCE,10.5,2
2026-07-11,GT,1-FIRST_LOAD_INTRO_Android,3.5,2
2026-07-11,GT,1-INTRO_GAME_DATA_FINISH,9.5,2
2026-07-11,GT,1-INTRO_BUNDLE,7.0,2
2026-07-11,GT,1-INTRO_FB_SUBSCRIBE_BOT_FINISH,8.5,2
2026-07-11,GT,1-INTRO_FB_ENTRY_POINT,7.0,2
2026-07-11,GT,1-INTRO_SIGNED_PLAYER_INFO,7.0,2
2026-07-11,GT,1-2110_TUTO_INGAME_INTRO,20.0,2
2026-07-11,GT,1-INTRO_LOGIN,9.5,2
2026-07-11,GT,1-INTRO_FB_START_FINISH,0.0,2
2026-07-11,GT,1-FIRST_LOAD_FB_Android,1.5,2
2026-07-11,GT,1-6000_FRIEND_COUNT,8.0,2
2026-07-11,GT,1-ALL_LOAD_INTRO_FINISH,4.0,2
2026-07-11,GT,1-6030_USER_CITY_STATUS,11.0,2
2026-07-11,GT,1-12000_TEST_TOUCH,13.0,2
2026-07-11,GT,1-INTRO_FB_ENTRY_DATA,8.5,2
2026-07-11,GT,1-INTRO_SIGNED_PLAYER_INFO_FINISH,8.0,2
2026-07-11,GT,1-9400_GOLD_TRANSACTION_LOG,10.0,2
2026-07-11,GT,1-INTRO_FB_ENTRY_DATA_FINISH,9.5,2
2026-07-11,GT,1-12002_INTRO_DIRECT_ENTRY_END,15.5,2
2026-07-11,GT,1-INTRO_FB_FRIEND_FINISH,8.0,2
2026-07-11,GT,1-6010_USER_GOLD_BALANCE,10.5,2
2026-07-11,GT,1-INTRO_OBJECT_POOL_FINISH,13.0,2
2026-07-11,GY,1-9403_BOOSTER_TRANSACTION_LOG,6.7,3
2026-07-11,GY,1-ALL_LOAD_FB,0.7,3
2026-07-11,GY,1-6030_USER_CITY_STATUS,7.7,3
2026-07-11,GY,1-FIRST_LOAD_INTRO_START_Android,2.3,3
2026-07-11,GY,1-INTRO_FB_ENTRY_POINT,2.7,3
2026-07-11,GY,1-9400_GOLD_TRANSACTION_LOG,6.7,3
2026-07-11,GY,1-ALL_LOAD_INTRO,2.3,3
2026-07-11,GY,1-INTRO_SIGNED_PLAYER_INFO,2.7,3
2026-07-11,GY,1-6010_USER_GOLD_BALANCE,7.0,3
2026-07-11,GY,1-INTRO_FB_FRIEND,2.7,3
2026-07-11,GY,1-ALL_LOAD_INTRO_FINISH,2.7,3
2026-07-11,GY,1-INTRO_FB_ENTRY_POINT_FINISH,3.7,3
2026-07-11,GY,1-INTRO_FB_FRIEND_FINISH,3.0,3
2026-07-11,GY,1-1000_LOGIN_COMPLETE,6.7,3
2026-07-11,GY,1-6011_USER_TICKET_BALANCE,7.3,3
2026-07-11,GY,1-INTRO_FB_SUBSCRIBE_BOT_FINISH,3.7,3
2026-07-11,GY,1-FIRST_LOAD_INTRO_Android,2.3,3
2026-07-11,GY,1-FIRST_LOAD_FB_Android,0.7,3
2026-07-11,GY,1-INTRO_FB_SUBSCRIBE_BOT,2.7,3
2026-07-11,GY,1-6020_USER_CURRENT_LEVEL,7.7,3
2026-07-11,GY,1-INTRO_GAME_DATA_FINISH,6.3,3
2026-07-11,GY,1-INTRO_LOGIN,6.3,3
2026-07-11,GY,1-INTRO_BUNDLE,2.7,3
2026-07-11,GY,1-ALL_LOAD_INTRO_START,2.3,3
2026-07-11,GY,1-INTRO_FB_START_FINISH,0.0,3
2026-07-11,GY,1-INTRO_GAME_DATA,2.7,3
2026-07-11,GY,1-INTRO_BUNDLE_FINISH,3.7,3
2026-07-11,GY,1-FIRST_INTRO_DEBUG_ERROR_98_Android,11.3,3
2026-07-11,GY,1-6040_SETTING_LANGUAGE,3.7,3
2026-07-11,GY,1-6012_USER_HAMMER_BALANCE,7.3,3
2026-07-11,GY,1-INTRO_OBJECT_POOL,3.7,3
2026-07-11,GY,1-INTRO_FB_ENTRY_DATA,4.0,3
2026-07-11,GY,1-6000_FRIEND_COUNT,3.0,3
2026-07-11,GY,1-INTRO_SIGNED_PLAYER_INFO_FINISH,3.0,3
2026-07-11,GY,1-ALL_INTRO_DEBUG_ERROR_98,11.3,3
2026-07-11,GY,1-INTRO_FB_ENTRY_DATA_FINISH,4.3,3
2026-07-11,GY,1-FIRST_LOAD_INTRO_FINISH_Android,2.7,3
2026-07-11,GY,1-12001_INTRO_DIRECT_ENTRY_START,12.5,2
2026-07-11,GY,1-INTRO_OBJECT_POOL_FINISH,9.5,2
2026-07-11,HU,1-12001_INTRO_DIRECT_ENTRY_START,5.4,7
2026-07-11,HU,1-2090_PRE_LEVEL_SHOW,69.3,7
2026-07-11,HU,1-1010_LOAD_COMPLETE,6.6,7
2026-07-11,HU,1-INTRO_FB_ENTRY_DATA_FINISH,3.3,7
2026-07-11,HU,1-ALL_LOAD_FB,0.3,7
2026-07-11,HU,1-2111_TUTO_DECK_DRAW,28.4,7
2026-07-11,HU,1-INTRO_FB_START_FINISH,0.0,7
2026-07-11,HU,1-8105_BTN_CITY_DECO_CLOSE,255.7,7
2026-07-11,HU,1-2210_GAMEPLAY_COMBO_REWARD,21.9,7
2026-07-11,HU,1-INTRO_FB_SUBSCRIBE_BOT,1.4,7
2026-07-11,HU,1-ALL_LOAD_INTRO_FINISH,1.1,7
2026-07-11,HU,1-5700_LOBBY,66.7,7
2026-07-11,HU,1-9402_HAMMER_TRANSACTION_LOG,20.9,7
2026-07-11,HU,1-INTRO_FB_FRIEND_FINISH,2.9,7
2026-07-11,HU,1-INTRO_FB_ENTRY_DATA,2.4,7
2026-07-11,HU,1-2600_GIMMICK_FIRST_APPEAR,113.9,7
2026-07-11,HU,1-2150_GAMEPLAY_NRU_CARD_MATCH,13.1,7
2026-07-11,HU,1-12000_TEST_TOUCH,10.7,7
2026-07-11,HU,1-2116_TUTO_PLUS_CARD,113.9,7
2026-07-11,HU,1-6000_FRIEND_COUNT,2.9,7
2026-07-11,HU,1-8101_CITY_DECO_UPGRADE_TRY,252.4,7
2026-07-11,HU,1-INTRO_OBJECT_POOL_FINISH,2.4,7
2026-07-11,HU,1-INTRO_SIGNED_PLAYER_INFO_FINISH,1.6,7
2026-07-11,HU,1-8100_CITY_DECO_POPUP,249.9,7
2026-07-11,HU,1-2151_GAMEPLAY_NRU_MATCHES,21.9,7
2026-07-11,HU,1-6012_USER_HAMMER_BALANCE,5.0,7
2026-07-11,HU,1-6111_IDLE_GOLD_COLLECT_SUCCESS,145.1,7
2026-07-11,HU,1-6010_USER_GOLD_BALANCE,5.0,7
2026-07-11,HU,1-INTRO_FB_SUBSCRIBE_BOT_FINISH,2.6,7
2026-07-11,HU,1-INTRO_FB_ENTRY_POINT_FINISH,2.4,7
2026-07-11,HU,1-12002_INTRO_DIRECT_ENTRY_END,6.7,7
2026-07-11,HU,1-7180_BTN_DRAW_DECK,51.7,7
2026-07-11,HU,1-1000_LOGIN_COMPLETE,4.6,7
2026-07-11,HU,1-2094_PRE_LEVEL_PLAY,76.3,7
2026-07-11,HU,1-6110_IDLE_GOLD_COLLECT_TRY,145.0,7
2026-07-11,HU,1-INTRO_GAME_DATA_FINISH,2.4,7
2026-07-11,HU,1-INTRO_LOGIN,4.0,7
2026-07-11,HU,1-9400_GOLD_TRANSACTION_LOG,4.6,7
2026-07-11,HU,1-INTRO_GAME_DATA,1.6,7
2026-07-11,HU,1-INTRO_FB_ENTRY_POINT,1.4,7
2026-07-11,HU,1-ALL_LOAD_INTRO,1.1,7
2026-07-11,HU,1-INTRO_BUNDLE_FINISH,1.7,7
2026-07-11,HU,1-3100_TOURNAMENT_CREATE,98.4,7
2026-07-11,HU,1-6040_SETTING_LANGUAGE,2.0,7
2026-07-11,HU,1-9403_BOOSTER_TRANSACTION_LOG,4.6,7
2026-07-11,HU,1-2300_GAMEPLAY_FINISH,21.9,7
2026-07-11,HU,1-2610_GIMMICK_PLUS_CARD_MATCH,116.0,7
2026-07-11,HU,1-2410_FINISH_RESULT_CLAIM,24.9,7
2026-07-11,HU,1-2119_TUTO_STREAK,160.0,7
2026-07-11,HU,1-2213_GAMEPLAY_DECK_BONUS,20.6,7
2026-07-11,HU,1-2400_FINISH_RESULT,22.9,7
2026-07-11,HU,1-2510_ENTRY_COST_PAY,76.3,7
2026-07-11,HU,1-2141_TUTO_STEP_COMPLETE,11.3,7
2026-07-11,HU,1-9990_PLAY_FIRST_TOUCH,11.9,7
2026-07-11,HU,1-2100_GAMEPLAY_START,6.6,7
2026-07-11,HU,1-6011_USER_TICKET_BALANCE,5.0,7
2026-07-11,HU,1-INTRO_OBJECT_POOL,1.7,7
2026-07-11,HU,1-8102_CITY_DECO_UPGRADE_SUCCESS,252.4,7
2026-07-11,HU,1-6020_USER_CURRENT_LEVEL,5.0,7
2026-07-11,HU,1-INTRO_SIGNED_PLAYER_INFO,1.4,7
2026-07-11,HU,1-INTRO_BUNDLE,1.6,7
2026-07-11,HU,1-INTRO_FB_FRIEND,1.4,7
2026-07-11,HU,1-2110_TUTO_INGAME_INTRO,8.6,7
2026-07-11,HU,1-6030_USER_CITY_STATUS,5.0,7
2026-07-11,HU,1-2114_TUTO_PRE_LEVEL_POPUP,69.6,7
2026-07-11,HU,1-3120_TOURNAMENT_CREATE_FAIL,98.9,7
2026-07-11,HU,1-ALL_LOAD_INTRO_START,1.1,7
2026-07-11,HU,1-5200_LEADERBOARD,217.8,6
2026-07-11,HU,1-11004_GAMEPLAY_FINISH_8,363.8,6
2026-07-11,HU,1-8060_DAILY_CHECKIN_POPUP,266.3,6
2026-07-11,HU,1-8062_DAILY_CHECKIN_CLAIM_SUCCESS,268.2,6
2026-07-11,HU,1-2211_GAMEPLAY_STREAK_METER_FILL,172.3,6
2026-07-11,HU,1-FIRST_LOAD_INTRO_FINISH_etc,1.3,6
2026-07-11,HU,1-2212_GAMEPLAY_STREAK_STAR_EARN,172.3,6
2026-07-11,HU,1-2091_PRE_LEVEL_BOOSTER_SELECT,398.3,6
2026-07-11,HU,1-2170_GAMEPLAY_ITEM_FIREWORKS_TRY,411.2,6
2026-07-11,HU,1-FIRST_LOAD_INTRO_START_etc,1.3,6
2026-07-11,HU,1-11005_GAMEPLAY_FINISH_9,419.2,6
2026-07-11,HU,1-8120_COLLECTION_POPUP,313.7,6
2026-07-11,HU,1-FIRST_LOAD_FB_etc,0.3,6
2026-07-11,HU,1-11003_GAMEPLAY_FINISH_7,306.5,6
2026-07-11,HU,1-2123_TUTO_BOOSTER_FIREWORKS,396.0,6
2026-07-11,HU,1-FIRST_LOAD_INTRO_etc,1.3,6
2026-07-11,HU,1-8064_BTN_DAILY_CHECKIN_CLOSE,269.7,6
2026-07-11,HU,1-2122_TUTO_BOOSTER_UNDO,337.3,6
2026-07-11,HU,1-8130_CITY_LIST_POPUP,348.7,6
2026-07-11,HU,1-2124_TUTO_BOOSTER_WILDCARD,281.8,6
2026-07-11,HU,1-2171_GAMEPLAY_ITEM_FIREWORKS_SUCCESS,411.2,6
2026-07-11,HU,1-11001_GAMEPLAY_FINISH_5,210.5,6
2026-07-11,HU,1-8061_DAILY_CHECKIN_CLAIM_TRY,268.2,6
2026-07-11,HU,1-11002_GAMEPLAY_FINISH_6,261.8,6
2026-07-11,HU,1-8053_BTN_DAILY_WHEEL_CLOSE,404.6,5
2026-07-11,HU,1-8050_DAILY_WHEEL_POPUP,392.2,5
2026-07-11,HU,1-8051_DAILY_WHEEL_SPIN_SUCCESS,401.2,5
2026-07-11,HU,1-2093_PRE_LEVEL_BETTING,416.4,5
2026-07-11,HU,1-11006_GAMEPLAY_FINISH_10,466.4,5
2026-07-11,HU,1-2127_TUTO_BETTING_2,414.0,5
2026-07-11,HU,1-5105_BTN_DAILY_TASK_CLOSE,573.8,4
2026-07-11,HU,1-5100_DAILY_TASK,568.8,4
2026-07-11,HU,1-2125_TUTO_BOOSTER_EXTRADECK,402.0,3
2026-07-11,HU,1-8121_COLLECTION_TAB_SWITCH,330.3,3
2026-07-11,HU,1-8131_CITY_LIST_SELECT,340.0,3
2026-07-11,HU,1-2190_GAMEPLAY_ITEM_EXTRADECK_TRY,415.5,2
2026-07-11,HU,1-8020_SETTING_POPUP,198.5,2
2026-07-11,HU,1-8025_BTN_SETTING_CLOSE,202.0,2
2026-07-11,HU,1-12020_FRAME_DROP_LOG,302.5,2
2026-07-11,HU,1-2181_GAMEPLAY_ITEM_WILDCARD_SUCCESS,342.5,2
2026-07-11,HU,1-2180_GAMEPLAY_ITEM_WILDCARD_TRY,342.5,2
2026-07-11,HU,1-2191_GAMEPLAY_ITEM_EXTRADECK_SUCCESS,416.0,2
2026-07-11,ID,1-ALL_LOAD_INTRO_FINISH,5.5,15
2026-07-11,ID,1-ALL_LOAD_INTRO_START,5.3,15
2026-07-11,ID,1-ALL_LOAD_INTRO,5.3,15
2026-07-11,ID,1-ALL_LOAD_FB,2.1,15
2026-07-11,ID,1-INTRO_OBJECT_POOL,22.6,14
2026-07-11,ID,1-9400_GOLD_TRANSACTION_LOG,26.1,14
2026-07-11,ID,1-INTRO_GAME_DATA_FINISH,23.2,14
2026-07-11,ID,1-1000_LOGIN_COMPLETE,26.2,14
2026-07-11,ID,1-INTRO_FB_SUBSCRIBE_BOT_FINISH,21.1,14
2026-07-11,ID,1-INTRO_LOGIN,25.2,14
2026-07-11,ID,1-6000_FRIEND_COUNT,22.1,14
2026-07-11,ID,1-6040_SETTING_LANGUAGE,22.6,14
2026-07-11,ID,1-INTRO_FB_ENTRY_POINT_FINISH,21.1,14
2026-07-11,ID,1-INTRO_FB_ENTRY_POINT,19.9,14
2026-07-11,ID,1-9403_BOOSTER_TRANSACTION_LOG,26.1,14
2026-07-11,ID,1-INTRO_GAME_DATA,20.3,14
2026-07-11,ID,1-INTRO_BUNDLE_FINISH,22.6,14
2026-07-11,ID,1-INTRO_FB_SUBSCRIBE_BOT,19.9,14
2026-07-11,ID,1-INTRO_SIGNED_PLAYER_INFO_FINISH,20.4,14
2026-07-11,ID,1-INTRO_BUNDLE,19.8,14
2026-07-11,ID,1-INTRO_FB_START_FINISH,0.0,14
2026-07-11,ID,1-INTRO_FB_FRIEND_FINISH,22.1,14
2026-07-11,ID,1-FIRST_LOAD_FB_Android,2.3,14
2026-07-11,ID,1-FIRST_LOAD_INTRO_Android,5.6,14
2026-07-11,ID,1-INTRO_FB_ENTRY_DATA_FINISH,22.1,14
2026-07-11,ID,1-INTRO_FB_FRIEND,19.9,14
2026-07-11,ID,1-INTRO_FB_ENTRY_DATA,21.1,14
2026-07-11,ID,1-FIRST_LOAD_INTRO_START_Android,5.6,14
2026-07-11,ID,1-FIRST_LOAD_INTRO_FINISH_Android,5.8,14
2026-07-11,ID,1-INTRO_SIGNED_PLAYER_INFO,19.9,14
2026-07-11,ID,1-6020_USER_CURRENT_LEVEL,27.9,13
2026-07-11,ID,1-6010_USER_GOLD_BALANCE,27.8,13
2026-07-11,ID,1-6012_USER_HAMMER_BALANCE,27.9,13
2026-07-11,ID,1-6011_USER_TICKET_BALANCE,27.9,13
2026-07-11,ID,1-INTRO_OBJECT_POOL_FINISH,24.6,13
2026-07-11,ID,1-6030_USER_CITY_STATUS,27.9,13
2026-07-11,ID,1-12001_INTRO_DIRECT_ENTRY_START,29.3,12
2026-07-11,ID,1-1010_LOAD_COMPLETE,36.5,11
2026-07-11,ID,1-2100_GAMEPLAY_START,36.5,11
2026-07-11,ID,1-12002_INTRO_DIRECT_ENTRY_END,38.4,10
2026-07-11,ID,1-ALL_INTRO_DEBUG_ERROR_98,15.7,10
2026-07-11,ID,1-12000_TEST_TOUCH,23.6,9
2026-07-11,ID,1-FIRST_INTRO_DEBUG_ERROR_98_Android,16.3,9
2026-07-11,ID,1-2110_TUTO_INGAME_INTRO,28.8,8
2026-07-11,ID,1-2141_TUTO_STEP_COMPLETE,28.4,7
2026-07-11,ID,1-ALL_INTRO_DEBUG_ERROR_PASS_AFTER_98,32.7,6
2026-07-11,ID,1-9990_PLAY_FIRST_TOUCH,41.8,5
2026-07-11,ID,1-NETWORK_TIMEOUT,37.6,5
2026-07-11,ID,1-FIRST_INTRO_DEBUG_ERROR_PASS_AFTER_98_Android,36.6,5
2026-07-11,ID,1-NETWORK_TIMEOUT_RETRY,37.6,5
2026-07-11,ID,1-2150_GAMEPLAY_NRU_CARD_MATCH,126.0,4
2026-07-11,ID,1-7180_BTN_DRAW_DECK,54.0,3
2026-07-11,ID,1-2400_FINISH_RESULT,42.7,3
2026-07-11,ID,1-2151_GAMEPLAY_NRU_MATCHES,40.3,3
2026-07-11,ID,1-2300_GAMEPLAY_FINISH,40.3,3
2026-07-11,ID,1-2111_TUTO_DECK_DRAW,48.0,3
2026-07-11,ID,1-2410_FINISH_RESULT_CLAIM,44.0,3
2026-07-11,ID,1-9402_HAMMER_TRANSACTION_LOG,39.3,3
2026-07-11,ID,1-2210_GAMEPLAY_COMBO_REWARD,40.3,3
2026-07-11,ID,1-2213_GAMEPLAY_DECK_BONUS,39.0,3
2026-07-11,ID,1-2090_PRE_LEVEL_SHOW,312.5,2
2026-07-11,ID,1-2114_TUTO_PRE_LEVEL_POPUP,312.5,2
2026-07-11,ID,1-5700_LOBBY,310.5,2
2026-07-11,ID,1-12020_FRAME_DROP_LOG,115.5,2
2026-07-11,IL,1-6030_USER_CITY_STATUS,15.0,4
2026-07-11,IL,1-INTRO_GAME_DATA_FINISH,13.3,4
2026-07-11,IL,1-INTRO_FB_ENTRY_POINT,13.0,4
2026-07-11,IL,1-ALL_LOAD_INTRO,12.8,4
2026-07-11,IL,1-7180_BTN_DRAW_DECK,69.0,4
2026-07-11,IL,1-1000_LOGIN_COMPLETE,14.5,4
2026-07-11,IL,1-INTRO_FB_FRIEND,13.0,4
2026-07-11,IL,1-2151_GAMEPLAY_NRU_MATCHES,43.0,4
2026-07-11,IL,1-3120_TOURNAMENT_CREATE_FAIL,126.8,4
2026-07-11,IL,1-2300_GAMEPLAY_FINISH,43.0,4
2026-07-11,IL,1-INTRO_FB_FRIEND_FINISH,13.3,4
2026-07-11,IL,1-2212_GAMEPLAY_STREAK_STAR_EARN,201.3,4
2026-07-11,IL,1-12001_INTRO_DIRECT_ENTRY_START,15.0,4
2026-07-11,IL,1-12000_TEST_TOUCH,26.0,4
2026-07-11,IL,1-2110_TUTO_INGAME_INTRO,21.3,4
2026-07-11,IL,1-2610_GIMMICK_PLUS_CARD_MATCH,148.3,4
2026-07-11,IL,1-9402_HAMMER_TRANSACTION_LOG,42.0,4
2026-07-11,IL,1-INTRO_GAME_DATA,13.0,4
2026-07-11,IL,1-12002_INTRO_DIRECT_ENTRY_END,19.5,4
2026-07-11,IL,1-INTRO_BUNDLE,13.0,4
2026-07-11,IL,1-1010_LOAD_COMPLETE,19.5,4
2026-07-11,IL,1-INTRO_SIGNED_PLAYER_INFO_FINISH,13.3,4
2026-07-11,IL,1-2119_TUTO_STREAK,190.5,4
2026-07-11,IL,1-INTRO_BUNDLE_FINISH,13.5,4
2026-07-11,IL,1-2213_GAMEPLAY_DECK_BONUS,42.0,4
2026-07-11,IL,1-6040_SETTING_LANGUAGE,13.5,4
2026-07-11,IL,1-11001_GAMEPLAY_FINISH_5,229.8,4
2026-07-11,IL,1-2114_TUTO_PRE_LEVEL_POPUP,95.5,4
2026-07-11,IL,1-INTRO_OBJECT_POOL,13.5,4
2026-07-11,IL,1-2600_GIMMICK_FIRST_APPEAR,145.8,4
2026-07-11,IL,1-INTRO_OBJECT_POOL_FINISH,14.0,4
2026-07-11,IL,1-2141_TUTO_STEP_COMPLETE,27.0,4
2026-07-11,IL,1-2100_GAMEPLAY_START,19.3,4
2026-07-11,IL,1-2400_FINISH_RESULT,52.0,4
2026-07-11,IL,1-ALL_LOAD_INTRO_START,12.8,4
2026-07-11,IL,1-9403_BOOSTER_TRANSACTION_LOG,14.5,4
2026-07-11,IL,1-9990_PLAY_FIRST_TOUCH,27.8,4
2026-07-11,IL,1-ALL_LOAD_INTRO_FINISH,13.0,4
2026-07-11,IL,1-2211_GAMEPLAY_STREAK_METER_FILL,201.3,4
2026-07-11,IL,1-2510_ENTRY_COST_PAY,98.3,4
2026-07-11,IL,1-INTRO_SIGNED_PLAYER_INFO,13.0,4
2026-07-11,IL,1-6111_IDLE_GOLD_COLLECT_SUCCESS,180.5,4
2026-07-11,IL,1-2094_PRE_LEVEL_PLAY,98.3,4
2026-07-11,IL,1-INTRO_FB_ENTRY_DATA_FINISH,13.8,4
2026-07-11,IL,1-6012_USER_HAMMER_BALANCE,15.0,4
2026-07-11,IL,1-INTRO_FB_ENTRY_DATA,13.3,4
2026-07-11,IL,1-INTRO_FB_ENTRY_POINT_FINISH,13.3,4
2026-07-11,IL,1-2090_PRE_LEVEL_SHOW,95.0,4
2026-07-11,IL,1-6010_USER_GOLD_BALANCE,15.0,4
2026-07-11,IL,1-6000_FRIEND_COUNT,13.3,4
2026-07-11,IL,1-6020_USER_CURRENT_LEVEL,15.0,4
2026-07-11,IL,1-6110_IDLE_GOLD_COLLECT_TRY,180.5,4
2026-07-11,IL,1-2410_FINISH_RESULT_CLAIM,56.5,4
2026-07-11,IL,1-5700_LOBBY,92.8,4
2026-07-11,IL,1-9400_GOLD_TRANSACTION_LOG,14.5,4
2026-07-11,IL,1-INTRO_FB_START_FINISH,0.0,4
2026-07-11,IL,1-INTRO_FB_SUBSCRIBE_BOT_FINISH,13.5,4
2026-07-11,IL,1-3100_TOURNAMENT_CREATE,126.3,4
2026-07-11,IL,1-2111_TUTO_DECK_DRAW,60.8,4
2026-07-11,IL,1-6011_USER_TICKET_BALANCE,15.0,4
2026-07-11,IL,1-5200_LEADERBOARD,242.3,4
2026-07-11,IL,1-2150_GAMEPLAY_NRU_CARD_MATCH,29.8,4
2026-07-11,IL,1-INTRO_FB_SUBSCRIBE_BOT,13.0,4
2026-07-11,IL,1-2210_GAMEPLAY_COMBO_REWARD,43.0,4
2026-07-11,IL,1-ALL_LOAD_FB,8.3,4
2026-07-11,IL,1-2116_TUTO_PLUS_CARD,145.8,4
2026-07-11,IL,1-INTRO_LOGIN,14.0,4
2026-07-11,IL,1-2122_TUTO_BOOSTER_UNDO,406.0,3
2026-07-11,IL,1-8062_DAILY_CHECKIN_CLAIM_SUCCESS,313.7,3
2026-07-11,IL,1-FIRST_LOAD_INTRO_FINISH_etc,0.3,3
2026-07-11,IL,1-2124_TUTO_BOOSTER_WILDCARD,325.0,3
2026-07-11,IL,1-FIRST_LOAD_INTRO_etc,0.3,3
2026-07-11,IL,1-8120_COLLECTION_POPUP,370.0,3
2026-07-11,IL,1-11003_GAMEPLAY_FINISH_7,352.7,3
2026-07-11,IL,1-FIRST_LOAD_INTRO_START_etc,0.3,3
2026-07-11,IL,1-8061_DAILY_CHECKIN_CLAIM_TRY,313.7,3
2026-07-11,IL,1-8064_BTN_DAILY_CHECKIN_CLOSE,315.7,3
2026-07-11,IL,1-11002_GAMEPLAY_FINISH_6,287.7,3
2026-07-11,IL,1-FIRST_LOAD_FB_etc,0.0,3
2026-07-11,IL,1-8060_DAILY_CHECKIN_POPUP,312.0,3
2026-07-11,IL,1-8050_DAILY_WHEEL_POPUP,426.0,2
2026-07-11,IL,1-2191_GAMEPLAY_ITEM_EXTRADECK_SUCCESS,346.5,2
2026-07-11,IL,1-8100_CITY_DECO_POPUP,301.0,2
2026-07-11,IL,1-2171_GAMEPLAY_ITEM_FIREWORKS_SUCCESS,406.0,2
2026-07-11,IL,1-2125_TUTO_BOOSTER_EXTRADECK,344.5,2
2026-07-11,IL,1-2190_GAMEPLAY_ITEM_EXTRADECK_TRY,346.5,2
2026-07-11,IL,1-2123_TUTO_BOOSTER_FIREWORKS,390.5,2
2026-07-11,IL,1-4200_RV_START,577.0,2
2026-07-11,IL,1-8101_CITY_DECO_UPGRADE_TRY,303.5,2
2026-07-11,IL,1-11005_GAMEPLAY_FINISH_9,415.5,2
2026-07-11,IL,1-8102_CITY_DECO_UPGRADE_SUCCESS,303.5,2
2026-07-11,IL,1-2170_GAMEPLAY_ITEM_FIREWORKS_TRY,406.0,2
2026-07-11,IL,1-8131_CITY_LIST_SELECT,510.0,2
2026-07-11,IL,1-8130_CITY_LIST_POPUP,505.0,2
2026-07-11,IL,1-8105_BTN_CITY_DECO_CLOSE,311.0,2
2026-07-11,IL,1-2091_PRE_LEVEL_BOOSTER_SELECT,393.0,2
2026-07-11,IL,1-8051_DAILY_WHEEL_SPIN_SUCCESS,434.5,2
2026-07-11,IL,1-11004_GAMEPLAY_FINISH_8,356.0,2
2026-07-11,IN,1-ALL_LOAD_INTRO_FINISH,9.6,25
2026-07-11,IN,1-INTRO_BUNDLE_FINISH,15.4,25
2026-07-11,IN,1-INTRO_FB_ENTRY_POINT_FINISH,15.2,25
2026-07-11,IN,1-INTRO_FB_ENTRY_DATA,15.2,25
2026-07-11,IN,1-6011_USER_TICKET_BALANCE,19.6,25
2026-07-11,IN,1-6040_SETTING_LANGUAGE,15.5,25
2026-07-11,IN,1-INTRO_FB_FRIEND,12.7,25
2026-07-11,IN,1-INTRO_FB_SUBSCRIBE_BOT,13.9,25
2026-07-11,IN,1-INTRO_SIGNED_PLAYER_INFO_FINISH,14.2,25
2026-07-11,IN,1-ALL_LOAD_INTRO,9.2,25
2026-07-11,IN,1-INTRO_GAME_DATA,14.1,25
2026-07-11,IN,1-INTRO_GAME_DATA_FINISH,16.3,25
2026-07-11,IN,1-INTRO_FB_SUBSCRIBE_BOT_FINISH,15.2,25
2026-07-11,IN,1-INTRO_SIGNED_PLAYER_INFO,12.7,25
2026-07-11,IN,1-INTRO_FB_FRIEND_FINISH,14.8,25
2026-07-11,IN,1-6030_USER_CITY_STATUS,19.6,25
2026-07-11,IN,1-9400_GOLD_TRANSACTION_LOG,18.4,25
2026-07-11,IN,1-9403_BOOSTER_TRANSACTION_LOG,18.4,25
2026-07-11,IN,1-INTRO_BUNDLE,12.6,25
2026-07-11,IN,1-INTRO_FB_START_FINISH,0.0,25
2026-07-11,IN,1-INTRO_FB_ENTRY_DATA_FINISH,16.5,25
2026-07-11,IN,1-6020_USER_CURRENT_LEVEL,19.6,25
2026-07-11,IN,1-6000_FRIEND_COUNT,14.8,25
2026-07-11,IN,1-INTRO_OBJECT_POOL,15.4,25
2026-07-11,IN,1-ALL_LOAD_INTRO_START,9.2,25
2026-07-11,IN,1-6012_USER_HAMMER_BALANCE,19.6,25
2026-07-11,IN,1-6010_USER_GOLD_BALANCE,19.5,25
2026-07-11,IN,1-INTRO_FB_ENTRY_POINT,12.8,25
2026-07-11,IN,1-INTRO_LOGIN,17.5,25
2026-07-11,IN,1-ALL_LOAD_FB,4.0,25
2026-07-11,IN,1-1000_LOGIN_COMPLETE,18.8,25
2026-07-11,IN,1-FIRST_LOAD_INTRO_START_Android,8.6,24
2026-07-11,IN,1-FIRST_LOAD_INTRO_FINISH_Android,8.9,24
2026-07-11,IN,1-FIRST_LOAD_INTRO_Android,8.3,24
2026-07-11,IN,1-FIRST_LOAD_FB_Android,3.5,24
2026-07-11,IN,1-INTRO_OBJECT_POOL_FINISH,19.9,23
2026-07-11,IN,1-12001_INTRO_DIRECT_ENTRY_START,22.4,23
2026-07-11,IN,1-1010_LOAD_COMPLETE,34.1,22
2026-07-11,IN,1-2100_GAMEPLAY_START,34.0,22
2026-07-11,IN,1-12002_INTRO_DIRECT_ENTRY_END,32.3,22
2026-07-11,IN,1-12000_TEST_TOUCH,26.3,20
2026-07-11,IN,1-ALL_INTRO_DEBUG_ERROR_98,20.7,18
2026-07-11,IN,1-2110_TUTO_INGAME_INTRO,45.9,18
2026-07-11,IN,1-FIRST_INTRO_DEBUG_ERROR_98_Android,17.3,16
2026-07-11,IN,1-2141_TUTO_STEP_COMPLETE,63.5,15
2026-07-11,IN,1-ALL_INTRO_DEBUG_ERROR_PASS_AFTER_98,37.0,12
2026-07-11,IN,1-FIRST_INTRO_DEBUG_ERROR_PASS_AFTER_98_Android,30.7,10
2026-07-11,IN,1-NETWORK_TIMEOUT,28.7,9
2026-07-11,IN,1-NETWORK_TIMEOUT_RETRY,28.8,9
2026-07-11,IN,1-9990_PLAY_FIRST_TOUCH,105.6,7
2026-07-11,IN,1-LOAD_INTRO_FINISH_Android,84.2,5
2026-07-11,IN,1-LOAD_FB_Android,80.0,5
2026-07-11,IN,1-LOAD_INTRO_Android,83.8,5
2026-07-11,IN,1-LOAD_INTRO_START_Android,83.8,5
2026-07-11,IN,1-2150_GAMEPLAY_NRU_CARD_MATCH,132.6,5
2026-07-11,IN,1-INTRO_DEBUG_ERROR_98_Android,62.0,4
2026-07-11,IN,1-2210_GAMEPLAY_COMBO_REWARD,158.3,3
2026-07-11,IN,1-2400_FINISH_RESULT,161.3,3
2026-07-11,IN,1-2300_GAMEPLAY_FINISH,158.3,3
2026-07-11,IN,1-2213_GAMEPLAY_DECK_BONUS,157.7,3
2026-07-11,IN,1-9402_HAMMER_TRANSACTION_LOG,157.7,3
2026-07-11,IN,1-2111_TUTO_DECK_DRAW,173.0,3
2026-07-11,IN,1-2410_FINISH_RESULT_CLAIM,168.3,3
2026-07-11,IN,1-2151_GAMEPLAY_NRU_MATCHES,158.3,3
2026-07-11,IN,1-7180_BTN_DRAW_DECK,179.3,3
2026-07-11,IN,1-8061_DAILY_CHECKIN_CLAIM_TRY,448.5,2
2026-07-11,IN,1-8064_BTN_DAILY_CHECKIN_CLOSE,450.0,2
2026-07-11,IN,1-8060_DAILY_CHECKIN_POPUP,445.0,2
2026-07-11,IN,1-2090_PRE_LEVEL_SHOW,158.5,2
2026-07-11,IN,1-2211_GAMEPLAY_STREAK_METER_FILL,298.5,2
2026-07-11,IN,1-2600_GIMMICK_FIRST_APPEAR,351.0,2
2026-07-11,IN,1-3120_TOURNAMENT_CREATE_FAIL,197.5,2
2026-07-11,IN,1-6110_IDLE_GOLD_COLLECT_TRY,273.0,2
2026-07-11,IN,1-11001_GAMEPLAY_FINISH_5,339.5,2
2026-07-11,IN,1-2125_TUTO_BOOSTER_EXTRADECK,400.5,2
2026-07-11,IN,1-2510_ENTRY_COST_PAY,160.0,2
2026-07-11,IN,1-2119_TUTO_STREAK,287.5,2
2026-07-11,IN,1-6111_IDLE_GOLD_COLLECT_SUCCESS,273.5,2
2026-07-11,IN,1-2212_GAMEPLAY_STREAK_STAR_EARN,298.5,2
2026-07-11,IN,1-5700_LOBBY,155.5,2
2026-07-11,IN,1-8062_DAILY_CHECKIN_CLAIM_SUCCESS,448.5,2
2026-07-11,IN,1-INTRO_DEBUG_ERROR_PASS_AFTER_98_Android,172.0,2
2026-07-11,IN,1-2094_PRE_LEVEL_PLAY,160.0,2
2026-07-11,IN,1-2114_TUTO_PRE_LEVEL_POPUP,158.5,2
2026-07-11,IN,1-3100_TOURNAMENT_CREATE,195.0,2
2026-07-11,IN,1-11002_GAMEPLAY_FINISH_6,440.5,2
2026-07-11,IN,1-5200_LEADERBOARD,348.5,2
2026-07-11,IT,1-ALL_LOAD_INTRO,1.4,8
2026-07-11,IT,1-6010_USER_GOLD_BALANCE,4.0,8
2026-07-11,IT,1-INTRO_BUNDLE,1.5,8
2026-07-11,IT,1-6020_USER_CURRENT_LEVEL,4.0,8
2026-07-11,IT,1-2100_GAMEPLAY_START,5.9,8
2026-07-11,IT,1-6012_USER_HAMMER_BALANCE,4.0,8
2026-07-11,IT,1-1000_LOGIN_COMPLETE,3.8,8
2026-07-11,IT,1-12000_TEST_TOUCH,14.3,8
2026-07-11,IT,1-12001_INTRO_DIRECT_ENTRY_START,4.1,8
2026-07-11,IT,1-INTRO_GAME_DATA,1.6,8
2026-07-11,IT,1-2141_TUTO_STEP_COMPLETE,14.5,8
2026-07-11,IT,1-ALL_LOAD_FB,0.4,8
2026-07-11,IT,1-INTRO_SIGNED_PLAYER_INFO_FINISH,1.9,8
2026-07-11,IT,1-INTRO_FB_FRIEND_FINISH,2.3,8
2026-07-11,IT,1-6000_FRIEND_COUNT,2.3,8
2026-07-11,IT,1-INTRO_FB_FRIEND,1.6,8
2026-07-11,IT,1-INTRO_SIGNED_PLAYER_INFO,1.6,8
2026-07-11,IT,1-INTRO_BUNDLE_FINISH,2.1,8
2026-07-11,IT,1-INTRO_FB_ENTRY_POINT_FINISH,2.5,8
2026-07-11,IT,1-INTRO_FB_ENTRY_POINT,1.6,8
2026-07-11,IT,1-INTRO_LOGIN,3.4,8
2026-07-11,IT,1-INTRO_FB_SUBSCRIBE_BOT_FINISH,2.4,8
2026-07-11,IT,1-INTRO_GAME_DATA_FINISH,2.8,8
2026-07-11,IT,1-INTRO_FB_ENTRY_DATA_FINISH,3.3,8
2026-07-11,IT,1-INTRO_FB_START_FINISH,0.0,8
2026-07-11,IT,1-6011_USER_TICKET_BALANCE,4.0,8
2026-07-11,IT,1-ALL_LOAD_INTRO_FINISH,1.4,8
2026-07-11,IT,1-ALL_LOAD_INTRO_START,1.4,8
2026-07-11,IT,1-INTRO_FB_SUBSCRIBE_BOT,1.6,8
2026-07-11,IT,1-9400_GOLD_TRANSACTION_LOG,3.6,8
2026-07-11,IT,1-INTRO_OBJECT_POOL_FINISH,3.0,8
2026-07-11,IT,1-1010_LOAD_COMPLETE,5.9,8
2026-07-11,IT,1-9403_BOOSTER_TRANSACTION_LOG,3.6,8
2026-07-11,IT,1-2110_TUTO_INGAME_INTRO,8.0,8
2026-07-11,IT,1-INTRO_FB_ENTRY_DATA,2.5,8
2026-07-11,IT,1-6040_SETTING_LANGUAGE,2.1,8
2026-07-11,IT,1-6030_USER_CITY_STATUS,4.0,8
2026-07-11,IT,1-INTRO_OBJECT_POOL,2.1,8
2026-07-11,IT,1-12002_INTRO_DIRECT_ENTRY_END,5.9,8
2026-07-11,IT,1-2111_TUTO_DECK_DRAW,31.4,7
2026-07-11,IT,1-2150_GAMEPLAY_NRU_CARD_MATCH,16.9,7
2026-07-11,IT,1-2210_GAMEPLAY_COMBO_REWARD,25.1,7
2026-07-11,IT,1-2114_TUTO_PRE_LEVEL_POPUP,56.3,7
2026-07-11,IT,1-2510_ENTRY_COST_PAY,57.7,7
2026-07-11,IT,1-3120_TOURNAMENT_CREATE_FAIL,77.0,7
2026-07-11,IT,1-9402_HAMMER_TRANSACTION_LOG,24.1,7
2026-07-11,IT,1-2400_FINISH_RESULT,26.3,7
2026-07-11,IT,1-3100_TOURNAMENT_CREATE,76.7,7
2026-07-11,IT,1-2300_GAMEPLAY_FINISH,25.1,7
2026-07-11,IT,1-2213_GAMEPLAY_DECK_BONUS,24.1,7
2026-07-11,IT,1-7180_BTN_DRAW_DECK,39.1,7
2026-07-11,IT,1-9990_PLAY_FIRST_TOUCH,15.9,7
2026-07-11,IT,1-2410_FINISH_RESULT_CLAIM,27.7,7
2026-07-11,IT,1-2151_GAMEPLAY_NRU_MATCHES,25.1,7
2026-07-11,IT,1-2090_PRE_LEVEL_SHOW,55.9,7
2026-07-11,IT,1-2094_PRE_LEVEL_PLAY,57.7,7
2026-07-11,IT,1-5700_LOBBY,53.6,7
2026-07-11,IT,1-2212_GAMEPLAY_STREAK_STAR_EARN,153.7,6
2026-07-11,IT,1-FIRST_LOAD_INTRO_etc,1.2,6
2026-07-11,IT,1-2600_GIMMICK_FIRST_APPEAR,102.0,6
2026-07-11,IT,1-2116_TUTO_PLUS_CARD,102.0,6
2026-07-11,IT,1-8060_DAILY_CHECKIN_POPUP,224.7,6
2026-07-11,IT,1-11002_GAMEPLAY_FINISH_6,218.3,6
2026-07-11,IT,1-FIRST_LOAD_INTRO_FINISH_etc,1.2,6
2026-07-11,IT,1-5200_LEADERBOARD,181.0,6
2026-07-11,IT,1-8062_DAILY_CHECKIN_CLAIM_SUCCESS,226.0,6
2026-07-11,IT,1-8105_BTN_CITY_DECO_CLOSE,235.2,6
2026-07-11,IT,1-FIRST_LOAD_FB_etc,0.2,6
2026-07-11,IT,1-2211_GAMEPLAY_STREAK_METER_FILL,153.7,6
2026-07-11,IT,1-11001_GAMEPLAY_FINISH_5,171.5,6
2026-07-11,IT,1-8101_CITY_DECO_UPGRADE_TRY,231.3,6
2026-07-11,IT,1-FIRST_LOAD_INTRO_START_etc,1.2,6
2026-07-11,IT,1-8064_BTN_DAILY_CHECKIN_CLOSE,227.7,6
2026-07-11,IT,1-2610_GIMMICK_PLUS_CARD_MATCH,103.2,6
2026-07-11,IT,1-8100_CITY_DECO_POPUP,228.2,6
2026-07-11,IT,1-6111_IDLE_GOLD_COLLECT_SUCCESS,130.0,6
2026-07-11,IT,1-2119_TUTO_STREAK,146.8,6
2026-07-11,IT,1-6110_IDLE_GOLD_COLLECT_TRY,130.0,6
2026-07-11,IT,1-8102_CITY_DECO_UPGRADE_SUCCESS,231.5,6
2026-07-11,IT,1-8061_DAILY_CHECKIN_CLAIM_TRY,226.0,6
2026-07-11,IT,1-11003_GAMEPLAY_FINISH_7,267.4,5
2026-07-11,IT,1-11005_GAMEPLAY_FINISH_9,370.2,5
2026-07-11,IT,1-8053_BTN_DAILY_WHEEL_CLOSE,391.6,5
2026-07-11,IT,1-11006_GAMEPLAY_FINISH_10,456.8,5
2026-07-11,IT,1-8051_DAILY_WHEEL_SPIN_SUCCESS,388.6,5
2026-07-11,IT,1-2127_TUTO_BETTING_2,411.2,5
2026-07-11,IT,1-2122_TUTO_BOOSTER_UNDO,296.2,5
2026-07-11,IT,1-2091_PRE_LEVEL_BOOSTER_SELECT,352.0,5
2026-07-11,IT,1-8050_DAILY_WHEEL_POPUP,380.0,5
2026-07-11,IT,1-2124_TUTO_BOOSTER_WILDCARD,247.0,5
2026-07-11,IT,1-11004_GAMEPLAY_FINISH_8,317.8,5
2026-07-11,IT,1-2093_PRE_LEVEL_BETTING,414.0,5
2026-07-11,IT,1-8120_COLLECTION_POPUP,278.2,5
2026-07-11,IT,1-2123_TUTO_BOOSTER_FIREWORKS,349.4,5
2026-07-11,IT,1-2125_TUTO_BOOSTER_EXTRADECK,477.2,5
2026-07-11,IT,1-2170_GAMEPLAY_ITEM_FIREWORKS_TRY,367.0,4
2026-07-11,IT,1-2171_GAMEPLAY_ITEM_FIREWORKS_SUCCESS,367.0,4
2026-07-11,IT,1-4200_RV_START,491.5,4
2026-07-11,IT,1-8110_RV_POPUP_GOLD_TRY,569.3,3
2026-07-11,IT,1-8032_BTN_LANGUAGE_CLOSE,131.7,3
2026-07-11,IT,1-8130_CITY_LIST_POPUP,169.0,3
2026-07-11,IT,1-8020_SETTING_POPUP,103.3,3
2026-07-11,IT,1-8025_BTN_SETTING_CLOSE,133.7,3
2026-07-11,IT,1-2191_GAMEPLAY_ITEM_EXTRADECK_SUCCESS,511.3,3
2026-07-11,IT,1-5100_DAILY_TASK,470.0,3
2026-07-11,IT,1-2190_GAMEPLAY_ITEM_EXTRADECK_TRY,511.3,3
2026-07-11,IT,1-5000_SHOP,192.3,3
2026-07-11,IT,1-5004_BTN_SHOP_CLOSE,196.0,3
2026-07-11,IT,1-5105_BTN_DAILY_TASK_CLOSE,474.7,3
2026-07-11,IT,1-8030_LANGUAGE_POPUP,126.0,3
2026-07-11,IT,1-5410_EVENT_RED_CARD_MILESTONE,476.5,2
2026-07-11,IT,1-8021_BTN_SETTING_MUSIC,122.0,2
2026-07-11,IT,1-8900_RV_ERROR_BANNER_POPUP,582.0,2
2026-07-11,IT,1-4210_RV_FINISH,582.0,2
2026-07-11,IT,1-8112_RV_POPUP_GOLD_FAIL,582.0,2
2026-07-11,IT,1-4220_RV_ERROR,426.5,2
2026-07-11,IT,1-5412_EVENT_RED_CARD_MILESTONE_CLOSE,480.5,2
2026-07-11,JP,1-INTRO_SIGNED_PLAYER_INFO,1.5,2
2026-07-11,JP,1-6020_USER_CURRENT_LEVEL,8.5,2
2026-07-11,JP,1-INTRO_SIGNED_PLAYER_INFO_FINISH,1.5,2
2026-07-11,JP,1-INTRO_BUNDLE_FINISH,2.0,2
2026-07-11,JP,1-INTRO_FB_FRIEND_FINISH,7.5,2
2026-07-11,JP,1-12002_INTRO_DIRECT_ENTRY_END,10.5,2
2026-07-11,JP,1-6040_SETTING_LANGUAGE,2.0,2
2026-07-11,JP,1-INTRO_OBJECT_POOL_FINISH,2.0,2
2026-07-11,JP,1-INTRO_FB_ENTRY_POINT,1.5,2
2026-07-11,JP,1-1010_LOAD_COMPLETE,10.5,2
2026-07-11,JP,1-INTRO_FB_FRIEND,1.5,2
2026-07-11,JP,1-INTRO_FB_ENTRY_DATA,2.0,2
2026-07-11,JP,1-INTRO_GAME_DATA_FINISH,2.0,2
2026-07-11,JP,1-INTRO_GAME_DATA,1.5,2
2026-07-11,JP,1-2100_GAMEPLAY_START,10.5,2
2026-07-11,JP,1-12001_INTRO_DIRECT_ENTRY_START,9.5,2
2026-07-11,JP,1-2110_TUTO_INGAME_INTRO,12.5,2
2026-07-11,JP,1-INTRO_BUNDLE,1.5,2
2026-07-11,JP,1-INTRO_FB_SUBSCRIBE_BOT,1.5,2
2026-07-11,JP,1-INTRO_OBJECT_POOL,2.0,2
2026-07-11,JP,1-INTRO_FB_ENTRY_DATA_FINISH,3.0,2
2026-07-11,JP,1-INTRO_FB_SUBSCRIBE_BOT_FINISH,2.0,2
2026-07-11,JP,1-6030_USER_CITY_STATUS,8.5,2
2026-07-11,JP,1-ALL_LOAD_INTRO_FINISH,1.5,2
2026-07-11,JP,1-ALL_LOAD_INTRO,1.5,2
2026-07-11,JP,1-6000_FRIEND_COUNT,7.5,2
2026-07-11,JP,1-ALL_LOAD_INTRO_START,1.5,2
2026-07-11,JP,1-1000_LOGIN_COMPLETE,8.5,2
2026-07-11,JP,1-6010_USER_GOLD_BALANCE,8.5,2
2026-07-11,JP,1-INTRO_LOGIN,8.0,2
2026-07-11,JP,1-ALL_LOAD_FB,0.0,2
2026-07-11,JP,1-9400_GOLD_TRANSACTION_LOG,8.5,2
2026-07-11,JP,1-INTRO_FB_START_FINISH,0.0,2
2026-07-11,JP,1-6012_USER_HAMMER_BALANCE,8.5,2
2026-07-11,JP,1-9403_BOOSTER_TRANSACTION_LOG,8.5,2
2026-07-11,JP,1-INTRO_FB_ENTRY_POINT_FINISH,2.0,2
2026-07-11,JP,1-6011_USER_TICKET_BALANCE,8.5,2
2026-07-11,KH,1-6020_USER_CURRENT_LEVEL,15.0,2
2026-07-11,KH,1-ALL_LOAD_INTRO_FINISH,4.5,2
2026-07-11,KH,1-9403_BOOSTER_TRANSACTION_LOG,14.5,2
2026-07-11,KH,1-INTRO_FB_ENTRY_POINT,5.0,2
2026-07-11,KH,1-6012_USER_HAMMER_BALANCE,14.5,2
2026-07-11,KH,1-12001_INTRO_DIRECT_ENTRY_START,15.0,2
2026-07-11,KH,1-6011_USER_TICKET_BALANCE,14.5,2
2026-07-11,KH,1-INTRO_FB_SUBSCRIBE_BOT,5.0,2
2026-07-11,KH,1-ALL_INTRO_DEBUG_ERROR_98,13.0,2
2026-07-11,KH,1-1000_LOGIN_COMPLETE,14.5,2
2026-07-11,KH,1-INTRO_BUNDLE,4.5,2
2026-07-11,KH,1-INTRO_GAME_DATA,8.5,2
2026-07-11,KH,1-9400_GOLD_TRANSACTION_LOG,14.5,2
2026-07-11,KH,1-INTRO_GAME_DATA_FINISH,9.5,2
2026-07-11,KH,1-FIRST_INTRO_DEBUG_ERROR_98_Android,13.0,2
2026-07-11,KH,1-12000_TEST_TOUCH,28.0,2
2026-07-11,KH,1-INTRO_LOGIN,13.5,2
2026-07-11,KH,1-INTRO_FB_ENTRY_DATA,9.0,2
2026-07-11,KH,1-1010_LOAD_COMPLETE,19.5,2
2026-07-11,KH,1-6010_USER_GOLD_BALANCE,14.5,2
2026-07-11,KH,1-ALL_LOAD_FB,2.0,2
2026-07-11,KH,1-INTRO_BUNDLE_FINISH,9.0,2
2026-07-11,KH,1-6030_USER_CITY_STATUS,15.0,2
2026-07-11,KH,1-INTRO_FB_FRIEND,5.0,2
2026-07-11,KH,1-ALL_LOAD_INTRO_START,4.0,2
2026-07-11,KH,1-2100_GAMEPLAY_START,19.5,2
2026-07-11,KH,1-6000_FRIEND_COUNT,13.0,2
2026-07-11,KH,1-12002_INTRO_DIRECT_ENTRY_END,19.5,2
2026-07-11,KH,1-INTRO_FB_FRIEND_FINISH,13.0,2
2026-07-11,KH,1-INTRO_SIGNED_PLAYER_INFO,5.0,2
2026-07-11,KH,1-INTRO_OBJECT_POOL_FINISH,10.0,2
2026-07-11,KH,1-INTRO_FB_ENTRY_DATA_FINISH,10.0,2
2026-07-11,KH,1-6040_SETTING_LANGUAGE,9.0,2
2026-07-11,KH,1-FIRST_LOAD_FB_Android,2.0,2
2026-07-11,KH,1-FIRST_LOAD_INTRO_FINISH_Android,4.5,2
2026-07-11,KH,1-INTRO_FB_SUBSCRIBE_BOT_FINISH,9.0,2
2026-07-11,KH,1-INTRO_SIGNED_PLAYER_INFO_FINISH,9.0,2
2026-07-11,KH,1-FIRST_LOAD_INTRO_START_Android,4.0,2
2026-07-11,KH,1-FIRST_LOAD_INTRO_Android,4.0,2
2026-07-11,KH,1-INTRO_OBJECT_POOL,9.0,2
2026-07-11,KH,1-INTRO_FB_START_FINISH,0.0,2
2026-07-11,KH,1-ALL_LOAD_INTRO,4.0,2
2026-07-11,KH,1-INTRO_FB_ENTRY_POINT_FINISH,9.0,2
2026-07-11,LA,1-6000_FRIEND_COUNT,6.8,4
2026-07-11,LA,1-FIRST_LOAD_INTRO_FINISH_Android,4.0,4
2026-07-11,LA,1-INTRO_FB_SUBSCRIBE_BOT_FINISH,5.0,4
2026-07-11,LA,1-INTRO_OBJECT_POOL,5.3,4
2026-07-11,LA,1-INTRO_GAME_DATA,4.3,4
2026-07-11,LA,1-FIRST_LOAD_INTRO_Android,4.0,4
2026-07-11,LA,1-INTRO_FB_ENTRY_DATA,5.0,4
2026-07-11,LA,1-FIRST_LOAD_FB_Android,2.3,4
2026-07-11,LA,1-6040_SETTING_LANGUAGE,5.3,4
2026-07-11,LA,1-FIRST_LOAD_INTRO_START_Android,4.0,4
2026-07-11,LA,1-12002_INTRO_DIRECT_ENTRY_END,11.8,4
2026-07-11,LA,1-9400_GOLD_TRANSACTION_LOG,8.3,4
2026-07-11,LA,1-INTRO_OBJECT_POOL_FINISH,6.3,4
2026-07-11,LA,1-INTRO_BUNDLE,4.0,4
2026-07-11,LA,1-12001_INTRO_DIRECT_ENTRY_START,9.0,4
2026-07-11,LA,1-2100_GAMEPLAY_START,11.5,4
2026-07-11,LA,1-6030_USER_CITY_STATUS,8.8,4
2026-07-11,LA,1-6020_USER_CURRENT_LEVEL,8.8,4
2026-07-11,LA,1-6010_USER_GOLD_BALANCE,8.8,4
2026-07-11,LA,1-ALL_LOAD_INTRO_FINISH,4.0,4
2026-07-11,LA,1-ALL_LOAD_INTRO,4.0,4
2026-07-11,LA,1-ALL_LOAD_INTRO_START,4.0,4
2026-07-11,LA,1-6012_USER_HAMMER_BALANCE,8.8,4
2026-07-11,LA,1-INTRO_FB_START_FINISH,0.0,4
2026-07-11,LA,1-6011_USER_TICKET_BALANCE,8.8,4
2026-07-11,LA,1-9403_BOOSTER_TRANSACTION_LOG,8.3,4
2026-07-11,LA,1-2110_TUTO_INGAME_INTRO,13.5,4
2026-07-11,LA,1-INTRO_SIGNED_PLAYER_INFO_FINISH,5.0,4
2026-07-11,LA,1-INTRO_LOGIN,7.5,4
2026-07-11,LA,1-INTRO_FB_ENTRY_POINT,4.0,4
2026-07-11,LA,1-INTRO_SIGNED_PLAYER_INFO,4.0,4
2026-07-11,LA,1-1010_LOAD_COMPLETE,11.5,4
2026-07-11,LA,1-1000_LOGIN_COMPLETE,8.3,4
2026-07-11,LA,1-INTRO_FB_FRIEND,4.0,4
2026-07-11,LA,1-INTRO_FB_FRIEND_FINISH,6.8,4
2026-07-11,LA,1-INTRO_FB_ENTRY_POINT_FINISH,5.0,4
2026-07-11,LA,1-INTRO_GAME_DATA_FINISH,6.0,4
2026-07-11,LA,1-INTRO_FB_SUBSCRIBE_BOT,4.0,4
2026-07-11,LA,1-INTRO_FB_ENTRY_DATA_FINISH,5.8,4
2026-07-11,LA,1-INTRO_BUNDLE_FINISH,5.3,4
2026-07-11,LA,1-ALL_LOAD_FB,2.3,4
2026-07-11,LA,1-12000_TEST_TOUCH,18.0,3
2026-07-11,LA,1-9990_PLAY_FIRST_TOUCH,31.0,2
2026-07-11,LA,1-2300_GAMEPLAY_FINISH,46.0,2
2026-07-11,LA,1-2213_GAMEPLAY_DECK_BONUS,45.0,2
2026-07-11,LA,1-2400_FINISH_RESULT,48.5,2
2026-07-11,LA,1-2210_GAMEPLAY_COMBO_REWARD,46.0,2
2026-07-11,LA,1-2150_GAMEPLAY_NRU_CARD_MATCH,31.5,2
2026-07-11,LA,1-2410_FINISH_RESULT_CLAIM,59.0,2
2026-07-11,LA,1-2111_TUTO_DECK_DRAW,65.5,2
2026-07-11,LA,1-9402_HAMMER_TRANSACTION_LOG,45.5,2
2026-07-11,LA,1-2141_TUTO_STEP_COMPLETE,26.0,2
2026-07-11,LA,1-2151_GAMEPLAY_NRU_MATCHES,46.0,2
2026-07-11,LB,1-INTRO_LOGIN,78.5,2
2026-07-11,LB,1-INTRO_FB_ENTRY_POINT,76.5,2
2026-07-11,LB,1-6011_USER_TICKET_BALANCE,80.0,2
2026-07-11,LB,1-6000_FRIEND_COUNT,77.0,2
2026-07-11,LB,1-INTRO_FB_ENTRY_POINT_FINISH,77.5,2
2026-07-11,LB,1-6040_SETTING_LANGUAGE,77.5,2
2026-07-11,LB,1-INTRO_FB_FRIEND_FINISH,77.0,2
2026-07-11,LB,1-FIRST_LOAD_INTRO_FINISH_Android,10.5,2
2026-07-11,LB,1-INTRO_GAME_DATA_FINISH,78.0,2
2026-07-11,LB,1-9400_GOLD_TRANSACTION_LOG,79.0,2
2026-07-11,LB,1-INTRO_OBJECT_POOL,77.5,2
2026-07-11,LB,1-FIRST_LOAD_INTRO_START_Android,10.5,2
2026-07-11,LB,1-ALL_INTRO_DEBUG_ERROR_98,20.5,2
2026-07-11,LB,1-ALL_LOAD_INTRO_FINISH,10.5,2
2026-07-11,LB,1-2100_GAMEPLAY_START,96.0,2
2026-07-11,LB,1-INTRO_FB_FRIEND,76.5,2
2026-07-11,LB,1-1000_LOGIN_COMPLETE,79.5,2
2026-07-11,LB,1-6020_USER_CURRENT_LEVEL,80.0,2
2026-07-11,LB,1-6012_USER_HAMMER_BALANCE,80.0,2
2026-07-11,LB,1-INTRO_FB_ENTRY_DATA_FINISH,78.5,2
2026-07-11,LB,1-12001_INTRO_DIRECT_ENTRY_START,80.0,2
2026-07-11,LB,1-1010_LOAD_COMPLETE,96.5,2
2026-07-11,LB,1-12002_INTRO_DIRECT_ENTRY_END,96.5,2
2026-07-11,LB,1-ALL_LOAD_FB,4.0,2
2026-07-11,LB,1-INTRO_FB_SUBSCRIBE_BOT_FINISH,77.5,2
2026-07-11,LB,1-FIRST_LOAD_INTRO_Android,10.0,2
2026-07-11,LB,1-FIRST_LOAD_FB_Android,4.0,2
2026-07-11,LB,1-INTRO_FB_SUBSCRIBE_BOT,76.5,2
2026-07-11,LB,1-ALL_LOAD_INTRO,10.0,2
2026-07-11,LB,1-6030_USER_CITY_STATUS,80.0,2
2026-07-11,LB,1-6010_USER_GOLD_BALANCE,79.5,2
2026-07-11,LB,1-INTRO_OBJECT_POOL_FINISH,79.0,2
2026-07-11,LB,1-INTRO_FB_START_FINISH,0.0,2
2026-07-11,LB,1-INTRO_BUNDLE,76.5,2
2026-07-11,LB,1-INTRO_BUNDLE_FINISH,77.5,2
2026-07-11,LB,1-INTRO_FB_ENTRY_DATA,77.5,2
2026-07-11,LB,1-ALL_LOAD_INTRO_START,10.5,2
2026-07-11,LB,1-9403_BOOSTER_TRANSACTION_LOG,79.0,2
2026-07-11,LB,1-INTRO_GAME_DATA,76.5,2
2026-07-11,LB,1-FIRST_INTRO_DEBUG_ERROR_98_Android,20.0,2
2026-07-11,LB,1-INTRO_SIGNED_PLAYER_INFO,76.5,2
2026-07-11,LB,1-INTRO_SIGNED_PLAYER_INFO_FINISH,77.0,2
2026-07-11,LV,1-ALL_LOAD_INTRO_FINISH,1.5,2
2026-07-11,LV,1-INTRO_SIGNED_PLAYER_INFO,1.5,2
2026-07-11,LV,1-6040_SETTING_LANGUAGE,2.0,2
2026-07-11,LV,1-6111_IDLE_GOLD_COLLECT_SUCCESS,187.5,2
2026-07-11,LV,1-ALL_LOAD_INTRO,1.0,2
2026-07-11,LV,1-INTRO_BUNDLE,1.5,2
2026-07-11,LV,1-1010_LOAD_COMPLETE,5.0,2
2026-07-11,LV,1-2090_PRE_LEVEL_SHOW,53.5,2
2026-07-11,LV,1-2151_GAMEPLAY_NRU_MATCHES,24.0,2
2026-07-11,LV,1-INTRO_FB_START_FINISH,0.0,2
2026-07-11,LV,1-2116_TUTO_PLUS_CARD,154.0,2
2026-07-11,LV,1-INTRO_OBJECT_POOL_FINISH,2.0,2
2026-07-11,LV,1-8100_CITY_DECO_POPUP,202.0,2
2026-07-11,LV,1-5700_LOBBY,50.5,2
2026-07-11,LV,1-11001_GAMEPLAY_FINISH_5,261.0,2
2026-07-11,LV,1-2111_TUTO_DECK_DRAW,30.5,2
2026-07-11,LV,1-2119_TUTO_STREAK,231.5,2
2026-07-11,LV,1-12000_TEST_TOUCH,12.5,2
2026-07-11,LV,1-2150_GAMEPLAY_NRU_CARD_MATCH,14.5,2
2026-07-11,LV,1-INTRO_FB_FRIEND_FINISH,2.0,2
2026-07-11,LV,1-6012_USER_HAMMER_BALANCE,3.0,2
2026-07-11,LV,1-6110_IDLE_GOLD_COLLECT_TRY,187.5,2
2026-07-11,LV,1-FIRST_LOAD_INTRO_etc,1.0,2
2026-07-11,LV,1-INTRO_FB_FRIEND,1.5,2
2026-07-11,LV,1-9403_BOOSTER_TRANSACTION_LOG,3.0,2
2026-07-11,LV,1-2094_PRE_LEVEL_PLAY,55.5,2
2026-07-11,LV,1-6020_USER_CURRENT_LEVEL,3.0,2
2026-07-11,LV,1-2114_TUTO_PRE_LEVEL_POPUP,53.5,2
2026-07-11,LV,1-6000_FRIEND_COUNT,2.0,2
2026-07-11,LV,1-9402_HAMMER_TRANSACTION_LOG,23.0,2
2026-07-11,LV,1-2141_TUTO_STEP_COMPLETE,12.5,2
2026-07-11,LV,1-6011_USER_TICKET_BALANCE,3.0,2
2026-07-11,LV,1-2212_GAMEPLAY_STREAK_STAR_EARN,241.5,2
2026-07-11,LV,1-2100_GAMEPLAY_START,5.0,2
2026-07-11,LV,1-7180_BTN_DRAW_DECK,36.0,2
2026-07-11,LV,1-2400_FINISH_RESULT,25.0,2
2026-07-11,LV,1-2124_TUTO_BOOSTER_WILDCARD,364.0,2
2026-07-11,LV,1-INTRO_LOGIN,2.0,2
2026-07-11,LV,1-6010_USER_GOLD_BALANCE,3.0,2
2026-07-11,LV,1-5200_LEADERBOARD,268.0,2
2026-07-11,LV,1-2610_GIMMICK_PLUS_CARD_MATCH,155.5,2
2026-07-11,LV,1-2300_GAMEPLAY_FINISH,24.0,2
2026-07-11,LV,1-6030_USER_CITY_STATUS,3.0,2
2026-07-11,LV,1-ALL_LOAD_INTRO_START,1.0,2
2026-07-11,LV,1-8061_DAILY_CHECKIN_CLAIM_TRY,337.5,2
2026-07-11,LV,1-FIRST_LOAD_INTRO_START_etc,1.0,2
2026-07-11,LV,1-8060_DAILY_CHECKIN_POPUP,320.5,2
2026-07-11,LV,1-FIRST_LOAD_INTRO_FINISH_etc,1.5,2
2026-07-11,LV,1-11002_GAMEPLAY_FINISH_6,315.5,2
2026-07-11,LV,1-3120_TOURNAMENT_CREATE_FAIL,82.0,2
2026-07-11,LV,1-2213_GAMEPLAY_DECK_BONUS,23.0,2
2026-07-11,LV,1-8062_DAILY_CHECKIN_CLAIM_SUCCESS,337.5,2
2026-07-11,LV,1-12002_INTRO_DIRECT_ENTRY_END,5.0,2
2026-07-11,LV,1-INTRO_FB_ENTRY_DATA_FINISH,2.0,2
2026-07-11,LV,1-INTRO_FB_ENTRY_POINT_FINISH,2.0,2
2026-07-11,LV,1-2510_ENTRY_COST_PAY,55.5,2
2026-07-11,LV,1-2210_GAMEPLAY_COMBO_REWARD,24.0,2
2026-07-11,LV,1-INTRO_OBJECT_POOL,2.0,2
2026-07-11,LV,1-8130_CITY_LIST_POPUP,213.0,2
2026-07-11,LV,1-INTRO_SIGNED_PLAYER_INFO_FINISH,2.0,2
2026-07-11,LV,1-INTRO_FB_ENTRY_DATA,2.0,2
2026-07-11,LV,1-2211_GAMEPLAY_STREAK_METER_FILL,241.5,2
2026-07-11,LV,1-2600_GIMMICK_FIRST_APPEAR,154.0,2
2026-07-11,LV,1-8101_CITY_DECO_UPGRADE_TRY,205.5,2
2026-07-11,LV,1-12001_INTRO_DIRECT_ENTRY_START,3.5,2
2026-07-11,LV,1-8105_BTN_CITY_DECO_CLOSE,207.5,2
2026-07-11,LV,1-3100_TOURNAMENT_CREATE,82.0,2
2026-07-11,LV,1-1000_LOGIN_COMPLETE,3.0,2
2026-07-11,LV,1-INTRO_FB_SUBSCRIBE_BOT_FINISH,2.0,2
2026-07-11,LV,1-9400_GOLD_TRANSACTION_LOG,3.0,2
2026-07-11,LV,1-2110_TUTO_INGAME_INTRO,7.0,2
2026-07-11,LV,1-8064_BTN_DAILY_CHECKIN_CLOSE,338.5,2
2026-07-11,LV,1-9990_PLAY_FIRST_TOUCH,14.0,2
2026-07-11,LV,1-2410_FINISH_RESULT_CLAIM,27.0,2
2026-07-11,LV,1-INTRO_GAME_DATA_FINISH,2.0,2
2026-07-11,LV,1-FIRST_LOAD_FB_etc,0.5,2
2026-07-11,LV,1-INTRO_BUNDLE_FINISH,2.0,2
2026-07-11,LV,1-INTRO_FB_SUBSCRIBE_BOT,1.5,2
2026-07-11,LV,1-8102_CITY_DECO_UPGRADE_SUCCESS,206.0,2
2026-07-11,LV,1-INTRO_GAME_DATA,1.5,2
2026-07-11,LV,1-ALL_LOAD_FB,0.5,2
2026-07-11,LV,1-INTRO_FB_ENTRY_POINT,1.5,2
2026-07-11,MA,1-INTRO_FB_FRIEND_FINISH,5.0,3
2026-07-11,MA,1-INTRO_SIGNED_PLAYER_INFO_FINISH,5.0,3
2026-07-11,MA,1-ALL_INTRO_DEBUG_ERROR_98,13.0,3
2026-07-11,MA,1-9400_GOLD_TRANSACTION_LOG,9.7,3
2026-07-11,MA,1-INTRO_GAME_DATA_FINISH,9.7,3
2026-07-11,MA,1-ALL_LOAD_INTRO,4.0,3
2026-07-11,MA,1-12002_INTRO_DIRECT_ENTRY_END,17.7,3
2026-07-11,MA,1-INTRO_FB_START_FINISH,0.0,3
2026-07-11,MA,1-FIRST_INTRO_DEBUG_ERROR_PASS_AFTER_98_Android,18.0,3
2026-07-11,MA,1-INTRO_FB_ENTRY_POINT_FINISH,5.3,3
2026-07-11,MA,1-INTRO_FB_SUBSCRIBE_BOT,4.7,3
2026-07-11,MA,1-6020_USER_CURRENT_LEVEL,10.7,3
2026-07-11,MA,1-6010_USER_GOLD_BALANCE,10.7,3
2026-07-11,MA,1-INTRO_SIGNED_PLAYER_INFO,4.3,3
2026-07-11,MA,1-INTRO_OBJECT_POOL_FINISH,7.0,3
2026-07-11,MA,1-INTRO_FB_ENTRY_DATA,5.3,3
2026-07-11,MA,1-12000_TEST_TOUCH,92.7,3
2026-07-11,MA,1-INTRO_BUNDLE,4.3,3
2026-07-11,MA,1-FIRST_LOAD_FB_Android,1.7,3
2026-07-11,MA,1-INTRO_GAME_DATA,5.0,3
2026-07-11,MA,1-6040_SETTING_LANGUAGE,5.7,3
2026-07-11,MA,1-6000_FRIEND_COUNT,5.0,3
2026-07-11,MA,1-ALL_LOAD_FB,1.7,3
2026-07-11,MA,1-9403_BOOSTER_TRANSACTION_LOG,9.7,3
2026-07-11,MA,1-ALL_INTRO_DEBUG_ERROR_PASS_AFTER_98,18.0,3
2026-07-11,MA,1-FIRST_LOAD_INTRO_Android,4.0,3
2026-07-11,MA,1-FIRST_LOAD_INTRO_FINISH_Android,4.0,3
2026-07-11,MA,1-2141_TUTO_STEP_COMPLETE,107.0,3
2026-07-11,MA,1-6030_USER_CITY_STATUS,10.7,3
2026-07-11,MA,1-2110_TUTO_INGAME_INTRO,20.0,3
2026-07-11,MA,1-INTRO_FB_ENTRY_DATA_FINISH,6.7,3
2026-07-11,MA,1-INTRO_FB_SUBSCRIBE_BOT_FINISH,5.3,3
2026-07-11,MA,1-1010_LOAD_COMPLETE,17.3,3
2026-07-11,MA,1-INTRO_OBJECT_POOL,5.7,3
2026-07-11,MA,1-INTRO_BUNDLE_FINISH,5.7,3
2026-07-11,MA,1-INTRO_FB_ENTRY_POINT,4.7,3
2026-07-11,MA,1-6011_USER_TICKET_BALANCE,10.7,3
2026-07-11,MA,1-FIRST_INTRO_DEBUG_ERROR_98_Android,12.7,3
2026-07-11,MA,1-INTRO_LOGIN,9.7,3
2026-07-11,MA,1-FIRST_LOAD_INTRO_START_Android,4.0,3
2026-07-11,MA,1-INTRO_FB_FRIEND,4.3,3
2026-07-11,MA,1-2100_GAMEPLAY_START,17.0,3
2026-07-11,MA,1-ALL_LOAD_INTRO_FINISH,4.0,3
2026-07-11,MA,1-6012_USER_HAMMER_BALANCE,10.7,3
2026-07-11,MA,1-12001_INTRO_DIRECT_ENTRY_START,11.0,3
2026-07-11,MA,1-ALL_LOAD_INTRO_START,4.0,3
2026-07-11,MA,1-1000_LOGIN_COMPLETE,10.0,3
2026-07-11,MA,1-2151_GAMEPLAY_NRU_MATCHES,66.0,2
2026-07-11,MA,1-2213_GAMEPLAY_DECK_BONUS,65.0,2
2026-07-11,MA,1-9402_HAMMER_TRANSACTION_LOG,65.5,2
2026-07-11,MA,1-2150_GAMEPLAY_NRU_CARD_MATCH,29.5,2
2026-07-11,MA,1-2300_GAMEPLAY_FINISH,66.0,2
2026-07-11,MA,1-2210_GAMEPLAY_COMBO_REWARD,66.0,2
2026-07-11,MA,1-9990_PLAY_FIRST_TOUCH,29.5,2
2026-07-11,MA,1-2410_FINISH_RESULT_CLAIM,70.0,2
2026-07-11,MA,1-2111_TUTO_DECK_DRAW,74.0,2
2026-07-11,MA,1-2400_FINISH_RESULT,67.5,2
2026-07-11,MN,1-INTRO_OBJECT_POOL,21.2,5
2026-07-11,MN,1-FIRST_LOAD_INTRO_Android,2.0,5
2026-07-11,MN,1-ALL_LOAD_INTRO_FINISH,2.4,5
2026-07-11,MN,1-INTRO_FB_ENTRY_POINT,20.0,5
2026-07-11,MN,1-INTRO_FB_ENTRY_DATA_FINISH,22.2,5
2026-07-11,MN,1-INTRO_BUNDLE_FINISH,20.8,5
2026-07-11,MN,1-INTRO_SIGNED_PLAYER_INFO_FINISH,20.2,5
2026-07-11,MN,1-6010_USER_GOLD_BALANCE,24.4,5
2026-07-11,MN,1-INTRO_FB_ENTRY_DATA,21.8,5
2026-07-11,MN,1-FIRST_LOAD_INTRO_FINISH_Android,2.4,5
2026-07-11,MN,1-9400_GOLD_TRANSACTION_LOG,23.0,5
2026-07-11,MN,1-FIRST_LOAD_FB_Android,0.6,5
2026-07-11,MN,1-6011_USER_TICKET_BALANCE,24.6,5
2026-07-11,MN,1-INTRO_BUNDLE,19.8,5
2026-07-11,MN,1-6030_USER_CITY_STATUS,24.6,5
2026-07-11,MN,1-INTRO_FB_ENTRY_POINT_FINISH,21.6,5
2026-07-11,MN,1-6040_SETTING_LANGUAGE,21.2,5
2026-07-11,MN,1-1000_LOGIN_COMPLETE,24.2,5
2026-07-11,MN,1-INTRO_SIGNED_PLAYER_INFO,19.8,5
2026-07-11,MN,1-ALL_LOAD_INTRO_START,2.2,5
2026-07-11,MN,1-6012_USER_HAMMER_BALANCE,24.6,5
2026-07-11,MN,1-9403_BOOSTER_TRANSACTION_LOG,23.0,5
2026-07-11,MN,1-6020_USER_CURRENT_LEVEL,24.6,5
2026-07-11,MN,1-INTRO_FB_SUBSCRIBE_BOT_FINISH,21.8,5
2026-07-11,MN,1-INTRO_FB_FRIEND_FINISH,20.6,5
2026-07-11,MN,1-INTRO_FB_START_FINISH,0.0,5
2026-07-11,MN,1-INTRO_LOGIN,22.2,5
2026-07-11,MN,1-INTRO_GAME_DATA_FINISH,21.8,5
2026-07-11,MN,1-INTRO_FB_FRIEND,20.0,5
2026-07-11,MN,1-INTRO_FB_SUBSCRIBE_BOT,20.0,5
2026-07-11,MN,1-6000_FRIEND_COUNT,20.6,5
2026-07-11,MN,1-ALL_LOAD_INTRO,2.0,5
2026-07-11,MN,1-INTRO_GAME_DATA,20.0,5
2026-07-11,MN,1-FIRST_LOAD_INTRO_START_Android,2.2,5
2026-07-11,MN,1-ALL_LOAD_FB,0.6,5
2026-07-11,MN,1-12001_INTRO_DIRECT_ENTRY_START,8.0,3
2026-07-11,MN,1-2100_GAMEPLAY_START,10.3,3
2026-07-11,MN,1-1010_LOAD_COMPLETE,10.3,3
2026-07-11,MN,1-INTRO_OBJECT_POOL_FINISH,7.0,3
2026-07-11,MN,1-2110_TUTO_INGAME_INTRO,13.7,3
2026-07-11,MN,1-ALL_INTRO_DEBUG_ERROR_98,12.0,3
2026-07-11,MN,1-12000_TEST_TOUCH,12.0,3
2026-07-11,MN,1-12002_INTRO_DIRECT_ENTRY_END,10.3,3
2026-07-11,MN,1-FIRST_INTRO_DEBUG_ERROR_98_Android,12.0,3
2026-07-11,MX,1-INTRO_GAME_DATA_FINISH,7.4,11
2026-07-11,MX,1-9400_GOLD_TRANSACTION_LOG,8.3,11
2026-07-11,MX,1-INTRO_FB_FRIEND_FINISH,6.9,11
2026-07-11,MX,1-6020_USER_CURRENT_LEVEL,8.5,11
2026-07-11,MX,1-6000_FRIEND_COUNT,6.9,11
2026-07-11,MX,1-2100_GAMEPLAY_START,11.5,11
2026-07-11,MX,1-ALL_LOAD_INTRO_FINISH,3.9,11
2026-07-11,MX,1-INTRO_OBJECT_POOL,6.6,11
2026-07-11,MX,1-FIRST_LOAD_FB_Android,1.5,11
2026-07-11,MX,1-INTRO_FB_ENTRY_DATA_FINISH,7.1,11
2026-07-11,MX,1-6012_USER_HAMMER_BALANCE,8.5,11
2026-07-11,MX,1-INTRO_FB_ENTRY_DATA,6.6,11
2026-07-11,MX,1-ALL_LOAD_INTRO,3.6,11
2026-07-11,MX,1-INTRO_FB_ENTRY_POINT_FINISH,6.6,11
2026-07-11,MX,1-6010_USER_GOLD_BALANCE,8.5,11
2026-07-11,MX,1-INTRO_OBJECT_POOL_FINISH,7.6,11
2026-07-11,MX,1-1010_LOAD_COMPLETE,11.5,11
2026-07-11,MX,1-6040_SETTING_LANGUAGE,6.6,11
2026-07-11,MX,1-6030_USER_CITY_STATUS,8.5,11
2026-07-11,MX,1-INTRO_FB_SUBSCRIBE_BOT_FINISH,6.6,11
2026-07-11,MX,1-INTRO_FB_ENTRY_POINT,5.9,11
2026-07-11,MX,1-INTRO_FB_START_FINISH,0.0,11
2026-07-11,MX,1-1000_LOGIN_COMPLETE,8.3,11
2026-07-11,MX,1-FIRST_LOAD_INTRO_START_Android,3.6,11
2026-07-11,MX,1-INTRO_BUNDLE_FINISH,6.5,11
2026-07-11,MX,1-INTRO_SIGNED_PLAYER_INFO_FINISH,6.3,11
2026-07-11,MX,1-FIRST_LOAD_INTRO_Android,3.6,11
2026-07-11,MX,1-ALL_LOAD_INTRO_START,3.6,11
2026-07-11,MX,1-INTRO_LOGIN,8.0,11
2026-07-11,MX,1-6011_USER_TICKET_BALANCE,8.5,11
2026-07-11,MX,1-INTRO_BUNDLE,5.9,11
2026-07-11,MX,1-INTRO_FB_SUBSCRIBE_BOT,6.0,11
2026-07-11,MX,1-INTRO_SIGNED_PLAYER_INFO,5.9,11
2026-07-11,MX,1-INTRO_GAME_DATA,6.2,11
2026-07-11,MX,1-12001_INTRO_DIRECT_ENTRY_START,8.9,11
2026-07-11,MX,1-INTRO_FB_FRIEND,5.9,11
2026-07-11,MX,1-12002_INTRO_DIRECT_ENTRY_END,11.5,11
2026-07-11,MX,1-FIRST_LOAD_INTRO_FINISH_Android,3.9,11
2026-07-11,MX,1-ALL_LOAD_FB,1.5,11
2026-07-11,MX,1-9403_BOOSTER_TRANSACTION_LOG,8.3,11
2026-07-11,MX,1-2110_TUTO_INGAME_INTRO,15.8,9
2026-07-11,MX,1-12000_TEST_TOUCH,17.1,8
2026-07-11,MX,1-2141_TUTO_STEP_COMPLETE,30.1,7
2026-07-11,MX,1-9990_PLAY_FIRST_TOUCH,26.0,2
2026-07-11,MX,1-FIRST_INTRO_DEBUG_ERROR_98_Android,15.5,2
2026-07-11,MX,1-ALL_INTRO_DEBUG_ERROR_98,15.5,2
2026-07-11,MY,1-6020_USER_CURRENT_LEVEL,64.5,2
2026-07-11,MY,1-FIRST_LOAD_INTRO_START_Android,10.0,2
2026-07-11,MY,1-FIRST_INTRO_DEBUG_ERROR_98_Android,18.5,2
2026-07-11,MY,1-FIRST_INTRO_DEBUG_ERROR_PASS_AFTER_98_Android,71.5,2
2026-07-11,MY,1-FIRST_LOAD_INTRO_FINISH_Android,10.0,2
2026-07-11,MY,1-6000_FRIEND_COUNT,59.5,2
2026-07-11,MY,1-INTRO_FB_FRIEND,58.5,2
2026-07-11,MY,1-12002_INTRO_DIRECT_ENTRY_END,71.5,2
2026-07-11,MY,1-INTRO_OBJECT_POOL_FINISH,63.0,2
2026-07-11,MY,1-ALL_LOAD_INTRO,10.0,2
2026-07-11,MY,1-FIRST_LOAD_FB_Android,2.0,2
2026-07-11,MY,1-6030_USER_CITY_STATUS,64.5,2
2026-07-11,MY,1-12001_INTRO_DIRECT_ENTRY_START,65.0,2
2026-07-11,MY,1-1000_LOGIN_COMPLETE,63.5,2
2026-07-11,MY,1-INTRO_FB_SUBSCRIBE_BOT_FINISH,59.5,2
2026-07-11,MY,1-INTRO_FB_FRIEND_FINISH,59.5,2
2026-07-11,MY,1-ALL_LOAD_INTRO_FINISH,10.5,2
2026-07-11,MY,1-9403_BOOSTER_TRANSACTION_LOG,63.5,2
2026-07-11,MY,1-INTRO_FB_START_FINISH,0.0,2
2026-07-11,MY,1-INTRO_FB_SUBSCRIBE_BOT,58.5,2
2026-07-11,MY,1-ALL_INTRO_DEBUG_ERROR_98,18.5,2
2026-07-11,MY,1-1010_LOAD_COMPLETE,71.5,2
2026-07-11,MY,1-INTRO_SIGNED_PLAYER_INFO_FINISH,59.5,2
2026-07-11,MY,1-INTRO_FB_ENTRY_DATA,59.5,2
2026-07-11,MY,1-INTRO_FB_ENTRY_POINT_FINISH,59.5,2
2026-07-11,MY,1-INTRO_FB_ENTRY_DATA_FINISH,60.0,2
2026-07-11,MY,1-INTRO_FB_ENTRY_POINT,58.5,2
2026-07-11,MY,1-ALL_INTRO_DEBUG_ERROR_PASS_AFTER_98,71.5,2
2026-07-11,MY,1-9400_GOLD_TRANSACTION_LOG,63.5,2
2026-07-11,MY,1-2100_GAMEPLAY_START,71.5,2
2026-07-11,MY,1-INTRO_OBJECT_POOL,62.5,2
2026-07-11,MY,1-ALL_LOAD_FB,2.5,2
2026-07-11,MY,1-ALL_LOAD_INTRO_START,10.0,2
2026-07-11,MY,1-INTRO_GAME_DATA_FINISH,62.0,2
2026-07-11,MY,1-6040_SETTING_LANGUAGE,62.5,2
2026-07-11,MY,1-6010_USER_GOLD_BALANCE,64.0,2
2026-07-11,MY,1-INTRO_GAME_DATA,59.5,2
2026-07-11,MY,1-INTRO_BUNDLE,58.5,2
2026-07-11,MY,1-INTRO_LOGIN,62.5,2
2026-07-11,MY,1-6012_USER_HAMMER_BALANCE,64.0,2
2026-07-11,MY,1-INTRO_SIGNED_PLAYER_INFO,58.5,2
2026-07-11,MY,1-6011_USER_TICKET_BALANCE,64.0,2
2026-07-11,MY,1-2110_TUTO_INGAME_INTRO,77.0,2
2026-07-11,MY,1-INTRO_BUNDLE_FINISH,62.0,2
2026-07-11,MY,1-FIRST_LOAD_INTRO_Android,10.0,2
2026-07-11,NG,1-12000_TEST_TOUCH,13.5,4
2026-07-11,NG,1-INTRO_FB_ENTRY_POINT,3.3,4
2026-07-11,NG,1-2100_GAMEPLAY_START,9.8,4
2026-07-11,NG,1-9403_BOOSTER_TRANSACTION_LOG,6.8,4
2026-07-11,NG,1-ALL_LOAD_INTRO,3.3,4
2026-07-11,NG,1-6020_USER_CURRENT_LEVEL,7.5,4
2026-07-11,NG,1-6000_FRIEND_COUNT,5.5,4
2026-07-11,NG,1-INTRO_FB_SUBSCRIBE_BOT,3.3,4
2026-07-11,NG,1-ALL_LOAD_FB,1.3,4
2026-07-11,NG,1-6011_USER_TICKET_BALANCE,7.5,4
2026-07-11,NG,1-6010_USER_GOLD_BALANCE,7.3,4
2026-07-11,NG,1-INTRO_OBJECT_POOL_FINISH,5.0,4
2026-07-11,NG,1-9400_GOLD_TRANSACTION_LOG,6.8,4
2026-07-11,NG,1-INTRO_SIGNED_PLAYER_INFO_FINISH,4.0,4
2026-07-11,NG,1-INTRO_FB_ENTRY_DATA,4.0,4
2026-07-11,NG,1-6040_SETTING_LANGUAGE,4.3,4
2026-07-11,NG,1-FIRST_LOAD_INTRO_Android,3.3,4
2026-07-11,NG,1-12001_INTRO_DIRECT_ENTRY_START,7.8,4
2026-07-11,NG,1-ALL_LOAD_INTRO_FINISH,3.3,4
2026-07-11,NG,1-INTRO_FB_ENTRY_DATA_FINISH,5.0,4
2026-07-11,NG,1-FIRST_LOAD_FB_Android,1.3,4
2026-07-11,NG,1-INTRO_GAME_DATA_FINISH,4.3,4
2026-07-11,NG,1-INTRO_LOGIN,6.3,4
2026-07-11,NG,1-6012_USER_HAMMER_BALANCE,7.5,4
2026-07-11,NG,1-INTRO_FB_FRIEND_FINISH,5.5,4
2026-07-11,NG,1-12002_INTRO_DIRECT_ENTRY_END,10.0,4
2026-07-11,NG,1-INTRO_FB_FRIEND,3.3,4
2026-07-11,NG,1-INTRO_GAME_DATA,4.0,4
2026-07-11,NG,1-INTRO_FB_ENTRY_POINT_FINISH,4.0,4
2026-07-11,NG,1-INTRO_BUNDLE,3.3,4
2026-07-11,NG,1-INTRO_BUNDLE_FINISH,4.3,4
2026-07-11,NG,1-INTRO_FB_SUBSCRIBE_BOT_FINISH,4.0,4
2026-07-11,NG,1-FIRST_LOAD_INTRO_FINISH_Android,3.3,4
2026-07-11,NG,1-INTRO_SIGNED_PLAYER_INFO,3.3,4
2026-07-11,NG,1-6030_USER_CITY_STATUS,7.5,4
2026-07-11,NG,1-1000_LOGIN_COMPLETE,7.0,4
2026-07-11,NG,1-1010_LOAD_COMPLETE,9.8,4
2026-07-11,NG,1-INTRO_OBJECT_POOL,4.3,4
2026-07-11,NG,1-INTRO_FB_START_FINISH,0.0,4
2026-07-11,NG,1-FIRST_LOAD_INTRO_START_Android,3.3,4
2026-07-11,NG,1-ALL_LOAD_INTRO_START,3.3,4
2026-07-11,NG,1-2141_TUTO_STEP_COMPLETE,23.0,3
2026-07-11,NG,1-2110_TUTO_INGAME_INTRO,15.0,3
2026-07-11,NL,1-1000_LOGIN_COMPLETE,4.2,6
2026-07-11,NL,1-INTRO_SIGNED_PLAYER_INFO_FINISH,3.0,6
2026-07-11,NL,1-INTRO_FB_START_FINISH,0.0,6
2026-07-11,NL,1-INTRO_GAME_DATA_FINISH,2.8,6
2026-07-11,NL,1-1010_LOAD_COMPLETE,5.3,6
2026-07-11,NL,1-INTRO_GAME_DATA,2.7,6
2026-07-11,NL,1-9403_BOOSTER_TRANSACTION_LOG,4.2,6
2026-07-11,NL,1-INTRO_LOGIN,4.0,6
2026-07-11,NL,1-6011_USER_TICKET_BALANCE,4.2,6
2026-07-11,NL,1-INTRO_OBJECT_POOL_FINISH,3.0,6
2026-07-11,NL,1-ALL_LOAD_INTRO_START,2.3,6
2026-07-11,NL,1-INTRO_FB_ENTRY_DATA_FINISH,3.3,6
2026-07-11,NL,1-6000_FRIEND_COUNT,3.8,6
2026-07-11,NL,1-6040_SETTING_LANGUAGE,2.7,6
2026-07-11,NL,1-INTRO_FB_SUBSCRIBE_BOT,2.5,6
2026-07-11,NL,1-INTRO_BUNDLE_FINISH,2.7,6
2026-07-11,NL,1-INTRO_BUNDLE,2.5,6
2026-07-11,NL,1-INTRO_FB_ENTRY_POINT,2.5,6
2026-07-11,NL,1-ALL_LOAD_FB,0.3,6
2026-07-11,NL,1-ALL_LOAD_INTRO_FINISH,2.3,6
2026-07-11,NL,1-INTRO_OBJECT_POOL,2.7,6
2026-07-11,NL,1-6010_USER_GOLD_BALANCE,4.2,6
2026-07-11,NL,1-INTRO_FB_FRIEND,2.5,6
2026-07-11,NL,1-12002_INTRO_DIRECT_ENTRY_END,5.3,6
2026-07-11,NL,1-12001_INTRO_DIRECT_ENTRY_START,4.3,6
2026-07-11,NL,1-INTRO_FB_ENTRY_POINT_FINISH,3.0,6
2026-07-11,NL,1-INTRO_FB_FRIEND_FINISH,3.8,6
2026-07-11,NL,1-ALL_LOAD_INTRO,2.3,6
2026-07-11,NL,1-2100_GAMEPLAY_START,5.3,6
2026-07-11,NL,1-9400_GOLD_TRANSACTION_LOG,4.2,6
2026-07-11,NL,1-INTRO_SIGNED_PLAYER_INFO,2.5,6
2026-07-11,NL,1-6012_USER_HAMMER_BALANCE,4.2,6
2026-07-11,NL,1-6020_USER_CURRENT_LEVEL,4.2,6
2026-07-11,NL,1-INTRO_FB_ENTRY_DATA,3.0,6
2026-07-11,NL,1-6030_USER_CITY_STATUS,4.2,6
2026-07-11,NL,1-INTRO_FB_SUBSCRIBE_BOT_FINISH,3.0,6
2026-07-11,NL,1-2110_TUTO_INGAME_INTRO,8.0,5
2026-07-11,NL,1-3120_TOURNAMENT_CREATE_FAIL,106.0,5
2026-07-11,NL,1-2400_FINISH_RESULT,24.2,5
2026-07-11,NL,1-2111_TUTO_DECK_DRAW,32.8,5
2026-07-11,NL,1-2116_TUTO_PLUS_CARD,165.8,5
2026-07-11,NL,1-2141_TUTO_STEP_COMPLETE,10.8,5
2026-07-11,NL,1-2300_GAMEPLAY_FINISH,23.2,5
2026-07-11,NL,1-2213_GAMEPLAY_DECK_BONUS,22.2,5
2026-07-11,NL,1-FIRST_LOAD_INTRO_FINISH_etc,2.6,5
2026-07-11,NL,1-6111_IDLE_GOLD_COLLECT_SUCCESS,211.0,5
2026-07-11,NL,1-2094_PRE_LEVEL_PLAY,81.6,5
2026-07-11,NL,1-2600_GIMMICK_FIRST_APPEAR,165.8,5
2026-07-11,NL,1-FIRST_LOAD_FB_etc,0.2,5
2026-07-11,NL,1-12000_TEST_TOUCH,9.6,5
2026-07-11,NL,1-2610_GIMMICK_PLUS_CARD_MATCH,169.4,5
2026-07-11,NL,1-3100_TOURNAMENT_CREATE,105.8,5
2026-07-11,NL,1-2090_PRE_LEVEL_SHOW,64.4,5
2026-07-11,NL,1-2151_GAMEPLAY_NRU_MATCHES,23.2,5
2026-07-11,NL,1-2150_GAMEPLAY_NRU_CARD_MATCH,13.0,5
2026-07-11,NL,1-7180_BTN_DRAW_DECK,44.0,5
2026-07-11,NL,1-2510_ENTRY_COST_PAY,81.6,5
2026-07-11,NL,1-2410_FINISH_RESULT_CLAIM,28.8,5
2026-07-11,NL,1-6110_IDLE_GOLD_COLLECT_TRY,211.0,5
2026-07-11,NL,1-2210_GAMEPLAY_COMBO_REWARD,23.2,5
2026-07-11,NL,1-5700_LOBBY,62.4,5
2026-07-11,NL,1-FIRST_LOAD_INTRO_etc,2.6,5
2026-07-11,NL,1-9402_HAMMER_TRANSACTION_LOG,22.2,5
2026-07-11,NL,1-9990_PLAY_FIRST_TOUCH,12.4,5
2026-07-11,NL,1-FIRST_LOAD_INTRO_START_etc,2.6,5
2026-07-11,NL,1-2114_TUTO_PRE_LEVEL_POPUP,64.6,5
2026-07-11,NL,1-11002_GAMEPLAY_FINISH_6,364.8,4
2026-07-11,NL,1-5200_LEADERBOARD,316.5,4
2026-07-11,NL,1-11001_GAMEPLAY_FINISH_5,299.8,4
2026-07-11,NL,1-8064_BTN_DAILY_CHECKIN_CLOSE,373.3,4
2026-07-11,NL,1-2124_TUTO_BOOSTER_WILDCARD,384.5,4
2026-07-11,NL,1-2212_GAMEPLAY_STREAK_STAR_EARN,273.8,4
2026-07-11,NL,1-2119_TUTO_STREAK,263.0,4
2026-07-11,NL,1-2211_GAMEPLAY_STREAK_METER_FILL,273.8,4
2026-07-11,NL,1-8120_COLLECTION_POPUP,424.0,4
2026-07-11,NL,1-8060_DAILY_CHECKIN_POPUP,369.0,4
2026-07-11,NL,1-8062_DAILY_CHECKIN_CLAIM_SUCCESS,371.8,4
2026-07-11,NL,1-8061_DAILY_CHECKIN_CLAIM_TRY,371.8,4
2026-07-11,NL,1-11003_GAMEPLAY_FINISH_7,412.3,4
2026-07-11,NL,1-8130_CITY_LIST_POPUP,204.7,3
2026-07-11,NL,1-11004_GAMEPLAY_FINISH_8,438.3,3
2026-07-11,NL,1-2122_TUTO_BOOSTER_UNDO,412.7,3
2026-07-11,NL,1-2092_PRE_LEVEL_BOOSTER_DESELECT,387.5,2
2026-07-11,NL,1-8050_DAILY_WHEEL_POPUP,437.5,2
2026-07-11,NL,1-11005_GAMEPLAY_FINISH_9,409.0,2
2026-07-11,NL,1-2171_GAMEPLAY_ITEM_FIREWORKS_SUCCESS,466.0,2
2026-07-11,NL,1-2123_TUTO_BOOSTER_FIREWORKS,384.0,2
2026-07-11,NL,1-8053_BTN_DAILY_WHEEL_CLOSE,454.5,2
2026-07-11,NL,1-2091_PRE_LEVEL_BOOSTER_SELECT,385.5,2
2026-07-11,NL,1-8051_DAILY_WHEEL_SPIN_SUCCESS,446.0,2
2026-07-11,NL,1-2093_PRE_LEVEL_BETTING,461.0,2
2026-07-11,NL,1-8101_CITY_DECO_UPGRADE_TRY,119.0,2
2026-07-11,NL,1-8100_CITY_DECO_POPUP,117.5,2
2026-07-11,NL,1-2127_TUTO_BETTING_2,457.0,2
2026-07-11,NL,1-2170_GAMEPLAY_ITEM_FIREWORKS_TRY,466.0,2
2026-07-11,NL,1-8105_BTN_CITY_DECO_CLOSE,121.0,2
2026-07-11,NL,1-11006_GAMEPLAY_FINISH_10,509.5,2
2026-07-11,NL,1-8102_CITY_DECO_UPGRADE_SUCCESS,119.5,2
2026-07-11,PE,1-2141_TUTO_STEP_COMPLETE,20.7,3
2026-07-11,PE,1-ALL_LOAD_INTRO,3.7,3
2026-07-11,PE,1-9400_GOLD_TRANSACTION_LOG,7.3,3
2026-07-11,PE,1-1000_LOGIN_COMPLETE,7.3,3
2026-07-11,PE,1-INTRO_FB_ENTRY_DATA,5.3,3
2026-07-11,PE,1-FIRST_LOAD_FB_Android,1.3,3
2026-07-11,PE,1-12002_INTRO_DIRECT_ENTRY_END,10.7,3
2026-07-11,PE,1-12000_TEST_TOUCH,20.0,3
2026-07-11,PE,1-6000_FRIEND_COUNT,5.0,3
2026-07-11,PE,1-INTRO_GAME_DATA_FINISH,6.0,3
2026-07-11,PE,1-ALL_LOAD_INTRO_START,3.7,3
2026-07-11,PE,1-INTRO_FB_ENTRY_POINT,4.0,3
2026-07-11,PE,1-INTRO_FB_FRIEND_FINISH,5.0,3
2026-07-11,PE,1-INTRO_OBJECT_POOL_FINISH,6.7,3
2026-07-11,PE,1-6020_USER_CURRENT_LEVEL,7.3,3
2026-07-11,PE,1-INTRO_FB_SUBSCRIBE_BOT_FINISH,5.0,3
2026-07-11,PE,1-INTRO_FB_ENTRY_DATA_FINISH,6.3,3
2026-07-11,PE,1-2100_GAMEPLAY_START,10.3,3
2026-07-11,PE,1-INTRO_FB_START_FINISH,0.0,3
2026-07-11,PE,1-FIRST_LOAD_INTRO_FINISH_Android,4.0,3
2026-07-11,PE,1-6010_USER_GOLD_BALANCE,7.3,3
2026-07-11,PE,1-6040_SETTING_LANGUAGE,6.0,3
2026-07-11,PE,1-ALL_LOAD_INTRO_FINISH,4.0,3
2026-07-11,PE,1-FIRST_LOAD_INTRO_START_Android,3.7,3
2026-07-11,PE,1-INTRO_SIGNED_PLAYER_INFO_FINISH,4.7,3
2026-07-11,PE,1-6011_USER_TICKET_BALANCE,7.3,3
2026-07-11,PE,1-12001_INTRO_DIRECT_ENTRY_START,8.0,3
2026-07-11,PE,1-ALL_LOAD_FB,1.7,3
2026-07-11,PE,1-INTRO_FB_SUBSCRIBE_BOT,4.0,3
2026-07-11,PE,1-INTRO_GAME_DATA,4.3,3
2026-07-11,PE,1-INTRO_BUNDLE_FINISH,5.3,3
2026-07-11,PE,1-9403_BOOSTER_TRANSACTION_LOG,7.3,3
2026-07-11,PE,1-6030_USER_CITY_STATUS,7.3,3
2026-07-11,PE,1-2110_TUTO_INGAME_INTRO,15.3,3
2026-07-11,PE,1-INTRO_LOGIN,6.3,3
2026-07-11,PE,1-1010_LOAD_COMPLETE,10.7,3
2026-07-11,PE,1-6012_USER_HAMMER_BALANCE,7.3,3
2026-07-11,PE,1-INTRO_SIGNED_PLAYER_INFO,4.0,3
2026-07-11,PE,1-INTRO_BUNDLE,4.0,3
2026-07-11,PE,1-INTRO_FB_FRIEND,4.0,3
2026-07-11,PE,1-INTRO_OBJECT_POOL,6.0,3
2026-07-11,PE,1-FIRST_LOAD_INTRO_Android,3.7,3
2026-07-11,PE,1-INTRO_FB_ENTRY_POINT_FINISH,5.3,3
2026-07-11,PE,1-2151_GAMEPLAY_NRU_MATCHES,42.0,2
2026-07-11,PE,1-2300_GAMEPLAY_FINISH,42.0,2
2026-07-11,PE,1-2150_GAMEPLAY_NRU_CARD_MATCH,23.0,2
2026-07-11,PE,1-2210_GAMEPLAY_COMBO_REWARD,42.0,2
2026-07-11,PE,1-2400_FINISH_RESULT,43.5,2
2026-07-11,PE,1-9402_HAMMER_TRANSACTION_LOG,41.0,2
2026-07-11,PE,1-9990_PLAY_FIRST_TOUCH,22.0,2
2026-07-11,PE,1-2213_GAMEPLAY_DECK_BONUS,40.5,2
2026-07-11,PH,1-FIRST_LOAD_FB_Android,1.8,61
2026-07-11,PH,1-FIRST_LOAD_INTRO_FINISH_Android,4.1,61
2026-07-11,PH,1-FIRST_LOAD_INTRO_START_Android,3.9,61
2026-07-11,PH,1-ALL_LOAD_INTRO_START,3.9,61
2026-07-11,PH,1-INTRO_BUNDLE,9.1,61
2026-07-11,PH,1-9400_GOLD_TRANSACTION_LOG,13.6,61
2026-07-11,PH,1-9403_BOOSTER_TRANSACTION_LOG,13.7,61
2026-07-11,PH,1-INTRO_LOGIN,12.7,61
2026-07-11,PH,1-6040_SETTING_LANGUAGE,10.3,61
2026-07-11,PH,1-INTRO_FB_ENTRY_DATA,10.3,61
2026-07-11,PH,1-INTRO_FB_SUBSCRIBE_BOT_FINISH,10.3,61
2026-07-11,PH,1-INTRO_OBJECT_POOL,10.3,61
2026-07-11,PH,1-INTRO_FB_ENTRY_DATA_FINISH,11.6,61
2026-07-11,PH,1-INTRO_FB_ENTRY_POINT,9.2,61
2026-07-11,PH,1-INTRO_BUNDLE_FINISH,10.2,61
2026-07-11,PH,1-ALL_LOAD_FB,1.8,61
2026-07-11,PH,1-INTRO_FB_FRIEND,9.2,61
2026-07-11,PH,1-ALL_LOAD_INTRO,3.9,61
2026-07-11,PH,1-6000_FRIEND_COUNT,10.1,61
2026-07-11,PH,1-ALL_LOAD_INTRO_FINISH,4.1,61
2026-07-11,PH,1-FIRST_LOAD_INTRO_Android,3.9,61
2026-07-11,PH,1-INTRO_GAME_DATA,9.4,61
2026-07-11,PH,1-INTRO_GAME_DATA_FINISH,11.7,61
2026-07-11,PH,1-INTRO_FB_START_FINISH,0.0,61
2026-07-11,PH,1-INTRO_SIGNED_PLAYER_INFO,9.2,61
2026-07-11,PH,1-INTRO_FB_FRIEND_FINISH,10.1,61
2026-07-11,PH,1-INTRO_FB_SUBSCRIBE_BOT,9.2,61
2026-07-11,PH,1-INTRO_FB_ENTRY_POINT_FINISH,10.2,61
2026-07-11,PH,1-1000_LOGIN_COMPLETE,13.8,61
2026-07-11,PH,1-INTRO_SIGNED_PLAYER_INFO_FINISH,9.5,61
2026-07-11,PH,1-6010_USER_GOLD_BALANCE,14.7,58
2026-07-11,PH,1-6012_USER_HAMMER_BALANCE,14.7,58
2026-07-11,PH,1-6030_USER_CITY_STATUS,14.8,58
2026-07-11,PH,1-6011_USER_TICKET_BALANCE,14.7,58
2026-07-11,PH,1-6020_USER_CURRENT_LEVEL,14.8,58
2026-07-11,PH,1-INTRO_OBJECT_POOL_FINISH,13.8,52
2026-07-11,PH,1-12001_INTRO_DIRECT_ENTRY_START,16.0,51
2026-07-11,PH,1-1010_LOAD_COMPLETE,19.2,47
2026-07-11,PH,1-2100_GAMEPLAY_START,19.1,47
2026-07-11,PH,1-12002_INTRO_DIRECT_ENTRY_END,19.3,47
2026-07-11,PH,1-12000_TEST_TOUCH,21.1,42
2026-07-11,PH,1-2110_TUTO_INGAME_INTRO,25.2,39
2026-07-11,PH,1-2141_TUTO_STEP_COMPLETE,46.0,32
2026-07-11,PH,1-ALL_INTRO_DEBUG_ERROR_98,17.0,21
2026-07-11,PH,1-FIRST_INTRO_DEBUG_ERROR_98_Android,15.5,20
2026-07-11,PH,1-9990_PLAY_FIRST_TOUCH,28.0,13
2026-07-11,PH,1-2150_GAMEPLAY_NRU_CARD_MATCH,30.5,12
2026-07-11,PH,1-2300_GAMEPLAY_FINISH,44.2,10
2026-07-11,PH,1-2210_GAMEPLAY_COMBO_REWARD,44.2,10
2026-07-11,PH,1-9402_HAMMER_TRANSACTION_LOG,43.3,10
2026-07-11,PH,1-2213_GAMEPLAY_DECK_BONUS,42.7,10
2026-07-11,PH,1-2151_GAMEPLAY_NRU_MATCHES,44.2,10
2026-07-11,PH,1-2410_FINISH_RESULT_CLAIM,48.3,10
2026-07-11,PH,1-2400_FINISH_RESULT,46.2,10
2026-07-11,PH,1-ALL_INTRO_DEBUG_ERROR_PASS_AFTER_98,54.7,10
2026-07-11,PH,1-2111_TUTO_DECK_DRAW,51.1,9
2026-07-11,PH,1-FIRST_INTRO_DEBUG_ERROR_PASS_AFTER_98_Android,55.2,9
2026-07-11,PH,1-7180_BTN_DRAW_DECK,56.0,8
2026-07-11,PH,1-5700_LOBBY,80.3,8
2026-07-11,PH,1-2094_PRE_LEVEL_PLAY,87.6,7
2026-07-11,PH,1-2090_PRE_LEVEL_SHOW,85.1,7
2026-07-11,PH,1-2114_TUTO_PRE_LEVEL_POPUP,85.3,7
2026-07-11,PH,1-2510_ENTRY_COST_PAY,87.7,7
2026-07-11,PH,1-3120_TOURNAMENT_CREATE_FAIL,114.2,6
2026-07-11,PH,1-3100_TOURNAMENT_CREATE,113.8,6
2026-07-11,PH,1-NETWORK_TIMEOUT_RETRY,8.2,6
2026-07-11,PH,1-NETWORK_TIMEOUT,8.2,6
2026-07-11,PH,1-8101_CITY_DECO_UPGRADE_TRY,283.0,4
2026-07-11,PH,1-8100_CITY_DECO_POPUP,281.0,4
2026-07-11,PH,1-8105_BTN_CITY_DECO_CLOSE,288.0,4
2026-07-11,PH,1-8102_CITY_DECO_UPGRADE_SUCCESS,283.5,4
2026-07-11,PH,1-11001_GAMEPLAY_FINISH_5,256.3,3
2026-07-11,PH,1-2119_TUTO_STREAK,223.0,3
2026-07-11,PH,1-11003_GAMEPLAY_FINISH_7,378.3,3
2026-07-11,PH,1-5200_LEADERBOARD,264.3,3
2026-07-11,PH,1-6111_IDLE_GOLD_COLLECT_SUCCESS,215.0,3
2026-07-11,PH,1-2125_TUTO_BOOSTER_EXTRADECK,393.3,3
2026-07-11,PH,1-2211_GAMEPLAY_STREAK_METER_FILL,231.7,3
2026-07-11,PH,1-8120_COLLECTION_POPUP,385.0,3
2026-07-11,PH,1-8062_DAILY_CHECKIN_CLAIM_SUCCESS,332.0,3
2026-07-11,PH,1-12020_FRAME_DROP_LOG,126.3,3
2026-07-11,PH,1-6110_IDLE_GOLD_COLLECT_TRY,214.3,3
2026-07-11,PH,1-LOAD_INTRO_START_Android,91.0,3
2026-07-11,PH,1-2122_TUTO_BOOSTER_UNDO,408.7,3
2026-07-11,PH,1-8060_DAILY_CHECKIN_POPUP,329.7,3
2026-07-11,PH,1-2610_GIMMICK_PLUS_CARD_MATCH,181.7,3
2026-07-11,PH,1-2212_GAMEPLAY_STREAK_STAR_EARN,231.7,3
2026-07-11,PH,1-LOAD_INTRO_FINISH_Android,91.0,3
2026-07-11,PH,1-LOAD_INTRO_Android,91.0,3
2026-07-11,PH,1-8064_BTN_DAILY_CHECKIN_CLOSE,333.3,3
2026-07-11,PH,1-2116_TUTO_PLUS_CARD,179.7,3
2026-07-11,PH,1-2124_TUTO_BOOSTER_WILDCARD,340.3,3
2026-07-11,PH,1-LOAD_FB_Android,89.0,3
2026-07-11,PH,1-11002_GAMEPLAY_FINISH_6,323.3,3
2026-07-11,PH,1-11004_GAMEPLAY_FINISH_8,456.0,3
2026-07-11,PH,1-8130_CITY_LIST_POPUP,337.0,3
2026-07-11,PH,1-8131_CITY_LIST_SELECT,371.7,3
2026-07-11,PH,1-2600_GIMMICK_FIRST_APPEAR,179.7,3
2026-07-11,PH,1-8061_DAILY_CHECKIN_CLAIM_TRY,332.0,3
2026-07-11,PH,1-2181_GAMEPLAY_ITEM_WILDCARD_SUCCESS,390.5,2
2026-07-11,PH,1-2123_TUTO_BOOSTER_FIREWORKS,472.5,2
2026-07-11,PH,1-2180_GAMEPLAY_ITEM_WILDCARD_TRY,390.5,2
2026-07-11,PH,1-8050_DAILY_WHEEL_POPUP,501.5,2
2026-07-11,PH,1-INTRO_DEBUG_ERROR_98_Android,114.0,2
2026-07-11,PH,1-8051_DAILY_WHEEL_SPIN_SUCCESS,510.5,2
2026-07-11,PH,1-2091_PRE_LEVEL_BOOSTER_SELECT,474.5,2
2026-07-11,PH,1-2171_GAMEPLAY_ITEM_FIREWORKS_SUCCESS,484.0,2
2026-07-11,PH,1-2093_PRE_LEVEL_BETTING,527.5,2
2026-07-11,PH,1-2190_GAMEPLAY_ITEM_EXTRADECK_TRY,410.5,2
2026-07-11,PH,1-8053_BTN_DAILY_WHEEL_CLOSE,519.5,2
2026-07-11,PH,1-2191_GAMEPLAY_ITEM_EXTRADECK_SUCCESS,411.0,2
2026-07-11,PH,1-2170_GAMEPLAY_ITEM_FIREWORKS_TRY,484.0,2
2026-07-11,PH,1-11005_GAMEPLAY_FINISH_9,495.0,2
2026-07-11,PH,1-2127_TUTO_BETTING_2,525.0,2
2026-07-11,PK,1-6020_USER_CURRENT_LEVEL,79.0,2
2026-07-11,PK,1-INTRO_OBJECT_POOL,75.0,2
2026-07-11,PK,1-INTRO_LOGIN,77.5,2
2026-07-11,PK,1-12001_INTRO_DIRECT_ENTRY_START,98.0,2
2026-07-11,PK,1-INTRO_FB_FRIEND_FINISH,76.0,2
2026-07-11,PK,1-INTRO_FB_ENTRY_POINT,74.0,2
2026-07-11,PK,1-6000_FRIEND_COUNT,76.0,2
2026-07-11,PK,1-INTRO_GAME_DATA_FINISH,76.5,2
2026-07-11,PK,1-INTRO_FB_FRIEND,74.0,2
2026-07-11,PK,1-ALL_LOAD_INTRO_START,57.5,2
2026-07-11,PK,1-1000_LOGIN_COMPLETE,78.5,2
2026-07-11,PK,1-ALL_LOAD_FB,40.5,2
2026-07-11,PK,1-INTRO_SIGNED_PLAYER_INFO_FINISH,74.5,2
2026-07-11,PK,1-INTRO_FB_ENTRY_POINT_FINISH,75.5,2
2026-07-11,PK,1-6011_USER_TICKET_BALANCE,79.0,2
2026-07-11,PK,1-INTRO_GAME_DATA,74.5,2
2026-07-11,PK,1-INTRO_SIGNED_PLAYER_INFO,74.0,2
2026-07-11,PK,1-6030_USER_CITY_STATUS,79.0,2
2026-07-11,PK,1-6010_USER_GOLD_BALANCE,79.0,2
2026-07-11,PK,1-2100_GAMEPLAY_START,118.5,2
2026-07-11,PK,1-INTRO_OBJECT_POOL_FINISH,95.5,2
2026-07-11,PK,1-1010_LOAD_COMPLETE,118.5,2
2026-07-11,PK,1-9403_BOOSTER_TRANSACTION_LOG,78.0,2
2026-07-11,PK,1-12002_INTRO_DIRECT_ENTRY_END,118.5,2
2026-07-11,PK,1-INTRO_FB_START_FINISH,0.0,2
2026-07-11,PK,1-INTRO_FB_ENTRY_DATA,75.5,2
2026-07-11,PK,1-INTRO_FB_SUBSCRIBE_BOT_FINISH,75.5,2
2026-07-11,PK,1-9400_GOLD_TRANSACTION_LOG,78.0,2
2026-07-11,PK,1-ALL_LOAD_INTRO_FINISH,57.5,2
2026-07-11,PK,1-INTRO_BUNDLE_FINISH,75.0,2
2026-07-11,PK,1-6012_USER_HAMMER_BALANCE,79.0,2
2026-07-11,PK,1-ALL_LOAD_INTRO,57.5,2
2026-07-11,PK,1-INTRO_FB_SUBSCRIBE_BOT,74.5,2
2026-07-11,PK,1-INTRO_FB_ENTRY_DATA_FINISH,76.0,2
2026-07-11,PK,1-INTRO_BUNDLE,74.0,2
2026-07-11,PK,1-6040_SETTING_LANGUAGE,75.0,2
2026-07-11,PL,1-INTRO_SIGNED_PLAYER_INFO_FINISH,1.2,9
2026-07-11,PL,1-2510_ENTRY_COST_PAY,52.6,9
2026-07-11,PL,1-9402_HAMMER_TRANSACTION_LOG,18.4,9
2026-07-11,PL,1-6012_USER_HAMMER_BALANCE,2.2,9
2026-07-11,PL,1-ALL_LOAD_INTRO,0.8,9
2026-07-11,PL,1-ALL_LOAD_FB,0.6,9
2026-07-11,PL,1-INTRO_BUNDLE_FINISH,0.9,9
2026-07-11,PL,1-INTRO_FB_SUBSCRIBE_BOT_FINISH,1.3,9
2026-07-11,PL,1-INTRO_BUNDLE,0.8,9
2026-07-11,PL,1-INTRO_FB_SUBSCRIBE_BOT,0.9,9
2026-07-11,PL,1-INTRO_FB_ENTRY_DATA,1.3,9
2026-07-11,PL,1-2090_PRE_LEVEL_SHOW,50.3,9
2026-07-11,PL,1-2210_GAMEPLAY_COMBO_REWARD,19.3,9
2026-07-11,PL,1-6010_USER_GOLD_BALANCE,2.2,9
2026-07-11,PL,1-INTRO_FB_ENTRY_POINT,0.9,9
2026-07-11,PL,1-2114_TUTO_PRE_LEVEL_POPUP,51.1,9
2026-07-11,PL,1-12000_TEST_TOUCH,7.3,9
2026-07-11,PL,1-6000_FRIEND_COUNT,1.3,9
2026-07-11,PL,1-INTRO_LOGIN,1.7,9
2026-07-11,PL,1-3120_TOURNAMENT_CREATE_FAIL,73.6,9
2026-07-11,PL,1-2110_TUTO_INGAME_INTRO,5.3,9
2026-07-11,PL,1-2151_GAMEPLAY_NRU_MATCHES,19.3,9
2026-07-11,PL,1-2111_TUTO_DECK_DRAW,25.9,9
2026-07-11,PL,1-INTRO_OBJECT_POOL_FINISH,1.2,9
2026-07-11,PL,1-12001_INTRO_DIRECT_ENTRY_START,2.3,9
2026-07-11,PL,1-2410_FINISH_RESULT_CLAIM,21.9,9
2026-07-11,PL,1-INTRO_SIGNED_PLAYER_INFO,0.8,9
2026-07-11,PL,1-9403_BOOSTER_TRANSACTION_LOG,2.0,9
2026-07-11,PL,1-INTRO_FB_ENTRY_POINT_FINISH,1.2,9
2026-07-11,PL,1-6020_USER_CURRENT_LEVEL,2.2,9
2026-07-11,PL,1-5700_LOBBY,48.2,9
2026-07-11,PL,1-INTRO_FB_START_FINISH,0.0,9
2026-07-11,PL,1-INTRO_GAME_DATA,0.9,9
2026-07-11,PL,1-1000_LOGIN_COMPLETE,2.0,9
2026-07-11,PL,1-2150_GAMEPLAY_NRU_CARD_MATCH,9.3,9
2026-07-11,PL,1-3100_TOURNAMENT_CREATE,73.3,9
2026-07-11,PL,1-ALL_LOAD_INTRO_FINISH,0.8,9
2026-07-11,PL,1-6040_SETTING_LANGUAGE,0.9,9
2026-07-11,PL,1-INTRO_GAME_DATA_FINISH,1.1,9
2026-07-11,PL,1-7180_BTN_DRAW_DECK,30.9,9
2026-07-11,PL,1-2100_GAMEPLAY_START,3.4,9
2026-07-11,PL,1-ALL_LOAD_INTRO_START,0.8,9
2026-07-11,PL,1-9990_PLAY_FIRST_TOUCH,8.7,9
2026-07-11,PL,1-INTRO_FB_FRIEND_FINISH,1.3,9
2026-07-11,PL,1-INTRO_FB_FRIEND,0.8,9
2026-07-11,PL,1-2141_TUTO_STEP_COMPLETE,7.7,9
2026-07-11,PL,1-9400_GOLD_TRANSACTION_LOG,2.0,9
2026-07-11,PL,1-INTRO_FB_ENTRY_DATA_FINISH,1.7,9
2026-07-11,PL,1-2094_PRE_LEVEL_PLAY,52.6,9
2026-07-11,PL,1-2400_FINISH_RESULT,20.1,9
2026-07-11,PL,1-12002_INTRO_DIRECT_ENTRY_END,3.4,9
2026-07-11,PL,1-2300_GAMEPLAY_FINISH,19.3,9
2026-07-11,PL,1-2213_GAMEPLAY_DECK_BONUS,18.0,9
2026-07-11,PL,1-6030_USER_CITY_STATUS,2.2,9
2026-07-11,PL,1-1010_LOAD_COMPLETE,3.4,9
2026-07-11,PL,1-6011_USER_TICKET_BALANCE,2.2,9
2026-07-11,PL,1-INTRO_OBJECT_POOL,0.9,9
2026-07-11,PL,1-8061_DAILY_CHECKIN_CLAIM_TRY,226.1,8
2026-07-11,PL,1-6111_IDLE_GOLD_COLLECT_SUCCESS,121.1,8
2026-07-11,PL,1-8064_BTN_DAILY_CHECKIN_CLOSE,227.3,8
2026-07-11,PL,1-2211_GAMEPLAY_STREAK_METER_FILL,143.1,8
2026-07-11,PL,1-2116_TUTO_PLUS_CARD,88.6,8
2026-07-11,PL,1-2610_GIMMICK_PLUS_CARD_MATCH,90.9,8
2026-07-11,PL,1-6110_IDLE_GOLD_COLLECT_TRY,120.8,8
2026-07-11,PL,1-2212_GAMEPLAY_STREAK_STAR_EARN,143.1,8
2026-07-11,PL,1-2600_GIMMICK_FIRST_APPEAR,88.6,8
2026-07-11,PL,1-5200_LEADERBOARD,179.6,8
2026-07-11,PL,1-11004_GAMEPLAY_FINISH_8,318.9,8
2026-07-11,PL,1-8062_DAILY_CHECKIN_CLAIM_SUCCESS,226.1,8
2026-07-11,PL,1-2124_TUTO_BOOSTER_WILDCARD,236.4,8
2026-07-11,PL,1-11003_GAMEPLAY_FINISH_7,261.9,8
2026-07-11,PL,1-2122_TUTO_BOOSTER_UNDO,293.0,8
2026-07-11,PL,1-8060_DAILY_CHECKIN_POPUP,224.0,8
2026-07-11,PL,1-11002_GAMEPLAY_FINISH_6,219.0,8
2026-07-11,PL,1-2119_TUTO_STREAK,135.4,8
2026-07-11,PL,1-11001_GAMEPLAY_FINISH_5,164.8,8
2026-07-11,PL,1-8120_COLLECTION_POPUP,269.9,8
2026-07-11,PL,1-2127_TUTO_BETTING_2,412.7,7
2026-07-11,PL,1-FIRST_LOAD_INTRO_START_etc,0.7,7
2026-07-11,PL,1-FIRST_LOAD_FB_etc,0.4,7
2026-07-11,PL,1-FIRST_LOAD_INTRO_etc,0.7,7
2026-07-11,PL,1-2123_TUTO_BOOSTER_FIREWORKS,343.4,7
2026-07-11,PL,1-2091_PRE_LEVEL_BOOSTER_SELECT,345.4,7
2026-07-11,PL,1-11005_GAMEPLAY_FINISH_9,365.9,7
2026-07-11,PL,1-8050_DAILY_WHEEL_POPUP,374.6,7
2026-07-11,PL,1-8053_BTN_DAILY_WHEEL_CLOSE,395.3,7
2026-07-11,PL,1-8051_DAILY_WHEEL_SPIN_SUCCESS,383.4,7
2026-07-11,PL,1-FIRST_LOAD_INTRO_FINISH_etc,0.7,7
2026-07-11,PL,1-2093_PRE_LEVEL_BETTING,415.7,7
2026-07-11,PL,1-2171_GAMEPLAY_ITEM_FIREWORKS_SUCCESS,359.5,6
2026-07-11,PL,1-11006_GAMEPLAY_FINISH_10,436.5,6
2026-07-11,PL,1-2170_GAMEPLAY_ITEM_FIREWORKS_TRY,359.5,6
2026-07-11,PL,1-5100_DAILY_TASK,490.0,5
2026-07-11,PL,1-8100_CITY_DECO_POPUP,207.2,5
2026-07-11,PL,1-8105_BTN_CITY_DECO_CLOSE,212.4,5
2026-07-11,PL,1-2190_GAMEPLAY_ITEM_EXTRADECK_TRY,471.6,5
2026-07-11,PL,1-2191_GAMEPLAY_ITEM_EXTRADECK_SUCCESS,471.8,5
2026-07-11,PL,1-8102_CITY_DECO_UPGRADE_SUCCESS,209.8,5
2026-07-11,PL,1-2125_TUTO_BOOSTER_EXTRADECK,467.8,5
2026-07-11,PL,1-8101_CITY_DECO_UPGRADE_TRY,209.6,5
2026-07-11,PL,1-2160_GAMEPLAY_ITEM_UNDO_TRY,385.8,4
2026-07-11,PL,1-2180_GAMEPLAY_ITEM_WILDCARD_TRY,282.3,4
2026-07-11,PL,1-2181_GAMEPLAY_ITEM_WILDCARD_SUCCESS,282.8,4
2026-07-11,PL,1-5105_BTN_DAILY_TASK_CLOSE,507.0,4
2026-07-11,PL,1-2161_GAMEPLAY_ITEM_UNDO_SUCCESS,385.8,4
2026-07-11,PL,1-4200_RV_START,480.3,3
2026-07-11,PL,1-12020_FRAME_DROP_LOG,370.3,3
2026-07-11,PL,1-8121_COLLECTION_TAB_SWITCH,307.0,3
2026-07-11,PL,1-8130_CITY_LIST_POPUP,268.7,3
2026-07-11,PL,1-5156_DAILY_TASK_CHANGE_TRY,502.0,2
2026-07-11,PL,1-FIRST_LOAD_INTRO_Android,1.0,2
2026-07-11,PL,1-4210_RV_FINISH,525.0,2
2026-07-11,PL,1-FIRST_LOAD_FB_Android,1.0,2
2026-07-11,PL,1-5412_EVENT_RED_CARD_MILESTONE_CLOSE,523.0,2
2026-07-11,PL,1-FIRST_LOAD_INTRO_FINISH_Android,1.0,2
2026-07-11,PL,1-5410_EVENT_RED_CARD_MILESTONE,519.0,2
2026-07-11,PL,1-FIRST_LOAD_INTRO_START_Android,1.0,2
2026-07-11,PT,1-2211_GAMEPLAY_STREAK_METER_FILL,137.0,2
2026-07-11,PT,1-2171_GAMEPLAY_ITEM_FIREWORKS_SUCCESS,406.5,2
2026-07-11,PT,1-6020_USER_CURRENT_LEVEL,2.5,2
2026-07-11,PT,1-6011_USER_TICKET_BALANCE,2.5,2
2026-07-11,PT,1-8062_DAILY_CHECKIN_CLAIM_SUCCESS,243.5,2
2026-07-11,PT,1-8100_CITY_DECO_POPUP,303.0,2
2026-07-11,PT,1-FIRST_LOAD_FB_etc,1.0,2
2026-07-11,PT,1-8102_CITY_DECO_UPGRADE_SUCCESS,305.0,2
2026-07-11,PT,1-ALL_LOAD_INTRO_FINISH,1.0,2
2026-07-11,PT,1-8105_BTN_CITY_DECO_CLOSE,313.0,2
2026-07-11,PT,1-2090_PRE_LEVEL_SHOW,47.0,2
2026-07-11,PT,1-9400_GOLD_TRANSACTION_LOG,2.0,2
2026-07-11,PT,1-11001_GAMEPLAY_FINISH_5,160.0,2
2026-07-11,PT,1-9402_HAMMER_TRANSACTION_LOG,18.0,2
2026-07-11,PT,1-6012_USER_HAMMER_BALANCE,2.5,2
2026-07-11,PT,1-INTRO_FB_ENTRY_DATA_FINISH,1.5,2
2026-07-11,PT,1-2510_ENTRY_COST_PAY,48.5,2
2026-07-11,PT,1-INTRO_FB_SUBSCRIBE_BOT_FINISH,1.5,2
2026-07-11,PT,1-INTRO_FB_SUBSCRIBE_BOT,1.0,2
2026-07-11,PT,1-8064_BTN_DAILY_CHECKIN_CLOSE,245.0,2
2026-07-11,PT,1-11003_GAMEPLAY_FINISH_7,288.0,2
2026-07-11,PT,1-INTRO_SIGNED_PLAYER_INFO,1.0,2
2026-07-11,PT,1-12002_INTRO_DIRECT_ENTRY_END,3.0,2
2026-07-11,PT,1-2119_TUTO_STREAK,123.0,2
2026-07-11,PT,1-2300_GAMEPLAY_FINISH,19.0,2
2026-07-11,PT,1-INTRO_GAME_DATA,1.0,2
2026-07-11,PT,1-INTRO_GAME_DATA_FINISH,1.5,2
2026-07-11,PT,1-5200_LEADERBOARD,165.5,2
2026-07-11,PT,1-6111_IDLE_GOLD_COLLECT_SUCCESS,115.0,2
2026-07-11,PT,1-INTRO_FB_FRIEND_FINISH,1.0,2
2026-07-11,PT,1-ALL_LOAD_FB,1.0,2
2026-07-11,PT,1-9403_BOOSTER_TRANSACTION_LOG,2.0,2
2026-07-11,PT,1-9990_PLAY_FIRST_TOUCH,8.5,2
2026-07-11,PT,1-2123_TUTO_BOOSTER_FIREWORKS,387.0,2
2026-07-11,PT,1-8051_DAILY_WHEEL_SPIN_SUCCESS,438.5,2
2026-07-11,PT,1-7180_BTN_DRAW_DECK,29.0,2
2026-07-11,PT,1-3120_TOURNAMENT_CREATE_FAIL,71.0,2
2026-07-11,PT,1-2212_GAMEPLAY_STREAK_STAR_EARN,137.0,2
2026-07-11,PT,1-2100_GAMEPLAY_START,3.0,2
2026-07-11,PT,1-1010_LOAD_COMPLETE,3.0,2
2026-07-11,PT,1-2122_TUTO_BOOSTER_UNDO,328.0,2
2026-07-11,PT,1-2141_TUTO_STEP_COMPLETE,7.5,2
2026-07-11,PT,1-2151_GAMEPLAY_NRU_MATCHES,19.0,2
2026-07-11,PT,1-3100_TOURNAMENT_CREATE,70.5,2
2026-07-11,PT,1-6110_IDLE_GOLD_COLLECT_TRY,114.5,2
2026-07-11,PT,1-8050_DAILY_WHEEL_POPUP,430.0,2
2026-07-11,PT,1-2610_GIMMICK_PLUS_CARD_MATCH,84.0,2
2026-07-11,PT,1-11002_GAMEPLAY_FINISH_6,232.0,2
2026-07-11,PT,1-FIRST_LOAD_INTRO_START_etc,1.0,2
2026-07-11,PT,1-INTRO_SIGNED_PLAYER_INFO_FINISH,1.0,2
2026-07-11,PT,1-INTRO_FB_ENTRY_POINT_FINISH,1.5,2
2026-07-11,PT,1-INTRO_FB_START_FINISH,0.0,2
2026-07-11,PT,1-8060_DAILY_CHECKIN_POPUP,240.0,2
2026-07-11,PT,1-2124_TUTO_BOOSTER_WILDCARD,251.0,2
2026-07-11,PT,1-11004_GAMEPLAY_FINISH_8,355.0,2
2026-07-11,PT,1-2400_FINISH_RESULT,20.0,2
2026-07-11,PT,1-2114_TUTO_PRE_LEVEL_POPUP,47.5,2
2026-07-11,PT,1-6030_USER_CITY_STATUS,2.5,2
2026-07-11,PT,1-2111_TUTO_DECK_DRAW,24.5,2
2026-07-11,PT,1-8061_DAILY_CHECKIN_CLAIM_TRY,243.5,2
2026-07-11,PT,1-INTRO_FB_ENTRY_POINT,1.0,2
2026-07-11,PT,1-INTRO_BUNDLE_FINISH,1.5,2
2026-07-11,PT,1-2600_GIMMICK_FIRST_APPEAR,82.0,2
2026-07-11,PT,1-INTRO_FB_FRIEND,1.0,2
2026-07-11,PT,1-2213_GAMEPLAY_DECK_BONUS,17.5,2
2026-07-11,PT,1-1000_LOGIN_COMPLETE,2.0,2
2026-07-11,PT,1-5700_LOBBY,45.0,2
2026-07-11,PT,1-INTRO_LOGIN,1.5,2
2026-07-11,PT,1-INTRO_OBJECT_POOL_FINISH,1.5,2
2026-07-11,PT,1-INTRO_BUNDLE,1.0,2
2026-07-11,PT,1-12000_TEST_TOUCH,7.0,2
2026-07-11,PT,1-6040_SETTING_LANGUAGE,1.5,2
2026-07-11,PT,1-2110_TUTO_INGAME_INTRO,5.0,2
2026-07-11,PT,1-INTRO_OBJECT_POOL,1.5,2
2026-07-11,PT,1-6000_FRIEND_COUNT,1.0,2
2026-07-11,PT,1-8120_COLLECTION_POPUP,294.5,2
2026-07-11,PT,1-2116_TUTO_PLUS_CARD,82.0,2
2026-07-11,PT,1-2170_GAMEPLAY_ITEM_FIREWORKS_TRY,406.5,2
2026-07-11,PT,1-ALL_LOAD_INTRO,1.0,2
2026-07-11,PT,1-2094_PRE_LEVEL_PLAY,48.5,2
2026-07-11,PT,1-ALL_LOAD_INTRO_START,1.0,2
2026-07-11,PT,1-8101_CITY_DECO_UPGRADE_TRY,304.5,2
2026-07-11,PT,1-FIRST_LOAD_INTRO_FINISH_etc,1.0,2
2026-07-11,PT,1-2410_FINISH_RESULT_CLAIM,21.0,2
2026-07-11,PT,1-2150_GAMEPLAY_NRU_CARD_MATCH,9.0,2
2026-07-11,PT,1-FIRST_LOAD_INTRO_etc,1.0,2
2026-07-11,PT,1-INTRO_FB_ENTRY_DATA,1.5,2
2026-07-11,PT,1-2091_PRE_LEVEL_BOOSTER_SELECT,388.5,2
2026-07-11,PT,1-2210_GAMEPLAY_COMBO_REWARD,19.0,2
2026-07-11,PT,1-11005_GAMEPLAY_FINISH_9,413.5,2
2026-07-11,PT,1-6010_USER_GOLD_BALANCE,2.5,2
2026-07-11,PT,1-12001_INTRO_DIRECT_ENTRY_START,2.5,2
2026-07-11,PY,1-FIRST_LOAD_INTRO_START_Android,4.0,2
2026-07-11,PY,1-INTRO_FB_ENTRY_POINT_FINISH,5.0,2
2026-07-11,PY,1-6010_USER_GOLD_BALANCE,8.5,2
2026-07-11,PY,1-INTRO_SIGNED_PLAYER_INFO,4.0,2
2026-07-11,PY,1-INTRO_OBJECT_POOL,5.5,2
2026-07-11,PY,1-9403_BOOSTER_TRANSACTION_LOG,6.5,2
2026-07-11,PY,1-12001_INTRO_DIRECT_ENTRY_START,13.5,2
2026-07-11,PY,1-ALL_LOAD_INTRO_FINISH,4.0,2
2026-07-11,PY,1-INTRO_FB_SUBSCRIBE_BOT,4.0,2
2026-07-11,PY,1-INTRO_FB_SUBSCRIBE_BOT_FINISH,5.0,2
2026-07-11,PY,1-6030_USER_CITY_STATUS,9.0,2
2026-07-11,PY,1-1000_LOGIN_COMPLETE,7.0,2
2026-07-11,PY,1-ALL_LOAD_INTRO_START,4.0,2
2026-07-11,PY,1-INTRO_FB_ENTRY_DATA,5.0,2
2026-07-11,PY,1-ALL_LOAD_FB,2.0,2
2026-07-11,PY,1-INTRO_FB_FRIEND_FINISH,4.5,2
2026-07-11,PY,1-INTRO_BUNDLE_FINISH,5.5,2
2026-07-11,PY,1-FIRST_LOAD_FB_Android,2.0,2
2026-07-11,PY,1-6011_USER_TICKET_BALANCE,8.5,2
2026-07-11,PY,1-INTRO_BUNDLE,4.0,2
2026-07-11,PY,1-2100_GAMEPLAY_START,16.0,2
2026-07-11,PY,1-INTRO_GAME_DATA_FINISH,5.5,2
2026-07-11,PY,1-6012_USER_HAMMER_BALANCE,9.0,2
2026-07-11,PY,1-6040_SETTING_LANGUAGE,5.5,2
2026-07-11,PY,1-ALL_LOAD_INTRO,3.5,2
2026-07-11,PY,1-FIRST_LOAD_INTRO_FINISH_Android,4.0,2
2026-07-11,PY,1-INTRO_GAME_DATA,4.0,2
2026-07-11,PY,1-INTRO_FB_START_FINISH,0.0,2
2026-07-11,PY,1-9400_GOLD_TRANSACTION_LOG,6.5,2
2026-07-11,PY,1-FIRST_LOAD_INTRO_Android,3.5,2
2026-07-11,PY,1-12000_TEST_TOUCH,7.5,2
2026-07-11,PY,1-INTRO_OBJECT_POOL_FINISH,13.0,2
2026-07-11,PY,1-INTRO_SIGNED_PLAYER_INFO_FINISH,4.5,2
2026-07-11,PY,1-INTRO_FB_ENTRY_DATA_FINISH,6.0,2
2026-07-11,PY,1-INTRO_LOGIN,6.0,2
2026-07-11,PY,1-6020_USER_CURRENT_LEVEL,9.0,2
2026-07-11,PY,1-6000_FRIEND_COUNT,4.5,2
2026-07-11,PY,1-INTRO_FB_ENTRY_POINT,4.0,2
2026-07-11,PY,1-INTRO_FB_FRIEND,4.0,2
2026-07-11,PY,1-12002_INTRO_DIRECT_ENTRY_END,16.5,2
2026-07-11,PY,1-1010_LOAD_COMPLETE,16.5,2
2026-07-11,RS,1-INTRO_FB_FRIEND_FINISH,3.0,2
2026-07-11,RS,1-6010_USER_GOLD_BALANCE,4.0,2
2026-07-11,RS,1-12001_INTRO_DIRECT_ENTRY_START,4.5,2
2026-07-11,RS,1-6030_USER_CITY_STATUS,4.5,2
2026-07-11,RS,1-NETWORK_TIMEOUT,18.0,2
2026-07-11,RS,1-INTRO_FB_START_FINISH,0.0,2
2026-07-11,RS,1-ALL_LOAD_INTRO,1.5,2
2026-07-11,RS,1-ALL_LOAD_INTRO_FINISH,2.0,2
2026-07-11,RS,1-NETWORK_TIMEOUT_RETRY,19.0,2
2026-07-11,RS,1-INTRO_FB_ENTRY_DATA_FINISH,3.0,2
2026-07-11,RS,1-INTRO_GAME_DATA,2.0,2
2026-07-11,RS,1-1000_LOGIN_COMPLETE,3.5,2
2026-07-11,RS,1-INTRO_LOGIN,3.5,2
2026-07-11,RS,1-6020_USER_CURRENT_LEVEL,4.0,2
2026-07-11,RS,1-INTRO_GAME_DATA_FINISH,3.0,2
2026-07-11,RS,1-INTRO_SIGNED_PLAYER_INFO,2.0,2
2026-07-11,RS,1-INTRO_FB_FRIEND,2.0,2
2026-07-11,RS,1-INTRO_FB_SUBSCRIBE_BOT_FINISH,2.5,2
2026-07-11,RS,1-ALL_LOAD_INTRO_START,1.5,2
2026-07-11,RS,1-INTRO_OBJECT_POOL_FINISH,2.5,2
2026-07-11,RS,1-INTRO_FB_ENTRY_DATA,2.5,2
2026-07-11,RS,1-9403_BOOSTER_TRANSACTION_LOG,3.5,2
2026-07-11,RS,1-6040_SETTING_LANGUAGE,2.0,2
2026-07-11,RS,1-6000_FRIEND_COUNT,3.0,2
2026-07-11,RS,1-INTRO_FB_ENTRY_POINT_FINISH,2.5,2
2026-07-11,RS,1-INTRO_OBJECT_POOL,2.0,2
2026-07-11,RS,1-9400_GOLD_TRANSACTION_LOG,3.5,2
2026-07-11,RS,1-INTRO_SIGNED_PLAYER_INFO_FINISH,2.0,2
2026-07-11,RS,1-INTRO_FB_SUBSCRIBE_BOT,2.0,2
2026-07-11,RS,1-INTRO_FB_ENTRY_POINT,2.0,2
2026-07-11,RS,1-ALL_LOAD_FB,1.0,2
2026-07-11,RS,1-INTRO_BUNDLE_FINISH,2.0,2
2026-07-11,RS,1-6012_USER_HAMMER_BALANCE,4.0,2
2026-07-11,RS,1-6011_USER_TICKET_BALANCE,4.0,2
2026-07-11,RS,1-INTRO_BUNDLE,2.0,2
2026-07-11,SD,1-INTRO_SIGNED_PLAYER_INFO_FINISH,15.3,4
2026-07-11,SD,1-12001_INTRO_DIRECT_ENTRY_START,25.8,4
2026-07-11,SD,1-12002_INTRO_DIRECT_ENTRY_END,31.0,4
2026-07-11,SD,1-6010_USER_GOLD_BALANCE,25.0,4
2026-07-11,SD,1-9403_BOOSTER_TRANSACTION_LOG,24.3,4
2026-07-11,SD,1-INTRO_FB_FRIEND,14.8,4
2026-07-11,SD,1-1000_LOGIN_COMPLETE,24.8,4
2026-07-11,SD,1-6020_USER_CURRENT_LEVEL,25.3,4
2026-07-11,SD,1-INTRO_BUNDLE_FINISH,21.8,4
2026-07-11,SD,1-ALL_LOAD_INTRO,14.0,4
2026-07-11,SD,1-6012_USER_HAMMER_BALANCE,25.3,4
2026-07-11,SD,1-INTRO_OBJECT_POOL,21.8,4
2026-07-11,SD,1-6000_FRIEND_COUNT,15.3,4
2026-07-11,SD,1-INTRO_LOGIN,23.3,4
2026-07-11,SD,1-FIRST_LOAD_INTRO_Android,14.0,4
2026-07-11,SD,1-6011_USER_TICKET_BALANCE,25.3,4
2026-07-11,SD,1-6040_SETTING_LANGUAGE,21.8,4
2026-07-11,SD,1-INTRO_FB_ENTRY_POINT_FINISH,15.8,4
2026-07-11,SD,1-INTRO_FB_SUBSCRIBE_BOT,14.8,4
2026-07-11,SD,1-FIRST_LOAD_INTRO_FINISH_Android,14.5,4
2026-07-11,SD,1-INTRO_BUNDLE,14.8,4
2026-07-11,SD,1-ALL_LOAD_FB,9.8,4
2026-07-11,SD,1-INTRO_OBJECT_POOL_FINISH,23.0,4
2026-07-11,SD,1-INTRO_FB_FRIEND_FINISH,14.8,4
2026-07-11,SD,1-6030_USER_CITY_STATUS,25.5,4
2026-07-11,SD,1-2110_TUTO_INGAME_INTRO,33.0,4
2026-07-11,SD,1-1010_LOAD_COMPLETE,30.8,4
2026-07-11,SD,1-ALL_LOAD_INTRO_FINISH,14.5,4
2026-07-11,SD,1-INTRO_SIGNED_PLAYER_INFO,14.8,4
2026-07-11,SD,1-FIRST_LOAD_INTRO_START_Android,14.0,4
2026-07-11,SD,1-INTRO_FB_ENTRY_DATA_FINISH,18.8,4
2026-07-11,SD,1-FIRST_LOAD_FB_Android,9.8,4
2026-07-11,SD,1-ALL_LOAD_INTRO_START,14.0,4
2026-07-11,SD,1-INTRO_FB_START_FINISH,0.0,4
2026-07-11,SD,1-INTRO_FB_ENTRY_POINT,14.8,4
2026-07-11,SD,1-INTRO_FB_SUBSCRIBE_BOT_FINISH,15.8,4
2026-07-11,SD,1-INTRO_GAME_DATA,14.8,4
2026-07-11,SD,1-2100_GAMEPLAY_START,30.8,4
2026-07-11,SD,1-INTRO_FB_ENTRY_DATA,16.3,4
2026-07-11,SD,1-9400_GOLD_TRANSACTION_LOG,24.0,4
2026-07-11,SD,1-INTRO_GAME_DATA_FINISH,21.0,4
2026-07-11,SD,1-12000_TEST_TOUCH,14.0,3
2026-07-11,SD,1-NETWORK_TIMEOUT_RETRY,39.5,2
2026-07-11,SD,1-9990_PLAY_FIRST_TOUCH,33.5,2
2026-07-11,SD,1-FIRST_INTRO_DEBUG_ERROR_98_Android,17.0,2
2026-07-11,SD,1-2141_TUTO_STEP_COMPLETE,32.5,2
2026-07-11,SD,1-NETWORK_TIMEOUT,39.5,2
2026-07-11,SD,1-ALL_INTRO_DEBUG_ERROR_PASS_AFTER_98,24.0,2
2026-07-11,SD,1-FIRST_INTRO_DEBUG_ERROR_PASS_AFTER_98_Android,24.0,2
2026-07-11,SD,1-ALL_INTRO_DEBUG_ERROR_98,17.0,2
2026-07-11,SD,1-2150_GAMEPLAY_NRU_CARD_MATCH,38.5,2
2026-07-11,SG,1-INTRO_OBJECT_POOL,6.0,2
2026-07-11,SG,1-ALL_LOAD_INTRO,4.5,2
2026-07-11,SG,1-ALL_LOAD_INTRO_START,4.5,2
2026-07-11,SG,1-INTRO_BUNDLE_FINISH,6.0,2
2026-07-11,SG,1-6040_SETTING_LANGUAGE,6.0,2
2026-07-11,SG,1-6030_USER_CITY_STATUS,8.0,2
2026-07-11,SG,1-6000_FRIEND_COUNT,5.5,2
2026-07-11,SG,1-6010_USER_GOLD_BALANCE,8.0,2
2026-07-11,SG,1-INTRO_FB_SUBSCRIBE_BOT_FINISH,6.5,2
2026-07-11,SG,1-INTRO_FB_ENTRY_DATA_FINISH,7.0,2
2026-07-11,SG,1-INTRO_FB_SUBSCRIBE_BOT,5.0,2
2026-07-11,SG,1-INTRO_FB_START_FINISH,0.0,2
2026-07-11,SG,1-INTRO_GAME_DATA,5.0,2
2026-07-11,SG,1-INTRO_BUNDLE,5.0,2
2026-07-11,SG,1-9403_BOOSTER_TRANSACTION_LOG,7.5,2
2026-07-11,SG,1-INTRO_GAME_DATA_FINISH,6.5,2
2026-07-11,SG,1-9400_GOLD_TRANSACTION_LOG,7.5,2
2026-07-11,SG,1-INTRO_SIGNED_PLAYER_INFO_FINISH,5.5,2
2026-07-11,SG,1-1000_LOGIN_COMPLETE,8.0,2
2026-07-11,SG,1-INTRO_FB_ENTRY_DATA,6.5,2
2026-07-11,SG,1-INTRO_FB_FRIEND,5.0,2
2026-07-11,SG,1-INTRO_SIGNED_PLAYER_INFO,5.0,2
2026-07-11,SG,1-6012_USER_HAMMER_BALANCE,8.0,2
2026-07-11,SG,1-INTRO_FB_FRIEND_FINISH,5.5,2
2026-07-11,SG,1-INTRO_LOGIN,7.0,2
2026-07-11,SG,1-6011_USER_TICKET_BALANCE,8.0,2
2026-07-11,SG,1-6020_USER_CURRENT_LEVEL,8.0,2
2026-07-11,SG,1-ALL_LOAD_INTRO_FINISH,4.5,2
2026-07-11,SG,1-ALL_LOAD_FB,1.5,2
2026-07-11,SG,1-INTRO_FB_ENTRY_POINT_FINISH,6.5,2
2026-07-11,SG,1-INTRO_FB_ENTRY_POINT,5.0,2
2026-07-11,TH,1-INTRO_FB_ENTRY_DATA_FINISH,11.9,14
2026-07-11,TH,1-12001_INTRO_DIRECT_ENTRY_START,14.6,14
2026-07-11,TH,1-12002_INTRO_DIRECT_ENTRY_END,18.6,14
2026-07-11,TH,1-INTRO_FB_START_FINISH,0.0,14
2026-07-11,TH,1-INTRO_FB_SUBSCRIBE_BOT,10.4,14
2026-07-11,TH,1-ALL_LOAD_INTRO,3.1,14
2026-07-11,TH,1-INTRO_GAME_DATA_FINISH,11.6,14
2026-07-11,TH,1-ALL_LOAD_INTRO_START,3.1,14
2026-07-11,TH,1-6020_USER_CURRENT_LEVEL,13.6,14
2026-07-11,TH,1-9400_GOLD_TRANSACTION_LOG,12.9,14
2026-07-11,TH,1-INTRO_BUNDLE,10.4,14
2026-07-11,TH,1-6000_FRIEND_COUNT,11.4,14
2026-07-11,TH,1-INTRO_FB_FRIEND,10.4,14
2026-07-11,TH,1-6030_USER_CITY_STATUS,13.6,14
2026-07-11,TH,1-INTRO_OBJECT_POOL_FINISH,12.8,14
2026-07-11,TH,1-INTRO_FB_ENTRY_DATA,11.0,14
2026-07-11,TH,1-INTRO_FB_ENTRY_POINT,10.4,14
2026-07-11,TH,1-INTRO_SIGNED_PLAYER_INFO,10.4,14
2026-07-11,TH,1-6010_USER_GOLD_BALANCE,13.5,14
2026-07-11,TH,1-INTRO_FB_FRIEND_FINISH,11.4,14
2026-07-11,TH,1-ALL_LOAD_INTRO_FINISH,9.6,14
2026-07-11,TH,1-INTRO_OBJECT_POOL,11.1,14
2026-07-11,TH,1-1000_LOGIN_COMPLETE,13.1,14
2026-07-11,TH,1-INTRO_SIGNED_PLAYER_INFO_FINISH,10.7,14
2026-07-11,TH,1-6040_SETTING_LANGUAGE,11.1,14
2026-07-11,TH,1-INTRO_FB_ENTRY_POINT_FINISH,11.0,14
2026-07-11,TH,1-INTRO_GAME_DATA,10.5,14
2026-07-11,TH,1-ALL_LOAD_FB,1.1,14
2026-07-11,TH,1-INTRO_LOGIN,12.6,14
2026-07-11,TH,1-1010_LOAD_COMPLETE,25.0,14
2026-07-11,TH,1-INTRO_BUNDLE_FINISH,11.1,14
2026-07-11,TH,1-6012_USER_HAMMER_BALANCE,13.5,14
2026-07-11,TH,1-2100_GAMEPLAY_START,25.0,14
2026-07-11,TH,1-9403_BOOSTER_TRANSACTION_LOG,12.9,14
2026-07-11,TH,1-INTRO_FB_SUBSCRIBE_BOT_FINISH,11.2,14
2026-07-11,TH,1-6011_USER_TICKET_BALANCE,13.5,14
2026-07-11,TH,1-2110_TUTO_INGAME_INTRO,22.2,12
2026-07-11,TH,1-12000_TEST_TOUCH,22.8,12
2026-07-11,TH,1-FIRST_LOAD_INTRO_Android,2.5,11
2026-07-11,TH,1-2141_TUTO_STEP_COMPLETE,33.6,11
2026-07-11,TH,1-FIRST_LOAD_INTRO_START_Android,2.5,11
2026-07-11,TH,1-FIRST_LOAD_FB_Android,1.2,11
2026-07-11,TH,1-FIRST_LOAD_INTRO_FINISH_Android,2.8,11
2026-07-11,TH,1-9990_PLAY_FIRST_TOUCH,69.9,7
2026-07-11,TH,1-2150_GAMEPLAY_NRU_CARD_MATCH,71.3,7
2026-07-11,TH,1-2151_GAMEPLAY_NRU_MATCHES,31.6,5
2026-07-11,TH,1-2210_GAMEPLAY_COMBO_REWARD,31.6,5
2026-07-11,TH,1-2400_FINISH_RESULT,33.2,5
2026-07-11,TH,1-ALL_INTRO_DEBUG_ERROR_98,33.0,5
2026-07-11,TH,1-2300_GAMEPLAY_FINISH,31.6,5
2026-07-11,TH,1-2213_GAMEPLAY_DECK_BONUS,30.6,5
2026-07-11,TH,1-9402_HAMMER_TRANSACTION_LOG,31.0,5
2026-07-11,TH,1-5700_LOBBY,64.0,4
2026-07-11,TH,1-2111_TUTO_DECK_DRAW,39.3,4
2026-07-11,TH,1-2510_ENTRY_COST_PAY,68.8,4
2026-07-11,TH,1-2090_PRE_LEVEL_SHOW,66.3,4
2026-07-11,TH,1-ALL_INTRO_DEBUG_ERROR_PASS_AFTER_98,46.5,4
2026-07-11,TH,1-FIRST_INTRO_DEBUG_ERROR_98_Android,13.5,4
2026-07-11,TH,1-2114_TUTO_PRE_LEVEL_POPUP,66.8,4
2026-07-11,TH,1-7180_BTN_DRAW_DECK,44.3,4
2026-07-11,TH,1-2094_PRE_LEVEL_PLAY,68.8,4
2026-07-11,TH,1-2410_FINISH_RESULT_CLAIM,35.3,4
2026-07-11,TH,1-8101_CITY_DECO_UPGRADE_TRY,265.7,3
2026-07-11,TH,1-3100_TOURNAMENT_CREATE,90.0,3
2026-07-11,TH,1-2600_GIMMICK_FIRST_APPEAR,247.0,3
2026-07-11,TH,1-8025_BTN_SETTING_CLOSE,118.0,3
2026-07-11,TH,1-8105_BTN_CITY_DECO_CLOSE,267.7,3
2026-07-11,TH,1-LOAD_FB_Android,173.3,3
2026-07-11,TH,1-2116_TUTO_PLUS_CARD,247.0,3
2026-07-11,TH,1-LOAD_INTRO_Android,179.0,3
2026-07-11,TH,1-FIRST_INTRO_DEBUG_ERROR_PASS_AFTER_98_Android,16.0,3
2026-07-11,TH,1-6111_IDLE_GOLD_COLLECT_SUCCESS,280.0,3
2026-07-11,TH,1-8100_CITY_DECO_POPUP,264.0,3
2026-07-11,TH,1-LOAD_INTRO_START_Android,179.3,3
2026-07-11,TH,1-8020_SETTING_POPUP,114.0,3
2026-07-11,TH,1-3120_TOURNAMENT_CREATE_FAIL,90.0,3
2026-07-11,TH,1-2610_GIMMICK_PLUS_CARD_MATCH,247.7,3
2026-07-11,TH,1-LOAD_INTRO_FINISH_Android,208.3,3
2026-07-11,TH,1-8102_CITY_DECO_UPGRADE_SUCCESS,266.0,3
2026-07-11,TH,1-6110_IDLE_GOLD_COLLECT_TRY,280.0,3
2026-07-11,TH,1-8022_BTN_SETTING_SOUND,131.0,2
2026-07-11,TH,1-5200_LEADERBOARD,419.0,2
2026-07-11,TH,1-2212_GAMEPLAY_STREAK_STAR_EARN,389.5,2
2026-07-11,TH,1-NETWORK_TIMEOUT_RETRY,72.0,2
2026-07-11,TH,1-INTRO_DEBUG_ERROR_98_Android,91.5,2
2026-07-11,TH,1-2119_TUTO_STREAK,381.0,2
2026-07-11,TH,1-8021_BTN_SETTING_MUSIC,131.0,2
2026-07-11,TH,1-2211_GAMEPLAY_STREAK_METER_FILL,389.5,2
2026-07-11,TH,1-11001_GAMEPLAY_FINISH_5,409.0,2
2026-07-11,TH,1-NETWORK_TIMEOUT,72.0,2
2026-07-11,TR,1-INTRO_OBJECT_POOL_FINISH,4.3,7
2026-07-11,TR,1-9403_BOOSTER_TRANSACTION_LOG,4.9,7
2026-07-11,TR,1-1010_LOAD_COMPLETE,8.7,7
2026-07-11,TR,1-6040_SETTING_LANGUAGE,3.4,7
2026-07-11,TR,1-INTRO_OBJECT_POOL,3.4,7
2026-07-11,TR,1-12001_INTRO_DIRECT_ENTRY_START,5.7,7
2026-07-11,TR,1-9400_GOLD_TRANSACTION_LOG,4.9,7
2026-07-11,TR,1-INTRO_FB_SUBSCRIBE_BOT_FINISH,3.6,7
2026-07-11,TR,1-ALL_LOAD_FB,0.7,7
2026-07-11,TR,1-INTRO_BUNDLE,2.3,7
2026-07-11,TR,1-INTRO_FB_SUBSCRIBE_BOT,2.3,7
2026-07-11,TR,1-INTRO_FB_ENTRY_DATA,3.6,7
2026-07-11,TR,1-2100_GAMEPLAY_START,8.4,7
2026-07-11,TR,1-6020_USER_CURRENT_LEVEL,5.4,7
2026-07-11,TR,1-INTRO_FB_FRIEND,2.3,7
2026-07-11,TR,1-6012_USER_HAMMER_BALANCE,5.4,7
2026-07-11,TR,1-INTRO_FB_FRIEND_FINISH,3.1,7
2026-07-11,TR,1-INTRO_SIGNED_PLAYER_INFO,2.3,7
2026-07-11,TR,1-6011_USER_TICKET_BALANCE,5.4,7
2026-07-11,TR,1-1000_LOGIN_COMPLETE,4.9,7
2026-07-11,TR,1-INTRO_FB_ENTRY_POINT_FINISH,3.6,7
2026-07-11,TR,1-6030_USER_CITY_STATUS,5.4,7
2026-07-11,TR,1-6000_FRIEND_COUNT,3.1,7
2026-07-11,TR,1-INTRO_SIGNED_PLAYER_INFO_FINISH,2.6,7
2026-07-11,TR,1-ALL_LOAD_INTRO_FINISH,2.3,7
2026-07-11,TR,1-6010_USER_GOLD_BALANCE,5.3,7
2026-07-11,TR,1-ALL_LOAD_INTRO_START,2.1,7
2026-07-11,TR,1-INTRO_FB_START_FINISH,0.0,7
2026-07-11,TR,1-12002_INTRO_DIRECT_ENTRY_END,8.9,7
2026-07-11,TR,1-INTRO_FB_ENTRY_POINT,2.3,7
2026-07-11,TR,1-INTRO_FB_ENTRY_DATA_FINISH,4.4,7
2026-07-11,TR,1-INTRO_BUNDLE_FINISH,3.4,7
2026-07-11,TR,1-INTRO_LOGIN,4.6,7
2026-07-11,TR,1-INTRO_GAME_DATA_FINISH,4.0,7
2026-07-11,TR,1-INTRO_GAME_DATA,2.6,7
2026-07-11,TR,1-ALL_LOAD_INTRO,2.0,7
2026-07-11,TR,1-12000_TEST_TOUCH,11.2,6
2026-07-11,TR,1-2110_TUTO_INGAME_INTRO,12.3,6
2026-07-11,TR,1-2141_TUTO_STEP_COMPLETE,17.0,5
2026-07-11,TR,1-9402_HAMMER_TRANSACTION_LOG,27.0,4
2026-07-11,TR,1-3100_TOURNAMENT_CREATE,91.0,4
2026-07-11,TR,1-2119_TUTO_STREAK,174.5,4
2026-07-11,TR,1-9990_PLAY_FIRST_TOUCH,16.0,4
2026-07-11,TR,1-2600_GIMMICK_FIRST_APPEAR,119.0,4
2026-07-11,TR,1-2510_ENTRY_COST_PAY,67.0,4
2026-07-11,TR,1-2151_GAMEPLAY_NRU_MATCHES,28.0,4
2026-07-11,TR,1-2116_TUTO_PLUS_CARD,119.0,4
2026-07-11,TR,1-2150_GAMEPLAY_NRU_CARD_MATCH,18.8,4
2026-07-11,TR,1-2114_TUTO_PRE_LEVEL_POPUP,65.3,4
2026-07-11,TR,1-2300_GAMEPLAY_FINISH,28.3,4
2026-07-11,TR,1-FIRST_LOAD_FB_Android,0.8,4
2026-07-11,TR,1-6111_IDLE_GOLD_COLLECT_SUCCESS,154.3,4
2026-07-11,TR,1-6110_IDLE_GOLD_COLLECT_TRY,154.0,4
2026-07-11,TR,1-2400_FINISH_RESULT,30.5,4
2026-07-11,TR,1-FIRST_LOAD_INTRO_FINISH_Android,2.0,4
2026-07-11,TR,1-2094_PRE_LEVEL_PLAY,67.0,4
2026-07-11,TR,1-2210_GAMEPLAY_COMBO_REWARD,28.3,4
2026-07-11,TR,1-2610_GIMMICK_PLUS_CARD_MATCH,120.5,4
2026-07-11,TR,1-2111_TUTO_DECK_DRAW,37.5,4
2026-07-11,TR,1-2213_GAMEPLAY_DECK_BONUS,27.0,4
2026-07-11,TR,1-3120_TOURNAMENT_CREATE_FAIL,92.5,4
2026-07-11,TR,1-2410_FINISH_RESULT_CLAIM,31.8,4
2026-07-11,TR,1-7180_BTN_DRAW_DECK,42.3,4
2026-07-11,TR,1-FIRST_LOAD_INTRO_Android,1.8,4
2026-07-11,TR,1-5700_LOBBY,60.5,4
2026-07-11,TR,1-FIRST_LOAD_INTRO_START_Android,1.8,4
2026-07-11,TR,1-2090_PRE_LEVEL_SHOW,65.0,4
2026-07-11,TR,1-11001_GAMEPLAY_FINISH_5,217.7,3
2026-07-11,TR,1-8131_CITY_LIST_SELECT,345.7,3
2026-07-11,TR,1-8061_DAILY_CHECKIN_CLAIM_TRY,316.0,3
2026-07-11,TR,1-FIRST_LOAD_INTRO_etc,2.0,3
2026-07-11,TR,1-11004_GAMEPLAY_FINISH_8,474.0,3
2026-07-11,TR,1-8102_CITY_DECO_UPGRADE_SUCCESS,269.7,3
2026-07-11,TR,1-8062_DAILY_CHECKIN_CLAIM_SUCCESS,316.0,3
2026-07-11,TR,1-2124_TUTO_BOOSTER_WILDCARD,347.0,3
2026-07-11,TR,1-FIRST_LOAD_INTRO_START_etc,2.3,3
2026-07-11,TR,1-8120_COLLECTION_POPUP,397.7,3
2026-07-11,TR,1-11003_GAMEPLAY_FINISH_7,389.7,3
2026-07-11,TR,1-2212_GAMEPLAY_STREAK_STAR_EARN,194.0,3
2026-07-11,TR,1-11002_GAMEPLAY_FINISH_6,308.7,3
2026-07-11,TR,1-8130_CITY_LIST_POPUP,263.3,3
2026-07-11,TR,1-8101_CITY_DECO_UPGRADE_TRY,269.0,3
2026-07-11,TR,1-FIRST_LOAD_FB_etc,0.7,3
2026-07-11,TR,1-5200_LEADERBOARD,228.0,3
2026-07-11,TR,1-FIRST_LOAD_INTRO_FINISH_etc,2.3,3
2026-07-11,TR,1-8105_BTN_CITY_DECO_CLOSE,275.0,3
2026-07-11,TR,1-8064_BTN_DAILY_CHECKIN_CLOSE,317.7,3
2026-07-11,TR,1-8060_DAILY_CHECKIN_POPUP,314.3,3
2026-07-11,TR,1-2211_GAMEPLAY_STREAK_METER_FILL,194.0,3
2026-07-11,TR,1-2122_TUTO_BOOSTER_UNDO,426.0,3
2026-07-11,TR,1-8100_CITY_DECO_POPUP,266.0,3
2026-07-11,TR,1-NETWORK_TIMEOUT_RETRY,6.0,2
2026-07-11,TR,1-NETWORK_TIMEOUT,5.5,2
2026-07-11,TR,1-2123_TUTO_BOOSTER_FIREWORKS,473.5,2
2026-07-11,TR,1-2181_GAMEPLAY_ITEM_WILDCARD_SUCCESS,408.5,2
2026-07-11,TR,1-2180_GAMEPLAY_ITEM_WILDCARD_TRY,408.0,2
2026-07-11,UA,1-INTRO_GAME_DATA,3.0,3
2026-07-11,UA,1-9403_BOOSTER_TRANSACTION_LOG,5.0,3
2026-07-11,UA,1-FIRST_LOAD_INTRO_FINISH_Android,2.7,3
2026-07-11,UA,1-FIRST_LOAD_INTRO_Android,2.0,3
2026-07-11,UA,1-INTRO_FB_ENTRY_POINT,2.7,3
2026-07-11,UA,1-6040_SETTING_LANGUAGE,3.3,3
2026-07-11,UA,1-INTRO_FB_SUBSCRIBE_BOT_FINISH,3.3,3
2026-07-11,UA,1-6012_USER_HAMMER_BALANCE,5.3,3
2026-07-11,UA,1-1010_LOAD_COMPLETE,8.0,3
2026-07-11,UA,1-2100_GAMEPLAY_START,8.0,3
2026-07-11,UA,1-FIRST_LOAD_FB_Android,1.3,3
2026-07-11,UA,1-INTRO_BUNDLE,2.7,3
2026-07-11,UA,1-INTRO_FB_FRIEND_FINISH,3.3,3
2026-07-11,UA,1-1000_LOGIN_COMPLETE,5.0,3
2026-07-11,UA,1-INTRO_SIGNED_PLAYER_INFO,2.7,3
2026-07-11,UA,1-INTRO_BUNDLE_FINISH,3.3,3
2026-07-11,UA,1-INTRO_OBJECT_POOL,3.3,3
2026-07-11,UA,1-INTRO_FB_FRIEND,2.7,3
2026-07-11,UA,1-ALL_LOAD_INTRO_START,2.7,3
2026-07-11,UA,1-12002_INTRO_DIRECT_ENTRY_END,8.3,3
2026-07-11,UA,1-9400_GOLD_TRANSACTION_LOG,5.0,3
2026-07-11,UA,1-6020_USER_CURRENT_LEVEL,5.7,3
2026-07-11,UA,1-ALL_LOAD_INTRO,2.3,3
2026-07-11,UA,1-INTRO_GAME_DATA_FINISH,3.7,3
2026-07-11,UA,1-6011_USER_TICKET_BALANCE,5.3,3
2026-07-11,UA,1-INTRO_FB_START_FINISH,0.0,3
2026-07-11,UA,1-ALL_LOAD_FB,1.3,3
2026-07-11,UA,1-6010_USER_GOLD_BALANCE,5.3,3
2026-07-11,UA,1-6030_USER_CITY_STATUS,5.7,3
2026-07-11,UA,1-INTRO_LOGIN,4.3,3
2026-07-11,UA,1-ALL_LOAD_INTRO_FINISH,2.7,3
2026-07-11,UA,1-INTRO_FB_SUBSCRIBE_BOT,2.7,3
2026-07-11,UA,1-INTRO_FB_ENTRY_POINT_FINISH,3.3,3
2026-07-11,UA,1-12001_INTRO_DIRECT_ENTRY_START,6.3,3
2026-07-11,UA,1-INTRO_SIGNED_PLAYER_INFO_FINISH,3.0,3
2026-07-11,UA,1-FIRST_LOAD_INTRO_START_Android,2.7,3
2026-07-11,UA,1-INTRO_FB_ENTRY_DATA,3.3,3
2026-07-11,UA,1-INTRO_FB_ENTRY_DATA_FINISH,4.3,3
2026-07-11,UA,1-INTRO_OBJECT_POOL_FINISH,5.7,3
2026-07-11,UA,1-6000_FRIEND_COUNT,3.3,3
2026-07-11,UA,1-12000_TEST_TOUCH,5.5,2
2026-07-11,US,1-ALL_LOAD_FB,0.5,43
2026-07-11,US,1-INTRO_FB_START_FINISH,0.0,43
2026-07-11,US,1-1000_LOGIN_COMPLETE,4.4,42
2026-07-11,US,1-INTRO_LOGIN,4.1,42
2026-07-11,US,1-12001_INTRO_DIRECT_ENTRY_START,5.0,42
2026-07-11,US,1-INTRO_FB_ENTRY_DATA,3.4,42
2026-07-11,US,1-ALL_LOAD_INTRO_FINISH,1.8,42
2026-07-11,US,1-INTRO_GAME_DATA,2.9,42
2026-07-11,US,1-INTRO_BUNDLE,2.8,42
2026-07-11,US,1-ALL_LOAD_INTRO,1.7,42
2026-07-11,US,1-INTRO_FB_ENTRY_POINT,2.8,42
2026-07-11,US,1-6030_USER_CITY_STATUS,4.7,42
2026-07-11,US,1-INTRO_BUNDLE_FINISH,3.3,42
2026-07-11,US,1-INTRO_FB_SUBSCRIBE_BOT_FINISH,3.5,42
2026-07-11,US,1-ALL_LOAD_INTRO_START,1.7,42
2026-07-11,US,1-6020_USER_CURRENT_LEVEL,4.6,42
2026-07-11,US,1-INTRO_FB_SUBSCRIBE_BOT,2.8,42
2026-07-11,US,1-INTRO_SIGNED_PLAYER_INFO_FINISH,3.1,42
2026-07-11,US,1-6011_USER_TICKET_BALANCE,4.6,42
2026-07-11,US,1-9403_BOOSTER_TRANSACTION_LOG,4.4,42
2026-07-11,US,1-6010_USER_GOLD_BALANCE,4.5,42
2026-07-11,US,1-INTRO_GAME_DATA_FINISH,3.9,42
2026-07-11,US,1-INTRO_FB_FRIEND,2.8,42
2026-07-11,US,1-2100_GAMEPLAY_START,7.1,42
2026-07-11,US,1-1010_LOAD_COMPLETE,7.2,42
2026-07-11,US,1-INTRO_OBJECT_POOL_FINISH,4.1,42
2026-07-11,US,1-INTRO_FB_FRIEND_FINISH,3.3,42
2026-07-11,US,1-6000_FRIEND_COUNT,3.3,42
2026-07-11,US,1-INTRO_SIGNED_PLAYER_INFO,2.8,42
2026-07-11,US,1-INTRO_FB_ENTRY_DATA_FINISH,3.9,42
2026-07-11,US,1-6012_USER_HAMMER_BALANCE,4.6,42
2026-07-11,US,1-12002_INTRO_DIRECT_ENTRY_END,7.0,42
2026-07-11,US,1-9400_GOLD_TRANSACTION_LOG,4.4,42
2026-07-11,US,1-INTRO_OBJECT_POOL,3.4,42
2026-07-11,US,1-INTRO_FB_ENTRY_POINT_FINISH,3.4,42
2026-07-11,US,1-6040_SETTING_LANGUAGE,3.4,42
2026-07-11,US,1-2110_TUTO_INGAME_INTRO,9.4,41
2026-07-11,US,1-12000_TEST_TOUCH,12.2,38
2026-07-11,US,1-2141_TUTO_STEP_COMPLETE,15.1,36
2026-07-11,US,1-9990_PLAY_FIRST_TOUCH,17.7,32
2026-07-11,US,1-2400_FINISH_RESULT,31.8,31
2026-07-11,US,1-2300_GAMEPLAY_FINISH,30.9,31
2026-07-11,US,1-9402_HAMMER_TRANSACTION_LOG,29.8,31
2026-07-11,US,1-2213_GAMEPLAY_DECK_BONUS,29.7,31
2026-07-11,US,1-2151_GAMEPLAY_NRU_MATCHES,30.9,31
2026-07-11,US,1-2150_GAMEPLAY_NRU_CARD_MATCH,19.7,31
2026-07-11,US,1-2210_GAMEPLAY_COMBO_REWARD,30.9,31
2026-07-11,US,1-7180_BTN_DRAW_DECK,39.2,29
2026-07-11,US,1-2111_TUTO_DECK_DRAW,32.7,29
2026-07-11,US,1-2410_FINISH_RESULT_CLAIM,28.8,29
2026-07-11,US,1-2090_PRE_LEVEL_SHOW,54.6,28
2026-07-11,US,1-5700_LOBBY,52.4,28
2026-07-11,US,1-2094_PRE_LEVEL_PLAY,57.0,28
2026-07-11,US,1-2510_ENTRY_COST_PAY,57.0,28
2026-07-11,US,1-2114_TUTO_PRE_LEVEL_POPUP,55.0,28
2026-07-11,US,1-2610_GIMMICK_PLUS_CARD_MATCH,99.0,27
2026-07-11,US,1-2600_GIMMICK_FIRST_APPEAR,97.4,27
2026-07-11,US,1-2116_TUTO_PLUS_CARD,97.4,27
2026-07-11,US,1-3100_TOURNAMENT_CREATE,80.8,27
2026-07-11,US,1-3120_TOURNAMENT_CREATE_FAIL,81.7,26
2026-07-11,US,1-6111_IDLE_GOLD_COLLECT_SUCCESS,128.5,26
2026-07-11,US,1-6110_IDLE_GOLD_COLLECT_TRY,128.3,26
2026-07-11,US,1-11001_GAMEPLAY_FINISH_5,175.0,25
2026-07-11,US,1-2212_GAMEPLAY_STREAK_STAR_EARN,154.3,25
2026-07-11,US,1-2119_TUTO_STREAK,145.2,25
2026-07-11,US,1-2211_GAMEPLAY_STREAK_METER_FILL,154.3,25
2026-07-11,US,1-8062_DAILY_CHECKIN_CLAIM_SUCCESS,240.4,24
2026-07-11,US,1-8064_BTN_DAILY_CHECKIN_CLOSE,241.9,24
2026-07-11,US,1-5200_LEADERBOARD,186.2,24
2026-07-11,US,1-8061_DAILY_CHECKIN_CLAIM_TRY,240.4,24
2026-07-11,US,1-8060_DAILY_CHECKIN_POPUP,237.5,24
2026-07-11,US,1-11002_GAMEPLAY_FINISH_6,232.6,24
2026-07-11,US,1-8105_BTN_CITY_DECO_CLOSE,238.5,23
2026-07-11,US,1-11004_GAMEPLAY_FINISH_8,341.4,23
2026-07-11,US,1-2122_TUTO_BOOSTER_UNDO,313.0,23
2026-07-11,US,1-8100_CITY_DECO_POPUP,230.3,23
2026-07-11,US,1-8120_COLLECTION_POPUP,289.8,23
2026-07-11,US,1-2124_TUTO_BOOSTER_WILDCARD,254.0,23
2026-07-11,US,1-11003_GAMEPLAY_FINISH_7,280.2,23
2026-07-11,US,1-8101_CITY_DECO_UPGRADE_TRY,230.1,22
2026-07-11,US,1-8102_CITY_DECO_UPGRADE_SUCCESS,230.1,22
2026-07-11,US,1-2123_TUTO_BOOSTER_FIREWORKS,373.8,21
2026-07-11,US,1-FIRST_LOAD_FB_etc,0.3,21
2026-07-11,US,1-2091_PRE_LEVEL_BOOSTER_SELECT,376.7,21
2026-07-11,US,1-FIRST_LOAD_INTRO_FINISH_etc,1.4,21
2026-07-11,US,1-FIRST_LOAD_INTRO_etc,1.2,21
2026-07-11,US,1-FIRST_LOAD_INTRO_START_etc,1.3,21
2026-07-11,US,1-11005_GAMEPLAY_FINISH_9,386.4,20
2026-07-11,US,1-8051_DAILY_WHEEL_SPIN_SUCCESS,399.7,19
2026-07-11,US,1-8050_DAILY_WHEEL_POPUP,391.5,19
2026-07-11,US,1-8053_BTN_DAILY_WHEEL_CLOSE,405.9,19
2026-07-11,US,1-2171_GAMEPLAY_ITEM_FIREWORKS_SUCCESS,400.4,19
2026-07-11,US,1-2170_GAMEPLAY_ITEM_FIREWORKS_TRY,400.4,19
2026-07-11,US,1-2093_PRE_LEVEL_BETTING,415.9,17
2026-07-11,US,1-FIRST_LOAD_FB_Android,0.9,17
2026-07-11,US,1-2127_TUTO_BETTING_2,413.5,17
2026-07-11,US,1-FIRST_LOAD_INTRO_FINISH_Android,2.4,16
2026-07-11,US,1-FIRST_LOAD_INTRO_START_Android,2.4,16
2026-07-11,US,1-FIRST_LOAD_INTRO_Android,2.4,16
2026-07-11,US,1-11006_GAMEPLAY_FINISH_10,444.6,15
2026-07-11,US,1-2125_TUTO_BOOSTER_EXTRADECK,417.2,13
2026-07-11,US,1-8130_CITY_LIST_POPUP,309.4,13
2026-07-11,US,1-5105_BTN_DAILY_TASK_CLOSE,502.4,11
2026-07-11,US,1-5100_DAILY_TASK,494.5,11
2026-07-11,US,1-2191_GAMEPLAY_ITEM_EXTRADECK_SUCCESS,441.4,11
2026-07-11,US,1-2190_GAMEPLAY_ITEM_EXTRADECK_TRY,441.3,11
2026-07-11,US,1-12020_FRAME_DROP_LOG,314.1,9
2026-07-11,US,1-2161_GAMEPLAY_ITEM_UNDO_SUCCESS,342.1,9
2026-07-11,US,1-2160_GAMEPLAY_ITEM_UNDO_TRY,342.1,9
2026-07-11,US,1-2180_GAMEPLAY_ITEM_WILDCARD_TRY,370.9,8
2026-07-11,US,1-2181_GAMEPLAY_ITEM_WILDCARD_SUCCESS,371.0,8
2026-07-11,US,1-4200_RV_START,441.5,8
2026-07-11,US,1-8131_CITY_LIST_SELECT,303.8,8
2026-07-11,US,1-8121_COLLECTION_TAB_SWITCH,347.5,6
2026-07-11,US,1-5412_EVENT_RED_CARD_MILESTONE_CLOSE,542.5,6
2026-07-11,US,1-5410_EVENT_RED_CARD_MILESTONE,536.8,6
2026-07-11,US,1-5411_EVENT_RED_CARD_MILESTONE_PLAY,539.8,6
2026-07-11,US,1-5004_BTN_SHOP_CLOSE,334.2,6
2026-07-11,US,1-5000_SHOP,309.0,6
2026-07-11,US,1-8020_SETTING_POPUP,106.6,5
2026-07-11,US,1-8025_BTN_SETTING_CLOSE,111.8,5
2026-07-11,US,1-4210_RV_FINISH,493.4,5
2026-07-11,US,1-9300_CLIENT_LOG,1.8,5
2026-07-11,US,1-FIRST_INTRO_DEBUG_ERROR_98_Android,12.8,4
2026-07-11,US,1-FIRST_LOAD_FB_iOS,0.5,4
2026-07-11,US,1-FIRST_LOAD_INTRO_START_iOS,1.8,4
2026-07-11,US,1-8022_BTN_SETTING_SOUND,109.8,4
2026-07-11,US,1-FIRST_LOAD_INTRO_FINISH_iOS,2.0,4
2026-07-11,US,1-8021_BTN_SETTING_MUSIC,110.5,4
2026-07-11,US,1-FIRST_LOAD_INTRO_iOS,1.8,4
2026-07-11,US,1-ALL_INTRO_DEBUG_ERROR_98,12.8,4
2026-07-11,US,1-2130_TUTO_GIMMICK_RUNNER,571.3,3
2026-07-11,US,1-2420_FINISH_RESULT_DOUBLE_CLAIM_TRY,472.3,3
2026-07-11,US,1-2620_GIMMICK_RUNNER_MOVE,575.0,3
2026-07-11,US,1-8110_RV_POPUP_GOLD_TRY,385.0,3
2026-07-11,US,1-ALL_INTRO_DEBUG_ERROR_PASS_AFTER_98,21.3,3
2026-07-11,US,1-4220_RV_ERROR,450.7,3
2026-07-11,US,1-8900_RV_ERROR_BANNER_POPUP,451.0,3
2026-07-11,US,1-5201_BTN_LEADERBOARD_FRIENDS_TAB,175.0,3
2026-07-11,US,1-2092_PRE_LEVEL_BOOSTER_DESELECT,302.3,3
2026-07-11,US,1-FIRST_INTRO_DEBUG_ERROR_PASS_AFTER_98_Android,21.3,3
2026-07-11,US,1-3410_MSG_P2P_SUCCESS,113.5,2
2026-07-11,US,1-LOAD_FB_etc,47.0,2
2026-07-11,US,1-5202_BTN_LEADERBOARD_WORLD_TAB,180.0,2
2026-07-11,US,1-2421_FINISH_RESULT_DOUBLE_CLAIM_SUCCESS,510.0,2
2026-07-11,US,1-LOAD_INTRO_etc,47.5,2
2026-07-11,US,1-LOAD_INTRO_START_etc,47.5,2
2026-07-11,US,1-3400_MSG_P2P,113.5,2
2026-07-11,US,1-LOAD_INTRO_FINISH_etc,47.5,2
2026-07-11,US,1-8015_BTN_INBOX_CLOSE,266.0,2
2026-07-11,US,1-8112_RV_POPUP_GOLD_FAIL,427.5,2
2026-07-11,US,1-8010_INBOX_POPUP,263.5,2
2026-07-11,US,1-8054_DAILY_WHEEL_AD_SPIN_TRY,502.0,2
2026-07-11,VE,1-INTRO_FB_FRIEND,6.7,3
2026-07-11,VE,1-INTRO_LOGIN,7.7,3
2026-07-11,VE,1-1010_LOAD_COMPLETE,11.3,3
2026-07-11,VE,1-ALL_LOAD_INTRO,2.3,3
2026-07-11,VE,1-6040_SETTING_LANGUAGE,7.3,3
2026-07-11,VE,1-INTRO_FB_ENTRY_POINT_FINISH,7.0,3
2026-07-11,VE,1-2110_TUTO_INGAME_INTRO,16.7,3
2026-07-11,VE,1-INTRO_FB_ENTRY_DATA,7.0,3
2026-07-11,VE,1-INTRO_OBJECT_POOL,7.3,3
2026-07-11,VE,1-ALL_LOAD_INTRO_FINISH,2.7,3
2026-07-11,VE,1-6011_USER_TICKET_BALANCE,8.3,3
2026-07-11,VE,1-1000_LOGIN_COMPLETE,8.0,3
2026-07-11,VE,1-12002_INTRO_DIRECT_ENTRY_END,11.3,3
2026-07-11,VE,1-INTRO_SIGNED_PLAYER_INFO,6.7,3
2026-07-11,VE,1-2141_TUTO_STEP_COMPLETE,19.0,3
2026-07-11,VE,1-INTRO_BUNDLE,6.7,3
2026-07-11,VE,1-ALL_LOAD_INTRO_START,2.3,3
2026-07-11,VE,1-9400_GOLD_TRANSACTION_LOG,7.7,3
2026-07-11,VE,1-INTRO_FB_FRIEND_FINISH,6.7,3
2026-07-11,VE,1-INTRO_OBJECT_POOL_FINISH,7.7,3
2026-07-11,VE,1-INTRO_FB_SUBSCRIBE_BOT,6.7,3
2026-07-11,VE,1-ALL_LOAD_FB,0.7,3
2026-07-11,VE,1-INTRO_FB_START_FINISH,0.0,3
2026-07-11,VE,1-6020_USER_CURRENT_LEVEL,8.3,3
2026-07-11,VE,1-INTRO_FB_ENTRY_DATA_FINISH,7.7,3
2026-07-11,VE,1-12001_INTRO_DIRECT_ENTRY_START,8.7,3
2026-07-11,VE,1-INTRO_GAME_DATA,6.7,3
2026-07-11,VE,1-6000_FRIEND_COUNT,6.7,3
2026-07-11,VE,1-12000_TEST_TOUCH,14.7,3
2026-07-11,VE,1-INTRO_FB_SUBSCRIBE_BOT_FINISH,7.0,3
2026-07-11,VE,1-6030_USER_CITY_STATUS,8.3,3
2026-07-11,VE,1-2100_GAMEPLAY_START,11.3,3
2026-07-11,VE,1-INTRO_SIGNED_PLAYER_INFO_FINISH,6.7,3
2026-07-11,VE,1-6012_USER_HAMMER_BALANCE,8.3,3
2026-07-11,VE,1-6010_USER_GOLD_BALANCE,8.3,3
2026-07-11,VE,1-9403_BOOSTER_TRANSACTION_LOG,7.7,3
2026-07-11,VE,1-INTRO_FB_ENTRY_POINT,6.7,3
2026-07-11,VE,1-INTRO_GAME_DATA_FINISH,7.3,3
2026-07-11,VE,1-INTRO_BUNDLE_FINISH,7.3,3
2026-07-11,VE,1-FIRST_LOAD_INTRO_FINISH_Android,3.5,2
2026-07-11,VE,1-FIRST_LOAD_INTRO_Android,3.0,2
2026-07-11,VE,1-FIRST_LOAD_INTRO_START_Android,3.0,2
2026-07-11,VE,1-FIRST_LOAD_FB_Android,0.5,2
2026-07-11,VN,1-INTRO_BUNDLE_FINISH,4.8,49
2026-07-11,VN,1-INTRO_FB_ENTRY_DATA,4.9,49
2026-07-11,VN,1-6040_SETTING_LANGUAGE,4.8,49
2026-07-11,VN,1-INTRO_GAME_DATA,4.3,49
2026-07-11,VN,1-INTRO_SIGNED_PLAYER_INFO_FINISH,4.4,49
2026-07-11,VN,1-INTRO_FB_ENTRY_POINT,4.0,49
2026-07-11,VN,1-INTRO_FB_ENTRY_DATA_FINISH,5.7,49
2026-07-11,VN,1-6000_FRIEND_COUNT,5.0,49
2026-07-11,VN,1-ALL_LOAD_INTRO_FINISH,3.7,49
2026-07-11,VN,1-9403_BOOSTER_TRANSACTION_LOG,7.0,49
2026-07-11,VN,1-INTRO_FB_SUBSCRIBE_BOT_FINISH,4.9,49
2026-07-11,VN,1-ALL_LOAD_INTRO,3.5,49
2026-07-11,VN,1-INTRO_FB_ENTRY_POINT_FINISH,4.9,49
2026-07-11,VN,1-1000_LOGIN_COMPLETE,7.1,49
2026-07-11,VN,1-ALL_LOAD_FB,1.8,49
2026-07-11,VN,1-INTRO_SIGNED_PLAYER_INFO,3.9,49
2026-07-11,VN,1-INTRO_OBJECT_POOL,4.8,49
2026-07-11,VN,1-ALL_LOAD_INTRO_START,3.6,49
2026-07-11,VN,1-INTRO_FB_SUBSCRIBE_BOT,4.0,49
2026-07-11,VN,1-INTRO_BUNDLE,3.9,49
2026-07-11,VN,1-INTRO_LOGIN,6.5,49
2026-07-11,VN,1-9400_GOLD_TRANSACTION_LOG,6.9,49
2026-07-11,VN,1-INTRO_FB_FRIEND_FINISH,5.0,49
2026-07-11,VN,1-INTRO_FB_FRIEND,4.0,49
2026-07-11,VN,1-INTRO_FB_START_FINISH,0.0,49
2026-07-11,VN,1-INTRO_GAME_DATA_FINISH,5.6,49
2026-07-11,VN,1-6010_USER_GOLD_BALANCE,7.7,48
2026-07-11,VN,1-6030_USER_CITY_STATUS,7.8,48
2026-07-11,VN,1-6020_USER_CURRENT_LEVEL,7.8,48
2026-07-11,VN,1-6012_USER_HAMMER_BALANCE,7.8,48
2026-07-11,VN,1-6011_USER_TICKET_BALANCE,7.7,48
2026-07-11,VN,1-INTRO_OBJECT_POOL_FINISH,5.9,47
2026-07-11,VN,1-12001_INTRO_DIRECT_ENTRY_START,8.2,46
2026-07-11,VN,1-1010_LOAD_COMPLETE,12.2,45
2026-07-11,VN,1-2100_GAMEPLAY_START,12.1,45
2026-07-11,VN,1-12002_INTRO_DIRECT_ENTRY_END,12.3,45
2026-07-11,VN,1-2110_TUTO_INGAME_INTRO,14.2,41
2026-07-11,VN,1-12000_TEST_TOUCH,14.6,33
2026-07-11,VN,1-2141_TUTO_STEP_COMPLETE,19.4,32
2026-07-11,VN,1-FIRST_LOAD_FB_Android,2.2,31
2026-07-11,VN,1-FIRST_LOAD_INTRO_FINISH_Android,4.7,31
2026-07-11,VN,1-FIRST_LOAD_INTRO_Android,4.5,31
2026-07-11,VN,1-FIRST_LOAD_INTRO_START_Android,4.6,31
2026-07-11,VN,1-9990_PLAY_FIRST_TOUCH,43.0,24
2026-07-11,VN,1-2150_GAMEPLAY_NRU_CARD_MATCH,52.2,23
2026-07-11,VN,1-2210_GAMEPLAY_COMBO_REWARD,37.6,19
2026-07-11,VN,1-9402_HAMMER_TRANSACTION_LOG,36.8,19
2026-07-11,VN,1-2213_GAMEPLAY_DECK_BONUS,36.2,19
2026-07-11,VN,1-2300_GAMEPLAY_FINISH,37.6,19
2026-07-11,VN,1-2151_GAMEPLAY_NRU_MATCHES,37.6,19
2026-07-11,VN,1-2111_TUTO_DECK_DRAW,45.7,19
2026-07-11,VN,1-2400_FINISH_RESULT,39.1,19
2026-07-11,VN,1-2410_FINISH_RESULT_CLAIM,41.4,19
2026-07-11,VN,1-9300_CLIENT_LOG,1.9,16
2026-07-11,VN,1-7180_BTN_DRAW_DECK,46.2,16
2026-07-11,VN,1-FIRST_LOAD_INTRO_FINISH_iOS,1.9,15
2026-07-11,VN,1-FIRST_LOAD_INTRO_START_iOS,1.9,15
2026-07-11,VN,1-FIRST_LOAD_INTRO_iOS,1.7,15
2026-07-11,VN,1-FIRST_LOAD_FB_iOS,1.1,15
2026-07-11,VN,1-5700_LOBBY,72.5,12
2026-07-11,VN,1-ALL_INTRO_DEBUG_ERROR_98,13.3,11
2026-07-11,VN,1-2114_TUTO_PRE_LEVEL_POPUP,74.7,10
2026-07-11,VN,1-2094_PRE_LEVEL_PLAY,76.1,10
2026-07-11,VN,1-2090_PRE_LEVEL_SHOW,74.4,10
2026-07-11,VN,1-2510_ENTRY_COST_PAY,76.1,10
2026-07-11,VN,1-3120_TOURNAMENT_CREATE_FAIL,118.4,9
2026-07-11,VN,1-3100_TOURNAMENT_CREATE,118.2,9
2026-07-11,VN,1-FIRST_INTRO_DEBUG_ERROR_98_Android,12.6,9
2026-07-11,VN,1-2600_GIMMICK_FIRST_APPEAR,122.4,8
2026-07-11,VN,1-2116_TUTO_PLUS_CARD,122.4,8
2026-07-11,VN,1-2610_GIMMICK_PLUS_CARD_MATCH,124.6,8
2026-07-11,VN,1-ALL_INTRO_DEBUG_ERROR_PASS_AFTER_98,18.7,7
2026-07-11,VN,1-6111_IDLE_GOLD_COLLECT_SUCCESS,166.2,6
2026-07-11,VN,1-8062_DAILY_CHECKIN_CLAIM_SUCCESS,307.7,6
2026-07-11,VN,1-11001_GAMEPLAY_FINISH_5,225.5,6
2026-07-11,VN,1-8060_DAILY_CHECKIN_POPUP,306.3,6
2026-07-11,VN,1-8064_BTN_DAILY_CHECKIN_CLOSE,309.2,6
2026-07-11,VN,1-8061_DAILY_CHECKIN_CLAIM_TRY,307.7,6
2026-07-11,VN,1-2211_GAMEPLAY_STREAK_METER_FILL,191.7,6
2026-07-11,VN,1-11002_GAMEPLAY_FINISH_6,301.7,6
2026-07-11,VN,1-2212_GAMEPLAY_STREAK_STAR_EARN,191.7,6
2026-07-11,VN,1-2125_TUTO_BOOSTER_EXTRADECK,283.5,6
2026-07-11,VN,1-6110_IDLE_GOLD_COLLECT_TRY,166.2,6
2026-07-11,VN,1-2119_TUTO_STREAK,180.8,6
2026-07-11,VN,1-5200_LEADERBOARD,235.0,6
2026-07-11,VN,1-2124_TUTO_BOOSTER_WILDCARD,332.6,5
2026-07-11,VN,1-2190_GAMEPLAY_ITEM_EXTRADECK_TRY,367.2,5
2026-07-11,VN,1-NETWORK_TIMEOUT,71.4,5
2026-07-11,VN,1-NETWORK_TIMEOUT_RETRY,71.4,5
2026-07-11,VN,1-2191_GAMEPLAY_ITEM_EXTRADECK_SUCCESS,367.6,5
2026-07-11,VN,1-FIRST_INTRO_DEBUG_ERROR_PASS_AFTER_98_Android,17.8,5
2026-07-11,VN,1-11003_GAMEPLAY_FINISH_7,329.3,4
2026-07-11,VN,1-8102_CITY_DECO_UPGRADE_SUCCESS,175.0,4
2026-07-11,VN,1-8120_COLLECTION_POPUP,337.5,4
2026-07-11,VN,1-2122_TUTO_BOOSTER_UNDO,357.8,4
2026-07-11,VN,1-8105_BTN_CITY_DECO_CLOSE,177.5,4
2026-07-11,VN,1-8101_CITY_DECO_UPGRADE_TRY,174.8,4
2026-07-11,VN,1-8100_CITY_DECO_POPUP,173.3,4
2026-07-11,VN,1-FIRST_LOAD_FB_etc,0.7,3
2026-07-11,VN,1-2091_PRE_LEVEL_BOOSTER_SELECT,343.3,3
2026-07-11,VN,1-2123_TUTO_BOOSTER_FIREWORKS,340.0,3
2026-07-11,VN,1-8053_BTN_DAILY_WHEEL_CLOSE,396.7,3
2026-07-11,VN,1-FIRST_LOAD_INTRO_etc,1.3,3
2026-07-11,VN,1-8051_DAILY_WHEEL_SPIN_SUCCESS,395.0,3
2026-07-11,VN,1-FIRST_LOAD_INTRO_FINISH_etc,1.3,3
2026-07-11,VN,1-11005_GAMEPLAY_FINISH_9,365.0,3
2026-07-11,VN,1-11004_GAMEPLAY_FINISH_8,313.7,3
2026-07-11,VN,1-8050_DAILY_WHEEL_POPUP,386.7,3
2026-07-11,VN,1-FIRST_LOAD_INTRO_START_etc,1.3,3
2026-07-11,VN,1-5000_SHOP,119.0,2
2026-07-11,VN,1-2160_GAMEPLAY_ITEM_UNDO_TRY,151.5,2
2026-07-11,VN,1-3400_MSG_P2P,90.0,2
2026-07-11,VN,1-2171_GAMEPLAY_ITEM_FIREWORKS_SUCCESS,346.5,2
2026-07-11,VN,1-4200_RV_START,373.0,2
2026-07-11,VN,1-5105_BTN_DAILY_TASK_CLOSE,552.0,2
2026-07-11,VN,1-2161_GAMEPLAY_ITEM_UNDO_SUCCESS,151.5,2
2026-07-11,VN,1-5201_BTN_LEADERBOARD_FRIENDS_TAB,220.5,2
2026-07-11,VN,1-8130_CITY_LIST_POPUP,119.0,2
2026-07-11,VN,1-2170_GAMEPLAY_ITEM_FIREWORKS_TRY,346.5,2
2026-07-11,VN,1-11006_GAMEPLAY_FINISH_10,444.0,2
2026-07-11,VN,1-FIRST_INTRO_DEBUG_ERROR_98_iOS,16.5,2
2026-07-11,VN,1-5004_BTN_SHOP_CLOSE,120.5,2
2026-07-11,VN,1-4210_RV_FINISH,403.5,2
2026-07-11,VN,1-2181_GAMEPLAY_ITEM_WILDCARD_SUCCESS,353.0,2
2026-07-11,VN,1-FIRST_INTRO_DEBUG_ERROR_PASS_AFTER_98_iOS,21.0,2
2026-07-11,VN,1-5100_DAILY_TASK,550.5,2
2026-07-11,VN,1-2180_GAMEPLAY_ITEM_WILDCARD_TRY,353.0,2
2026-07-11,VN,1-3410_MSG_P2P_SUCCESS,90.0,2
2026-07-11,VN,1-12020_FRAME_DROP_LOG,249.0,2
2026-07-11,VN,1-2093_PRE_LEVEL_BETTING,395.0,2
2026-07-11,VN,1-2127_TUTO_BETTING_2,393.5,2
2026-07-11,ZA,1-INTRO_GAME_DATA,4.9,11
2026-07-11,ZA,1-INTRO_FB_SUBSCRIBE_BOT,4.7,11
2026-07-11,ZA,1-INTRO_SIGNED_PLAYER_INFO,4.7,11
2026-07-11,ZA,1-FIRST_LOAD_INTRO_FINISH_Android,4.5,11
2026-07-11,ZA,1-INTRO_FB_ENTRY_POINT_FINISH,5.8,11
2026-07-11,ZA,1-ALL_LOAD_INTRO,4.1,11
2026-07-11,ZA,1-INTRO_FB_FRIEND,4.7,11
2026-07-11,ZA,1-INTRO_BUNDLE,4.7,11
2026-07-11,ZA,1-INTRO_FB_START_FINISH,0.0,11
2026-07-11,ZA,1-FIRST_LOAD_FB_Android,1.8,11
2026-07-11,ZA,1-INTRO_BUNDLE_FINISH,5.7,11
2026-07-11,ZA,1-INTRO_FB_ENTRY_DATA,5.8,11
2026-07-11,ZA,1-6040_SETTING_LANGUAGE,5.7,11
2026-07-11,ZA,1-INTRO_FB_ENTRY_POINT,4.7,11
2026-07-11,ZA,1-FIRST_LOAD_INTRO_START_Android,4.1,11
2026-07-11,ZA,1-INTRO_SIGNED_PLAYER_INFO_FINISH,5.3,11
2026-07-11,ZA,1-INTRO_FB_SUBSCRIBE_BOT_FINISH,5.8,11
2026-07-11,ZA,1-INTRO_FB_ENTRY_DATA_FINISH,6.6,11
2026-07-11,ZA,1-ALL_LOAD_FB,1.8,11
2026-07-11,ZA,1-FIRST_LOAD_INTRO_Android,4.1,11
2026-07-11,ZA,1-ALL_LOAD_INTRO_START,4.1,11
2026-07-11,ZA,1-INTRO_OBJECT_POOL,5.7,11
2026-07-11,ZA,1-ALL_LOAD_INTRO_FINISH,4.5,11
2026-07-11,ZA,1-INTRO_LOGIN,7.8,10
2026-07-11,ZA,1-INTRO_GAME_DATA_FINISH,7.0,10
2026-07-11,ZA,1-6012_USER_HAMMER_BALANCE,9.2,10
2026-07-11,ZA,1-6030_USER_CITY_STATUS,9.4,10
2026-07-11,ZA,1-12001_INTRO_DIRECT_ENTRY_START,10.5,10
2026-07-11,ZA,1-9400_GOLD_TRANSACTION_LOG,8.6,10
2026-07-11,ZA,1-9403_BOOSTER_TRANSACTION_LOG,8.6,10
2026-07-11,ZA,1-INTRO_FB_FRIEND_FINISH,6.1,10
2026-07-11,ZA,1-1000_LOGIN_COMPLETE,8.7,10
2026-07-11,ZA,1-6020_USER_CURRENT_LEVEL,9.3,10
2026-07-11,ZA,1-INTRO_OBJECT_POOL_FINISH,9.2,10
2026-07-11,ZA,1-6011_USER_TICKET_BALANCE,9.2,10
2026-07-11,ZA,1-6010_USER_GOLD_BALANCE,9.2,10
2026-07-11,ZA,1-6000_FRIEND_COUNT,6.1,10
2026-07-11,ZA,1-2100_GAMEPLAY_START,12.8,6
2026-07-11,ZA,1-12002_INTRO_DIRECT_ENTRY_END,13.3,6
2026-07-11,ZA,1-1010_LOAD_COMPLETE,12.8,6
2026-07-11,ZA,1-FIRST_INTRO_DEBUG_ERROR_98_Android,15.0,4
2026-07-11,ZA,1-2110_TUTO_INGAME_INTRO,18.8,4
2026-07-11,ZA,1-ALL_INTRO_DEBUG_ERROR_98,15.0,4
2026-07-11,ZA,1-12000_TEST_TOUCH,15.0,4
2026-07-11,ZA,1-2141_TUTO_STEP_COMPLETE,26.0,3
2026-07-11,ZA,1-FIRST_INTRO_DEBUG_ERROR_PASS_AFTER_98_Android,19.0,2
2026-07-11,ZA,1-ALL_INTRO_DEBUG_ERROR_PASS_AFTER_98,19.5,2
2026-07-11,ZW,1-INTRO_BUNDLE_FINISH,97.5,2
2026-07-11,ZW,1-INTRO_FB_SUBSCRIBE_BOT_FINISH,97.5,2
2026-07-11,ZW,1-INTRO_FB_ENTRY_POINT,96.0,2
2026-07-11,ZW,1-INTRO_OBJECT_POOL,97.5,2
2026-07-11,ZW,1-6030_USER_CITY_STATUS,100.0,2
2026-07-11,ZW,1-1010_LOAD_COMPLETE,104.0,2
2026-07-11,ZW,1-6012_USER_HAMMER_BALANCE,100.0,2
2026-07-11,ZW,1-6011_USER_TICKET_BALANCE,100.0,2
2026-07-11,ZW,1-INTRO_FB_ENTRY_DATA,97.5,2
2026-07-11,ZW,1-INTRO_FB_FRIEND,96.0,2
2026-07-11,ZW,1-INTRO_FB_FRIEND_FINISH,97.0,2
2026-07-11,ZW,1-ALL_LOAD_INTRO_FINISH,3.5,2
2026-07-11,ZW,1-6040_SETTING_LANGUAGE,97.5,2
2026-07-11,ZW,1-ALL_LOAD_INTRO,3.5,2
2026-07-11,ZW,1-6000_FRIEND_COUNT,97.0,2
2026-07-11,ZW,1-INTRO_SIGNED_PLAYER_INFO,96.0,2
2026-07-11,ZW,1-INTRO_GAME_DATA,97.0,2
2026-07-11,ZW,1-INTRO_FB_SUBSCRIBE_BOT,96.0,2
2026-07-11,ZW,1-INTRO_GAME_DATA_FINISH,98.5,2
2026-07-11,ZW,1-INTRO_OBJECT_POOL_FINISH,99.0,2
2026-07-11,ZW,1-INTRO_LOGIN,98.5,2
2026-07-11,ZW,1-INTRO_FB_ENTRY_DATA_FINISH,98.0,2
2026-07-11,ZW,1-12002_INTRO_DIRECT_ENTRY_END,104.0,2
2026-07-11,ZW,1-ALL_LOAD_INTRO_START,3.5,2
2026-07-11,ZW,1-6020_USER_CURRENT_LEVEL,100.0,2
2026-07-11,ZW,1-INTRO_SIGNED_PLAYER_INFO_FINISH,97.0,2
2026-07-11,ZW,1-2100_GAMEPLAY_START,104.0,2
2026-07-11,ZW,1-INTRO_FB_ENTRY_POINT_FINISH,97.5,2
2026-07-11,ZW,1-INTRO_BUNDLE,96.0,2
2026-07-11,ZW,1-9400_GOLD_TRANSACTION_LOG,99.5,2
2026-07-11,ZW,1-6010_USER_GOLD_BALANCE,100.0,2
2026-07-11,ZW,1-12001_INTRO_DIRECT_ENTRY_START,100.5,2
2026-07-11,ZW,1-ALL_LOAD_FB,2.0,2
2026-07-11,ZW,1-INTRO_FB_START_FINISH,0.0,2
2026-07-11,ZW,1-1000_LOGIN_COMPLETE,100.0,2
2026-07-11,ZW,1-9403_BOOSTER_TRANSACTION_LOG,100.0,2
2026-07-11,ZW,1-ALL_INTRO_DEBUG_ERROR_98,13.0,2
2026-07-12,AE,1-9400_GOLD_TRANSACTION_LOG,6.7,6
2026-07-12,AE,1-6010_USER_GOLD_BALANCE,7.0,6
2026-07-12,AE,1-ALL_LOAD_INTRO,1.8,6
2026-07-12,AE,1-6000_FRIEND_COUNT,4.7,6
2026-07-12,AE,1-INTRO_SIGNED_PLAYER_INFO_FINISH,3.5,6
2026-07-12,AE,1-INTRO_OBJECT_POOL,3.7,6
2026-07-12,AE,1-INTRO_FB_SUBSCRIBE_BOT,3.3,6
2026-07-12,AE,1-INTRO_FB_FRIEND_FINISH,4.7,6
2026-07-12,AE,1-1010_LOAD_COMPLETE,10.0,6
2026-07-12,AE,1-12001_INTRO_DIRECT_ENTRY_START,7.7,6
2026-07-12,AE,1-INTRO_FB_START_FINISH,0.0,6
2026-07-12,AE,1-ALL_LOAD_FB,1.0,6
2026-07-12,AE,1-12002_INTRO_DIRECT_ENTRY_END,10.2,6
2026-07-12,AE,1-INTRO_FB_ENTRY_POINT_FINISH,4.2,6
2026-07-12,AE,1-2100_GAMEPLAY_START,10.0,6
2026-07-12,AE,1-INTRO_GAME_DATA_FINISH,4.8,6
2026-07-12,AE,1-12000_TEST_TOUCH,27.8,6
2026-07-12,AE,1-6030_USER_CITY_STATUS,7.0,6
2026-07-12,AE,1-9403_BOOSTER_TRANSACTION_LOG,6.8,6
2026-07-12,AE,1-INTRO_OBJECT_POOL_FINISH,4.7,6
2026-07-12,AE,1-INTRO_FB_ENTRY_DATA_FINISH,4.8,6
2026-07-12,AE,1-INTRO_LOGIN,6.2,6
2026-07-12,AE,1-ALL_LOAD_INTRO_START,1.8,6
2026-07-12,AE,1-6040_SETTING_LANGUAGE,3.7,6
2026-07-12,AE,1-INTRO_FB_SUBSCRIBE_BOT_FINISH,4.2,6
2026-07-12,AE,1-INTRO_BUNDLE,3.3,6
2026-07-12,AE,1-INTRO_FB_FRIEND,3.3,6
2026-07-12,AE,1-1000_LOGIN_COMPLETE,6.8,6
2026-07-12,AE,1-6020_USER_CURRENT_LEVEL,7.0,6
2026-07-12,AE,1-INTRO_BUNDLE_FINISH,3.7,6
2026-07-12,AE,1-ALL_LOAD_INTRO_FINISH,2.5,6
2026-07-12,AE,1-INTRO_FB_ENTRY_DATA,4.2,6
2026-07-12,AE,1-INTRO_FB_ENTRY_POINT,3.3,6
2026-07-12,AE,1-6012_USER_HAMMER_BALANCE,7.0,6
2026-07-12,AE,1-6011_USER_TICKET_BALANCE,7.0,6
2026-07-12,AE,1-INTRO_SIGNED_PLAYER_INFO,3.3,6
2026-07-12,AE,1-INTRO_GAME_DATA,3.5,6
2026-07-12,AE,1-FIRST_LOAD_INTRO_Android,1.8,5
2026-07-12,AE,1-FIRST_LOAD_INTRO_FINISH_Android,2.0,5
2026-07-12,AE,1-FIRST_LOAD_INTRO_START_Android,1.8,5
2026-07-12,AE,1-FIRST_LOAD_FB_Android,1.0,5
2026-07-12,AE,1-2110_TUTO_INGAME_INTRO,31.4,5
2026-07-12,AE,1-2141_TUTO_STEP_COMPLETE,39.4,5
2026-07-12,AE,1-NETWORK_TIMEOUT,5.0,2
2026-07-12,AE,1-NETWORK_TIMEOUT_RETRY,5.0,2
2026-07-12,AM,1-12000_TEST_TOUCH,16.7,3
2026-07-12,AM,1-INTRO_OBJECT_POOL_FINISH,6.3,3
2026-07-12,AM,1-INTRO_FB_FRIEND,3.3,3
2026-07-12,AM,1-INTRO_GAME_DATA_FINISH,5.7,3
2026-07-12,AM,1-6000_FRIEND_COUNT,5.0,3
2026-07-12,AM,1-6010_USER_GOLD_BALANCE,8.7,3
2026-07-12,AM,1-INTRO_FB_ENTRY_POINT,3.3,3
2026-07-12,AM,1-6020_USER_CURRENT_LEVEL,8.7,3
2026-07-12,AM,1-INTRO_FB_ENTRY_DATA_FINISH,5.7,3
2026-07-12,AM,1-INTRO_FB_ENTRY_DATA,4.3,3
2026-07-12,AM,1-9400_GOLD_TRANSACTION_LOG,7.7,3
2026-07-12,AM,1-6012_USER_HAMMER_BALANCE,8.7,3
2026-07-12,AM,1-2151_GAMEPLAY_NRU_MATCHES,51.7,3
2026-07-12,AM,1-ALL_LOAD_FB,1.0,3
2026-07-12,AM,1-9402_HAMMER_TRANSACTION_LOG,50.7,3
2026-07-12,AM,1-12001_INTRO_DIRECT_ENTRY_START,9.3,3
2026-07-12,AM,1-INTRO_FB_FRIEND_FINISH,5.0,3
2026-07-12,AM,1-2111_TUTO_DECK_DRAW,59.3,3
2026-07-12,AM,1-7180_BTN_DRAW_DECK,66.3,3
2026-07-12,AM,1-INTRO_FB_SUBSCRIBE_BOT,3.3,3
2026-07-12,AM,1-INTRO_SIGNED_PLAYER_INFO,3.3,3
2026-07-12,AM,1-INTRO_BUNDLE_FINISH,5.7,3
2026-07-12,AM,1-INTRO_BUNDLE,3.3,3
2026-07-12,AM,1-INTRO_FB_START_FINISH,0.0,3
2026-07-12,AM,1-2141_TUTO_STEP_COMPLETE,17.7,3
2026-07-12,AM,1-1000_LOGIN_COMPLETE,7.7,3
2026-07-12,AM,1-9990_PLAY_FIRST_TOUCH,22.7,3
2026-07-12,AM,1-INTRO_SIGNED_PLAYER_INFO_FINISH,3.7,3
2026-07-12,AM,1-9403_BOOSTER_TRANSACTION_LOG,7.7,3
2026-07-12,AM,1-6030_USER_CITY_STATUS,9.0,3
2026-07-12,AM,1-2400_FINISH_RESULT,53.0,3
2026-07-12,AM,1-ALL_LOAD_INTRO_START,3.0,3
2026-07-12,AM,1-2300_GAMEPLAY_FINISH,51.7,3
2026-07-12,AM,1-2210_GAMEPLAY_COMBO_REWARD,51.7,3
2026-07-12,AM,1-INTRO_FB_SUBSCRIBE_BOT_FINISH,4.3,3
2026-07-12,AM,1-2213_GAMEPLAY_DECK_BONUS,50.3,3
2026-07-12,AM,1-6011_USER_TICKET_BALANCE,8.7,3
2026-07-12,AM,1-ALL_LOAD_INTRO_FINISH,3.3,3
2026-07-12,AM,1-INTRO_FB_ENTRY_POINT_FINISH,4.3,3
2026-07-12,AM,1-INTRO_OBJECT_POOL,5.7,3
2026-07-12,AM,1-INTRO_LOGIN,7.0,3
2026-07-12,AM,1-2150_GAMEPLAY_NRU_CARD_MATCH,23.3,3
2026-07-12,AM,1-2110_TUTO_INGAME_INTRO,14.0,3
2026-07-12,AM,1-2100_GAMEPLAY_START,11.3,3
2026-07-12,AM,1-12002_INTRO_DIRECT_ENTRY_END,11.7,3
2026-07-12,AM,1-6040_SETTING_LANGUAGE,5.7,3
2026-07-12,AM,1-1010_LOAD_COMPLETE,11.3,3
2026-07-12,AM,1-INTRO_GAME_DATA,3.3,3
2026-07-12,AM,1-ALL_LOAD_INTRO,3.0,3
2026-07-12,AM,1-2410_FINISH_RESULT_CLAIM,55.7,3
2026-07-12,AM,1-2116_TUTO_PLUS_CARD,139.0,2
2026-07-12,AM,1-2114_TUTO_PRE_LEVEL_POPUP,86.0,2
2026-07-12,AM,1-2090_PRE_LEVEL_SHOW,85.0,2
2026-07-12,AM,1-2600_GIMMICK_FIRST_APPEAR,139.0,2
2026-07-12,AM,1-2094_PRE_LEVEL_PLAY,86.5,2
2026-07-12,AM,1-2510_ENTRY_COST_PAY,86.5,2
2026-07-12,AM,1-FIRST_LOAD_INTRO_FINISH_etc,4.0,2
2026-07-12,AM,1-FIRST_LOAD_INTRO_START_etc,4.0,2
2026-07-12,AM,1-3120_TOURNAMENT_CREATE_FAIL,118.0,2
2026-07-12,AM,1-5700_LOBBY,82.0,2
2026-07-12,AM,1-FIRST_LOAD_FB_etc,1.0,2
2026-07-12,AM,1-2610_GIMMICK_PLUS_CARD_MATCH,141.5,2
2026-07-12,AM,1-3100_TOURNAMENT_CREATE,117.0,2
2026-07-12,AM,1-FIRST_LOAD_INTRO_etc,4.0,2
2026-07-12,AR,1-ALL_LOAD_FB,0.9,13
2026-07-12,AR,1-2100_GAMEPLAY_START,8.1,13
2026-07-12,AR,1-6040_SETTING_LANGUAGE,3.3,13
2026-07-12,AR,1-ALL_LOAD_INTRO_START,1.9,13
2026-07-12,AR,1-INTRO_BUNDLE_FINISH,3.2,13
2026-07-12,AR,1-INTRO_FB_ENTRY_DATA,3.3,13
2026-07-12,AR,1-INTRO_FB_ENTRY_POINT,2.3,13
2026-07-12,AR,1-INTRO_FB_FRIEND,2.3,13
2026-07-12,AR,1-INTRO_LOGIN,4.5,13
2026-07-12,AR,1-INTRO_OBJECT_POOL_FINISH,4.6,13
2026-07-12,AR,1-2141_TUTO_STEP_COMPLETE,16.8,13
2026-07-12,AR,1-12002_INTRO_DIRECT_ENTRY_END,8.1,13
2026-07-12,AR,1-INTRO_GAME_DATA_FINISH,3.8,13
2026-07-12,AR,1-INTRO_SIGNED_PLAYER_INFO_FINISH,2.6,13
2026-07-12,AR,1-INTRO_FB_SUBSCRIBE_BOT_FINISH,3.4,13
2026-07-12,AR,1-9400_GOLD_TRANSACTION_LOG,4.6,13
2026-07-12,AR,1-INTRO_SIGNED_PLAYER_INFO,2.3,13
2026-07-12,AR,1-6020_USER_CURRENT_LEVEL,5.4,13
2026-07-12,AR,1-12000_TEST_TOUCH,11.1,13
2026-07-12,AR,1-6000_FRIEND_COUNT,2.9,13
2026-07-12,AR,1-INTRO_FB_ENTRY_DATA_FINISH,4.2,13
2026-07-12,AR,1-INTRO_GAME_DATA,2.5,13
2026-07-12,AR,1-INTRO_FB_SUBSCRIBE_BOT,2.3,13
2026-07-12,AR,1-12001_INTRO_DIRECT_ENTRY_START,5.7,13
2026-07-12,AR,1-2110_TUTO_INGAME_INTRO,11.5,13
2026-07-12,AR,1-INTRO_FB_ENTRY_POINT_FINISH,3.3,13
2026-07-12,AR,1-INTRO_FB_FRIEND_FINISH,2.9,13
2026-07-12,AR,1-INTRO_BUNDLE,2.2,13
2026-07-12,AR,1-1010_LOAD_COMPLETE,8.1,13
2026-07-12,AR,1-ALL_LOAD_INTRO_FINISH,2.1,13
2026-07-12,AR,1-6011_USER_TICKET_BALANCE,5.3,13
2026-07-12,AR,1-6030_USER_CITY_STATUS,5.4,13
2026-07-12,AR,1-INTRO_OBJECT_POOL,3.3,13
2026-07-12,AR,1-INTRO_FB_START_FINISH,0.0,13
2026-07-12,AR,1-6010_USER_GOLD_BALANCE,5.2,13
2026-07-12,AR,1-9403_BOOSTER_TRANSACTION_LOG,4.6,13
2026-07-12,AR,1-6012_USER_HAMMER_BALANCE,5.4,13
2026-07-12,AR,1-ALL_LOAD_INTRO,1.9,13
2026-07-12,AR,1-1000_LOGIN_COMPLETE,5.0,13
2026-07-12,AR,1-9402_HAMMER_TRANSACTION_LOG,33.2,10
2026-07-12,AR,1-2151_GAMEPLAY_NRU_MATCHES,34.0,10
2026-07-12,AR,1-2150_GAMEPLAY_NRU_CARD_MATCH,25.9,10
2026-07-12,AR,1-2210_GAMEPLAY_COMBO_REWARD,34.0,10
2026-07-12,AR,1-9990_PLAY_FIRST_TOUCH,17.7,10
2026-07-12,AR,1-2300_GAMEPLAY_FINISH,34.0,10
2026-07-12,AR,1-2400_FINISH_RESULT,36.1,10
2026-07-12,AR,1-2213_GAMEPLAY_DECK_BONUS,32.5,10
2026-07-12,AR,1-2610_GIMMICK_PLUS_CARD_MATCH,127.7,9
2026-07-12,AR,1-3100_TOURNAMENT_CREATE,108.1,9
2026-07-12,AR,1-5700_LOBBY,75.8,9
2026-07-12,AR,1-2211_GAMEPLAY_STREAK_METER_FILL,199.7,9
2026-07-12,AR,1-2090_PRE_LEVEL_SHOW,78.4,9
2026-07-12,AR,1-2094_PRE_LEVEL_PLAY,81.1,9
2026-07-12,AR,1-2600_GIMMICK_FIRST_APPEAR,125.2,9
2026-07-12,AR,1-2114_TUTO_PRE_LEVEL_POPUP,78.8,9
2026-07-12,AR,1-2119_TUTO_STREAK,187.4,9
2026-07-12,AR,1-6111_IDLE_GOLD_COLLECT_SUCCESS,176.1,9
2026-07-12,AR,1-11001_GAMEPLAY_FINISH_5,232.3,9
2026-07-12,AR,1-6110_IDLE_GOLD_COLLECT_TRY,175.7,9
2026-07-12,AR,1-2116_TUTO_PLUS_CARD,125.2,9
2026-07-12,AR,1-7180_BTN_DRAW_DECK,43.2,9
2026-07-12,AR,1-3120_TOURNAMENT_CREATE_FAIL,108.6,9
2026-07-12,AR,1-2510_ENTRY_COST_PAY,81.1,9
2026-07-12,AR,1-2111_TUTO_DECK_DRAW,45.6,9
2026-07-12,AR,1-2410_FINISH_RESULT_CLAIM,38.2,9
2026-07-12,AR,1-2212_GAMEPLAY_STREAK_STAR_EARN,199.7,9
2026-07-12,AR,1-5200_LEADERBOARD,242.5,8
2026-07-12,AR,1-FIRST_LOAD_INTRO_START_Android,2.1,7
2026-07-12,AR,1-FIRST_LOAD_INTRO_Android,2.1,7
2026-07-12,AR,1-FIRST_LOAD_FB_Android,1.0,7
2026-07-12,AR,1-FIRST_LOAD_INTRO_FINISH_Android,2.3,7
2026-07-12,AR,1-2124_TUTO_BOOSTER_WILDCARD,272.3,6
2026-07-12,AR,1-8060_DAILY_CHECKIN_POPUP,259.3,6
2026-07-12,AR,1-FIRST_LOAD_INTRO_START_etc,1.7,6
2026-07-12,AR,1-2122_TUTO_BOOSTER_UNDO,326.3,6
2026-07-12,AR,1-8064_BTN_DAILY_CHECKIN_CLOSE,265.3,6
2026-07-12,AR,1-11002_GAMEPLAY_FINISH_6,254.2,6
2026-07-12,AR,1-11004_GAMEPLAY_FINISH_8,351.2,6
2026-07-12,AR,1-FIRST_LOAD_INTRO_FINISH_etc,1.7,6
2026-07-12,AR,1-FIRST_LOAD_INTRO_etc,1.7,6
2026-07-12,AR,1-8062_DAILY_CHECKIN_CLAIM_SUCCESS,263.7,6
2026-07-12,AR,1-8061_DAILY_CHECKIN_CLAIM_TRY,263.7,6
2026-07-12,AR,1-11003_GAMEPLAY_FINISH_7,300.5,6
2026-07-12,AR,1-8120_COLLECTION_POPUP,307.8,6
2026-07-12,AR,1-FIRST_LOAD_FB_etc,0.7,6
2026-07-12,AR,1-8051_DAILY_WHEEL_SPIN_SUCCESS,416.4,5
2026-07-12,AR,1-2127_TUTO_BETTING_2,425.8,5
2026-07-12,AR,1-2091_PRE_LEVEL_BOOSTER_SELECT,378.0,5
2026-07-12,AR,1-2093_PRE_LEVEL_BETTING,430.2,5
2026-07-12,AR,1-8053_BTN_DAILY_WHEEL_CLOSE,420.0,5
2026-07-12,AR,1-2123_TUTO_BOOSTER_FIREWORKS,375.6,5
2026-07-12,AR,1-11005_GAMEPLAY_FINISH_9,398.8,5
2026-07-12,AR,1-8050_DAILY_WHEEL_POPUP,407.6,5
2026-07-12,AR,1-11006_GAMEPLAY_FINISH_10,476.4,5
2026-07-12,AR,1-2171_GAMEPLAY_ITEM_FIREWORKS_SUCCESS,381.5,4
2026-07-12,AR,1-8100_CITY_DECO_POPUP,301.8,4
2026-07-12,AR,1-8101_CITY_DECO_UPGRADE_TRY,304.3,4
2026-07-12,AR,1-2181_GAMEPLAY_ITEM_WILDCARD_SUCCESS,367.0,4
2026-07-12,AR,1-8105_BTN_CITY_DECO_CLOSE,309.3,4
2026-07-12,AR,1-2170_GAMEPLAY_ITEM_FIREWORKS_TRY,381.5,4
2026-07-12,AR,1-8102_CITY_DECO_UPGRADE_SUCCESS,304.5,4
2026-07-12,AR,1-2180_GAMEPLAY_ITEM_WILDCARD_TRY,367.0,4
2026-07-12,AR,1-2190_GAMEPLAY_ITEM_EXTRADECK_TRY,375.7,3
2026-07-12,AR,1-8130_CITY_LIST_POPUP,326.0,3
2026-07-12,AR,1-2125_TUTO_BOOSTER_EXTRADECK,300.0,3
2026-07-12,AR,1-2191_GAMEPLAY_ITEM_EXTRADECK_SUCCESS,376.0,3
2026-07-12,AR,1-8121_COLLECTION_TAB_SWITCH,396.5,2
2026-07-12,AR,1-8020_SETTING_POPUP,335.0,2
2026-07-12,AR,1-5100_DAILY_TASK,534.0,2
2026-07-12,AR,1-2161_GAMEPLAY_ITEM_UNDO_SUCCESS,398.5,2
2026-07-12,AR,1-2160_GAMEPLAY_ITEM_UNDO_TRY,398.0,2
2026-07-12,AR,1-ALL_INTRO_DEBUG_ERROR_98,14.0,2
2026-07-12,AR,1-8025_BTN_SETTING_CLOSE,342.0,2
2026-07-12,AR,1-8131_CITY_LIST_SELECT,401.5,2
2026-07-12,AR,1-ALL_INTRO_DEBUG_ERROR_PASS_AFTER_98,18.5,2
2026-07-12,AT,1-2123_TUTO_BOOSTER_FIREWORKS,302.0,2
2026-07-12,AT,1-INTRO_GAME_DATA_FINISH,1.5,2
2026-07-12,AT,1-INTRO_FB_SUBSCRIBE_BOT_FINISH,1.5,2
2026-07-12,AT,1-INTRO_FB_ENTRY_DATA_FINISH,2.0,2
2026-07-12,AT,1-2213_GAMEPLAY_DECK_BONUS,16.5,2
2026-07-12,AT,1-9402_HAMMER_TRANSACTION_LOG,16.5,2
2026-07-12,AT,1-8130_CITY_LIST_POPUP,227.5,2
2026-07-12,AT,1-3100_TOURNAMENT_CREATE,67.5,2
2026-07-12,AT,1-ALL_LOAD_INTRO_START,0.5,2
2026-07-12,AT,1-8105_BTN_CITY_DECO_CLOSE,233.5,2
2026-07-12,AT,1-8102_CITY_DECO_UPGRADE_SUCCESS,230.0,2
2026-07-12,AT,1-8062_DAILY_CHECKIN_CLAIM_SUCCESS,198.5,2
2026-07-12,AT,1-11003_GAMEPLAY_FINISH_7,227.5,2
2026-07-12,AT,1-6020_USER_CURRENT_LEVEL,2.5,2
2026-07-12,AT,1-12002_INTRO_DIRECT_ENTRY_END,3.5,2
2026-07-12,AT,1-2600_GIMMICK_FIRST_APPEAR,78.5,2
2026-07-12,AT,1-2151_GAMEPLAY_NRU_MATCHES,17.5,2
2026-07-12,AT,1-INTRO_BUNDLE,0.5,2
2026-07-12,AT,1-INTRO_FB_ENTRY_POINT_FINISH,1.5,2
2026-07-12,AT,1-FIRST_LOAD_INTRO_etc,0.5,2
2026-07-12,AT,1-2141_TUTO_STEP_COMPLETE,7.0,2
2026-07-12,AT,1-2122_TUTO_BOOSTER_UNDO,243.5,2
2026-07-12,AT,1-11004_GAMEPLAY_FINISH_8,268.0,2
2026-07-12,AT,1-11002_GAMEPLAY_FINISH_6,191.5,2
2026-07-12,AT,1-2110_TUTO_INGAME_INTRO,5.5,2
2026-07-12,AT,1-2119_TUTO_STREAK,115.0,2
2026-07-12,AT,1-2212_GAMEPLAY_STREAK_STAR_EARN,122.5,2
2026-07-12,AT,1-2300_GAMEPLAY_FINISH,17.5,2
2026-07-12,AT,1-11005_GAMEPLAY_FINISH_9,323.0,2
2026-07-12,AT,1-1000_LOGIN_COMPLETE,2.5,2
2026-07-12,AT,1-2510_ENTRY_COST_PAY,47.0,2
2026-07-12,AT,1-FIRST_LOAD_INTRO_START_etc,0.5,2
2026-07-12,AT,1-5200_LEADERBOARD,149.5,2
2026-07-12,AT,1-6111_IDLE_GOLD_COLLECT_SUCCESS,108.5,2
2026-07-12,AT,1-11001_GAMEPLAY_FINISH_5,143.0,2
2026-07-12,AT,1-8100_CITY_DECO_POPUP,228.0,2
2026-07-12,AT,1-8051_DAILY_WHEEL_SPIN_SUCCESS,360.0,2
2026-07-12,AT,1-8061_DAILY_CHECKIN_CLAIM_TRY,198.5,2
2026-07-12,AT,1-9403_BOOSTER_TRANSACTION_LOG,2.5,2
2026-07-12,AT,1-12000_TEST_TOUCH,5.0,2
2026-07-12,AT,1-2111_TUTO_DECK_DRAW,24.0,2
2026-07-12,AT,1-2116_TUTO_PLUS_CARD,78.5,2
2026-07-12,AT,1-2124_TUTO_BOOSTER_WILDCARD,204.5,2
2026-07-12,AT,1-INTRO_LOGIN,2.0,2
2026-07-12,AT,1-INTRO_SIGNED_PLAYER_INFO_FINISH,1.5,2
2026-07-12,AT,1-INTRO_FB_ENTRY_POINT,1.0,2
2026-07-12,AT,1-INTRO_BUNDLE_FINISH,1.5,2
2026-07-12,AT,1-2125_TUTO_BOOSTER_EXTRADECK,256.5,2
2026-07-12,AT,1-FIRST_LOAD_INTRO_FINISH_etc,0.5,2
2026-07-12,AT,1-ALL_LOAD_INTRO,0.5,2
2026-07-12,AT,1-8050_DAILY_WHEEL_POPUP,351.5,2
2026-07-12,AT,1-6110_IDLE_GOLD_COLLECT_TRY,108.5,2
2026-07-12,AT,1-6000_FRIEND_COUNT,1.5,2
2026-07-12,AT,1-2410_FINISH_RESULT_CLAIM,20.0,2
2026-07-12,AT,1-2150_GAMEPLAY_NRU_CARD_MATCH,8.5,2
2026-07-12,AT,1-FIRST_LOAD_FB_etc,0.5,2
2026-07-12,AT,1-2094_PRE_LEVEL_PLAY,47.0,2
2026-07-12,AT,1-ALL_LOAD_INTRO_FINISH,0.5,2
2026-07-12,AT,1-9400_GOLD_TRANSACTION_LOG,2.5,2
2026-07-12,AT,1-2090_PRE_LEVEL_SHOW,45.0,2
2026-07-12,AT,1-6040_SETTING_LANGUAGE,1.5,2
2026-07-12,AT,1-INTRO_FB_ENTRY_DATA,1.5,2
2026-07-12,AT,1-ALL_LOAD_FB,0.5,2
2026-07-12,AT,1-8120_COLLECTION_POPUP,233.0,2
2026-07-12,AT,1-12001_INTRO_DIRECT_ENTRY_START,2.5,2
2026-07-12,AT,1-INTRO_SIGNED_PLAYER_INFO,0.5,2
2026-07-12,AT,1-INTRO_OBJECT_POOL,1.5,2
2026-07-12,AT,1-INTRO_FB_SUBSCRIBE_BOT,1.0,2
2026-07-12,AT,1-INTRO_FB_START_FINISH,0.0,2
2026-07-12,AT,1-2091_PRE_LEVEL_BOOSTER_SELECT,306.0,2
2026-07-12,AT,1-8064_BTN_DAILY_CHECKIN_CLOSE,199.5,2
2026-07-12,AT,1-INTRO_FB_FRIEND_FINISH,1.5,2
2026-07-12,AT,1-2100_GAMEPLAY_START,3.5,2
2026-07-12,AT,1-2180_GAMEPLAY_ITEM_WILDCARD_TRY,347.5,2
2026-07-12,AT,1-2114_TUTO_PRE_LEVEL_POPUP,46.0,2
2026-07-12,AT,1-2400_FINISH_RESULT,18.5,2
2026-07-12,AT,1-3120_TOURNAMENT_CREATE_FAIL,67.5,2
2026-07-12,AT,1-2181_GAMEPLAY_ITEM_WILDCARD_SUCCESS,347.5,2
2026-07-12,AT,1-INTRO_OBJECT_POOL_FINISH,1.5,2
2026-07-12,AT,1-6030_USER_CITY_STATUS,2.5,2
2026-07-12,AT,1-2210_GAMEPLAY_COMBO_REWARD,17.5,2
2026-07-12,AT,1-8060_DAILY_CHECKIN_POPUP,196.5,2
2026-07-12,AT,1-7180_BTN_DRAW_DECK,28.0,2
2026-07-12,AT,1-6012_USER_HAMMER_BALANCE,2.5,2
2026-07-12,AT,1-6011_USER_TICKET_BALANCE,2.5,2
2026-07-12,AT,1-2610_GIMMICK_PLUS_CARD_MATCH,80.0,2
2026-07-12,AT,1-INTRO_GAME_DATA,1.5,2
2026-07-12,AT,1-6010_USER_GOLD_BALANCE,2.5,2
2026-07-12,AT,1-INTRO_FB_FRIEND,1.0,2
2026-07-12,AT,1-9990_PLAY_FIRST_TOUCH,8.0,2
2026-07-12,AT,1-8101_CITY_DECO_UPGRADE_TRY,230.0,2
2026-07-12,AT,1-5700_LOBBY,43.0,2
2026-07-12,AT,1-2211_GAMEPLAY_STREAK_METER_FILL,122.5,2
2026-07-12,AT,1-1010_LOAD_COMPLETE,3.5,2
2026-07-12,AU,1-12000_TEST_TOUCH,13.3,6
2026-07-12,AU,1-INTRO_LOGIN,4.0,6
2026-07-12,AU,1-9990_PLAY_FIRST_TOUCH,15.2,6
2026-07-12,AU,1-9403_BOOSTER_TRANSACTION_LOG,4.3,6
2026-07-12,AU,1-6010_USER_GOLD_BALANCE,4.7,6
2026-07-12,AU,1-INTRO_GAME_DATA_FINISH,3.3,6
2026-07-12,AU,1-2210_GAMEPLAY_COMBO_REWARD,27.2,6
2026-07-12,AU,1-2300_GAMEPLAY_FINISH,27.2,6
2026-07-12,AU,1-2100_GAMEPLAY_START,7.5,6
2026-07-12,AU,1-6011_USER_TICKET_BALANCE,4.7,6
2026-07-12,AU,1-6030_USER_CITY_STATUS,4.7,6
2026-07-12,AU,1-6012_USER_HAMMER_BALANCE,4.7,6
2026-07-12,AU,1-9400_GOLD_TRANSACTION_LOG,4.3,6
2026-07-12,AU,1-7180_BTN_DRAW_DECK,41.2,6
2026-07-12,AU,1-INTRO_SIGNED_PLAYER_INFO_FINISH,2.3,6
2026-07-12,AU,1-2110_TUTO_INGAME_INTRO,9.3,6
2026-07-12,AU,1-2151_GAMEPLAY_NRU_MATCHES,27.2,6
2026-07-12,AU,1-2141_TUTO_STEP_COMPLETE,13.8,6
2026-07-12,AU,1-6020_USER_CURRENT_LEVEL,4.7,6
2026-07-12,AU,1-INTRO_SIGNED_PLAYER_INFO,2.0,6
2026-07-12,AU,1-ALL_LOAD_FB,0.5,6
2026-07-12,AU,1-9402_HAMMER_TRANSACTION_LOG,26.5,6
2026-07-12,AU,1-INTRO_FB_ENTRY_DATA_FINISH,3.3,6
2026-07-12,AU,1-INTRO_GAME_DATA,2.2,6
2026-07-12,AU,1-12002_INTRO_DIRECT_ENTRY_END,7.5,6
2026-07-12,AU,1-1010_LOAD_COMPLETE,7.5,6
2026-07-12,AU,1-INTRO_OBJECT_POOL,2.7,6
2026-07-12,AU,1-INTRO_FB_SUBSCRIBE_BOT,2.2,6
2026-07-12,AU,1-INTRO_FB_START_FINISH,0.0,6
2026-07-12,AU,1-INTRO_FB_SUBSCRIBE_BOT_FINISH,2.8,6
2026-07-12,AU,1-INTRO_FB_FRIEND_FINISH,2.7,6
2026-07-12,AU,1-ALL_LOAD_INTRO_FINISH,2.0,6
2026-07-12,AU,1-INTRO_FB_ENTRY_POINT_FINISH,2.7,6
2026-07-12,AU,1-2400_FINISH_RESULT,29.0,6
2026-07-12,AU,1-2150_GAMEPLAY_NRU_CARD_MATCH,17.0,6
2026-07-12,AU,1-2213_GAMEPLAY_DECK_BONUS,26.0,6
2026-07-12,AU,1-2410_FINISH_RESULT_CLAIM,31.2,6
2026-07-12,AU,1-INTRO_BUNDLE,2.0,6
2026-07-12,AU,1-6000_FRIEND_COUNT,2.7,6
2026-07-12,AU,1-6040_SETTING_LANGUAGE,2.7,6
2026-07-12,AU,1-INTRO_OBJECT_POOL_FINISH,2.8,6
2026-07-12,AU,1-12001_INTRO_DIRECT_ENTRY_START,5.0,6
2026-07-12,AU,1-INTRO_FB_FRIEND,2.2,6
2026-07-12,AU,1-INTRO_FB_ENTRY_POINT,2.2,6
2026-07-12,AU,1-2111_TUTO_DECK_DRAW,35.2,6
2026-07-12,AU,1-INTRO_FB_ENTRY_DATA,2.8,6
2026-07-12,AU,1-INTRO_BUNDLE_FINISH,2.7,6
2026-07-12,AU,1-1000_LOGIN_COMPLETE,4.5,6
2026-07-12,AU,1-ALL_LOAD_INTRO_START,1.7,6
2026-07-12,AU,1-ALL_LOAD_INTRO,1.7,6
2026-07-12,AU,1-6110_IDLE_GOLD_COLLECT_TRY,146.2,5
2026-07-12,AU,1-2211_GAMEPLAY_STREAK_METER_FILL,166.4,5
2026-07-12,AU,1-2610_GIMMICK_PLUS_CARD_MATCH,111.4,5
2026-07-12,AU,1-2116_TUTO_PLUS_CARD,109.0,5
2026-07-12,AU,1-5700_LOBBY,62.8,5
2026-07-12,AU,1-3120_TOURNAMENT_CREATE_FAIL,95.0,5
2026-07-12,AU,1-3100_TOURNAMENT_CREATE,93.8,5
2026-07-12,AU,1-2114_TUTO_PRE_LEVEL_POPUP,65.4,5
2026-07-12,AU,1-2600_GIMMICK_FIRST_APPEAR,109.0,5
2026-07-12,AU,1-2119_TUTO_STREAK,156.4,5
2026-07-12,AU,1-2212_GAMEPLAY_STREAK_STAR_EARN,166.4,5
2026-07-12,AU,1-2094_PRE_LEVEL_PLAY,68.6,5
2026-07-12,AU,1-2090_PRE_LEVEL_SHOW,65.0,5
2026-07-12,AU,1-6111_IDLE_GOLD_COLLECT_SUCCESS,146.4,5
2026-07-12,AU,1-2510_ENTRY_COST_PAY,68.6,5
2026-07-12,AU,1-11001_GAMEPLAY_FINISH_5,193.0,5
2026-07-12,AU,1-8060_DAILY_CHECKIN_POPUP,273.5,4
2026-07-12,AU,1-2122_TUTO_BOOSTER_UNDO,361.3,4
2026-07-12,AU,1-8062_DAILY_CHECKIN_CLAIM_SUCCESS,275.5,4
2026-07-12,AU,1-11002_GAMEPLAY_FINISH_6,267.8,4
2026-07-12,AU,1-8061_DAILY_CHECKIN_CLAIM_TRY,275.5,4
2026-07-12,AU,1-11004_GAMEPLAY_FINISH_8,412.8,4
2026-07-12,AU,1-2124_TUTO_BOOSTER_WILDCARD,283.3,4
2026-07-12,AU,1-5200_LEADERBOARD,209.3,4
2026-07-12,AU,1-8120_COLLECTION_POPUP,332.0,4
2026-07-12,AU,1-FIRST_LOAD_INTRO_START_etc,1.0,4
2026-07-12,AU,1-FIRST_LOAD_FB_etc,0.5,4
2026-07-12,AU,1-8064_BTN_DAILY_CHECKIN_CLOSE,276.8,4
2026-07-12,AU,1-11003_GAMEPLAY_FINISH_7,325.3,4
2026-07-12,AU,1-FIRST_LOAD_INTRO_etc,1.0,4
2026-07-12,AU,1-FIRST_LOAD_INTRO_FINISH_etc,1.0,4
2026-07-12,AU,1-2125_TUTO_BOOSTER_EXTRADECK,424.0,3
2026-07-12,AU,1-2123_TUTO_BOOSTER_FIREWORKS,360.5,2
2026-07-12,AU,1-FIRST_LOAD_INTRO_FINISH_Android,3.5,2
2026-07-12,AU,1-FIRST_LOAD_INTRO_Android,3.0,2
2026-07-12,AU,1-8102_CITY_DECO_UPGRADE_SUCCESS,461.0,2
2026-07-12,AU,1-2171_GAMEPLAY_ITEM_FIREWORKS_SUCCESS,382.5,2
2026-07-12,AU,1-2160_GAMEPLAY_ITEM_UNDO_TRY,350.0,2
2026-07-12,AU,1-2191_GAMEPLAY_ITEM_EXTRADECK_SUCCESS,424.0,2
2026-07-12,AU,1-FIRST_LOAD_FB_Android,0.5,2
2026-07-12,AU,1-2190_GAMEPLAY_ITEM_EXTRADECK_TRY,424.0,2
2026-07-12,AU,1-8100_CITY_DECO_POPUP,456.5,2
2026-07-12,AU,1-8050_DAILY_WHEEL_POPUP,396.5,2
2026-07-12,AU,1-2093_PRE_LEVEL_BETTING,428.5,2
2026-07-12,AU,1-8101_CITY_DECO_UPGRADE_TRY,460.5,2
2026-07-12,AU,1-2161_GAMEPLAY_ITEM_UNDO_SUCCESS,350.5,2
2026-07-12,AU,1-FIRST_LOAD_INTRO_START_Android,3.0,2
2026-07-12,AU,1-8105_BTN_CITY_DECO_CLOSE,468.5,2
2026-07-12,AU,1-8121_COLLECTION_TAB_SWITCH,419.5,2
2026-07-12,AU,1-2091_PRE_LEVEL_BOOSTER_SELECT,362.5,2
2026-07-12,AU,1-2170_GAMEPLAY_ITEM_FIREWORKS_TRY,382.5,2
2026-07-12,AU,1-11006_GAMEPLAY_FINISH_10,477.0,2
2026-07-12,AU,1-8053_BTN_DAILY_WHEEL_CLOSE,408.0,2
2026-07-12,AU,1-11005_GAMEPLAY_FINISH_9,389.5,2
2026-07-12,AU,1-8051_DAILY_WHEEL_SPIN_SUCCESS,405.0,2
2026-07-12,AU,1-2127_TUTO_BETTING_2,425.5,2
2026-07-12,BD,1-INTRO_OBJECT_POOL,6.4,14
2026-07-12,BD,1-INTRO_GAME_DATA,5.6,14
2026-07-12,BD,1-INTRO_OBJECT_POOL_FINISH,7.9,14
2026-07-12,BD,1-6040_SETTING_LANGUAGE,6.4,14
2026-07-12,BD,1-12001_INTRO_DIRECT_ENTRY_START,10.3,14
2026-07-12,BD,1-INTRO_FB_START_FINISH,0.0,14
2026-07-12,BD,1-INTRO_FB_FRIEND_FINISH,6.3,14
2026-07-12,BD,1-6030_USER_CITY_STATUS,9.9,14
2026-07-12,BD,1-INTRO_FB_ENTRY_POINT_FINISH,6.6,14
2026-07-12,BD,1-INTRO_BUNDLE,5.1,14
2026-07-12,BD,1-ALL_LOAD_INTRO_FINISH,4.5,14
2026-07-12,BD,1-ALL_LOAD_FB,2.1,14
2026-07-12,BD,1-FIRST_LOAD_INTRO_Android,4.2,14
2026-07-12,BD,1-6012_USER_HAMMER_BALANCE,9.9,14
2026-07-12,BD,1-INTRO_FB_SUBSCRIBE_BOT,5.2,14
2026-07-12,BD,1-9403_BOOSTER_TRANSACTION_LOG,9.3,14
2026-07-12,BD,1-6020_USER_CURRENT_LEVEL,9.9,14
2026-07-12,BD,1-9400_GOLD_TRANSACTION_LOG,9.2,14
2026-07-12,BD,1-6011_USER_TICKET_BALANCE,9.9,14
2026-07-12,BD,1-INTRO_SIGNED_PLAYER_INFO,5.1,14
2026-07-12,BD,1-ALL_LOAD_INTRO,4.3,14
2026-07-12,BD,1-INTRO_LOGIN,8.7,14
2026-07-12,BD,1-INTRO_FB_FRIEND,5.2,14
2026-07-12,BD,1-INTRO_FB_SUBSCRIBE_BOT_FINISH,6.6,14
2026-07-12,BD,1-INTRO_FB_ENTRY_POINT,5.2,14
2026-07-12,BD,1-INTRO_SIGNED_PLAYER_INFO_FINISH,5.6,14
2026-07-12,BD,1-6010_USER_GOLD_BALANCE,9.8,14
2026-07-12,BD,1-FIRST_LOAD_FB_Android,2.1,14
2026-07-12,BD,1-INTRO_FB_ENTRY_DATA,6.6,14
2026-07-12,BD,1-INTRO_GAME_DATA_FINISH,7.6,14
2026-07-12,BD,1-INTRO_BUNDLE_FINISH,6.4,14
2026-07-12,BD,1-FIRST_LOAD_INTRO_START_Android,4.3,14
2026-07-12,BD,1-ALL_LOAD_INTRO_START,4.3,14
2026-07-12,BD,1-1000_LOGIN_COMPLETE,9.6,14
2026-07-12,BD,1-FIRST_LOAD_INTRO_FINISH_Android,4.4,14
2026-07-12,BD,1-INTRO_FB_ENTRY_DATA_FINISH,7.9,14
2026-07-12,BD,1-6000_FRIEND_COUNT,6.3,14
2026-07-12,BD,1-1010_LOAD_COMPLETE,14.0,13
2026-07-12,BD,1-2100_GAMEPLAY_START,13.9,13
2026-07-12,BD,1-12002_INTRO_DIRECT_ENTRY_END,14.1,13
2026-07-12,BD,1-12000_TEST_TOUCH,14.5,11
2026-07-12,BD,1-2110_TUTO_INGAME_INTRO,47.8,9
2026-07-12,BD,1-2141_TUTO_STEP_COMPLETE,80.0,5
2026-07-12,BD,1-ALL_INTRO_DEBUG_ERROR_98,54.4,5
2026-07-12,BD,1-FIRST_INTRO_DEBUG_ERROR_98_Android,18.0,4
2026-07-12,BD,1-NETWORK_TIMEOUT,12.7,3
2026-07-12,BD,1-NETWORK_TIMEOUT_RETRY,12.7,3
2026-07-12,BD,1-LOAD_INTRO_START_Android,118.0,2
2026-07-12,BD,1-LOAD_INTRO_FINISH_Android,118.0,2
2026-07-12,BD,1-LOAD_FB_Android,115.0,2
2026-07-12,BD,1-INTRO_DEBUG_ERROR_98_Android,129.0,2
2026-07-12,BD,1-LOAD_INTRO_Android,118.0,2
2026-07-12,BE,1-INTRO_FB_ENTRY_DATA_FINISH,1.4,8
2026-07-12,BE,1-6010_USER_GOLD_BALANCE,2.0,8
2026-07-12,BE,1-9403_BOOSTER_TRANSACTION_LOG,1.9,8
2026-07-12,BE,1-6011_USER_TICKET_BALANCE,2.1,8
2026-07-12,BE,1-6040_SETTING_LANGUAGE,1.0,8
2026-07-12,BE,1-9400_GOLD_TRANSACTION_LOG,1.9,8
2026-07-12,BE,1-ALL_LOAD_INTRO,0.5,8
2026-07-12,BE,1-2100_GAMEPLAY_START,3.6,8
2026-07-12,BE,1-1010_LOAD_COMPLETE,3.8,8
2026-07-12,BE,1-INTRO_GAME_DATA,1.0,8
2026-07-12,BE,1-INTRO_BUNDLE_FINISH,1.0,8
2026-07-12,BE,1-INTRO_OBJECT_POOL_FINISH,1.3,8
2026-07-12,BE,1-INTRO_FB_FRIEND,0.9,8
2026-07-12,BE,1-INTRO_GAME_DATA_FINISH,1.3,8
2026-07-12,BE,1-INTRO_FB_ENTRY_DATA,1.1,8
2026-07-12,BE,1-INTRO_SIGNED_PLAYER_INFO_FINISH,1.0,8
2026-07-12,BE,1-INTRO_SIGNED_PLAYER_INFO,0.9,8
2026-07-12,BE,1-ALL_LOAD_INTRO_START,0.5,8
2026-07-12,BE,1-INTRO_OBJECT_POOL,1.0,8
2026-07-12,BE,1-INTRO_FB_SUBSCRIBE_BOT,0.9,8
2026-07-12,BE,1-6030_USER_CITY_STATUS,2.1,8
2026-07-12,BE,1-6000_FRIEND_COUNT,1.4,8
2026-07-12,BE,1-INTRO_FB_START_FINISH,0.0,8
2026-07-12,BE,1-INTRO_FB_FRIEND_FINISH,1.4,8
2026-07-12,BE,1-INTRO_FB_ENTRY_POINT_FINISH,1.1,8
2026-07-12,BE,1-INTRO_BUNDLE,0.8,8
2026-07-12,BE,1-INTRO_FB_SUBSCRIBE_BOT_FINISH,1.1,8
2026-07-12,BE,1-1000_LOGIN_COMPLETE,1.9,8
2026-07-12,BE,1-6020_USER_CURRENT_LEVEL,2.1,8
2026-07-12,BE,1-ALL_LOAD_INTRO_FINISH,0.5,8
2026-07-12,BE,1-INTRO_LOGIN,1.5,8
2026-07-12,BE,1-ALL_LOAD_FB,0.1,8
2026-07-12,BE,1-INTRO_FB_ENTRY_POINT,0.9,8
2026-07-12,BE,1-6012_USER_HAMMER_BALANCE,2.1,8
2026-07-12,BE,1-2110_TUTO_INGAME_INTRO,5.9,7
2026-07-12,BE,1-12001_INTRO_DIRECT_ENTRY_START,2.3,7
2026-07-12,BE,1-12002_INTRO_DIRECT_ENTRY_END,2.9,7
2026-07-12,BE,1-3120_TOURNAMENT_CREATE_FAIL,100.5,6
2026-07-12,BE,1-5700_LOBBY,40.3,6
2026-07-12,BE,1-2600_GIMMICK_FIRST_APPEAR,125.2,6
2026-07-12,BE,1-2610_GIMMICK_PLUS_CARD_MATCH,127.5,6
2026-07-12,BE,1-2210_GAMEPLAY_COMBO_REWARD,40.3,6
2026-07-12,BE,1-7180_BTN_DRAW_DECK,52.5,6
2026-07-12,BE,1-2116_TUTO_PLUS_CARD,125.2,6
2026-07-12,BE,1-2111_TUTO_DECK_DRAW,47.0,6
2026-07-12,BE,1-FIRST_LOAD_FB_etc,0.2,6
2026-07-12,BE,1-12000_TEST_TOUCH,27.7,6
2026-07-12,BE,1-6111_IDLE_GOLD_COLLECT_SUCCESS,157.7,6
2026-07-12,BE,1-2150_GAMEPLAY_NRU_CARD_MATCH,30.5,6
2026-07-12,BE,1-2213_GAMEPLAY_DECK_BONUS,39.3,6
2026-07-12,BE,1-2094_PRE_LEVEL_PLAY,75.8,6
2026-07-12,BE,1-2410_FINISH_RESULT_CLAIM,43.2,6
2026-07-12,BE,1-2151_GAMEPLAY_NRU_MATCHES,40.3,6
2026-07-12,BE,1-6110_IDLE_GOLD_COLLECT_TRY,157.7,6
2026-07-12,BE,1-2141_TUTO_STEP_COMPLETE,27.8,6
2026-07-12,BE,1-FIRST_LOAD_INTRO_etc,0.5,6
2026-07-12,BE,1-2510_ENTRY_COST_PAY,75.8,6
2026-07-12,BE,1-3100_TOURNAMENT_CREATE,100.3,6
2026-07-12,BE,1-9990_PLAY_FIRST_TOUCH,29.7,6
2026-07-12,BE,1-2119_TUTO_STREAK,171.2,6
2026-07-12,BE,1-2090_PRE_LEVEL_SHOW,73.2,6
2026-07-12,BE,1-9402_HAMMER_TRANSACTION_LOG,39.3,6
2026-07-12,BE,1-2400_FINISH_RESULT,41.3,6
2026-07-12,BE,1-2300_GAMEPLAY_FINISH,40.3,6
2026-07-12,BE,1-2114_TUTO_PRE_LEVEL_POPUP,73.5,6
2026-07-12,BE,1-FIRST_LOAD_INTRO_FINISH_etc,0.5,6
2026-07-12,BE,1-FIRST_LOAD_INTRO_START_etc,0.5,6
2026-07-12,BE,1-2212_GAMEPLAY_STREAK_STAR_EARN,192.4,5
2026-07-12,BE,1-8120_COLLECTION_POPUP,349.0,5
2026-07-12,BE,1-2211_GAMEPLAY_STREAK_METER_FILL,192.4,5
2026-07-12,BE,1-11001_GAMEPLAY_FINISH_5,213.8,5
2026-07-12,BE,1-2124_TUTO_BOOSTER_WILDCARD,308.0,5
2026-07-12,BE,1-5200_LEADERBOARD,239.2,5
2026-07-12,BE,1-2122_TUTO_BOOSTER_UNDO,368.2,5
2026-07-12,BE,1-11002_GAMEPLAY_FINISH_6,282.6,5
2026-07-12,BE,1-8062_DAILY_CHECKIN_CLAIM_SUCCESS,293.0,5
2026-07-12,BE,1-8061_DAILY_CHECKIN_CLAIM_TRY,293.0,5
2026-07-12,BE,1-11003_GAMEPLAY_FINISH_7,337.4,5
2026-07-12,BE,1-8060_DAILY_CHECKIN_POPUP,289.4,5
2026-07-12,BE,1-8064_BTN_DAILY_CHECKIN_CLOSE,294.8,5
2026-07-12,BE,1-11005_GAMEPLAY_FINISH_9,397.5,4
2026-07-12,BE,1-2171_GAMEPLAY_ITEM_FIREWORKS_SUCCESS,389.8,4
2026-07-12,BE,1-2170_GAMEPLAY_ITEM_FIREWORKS_TRY,389.5,4
2026-07-12,BE,1-2091_PRE_LEVEL_BOOSTER_SELECT,374.0,4
2026-07-12,BE,1-2123_TUTO_BOOSTER_FIREWORKS,372.0,4
2026-07-12,BE,1-11004_GAMEPLAY_FINISH_8,338.8,4
2026-07-12,BE,1-2160_GAMEPLAY_ITEM_UNDO_TRY,486.7,3
2026-07-12,BE,1-2161_GAMEPLAY_ITEM_UNDO_SUCCESS,486.7,3
2026-07-12,BE,1-8051_DAILY_WHEEL_SPIN_SUCCESS,449.0,3
2026-07-12,BE,1-8100_CITY_DECO_POPUP,291.0,3
2026-07-12,BE,1-8101_CITY_DECO_UPGRADE_TRY,334.7,3
2026-07-12,BE,1-8050_DAILY_WHEEL_POPUP,439.7,3
2026-07-12,BE,1-8102_CITY_DECO_UPGRADE_SUCCESS,334.7,3
2026-07-12,BE,1-8105_BTN_CITY_DECO_CLOSE,299.7,3
2026-07-12,BE,1-2191_GAMEPLAY_ITEM_EXTRADECK_SUCCESS,533.0,2
2026-07-12,BE,1-2190_GAMEPLAY_ITEM_EXTRADECK_TRY,532.5,2
2026-07-12,BE,1-2093_PRE_LEVEL_BETTING,486.0,2
2026-07-12,BE,1-11006_GAMEPLAY_FINISH_10,537.5,2
2026-07-12,BE,1-2125_TUTO_BOOSTER_EXTRADECK,526.5,2
2026-07-12,BE,1-4210_RV_FINISH,422.5,2
2026-07-12,BE,1-FIRST_LOAD_FB_Android,0.0,2
2026-07-12,BE,1-2127_TUTO_BETTING_2,484.0,2
2026-07-12,BE,1-8053_BTN_DAILY_WHEEL_CLOSE,450.0,2
2026-07-12,BE,1-8130_CITY_LIST_POPUP,254.5,2
2026-07-12,BE,1-12020_FRAME_DROP_LOG,271.0,2
2026-07-12,BE,1-4200_RV_START,383.5,2
2026-07-12,BE,1-FIRST_LOAD_INTRO_Android,0.5,2
2026-07-12,BE,1-FIRST_LOAD_INTRO_FINISH_Android,0.5,2
2026-07-12,BE,1-8054_DAILY_WHEEL_AD_SPIN_TRY,440.0,2
2026-07-12,BE,1-2420_FINISH_RESULT_DOUBLE_CLAIM_TRY,383.5,2
2026-07-12,BE,1-2421_FINISH_RESULT_DOUBLE_CLAIM_SUCCESS,422.5,2
2026-07-12,BE,1-FIRST_LOAD_INTRO_START_Android,0.5,2
2026-07-12,BE,1-8055_DAILY_WHEEL_AD_SPIN_SUCCESS,465.5,2
2026-07-12,BG,1-INTRO_FB_SUBSCRIBE_BOT,1.8,8
2026-07-12,BG,1-INTRO_GAME_DATA,1.8,8
2026-07-12,BG,1-9400_GOLD_TRANSACTION_LOG,3.4,8
2026-07-12,BG,1-INTRO_BUNDLE,1.8,8
2026-07-12,BG,1-ALL_LOAD_FB,0.8,8
2026-07-12,BG,1-6012_USER_HAMMER_BALANCE,4.0,8
2026-07-12,BG,1-6010_USER_GOLD_BALANCE,3.9,8
2026-07-12,BG,1-1000_LOGIN_COMPLETE,3.6,8
2026-07-12,BG,1-6040_SETTING_LANGUAGE,2.0,8
2026-07-12,BG,1-ALL_LOAD_INTRO,1.6,8
2026-07-12,BG,1-INTRO_SIGNED_PLAYER_INFO_FINISH,1.8,8
2026-07-12,BG,1-INTRO_OBJECT_POOL,2.0,8
2026-07-12,BG,1-2100_GAMEPLAY_START,5.4,8
2026-07-12,BG,1-12002_INTRO_DIRECT_ENTRY_END,5.4,8
2026-07-12,BG,1-INTRO_LOGIN,3.1,8
2026-07-12,BG,1-6020_USER_CURRENT_LEVEL,4.0,8
2026-07-12,BG,1-12001_INTRO_DIRECT_ENTRY_START,4.0,8
2026-07-12,BG,1-9403_BOOSTER_TRANSACTION_LOG,3.4,8
2026-07-12,BG,1-INTRO_GAME_DATA_FINISH,2.5,8
2026-07-12,BG,1-INTRO_FB_SUBSCRIBE_BOT_FINISH,2.3,8
2026-07-12,BG,1-INTRO_FB_ENTRY_DATA_FINISH,2.5,8
2026-07-12,BG,1-ALL_LOAD_INTRO_START,1.6,8
2026-07-12,BG,1-INTRO_FB_ENTRY_POINT,1.8,8
2026-07-12,BG,1-INTRO_FB_START_FINISH,0.0,8
2026-07-12,BG,1-INTRO_SIGNED_PLAYER_INFO,1.8,8
2026-07-12,BG,1-INTRO_FB_ENTRY_POINT_FINISH,2.1,8
2026-07-12,BG,1-INTRO_FB_ENTRY_DATA,2.1,8
2026-07-12,BG,1-6030_USER_CITY_STATUS,4.0,8
2026-07-12,BG,1-INTRO_BUNDLE_FINISH,2.0,8
2026-07-12,BG,1-INTRO_OBJECT_POOL_FINISH,2.3,8
2026-07-12,BG,1-6000_FRIEND_COUNT,2.6,8
2026-07-12,BG,1-ALL_LOAD_INTRO_FINISH,1.8,8
2026-07-12,BG,1-1010_LOAD_COMPLETE,5.4,8
2026-07-12,BG,1-INTRO_FB_FRIEND_FINISH,2.6,8
2026-07-12,BG,1-6011_USER_TICKET_BALANCE,3.9,8
2026-07-12,BG,1-INTRO_FB_FRIEND,1.8,8
2026-07-12,BG,1-2151_GAMEPLAY_NRU_MATCHES,38.4,7
2026-07-12,BG,1-2213_GAMEPLAY_DECK_BONUS,37.1,7
2026-07-12,BG,1-2300_GAMEPLAY_FINISH,38.4,7
2026-07-12,BG,1-2400_FINISH_RESULT,39.3,7
2026-07-12,BG,1-2410_FINISH_RESULT_CLAIM,52.3,7
2026-07-12,BG,1-2150_GAMEPLAY_NRU_CARD_MATCH,14.3,7
2026-07-12,BG,1-2141_TUTO_STEP_COMPLETE,11.4,7
2026-07-12,BG,1-9402_HAMMER_TRANSACTION_LOG,37.4,7
2026-07-12,BG,1-2111_TUTO_DECK_DRAW,56.1,7
2026-07-12,BG,1-9990_PLAY_FIRST_TOUCH,12.1,7
2026-07-12,BG,1-12000_TEST_TOUCH,10.1,7
2026-07-12,BG,1-2210_GAMEPLAY_COMBO_REWARD,38.4,7
2026-07-12,BG,1-7180_BTN_DRAW_DECK,63.9,7
2026-07-12,BG,1-2110_TUTO_INGAME_INTRO,7.4,7
2026-07-12,BG,1-2600_GIMMICK_FIRST_APPEAR,101.5,6
2026-07-12,BG,1-5700_LOBBY,54.2,6
2026-07-12,BG,1-2116_TUTO_PLUS_CARD,101.5,6
2026-07-12,BG,1-2090_PRE_LEVEL_SHOW,56.7,6
2026-07-12,BG,1-2094_PRE_LEVEL_PLAY,59.0,6
2026-07-12,BG,1-3120_TOURNAMENT_CREATE_FAIL,79.5,6
2026-07-12,BG,1-2510_ENTRY_COST_PAY,59.0,6
2026-07-12,BG,1-3100_TOURNAMENT_CREATE,79.3,6
2026-07-12,BG,1-2114_TUTO_PRE_LEVEL_POPUP,57.0,6
2026-07-12,BG,1-2610_GIMMICK_PLUS_CARD_MATCH,103.5,6
2026-07-12,BG,1-8120_COLLECTION_POPUP,263.8,5
2026-07-12,BG,1-2211_GAMEPLAY_STREAK_METER_FILL,148.4,5
2026-07-12,BG,1-8102_CITY_DECO_UPGRADE_SUCCESS,255.4,5
2026-07-12,BG,1-11002_GAMEPLAY_FINISH_6,213.2,5
2026-07-12,BG,1-11004_GAMEPLAY_FINISH_8,319.6,5
2026-07-12,BG,1-8060_DAILY_CHECKIN_POPUP,218.4,5
2026-07-12,BG,1-11005_GAMEPLAY_FINISH_9,383.6,5
2026-07-12,BG,1-2122_TUTO_BOOSTER_UNDO,293.2,5
2026-07-12,BG,1-2212_GAMEPLAY_STREAK_STAR_EARN,148.4,5
2026-07-12,BG,1-2123_TUTO_BOOSTER_FIREWORKS,361.8,5
2026-07-12,BG,1-11003_GAMEPLAY_FINISH_7,258.6,5
2026-07-12,BG,1-2124_TUTO_BOOSTER_WILDCARD,236.6,5
2026-07-12,BG,1-5200_LEADERBOARD,174.6,5
2026-07-12,BG,1-6110_IDLE_GOLD_COLLECT_TRY,129.8,5
2026-07-12,BG,1-8105_BTN_CITY_DECO_CLOSE,259.4,5
2026-07-12,BG,1-6111_IDLE_GOLD_COLLECT_SUCCESS,130.0,5
2026-07-12,BG,1-8100_CITY_DECO_POPUP,241.0,5
2026-07-12,BG,1-8062_DAILY_CHECKIN_CLAIM_SUCCESS,220.6,5
2026-07-12,BG,1-8053_BTN_DAILY_WHEEL_CLOSE,401.2,5
2026-07-12,BG,1-8061_DAILY_CHECKIN_CLAIM_TRY,220.6,5
2026-07-12,BG,1-8101_CITY_DECO_UPGRADE_TRY,255.0,5
2026-07-12,BG,1-11001_GAMEPLAY_FINISH_5,167.4,5
2026-07-12,BG,1-8064_BTN_DAILY_CHECKIN_CLOSE,222.2,5
2026-07-12,BG,1-8050_DAILY_WHEEL_POPUP,391.8,5
2026-07-12,BG,1-2119_TUTO_STREAK,140.0,5
2026-07-12,BG,1-2091_PRE_LEVEL_BOOSTER_SELECT,363.4,5
2026-07-12,BG,1-FIRST_LOAD_INTRO_etc,1.5,4
2026-07-12,BG,1-2171_GAMEPLAY_ITEM_FIREWORKS_SUCCESS,382.5,4
2026-07-12,BG,1-FIRST_LOAD_INTRO_Android,1.8,4
2026-07-12,BG,1-FIRST_LOAD_FB_Android,1.0,4
2026-07-12,BG,1-2170_GAMEPLAY_ITEM_FIREWORKS_TRY,382.5,4
2026-07-12,BG,1-8051_DAILY_WHEEL_SPIN_SUCCESS,416.0,4
2026-07-12,BG,1-FIRST_LOAD_INTRO_FINISH_etc,1.5,4
2026-07-12,BG,1-2127_TUTO_BETTING_2,396.3,4
2026-07-12,BG,1-FIRST_LOAD_INTRO_START_etc,1.5,4
2026-07-12,BG,1-FIRST_LOAD_INTRO_START_Android,1.8,4
2026-07-12,BG,1-FIRST_LOAD_INTRO_FINISH_Android,2.0,4
2026-07-12,BG,1-11006_GAMEPLAY_FINISH_10,443.0,4
2026-07-12,BG,1-2093_PRE_LEVEL_BETTING,397.8,4
2026-07-12,BG,1-2125_TUTO_BOOSTER_EXTRADECK,329.5,4
2026-07-12,BG,1-FIRST_LOAD_FB_etc,0.5,4
2026-07-12,BG,1-2190_GAMEPLAY_ITEM_EXTRADECK_TRY,391.0,3
2026-07-12,BG,1-5105_BTN_DAILY_TASK_CLOSE,513.3,3
2026-07-12,BG,1-2191_GAMEPLAY_ITEM_EXTRADECK_SUCCESS,391.0,3
2026-07-12,BG,1-5100_DAILY_TASK,493.3,3
2026-07-12,BG,1-8025_BTN_SETTING_CLOSE,159.3,3
2026-07-12,BG,1-8020_SETTING_POPUP,154.3,3
2026-07-12,BG,1-8130_CITY_LIST_POPUP,176.5,2
2026-07-12,BG,1-5430_EVENT_CLEAR_RANKING,577.0,2
2026-07-12,BG,1-2161_GAMEPLAY_ITEM_UNDO_SUCCESS,300.0,2
2026-07-12,BG,1-2092_PRE_LEVEL_BOOSTER_DESELECT,367.5,2
2026-07-12,BG,1-2160_GAMEPLAY_ITEM_UNDO_TRY,300.0,2
2026-07-12,BR,1-ALL_LOAD_INTRO,3.3,52
2026-07-12,BR,1-INTRO_FB_START_FINISH,0.0,52
2026-07-12,BR,1-ALL_LOAD_INTRO_FINISH,3.6,52
2026-07-12,BR,1-ALL_LOAD_FB,1.5,52
2026-07-12,BR,1-ALL_LOAD_INTRO_START,3.3,52
2026-07-12,BR,1-INTRO_SIGNED_PLAYER_INFO_FINISH,5.1,51
2026-07-12,BR,1-INTRO_FB_SUBSCRIBE_BOT,4.7,51
2026-07-12,BR,1-INTRO_LOGIN,7.0,51
2026-07-12,BR,1-INTRO_FB_ENTRY_POINT,4.6,51
2026-07-12,BR,1-INTRO_BUNDLE_FINISH,5.6,51
2026-07-12,BR,1-INTRO_GAME_DATA_FINISH,6.5,51
2026-07-12,BR,1-INTRO_SIGNED_PLAYER_INFO,4.6,51
2026-07-12,BR,1-6000_FRIEND_COUNT,5.4,51
2026-07-12,BR,1-6040_SETTING_LANGUAGE,5.6,51
2026-07-12,BR,1-6030_USER_CITY_STATUS,8.0,51
2026-07-12,BR,1-9403_BOOSTER_TRANSACTION_LOG,7.5,51
2026-07-12,BR,1-INTRO_GAME_DATA,4.9,51
2026-07-12,BR,1-INTRO_FB_ENTRY_DATA,5.6,51
2026-07-12,BR,1-INTRO_FB_FRIEND,4.6,51
2026-07-12,BR,1-6010_USER_GOLD_BALANCE,7.9,51
2026-07-12,BR,1-INTRO_OBJECT_POOL,5.6,51
2026-07-12,BR,1-6011_USER_TICKET_BALANCE,8.0,51
2026-07-12,BR,1-6012_USER_HAMMER_BALANCE,8.0,51
2026-07-12,BR,1-INTRO_FB_SUBSCRIBE_BOT_FINISH,5.7,51
2026-07-12,BR,1-INTRO_FB_ENTRY_DATA_FINISH,6.4,51
2026-07-12,BR,1-INTRO_BUNDLE,4.5,51
2026-07-12,BR,1-INTRO_FB_ENTRY_POINT_FINISH,5.6,51
2026-07-12,BR,1-6020_USER_CURRENT_LEVEL,8.0,51
2026-07-12,BR,1-INTRO_FB_FRIEND_FINISH,5.4,51
2026-07-12,BR,1-9400_GOLD_TRANSACTION_LOG,7.4,51
2026-07-12,BR,1-1000_LOGIN_COMPLETE,7.6,51
2026-07-12,BR,1-INTRO_OBJECT_POOL_FINISH,7.0,47
2026-07-12,BR,1-12001_INTRO_DIRECT_ENTRY_START,8.4,47
2026-07-12,BR,1-FIRST_LOAD_INTRO_FINISH_Android,3.6,46
2026-07-12,BR,1-FIRST_LOAD_INTRO_START_Android,3.4,46
2026-07-12,BR,1-FIRST_LOAD_INTRO_Android,3.3,46
2026-07-12,BR,1-FIRST_LOAD_FB_Android,1.5,46
2026-07-12,BR,1-2100_GAMEPLAY_START,11.2,46
2026-07-12,BR,1-1010_LOAD_COMPLETE,11.3,46
2026-07-12,BR,1-12002_INTRO_DIRECT_ENTRY_END,11.4,46
2026-07-12,BR,1-12000_TEST_TOUCH,21.8,40
2026-07-12,BR,1-2110_TUTO_INGAME_INTRO,17.8,37
2026-07-12,BR,1-2141_TUTO_STEP_COMPLETE,45.3,33
2026-07-12,BR,1-9990_PLAY_FIRST_TOUCH,26.6,19
2026-07-12,BR,1-ALL_INTRO_DEBUG_ERROR_98,49.8,15
2026-07-12,BR,1-9402_HAMMER_TRANSACTION_LOG,39.1,15
2026-07-12,BR,1-2151_GAMEPLAY_NRU_MATCHES,35.0,15
2026-07-12,BR,1-2210_GAMEPLAY_COMBO_REWARD,35.0,15
2026-07-12,BR,1-2150_GAMEPLAY_NRU_CARD_MATCH,29.3,15
2026-07-12,BR,1-2213_GAMEPLAY_DECK_BONUS,34.0,15
2026-07-12,BR,1-2400_FINISH_RESULT,41.3,15
2026-07-12,BR,1-2300_GAMEPLAY_FINISH,35.0,15
2026-07-12,BR,1-2114_TUTO_PRE_LEVEL_POPUP,89.5,14
2026-07-12,BR,1-2410_FINISH_RESULT_CLAIM,42.1,14
2026-07-12,BR,1-2510_ENTRY_COST_PAY,92.1,14
2026-07-12,BR,1-5700_LOBBY,66.6,14
2026-07-12,BR,1-2090_PRE_LEVEL_SHOW,89.0,14
2026-07-12,BR,1-2094_PRE_LEVEL_PLAY,92.1,14
2026-07-12,BR,1-3100_TOURNAMENT_CREATE,94.5,13
2026-07-12,BR,1-3120_TOURNAMENT_CREATE_FAIL,95.3,13
2026-07-12,BR,1-7180_BTN_DRAW_DECK,47.0,13
2026-07-12,BR,1-FIRST_INTRO_DEBUG_ERROR_98_Android,15.1,13
2026-07-12,BR,1-2111_TUTO_DECK_DRAW,42.2,13
2026-07-12,BR,1-ALL_INTRO_DEBUG_ERROR_PASS_AFTER_98,72.6,12
2026-07-12,BR,1-2610_GIMMICK_PLUS_CARD_MATCH,116.1,12
2026-07-12,BR,1-2116_TUTO_PLUS_CARD,113.9,12
2026-07-12,BR,1-2600_GIMMICK_FIRST_APPEAR,113.9,12
2026-07-12,BR,1-11001_GAMEPLAY_FINISH_5,203.0,10
2026-07-12,BR,1-2212_GAMEPLAY_STREAK_STAR_EARN,176.3,10
2026-07-12,BR,1-FIRST_INTRO_DEBUG_ERROR_PASS_AFTER_98_Android,30.8,10
2026-07-12,BR,1-2119_TUTO_STREAK,167.6,10
2026-07-12,BR,1-6111_IDLE_GOLD_COLLECT_SUCCESS,142.1,10
2026-07-12,BR,1-8062_DAILY_CHECKIN_CLAIM_SUCCESS,278.5,10
2026-07-12,BR,1-8064_BTN_DAILY_CHECKIN_CLOSE,279.8,10
2026-07-12,BR,1-8060_DAILY_CHECKIN_POPUP,276.2,10
2026-07-12,BR,1-2211_GAMEPLAY_STREAK_METER_FILL,176.3,10
2026-07-12,BR,1-6110_IDLE_GOLD_COLLECT_TRY,142.0,10
2026-07-12,BR,1-8061_DAILY_CHECKIN_CLAIM_TRY,278.5,10
2026-07-12,BR,1-5200_LEADERBOARD,214.0,9
2026-07-12,BR,1-11004_GAMEPLAY_FINISH_8,409.7,9
2026-07-12,BR,1-8120_COLLECTION_POPUP,321.1,9
2026-07-12,BR,1-11003_GAMEPLAY_FINISH_7,307.3,9
2026-07-12,BR,1-2122_TUTO_BOOSTER_UNDO,381.6,9
2026-07-12,BR,1-11002_GAMEPLAY_FINISH_6,257.8,9
2026-07-12,BR,1-2124_TUTO_BOOSTER_WILDCARD,271.0,8
2026-07-12,BR,1-8101_CITY_DECO_UPGRADE_TRY,218.0,7
2026-07-12,BR,1-8105_BTN_CITY_DECO_CLOSE,220.7,7
2026-07-12,BR,1-8102_CITY_DECO_UPGRADE_SUCCESS,218.4,7
2026-07-12,BR,1-8100_CITY_DECO_POPUP,215.9,7
2026-07-12,BR,1-8130_CITY_LIST_POPUP,243.2,5
2026-07-12,BR,1-2091_PRE_LEVEL_BOOSTER_SELECT,419.4,5
2026-07-12,BR,1-2123_TUTO_BOOSTER_FIREWORKS,417.6,5
2026-07-12,BR,1-8051_DAILY_WHEEL_SPIN_SUCCESS,425.8,4
2026-07-12,BR,1-FIRST_LOAD_FB_etc,1.5,4
2026-07-12,BR,1-8025_BTN_SETTING_CLOSE,125.8,4
2026-07-12,BR,1-FIRST_LOAD_INTRO_etc,4.3,4
2026-07-12,BR,1-2170_GAMEPLAY_ITEM_FIREWORKS_TRY,391.8,4
2026-07-12,BR,1-2171_GAMEPLAY_ITEM_FIREWORKS_SUCCESS,391.8,4
2026-07-12,BR,1-FIRST_LOAD_INTRO_FINISH_etc,4.3,4
2026-07-12,BR,1-2127_TUTO_BETTING_2,448.3,4
2026-07-12,BR,1-8050_DAILY_WHEEL_POPUP,417.3,4
2026-07-12,BR,1-8020_SETTING_POPUP,121.0,4
2026-07-12,BR,1-8021_BTN_SETTING_MUSIC,124.0,4
2026-07-12,BR,1-2093_PRE_LEVEL_BETTING,449.8,4
2026-07-12,BR,1-8053_BTN_DAILY_WHEEL_CLOSE,427.5,4
2026-07-12,BR,1-NETWORK_TIMEOUT,89.3,4
2026-07-12,BR,1-NETWORK_TIMEOUT_RETRY,89.3,4
2026-07-12,BR,1-FIRST_LOAD_INTRO_START_etc,4.3,4
2026-07-12,BR,1-8022_BTN_SETTING_SOUND,124.3,4
2026-07-12,BR,1-11005_GAMEPLAY_FINISH_9,397.8,4
2026-07-12,BR,1-LOAD_INTRO_etc,192.3,3
2026-07-12,BR,1-8121_COLLECTION_TAB_SWITCH,283.0,3
2026-07-12,BR,1-11006_GAMEPLAY_FINISH_10,446.0,3
2026-07-12,BR,1-12020_FRAME_DROP_LOG,374.3,3
2026-07-12,BR,1-2180_GAMEPLAY_ITEM_WILDCARD_TRY,404.3,3
2026-07-12,BR,1-LOAD_INTRO_START_etc,192.3,3
2026-07-12,BR,1-LOAD_FB_etc,191.7,3
2026-07-12,BR,1-2181_GAMEPLAY_ITEM_WILDCARD_SUCCESS,404.7,3
2026-07-12,BR,1-LOAD_INTRO_FINISH_etc,192.7,3
2026-07-12,BR,1-4210_RV_FINISH,468.0,2
2026-07-12,BR,1-2125_TUTO_BOOSTER_EXTRADECK,353.0,2
2026-07-12,BR,1-8131_CITY_LIST_SELECT,416.0,2
2026-07-12,BR,1-LOAD_INTRO_START_Android,357.5,2
2026-07-12,BR,1-8111_RV_POPUP_GOLD_SUCCESS,490.5,2
2026-07-12,BR,1-9300_CLIENT_LOG,1.0,2
2026-07-12,BR,1-8110_RV_POPUP_GOLD_TRY,477.5,2
2026-07-12,BR,1-LOAD_INTRO_FINISH_Android,358.5,2
2026-07-12,BR,1-FIRST_LOAD_FB_iOS,0.0,2
2026-07-12,BR,1-FIRST_LOAD_INTRO_FINISH_iOS,1.0,2
2026-07-12,BR,1-LOAD_FB_Android,355.5,2
2026-07-12,BR,1-4200_RV_START,442.5,2
2026-07-12,BR,1-5004_BTN_SHOP_CLOSE,126.5,2
2026-07-12,BR,1-5105_BTN_DAILY_TASK_CLOSE,529.5,2
2026-07-12,BR,1-5000_SHOP,124.0,2
2026-07-12,BR,1-5100_DAILY_TASK,509.5,2
2026-07-12,BR,1-FIRST_LOAD_INTRO_START_iOS,1.0,2
2026-07-12,BR,1-2173_GAMEPLAY_ITEM_FIREWORKS_UNLOCK,132.0,2
2026-07-12,BR,1-LOAD_INTRO_Android,357.5,2
2026-07-12,BR,1-FIRST_LOAD_INTRO_iOS,1.0,2
2026-07-12,CA,1-INTRO_OBJECT_POOL,2.3,21
2026-07-12,CA,1-12002_INTRO_DIRECT_ENTRY_END,5.8,21
2026-07-12,CA,1-INTRO_SIGNED_PLAYER_INFO,1.6,21
2026-07-12,CA,1-2100_GAMEPLAY_START,5.8,21
2026-07-12,CA,1-6020_USER_CURRENT_LEVEL,3.5,21
2026-07-12,CA,1-9400_GOLD_TRANSACTION_LOG,3.3,21
2026-07-12,CA,1-INTRO_FB_ENTRY_DATA_FINISH,2.8,21
2026-07-12,CA,1-INTRO_FB_SUBSCRIBE_BOT_FINISH,2.3,21
2026-07-12,CA,1-6030_USER_CITY_STATUS,3.5,21
2026-07-12,CA,1-6000_FRIEND_COUNT,2.2,21
2026-07-12,CA,1-6010_USER_GOLD_BALANCE,3.5,21
2026-07-12,CA,1-6011_USER_TICKET_BALANCE,3.5,21
2026-07-12,CA,1-6012_USER_HAMMER_BALANCE,3.5,21
2026-07-12,CA,1-6040_SETTING_LANGUAGE,2.3,21
2026-07-12,CA,1-INTRO_GAME_DATA_FINISH,2.5,21
2026-07-12,CA,1-1000_LOGIN_COMPLETE,3.4,21
2026-07-12,CA,1-ALL_LOAD_FB,0.6,21
2026-07-12,CA,1-9403_BOOSTER_TRANSACTION_LOG,3.4,21
2026-07-12,CA,1-ALL_LOAD_INTRO_FINISH,1.5,21
2026-07-12,CA,1-INTRO_BUNDLE,1.5,21
2026-07-12,CA,1-1010_LOAD_COMPLETE,5.8,21
2026-07-12,CA,1-INTRO_OBJECT_POOL_FINISH,3.3,21
2026-07-12,CA,1-ALL_LOAD_INTRO,1.5,21
2026-07-12,CA,1-INTRO_FB_ENTRY_POINT_FINISH,2.2,21
2026-07-12,CA,1-ALL_LOAD_INTRO_START,1.5,21
2026-07-12,CA,1-INTRO_LOGIN,3.1,21
2026-07-12,CA,1-INTRO_FB_FRIEND,1.6,21
2026-07-12,CA,1-INTRO_FB_ENTRY_POINT,1.7,21
2026-07-12,CA,1-INTRO_FB_FRIEND_FINISH,2.2,21
2026-07-12,CA,1-INTRO_FB_ENTRY_DATA,2.2,21
2026-07-12,CA,1-INTRO_FB_START_FINISH,0.0,21
2026-07-12,CA,1-INTRO_BUNDLE_FINISH,2.2,21
2026-07-12,CA,1-2110_TUTO_INGAME_INTRO,8.8,21
2026-07-12,CA,1-INTRO_FB_SUBSCRIBE_BOT,1.7,21
2026-07-12,CA,1-12001_INTRO_DIRECT_ENTRY_START,4.3,21
2026-07-12,CA,1-INTRO_GAME_DATA,1.8,21
2026-07-12,CA,1-INTRO_SIGNED_PLAYER_INFO_FINISH,1.8,21
2026-07-12,CA,1-12000_TEST_TOUCH,12.4,18
2026-07-12,CA,1-2141_TUTO_STEP_COMPLETE,12.9,18
2026-07-12,CA,1-9990_PLAY_FIRST_TOUCH,14.2,16
2026-07-12,CA,1-11001_GAMEPLAY_FINISH_5,198.1,16
2026-07-12,CA,1-2111_TUTO_DECK_DRAW,36.3,16
2026-07-12,CA,1-2116_TUTO_PLUS_CARD,112.4,16
2026-07-12,CA,1-2114_TUTO_PRE_LEVEL_POPUP,65.8,16
2026-07-12,CA,1-FIRST_LOAD_INTRO_etc,1.5,16
2026-07-12,CA,1-2211_GAMEPLAY_STREAK_METER_FILL,172.1,16
2026-07-12,CA,1-2119_TUTO_STREAK,161.2,16
2026-07-12,CA,1-2600_GIMMICK_FIRST_APPEAR,112.4,16
2026-07-12,CA,1-2212_GAMEPLAY_STREAK_STAR_EARN,172.1,16
2026-07-12,CA,1-2300_GAMEPLAY_FINISH,27.1,16
2026-07-12,CA,1-FIRST_LOAD_INTRO_START_etc,1.6,16
2026-07-12,CA,1-2210_GAMEPLAY_COMBO_REWARD,27.1,16
2026-07-12,CA,1-6111_IDLE_GOLD_COLLECT_SUCCESS,148.7,16
2026-07-12,CA,1-2150_GAMEPLAY_NRU_CARD_MATCH,14.9,16
2026-07-12,CA,1-7180_BTN_DRAW_DECK,42.6,16
2026-07-12,CA,1-3100_TOURNAMENT_CREATE,93.6,16
2026-07-12,CA,1-5700_LOBBY,63.3,16
2026-07-12,CA,1-6110_IDLE_GOLD_COLLECT_TRY,148.6,16
2026-07-12,CA,1-2094_PRE_LEVEL_PLAY,68.2,16
2026-07-12,CA,1-2400_FINISH_RESULT,28.1,16
2026-07-12,CA,1-FIRST_LOAD_INTRO_FINISH_etc,1.6,16
2026-07-12,CA,1-9402_HAMMER_TRANSACTION_LOG,26.0,16
2026-07-12,CA,1-2090_PRE_LEVEL_SHOW,65.6,16
2026-07-12,CA,1-2151_GAMEPLAY_NRU_MATCHES,27.1,16
2026-07-12,CA,1-2410_FINISH_RESULT_CLAIM,31.6,16
2026-07-12,CA,1-3120_TOURNAMENT_CREATE_FAIL,93.9,16
2026-07-12,CA,1-2213_GAMEPLAY_DECK_BONUS,25.9,16
2026-07-12,CA,1-2610_GIMMICK_PLUS_CARD_MATCH,114.8,16
2026-07-12,CA,1-2510_ENTRY_COST_PAY,68.2,16
2026-07-12,CA,1-FIRST_LOAD_FB_etc,0.6,16
2026-07-12,CA,1-5200_LEADERBOARD,219.0,15
2026-07-12,CA,1-11002_GAMEPLAY_FINISH_6,244.5,14
2026-07-12,CA,1-8120_COLLECTION_POPUP,308.8,13
2026-07-12,CA,1-8061_DAILY_CHECKIN_CLAIM_TRY,252.2,13
2026-07-12,CA,1-8064_BTN_DAILY_CHECKIN_CLOSE,253.6,13
2026-07-12,CA,1-8060_DAILY_CHECKIN_POPUP,249.4,13
2026-07-12,CA,1-8062_DAILY_CHECKIN_CLAIM_SUCCESS,252.2,13
2026-07-12,CA,1-2124_TUTO_BOOSTER_WILDCARD,270.5,13
2026-07-12,CA,1-11003_GAMEPLAY_FINISH_7,299.2,13
2026-07-12,CA,1-2122_TUTO_BOOSTER_UNDO,331.6,11
2026-07-12,CA,1-11004_GAMEPLAY_FINISH_8,363.7,11
2026-07-12,CA,1-8100_CITY_DECO_POPUP,274.6,10
2026-07-12,CA,1-8101_CITY_DECO_UPGRADE_TRY,280.4,10
2026-07-12,CA,1-8102_CITY_DECO_UPGRADE_SUCCESS,280.5,10
2026-07-12,CA,1-8105_BTN_CITY_DECO_CLOSE,248.8,9
2026-07-12,CA,1-2123_TUTO_BOOSTER_FIREWORKS,357.8,8
2026-07-12,CA,1-2170_GAMEPLAY_ITEM_FIREWORKS_TRY,375.3,8
2026-07-12,CA,1-2171_GAMEPLAY_ITEM_FIREWORKS_SUCCESS,375.3,8
2026-07-12,CA,1-11005_GAMEPLAY_FINISH_9,385.3,8
2026-07-12,CA,1-2091_PRE_LEVEL_BOOSTER_SELECT,360.4,8
2026-07-12,CA,1-8130_CITY_LIST_POPUP,301.7,7
2026-07-12,CA,1-8131_CITY_LIST_SELECT,307.6,7
2026-07-12,CA,1-8050_DAILY_WHEEL_POPUP,381.2,6
2026-07-12,CA,1-2093_PRE_LEVEL_BETTING,456.0,6
2026-07-12,CA,1-2127_TUTO_BETTING_2,452.8,6
2026-07-12,CA,1-2125_TUTO_BOOSTER_EXTRADECK,360.2,6
2026-07-12,CA,1-8051_DAILY_WHEEL_SPIN_SUCCESS,389.3,6
2026-07-12,CA,1-2180_GAMEPLAY_ITEM_WILDCARD_TRY,280.2,5
2026-07-12,CA,1-11006_GAMEPLAY_FINISH_10,502.0,5
2026-07-12,CA,1-8053_BTN_DAILY_WHEEL_CLOSE,425.2,5
2026-07-12,CA,1-2181_GAMEPLAY_ITEM_WILDCARD_SUCCESS,280.4,5
2026-07-12,CA,1-FIRST_LOAD_INTRO_Android,1.5,4
2026-07-12,CA,1-12020_FRAME_DROP_LOG,219.3,4
2026-07-12,CA,1-2161_GAMEPLAY_ITEM_UNDO_SUCCESS,300.8,4
2026-07-12,CA,1-2191_GAMEPLAY_ITEM_EXTRADECK_SUCCESS,392.0,4
2026-07-12,CA,1-FIRST_LOAD_INTRO_START_Android,1.5,4
2026-07-12,CA,1-8020_SETTING_POPUP,112.3,4
2026-07-12,CA,1-8025_BTN_SETTING_CLOSE,116.5,4
2026-07-12,CA,1-2160_GAMEPLAY_ITEM_UNDO_TRY,300.8,4
2026-07-12,CA,1-2190_GAMEPLAY_ITEM_EXTRADECK_TRY,392.0,4
2026-07-12,CA,1-FIRST_LOAD_INTRO_FINISH_Android,1.5,4
2026-07-12,CA,1-FIRST_LOAD_FB_Android,0.8,4
2026-07-12,CA,1-8021_BTN_SETTING_MUSIC,123.3,3
2026-07-12,CA,1-5100_DAILY_TASK,562.3,3
2026-07-12,CA,1-ALL_INTRO_DEBUG_ERROR_PASS_AFTER_98,18.3,3
2026-07-12,CA,1-ALL_INTRO_DEBUG_ERROR_98,12.7,3
2026-07-12,CA,1-4200_RV_START,395.3,3
2026-07-12,CA,1-8054_DAILY_WHEEL_AD_SPIN_TRY,337.0,2
2026-07-12,CA,1-8022_BTN_SETTING_SOUND,141.5,2
2026-07-12,CA,1-5105_BTN_DAILY_TASK_CLOSE,554.5,2
2026-07-12,CA,1-3500_FEED_SHARE,345.5,2
2026-07-12,CA,1-FIRST_INTRO_DEBUG_ERROR_98_etc,13.0,2
2026-07-12,CA,1-4210_RV_FINISH,376.5,2
2026-07-12,CA,1-FIRST_INTRO_DEBUG_ERROR_PASS_AFTER_98_etc,16.0,2
2026-07-12,CA,1-3510_FEED_SHARE_SUCCESS,350.0,2
2026-07-12,CA,1-8055_DAILY_WHEEL_AD_SPIN_SUCCESS,376.5,2
2026-07-12,CH,1-INTRO_OBJECT_POOL_FINISH,1.5,2
2026-07-12,CH,1-2125_TUTO_BOOSTER_EXTRADECK,364.0,2
2026-07-12,CH,1-2300_GAMEPLAY_FINISH,19.0,2
2026-07-12,CH,1-2610_GIMMICK_PLUS_CARD_MATCH,111.5,2
2026-07-12,CH,1-11004_GAMEPLAY_FINISH_8,337.0,2
2026-07-12,CH,1-12001_INTRO_DIRECT_ENTRY_START,2.5,2
2026-07-12,CH,1-2151_GAMEPLAY_NRU_MATCHES,19.0,2
2026-07-12,CH,1-11005_GAMEPLAY_FINISH_9,391.5,2
2026-07-12,CH,1-11002_GAMEPLAY_FINISH_6,220.5,2
2026-07-12,CH,1-11001_GAMEPLAY_FINISH_5,175.5,2
2026-07-12,CH,1-6020_USER_CURRENT_LEVEL,2.5,2
2026-07-12,CH,1-8102_CITY_DECO_UPGRADE_SUCCESS,312.5,2
2026-07-12,CH,1-8105_BTN_CITY_DECO_CLOSE,265.5,2
2026-07-12,CH,1-INTRO_FB_START_FINISH,0.0,2
2026-07-12,CH,1-INTRO_FB_FRIEND_FINISH,1.5,2
2026-07-12,CH,1-2122_TUTO_BOOSTER_UNDO,313.0,2
2026-07-12,CH,1-2127_TUTO_BETTING_2,448.5,2
2026-07-12,CH,1-INTRO_FB_SUBSCRIBE_BOT,0.5,2
2026-07-12,CH,1-INTRO_FB_SUBSCRIBE_BOT_FINISH,1.5,2
2026-07-12,CH,1-2211_GAMEPLAY_STREAK_METER_FILL,155.0,2
2026-07-12,CH,1-2600_GIMMICK_FIRST_APPEAR,110.5,2
2026-07-12,CH,1-2119_TUTO_STREAK,149.0,2
2026-07-12,CH,1-INTRO_FB_ENTRY_POINT_FINISH,1.5,2
2026-07-12,CH,1-INTRO_BUNDLE,0.5,2
2026-07-12,CH,1-2114_TUTO_PRE_LEVEL_POPUP,47.5,2
2026-07-12,CH,1-2210_GAMEPLAY_COMBO_REWARD,19.0,2
2026-07-12,CH,1-2110_TUTO_INGAME_INTRO,5.5,2
2026-07-12,CH,1-6010_USER_GOLD_BALANCE,2.5,2
2026-07-12,CH,1-2100_GAMEPLAY_START,3.5,2
2026-07-12,CH,1-8062_DAILY_CHECKIN_CLAIM_SUCCESS,227.5,2
2026-07-12,CH,1-2090_PRE_LEVEL_SHOW,47.0,2
2026-07-12,CH,1-12002_INTRO_DIRECT_ENTRY_END,3.5,2
2026-07-12,CH,1-11003_GAMEPLAY_FINISH_7,266.5,2
2026-07-12,CH,1-1010_LOAD_COMPLETE,3.5,2
2026-07-12,CH,1-2124_TUTO_BOOSTER_WILDCARD,244.5,2
2026-07-12,CH,1-2094_PRE_LEVEL_PLAY,49.0,2
2026-07-12,CH,1-9402_HAMMER_TRANSACTION_LOG,18.0,2
2026-07-12,CH,1-2116_TUTO_PLUS_CARD,110.5,2
2026-07-12,CH,1-2141_TUTO_STEP_COMPLETE,7.0,2
2026-07-12,CH,1-9400_GOLD_TRANSACTION_LOG,2.5,2
2026-07-12,CH,1-INTRO_GAME_DATA,1.0,2
2026-07-12,CH,1-2150_GAMEPLAY_NRU_CARD_MATCH,10.0,2
2026-07-12,CH,1-INTRO_GAME_DATA_FINISH,1.5,2
2026-07-12,CH,1-2111_TUTO_DECK_DRAW,25.5,2
2026-07-12,CH,1-INTRO_OBJECT_POOL,1.5,2
2026-07-12,CH,1-FIRST_LOAD_INTRO_START_etc,0.5,2
2026-07-12,CH,1-2410_FINISH_RESULT_CLAIM,21.5,2
2026-07-12,CH,1-FIRST_LOAD_FB_etc,0.0,2
2026-07-12,CH,1-ALL_LOAD_INTRO_FINISH,0.5,2
2026-07-12,CH,1-1000_LOGIN_COMPLETE,2.5,2
2026-07-12,CH,1-ALL_LOAD_FB,0.0,2
2026-07-12,CH,1-6000_FRIEND_COUNT,1.5,2
2026-07-12,CH,1-6110_IDLE_GOLD_COLLECT_TRY,140.0,2
2026-07-12,CH,1-2093_PRE_LEVEL_BETTING,453.0,2
2026-07-12,CH,1-11006_GAMEPLAY_FINISH_10,493.0,2
2026-07-12,CH,1-2212_GAMEPLAY_STREAK_STAR_EARN,155.0,2
2026-07-12,CH,1-2400_FINISH_RESULT,19.5,2
2026-07-12,CH,1-2510_ENTRY_COST_PAY,49.0,2
2026-07-12,CH,1-3120_TOURNAMENT_CREATE_FAIL,66.5,2
2026-07-12,CH,1-INTRO_SIGNED_PLAYER_INFO,0.5,2
2026-07-12,CH,1-8050_DAILY_WHEEL_POPUP,402.0,2
2026-07-12,CH,1-6030_USER_CITY_STATUS,2.5,2
2026-07-12,CH,1-INTRO_SIGNED_PLAYER_INFO_FINISH,1.5,2
2026-07-12,CH,1-INTRO_FB_ENTRY_DATA_FINISH,1.5,2
2026-07-12,CH,1-6111_IDLE_GOLD_COLLECT_SUCCESS,140.0,2
2026-07-12,CH,1-8051_DAILY_WHEEL_SPIN_SUCCESS,410.0,2
2026-07-12,CH,1-8120_COLLECTION_POPUP,273.5,2
2026-07-12,CH,1-8101_CITY_DECO_UPGRADE_TRY,312.5,2
2026-07-12,CH,1-9403_BOOSTER_TRANSACTION_LOG,2.5,2
2026-07-12,CH,1-5700_LOBBY,45.0,2
2026-07-12,CH,1-ALL_LOAD_INTRO,0.5,2
2026-07-12,CH,1-FIRST_LOAD_INTRO_FINISH_etc,0.5,2
2026-07-12,CH,1-9990_PLAY_FIRST_TOUCH,9.0,2
2026-07-12,CH,1-8064_BTN_DAILY_CHECKIN_CLOSE,228.5,2
2026-07-12,CH,1-5200_LEADERBOARD,185.0,2
2026-07-12,CH,1-INTRO_BUNDLE_FINISH,1.0,2
2026-07-12,CH,1-12000_TEST_TOUCH,7.0,2
2026-07-12,CH,1-8061_DAILY_CHECKIN_CLAIM_TRY,227.5,2
2026-07-12,CH,1-8060_DAILY_CHECKIN_POPUP,225.0,2
2026-07-12,CH,1-INTRO_FB_ENTRY_POINT,0.5,2
2026-07-12,CH,1-6011_USER_TICKET_BALANCE,2.5,2
2026-07-12,CH,1-2091_PRE_LEVEL_BOOSTER_SELECT,372.5,2
2026-07-12,CH,1-2123_TUTO_BOOSTER_FIREWORKS,370.0,2
2026-07-12,CH,1-2213_GAMEPLAY_DECK_BONUS,17.5,2
2026-07-12,CH,1-3100_TOURNAMENT_CREATE,65.5,2
2026-07-12,CH,1-6040_SETTING_LANGUAGE,1.5,2
2026-07-12,CH,1-8100_CITY_DECO_POPUP,257.5,2
2026-07-12,CH,1-ALL_LOAD_INTRO_START,0.5,2
2026-07-12,CH,1-FIRST_LOAD_INTRO_etc,0.5,2
2026-07-12,CH,1-INTRO_FB_ENTRY_DATA,1.5,2
2026-07-12,CH,1-7180_BTN_DRAW_DECK,29.5,2
2026-07-12,CH,1-INTRO_FB_FRIEND,0.5,2
2026-07-12,CH,1-INTRO_LOGIN,1.5,2
2026-07-12,CH,1-6012_USER_HAMMER_BALANCE,2.5,2
2026-07-12,CI,1-12001_INTRO_DIRECT_ENTRY_START,24.2,5
2026-07-12,CI,1-INTRO_FB_ENTRY_POINT_FINISH,12.0,5
2026-07-12,CI,1-1010_LOAD_COMPLETE,31.0,5
2026-07-12,CI,1-INTRO_GAME_DATA_FINISH,13.4,5
2026-07-12,CI,1-INTRO_FB_SUBSCRIBE_BOT_FINISH,12.2,5
2026-07-12,CI,1-FIRST_LOAD_INTRO_FINISH_Android,7.6,5
2026-07-12,CI,1-6020_USER_CURRENT_LEVEL,24.2,5
2026-07-12,CI,1-INTRO_OBJECT_POOL,12.6,5
2026-07-12,CI,1-12002_INTRO_DIRECT_ENTRY_END,31.4,5
2026-07-12,CI,1-9400_GOLD_TRANSACTION_LOG,23.4,5
2026-07-12,CI,1-INTRO_OBJECT_POOL_FINISH,13.4,5
2026-07-12,CI,1-1000_LOGIN_COMPLETE,23.6,5
2026-07-12,CI,1-INTRO_LOGIN,22.6,5
2026-07-12,CI,1-6011_USER_TICKET_BALANCE,24.0,5
2026-07-12,CI,1-2100_GAMEPLAY_START,31.0,5
2026-07-12,CI,1-INTRO_FB_ENTRY_DATA_FINISH,13.2,5
2026-07-12,CI,1-INTRO_FB_FRIEND,11.2,5
2026-07-12,CI,1-INTRO_FB_ENTRY_POINT,11.2,5
2026-07-12,CI,1-INTRO_FB_ENTRY_DATA,12.0,5
2026-07-12,CI,1-ALL_LOAD_INTRO_START,7.4,5
2026-07-12,CI,1-INTRO_BUNDLE_FINISH,12.6,5
2026-07-12,CI,1-6030_USER_CITY_STATUS,24.2,5
2026-07-12,CI,1-ALL_LOAD_FB,3.8,5
2026-07-12,CI,1-6012_USER_HAMMER_BALANCE,24.0,5
2026-07-12,CI,1-9403_BOOSTER_TRANSACTION_LOG,23.6,5
2026-07-12,CI,1-FIRST_LOAD_FB_Android,3.8,5
2026-07-12,CI,1-FIRST_LOAD_INTRO_START_Android,7.4,5
2026-07-12,CI,1-FIRST_LOAD_INTRO_Android,7.2,5
2026-07-12,CI,1-6000_FRIEND_COUNT,20.8,5
2026-07-12,CI,1-6010_USER_GOLD_BALANCE,24.0,5
2026-07-12,CI,1-INTRO_SIGNED_PLAYER_INFO_FINISH,11.8,5
2026-07-12,CI,1-INTRO_SIGNED_PLAYER_INFO,11.2,5
2026-07-12,CI,1-INTRO_GAME_DATA,11.6,5
2026-07-12,CI,1-6040_SETTING_LANGUAGE,12.6,5
2026-07-12,CI,1-INTRO_FB_SUBSCRIBE_BOT,11.2,5
2026-07-12,CI,1-INTRO_FB_FRIEND_FINISH,20.8,5
2026-07-12,CI,1-ALL_LOAD_INTRO,7.4,5
2026-07-12,CI,1-INTRO_BUNDLE,11.2,5
2026-07-12,CI,1-ALL_LOAD_INTRO_FINISH,7.6,5
2026-07-12,CI,1-INTRO_FB_START_FINISH,0.0,5
2026-07-12,CI,1-12000_TEST_TOUCH,60.5,4
2026-07-12,CI,1-2141_TUTO_STEP_COMPLETE,80.7,3
2026-07-12,CI,1-ALL_INTRO_DEBUG_ERROR_PASS_AFTER_98,59.0,3
2026-07-12,CI,1-ALL_INTRO_DEBUG_ERROR_98,24.3,3
2026-07-12,CI,1-2110_TUTO_INGAME_INTRO,60.3,3
2026-07-12,CI,1-FIRST_INTRO_DEBUG_ERROR_PASS_AFTER_98_Android,59.0,3
2026-07-12,CI,1-FIRST_INTRO_DEBUG_ERROR_98_Android,24.3,3
2026-07-12,CL,1-FIRST_LOAD_FB_Android,3.3,4
2026-07-12,CL,1-ALL_LOAD_INTRO_START,4.8,4
2026-07-12,CL,1-INTRO_FB_FRIEND_FINISH,5.3,4
2026-07-12,CL,1-9403_BOOSTER_TRANSACTION_LOG,9.0,4
2026-07-12,CL,1-6020_USER_CURRENT_LEVEL,9.5,4
2026-07-12,CL,1-INTRO_FB_SUBSCRIBE_BOT,5.0,4
2026-07-12,CL,1-ALL_LOAD_FB,3.3,4
2026-07-12,CL,1-INTRO_SIGNED_PLAYER_INFO,5.0,4
2026-07-12,CL,1-6012_USER_HAMMER_BALANCE,9.5,4
2026-07-12,CL,1-FIRST_LOAD_INTRO_Android,4.8,4
2026-07-12,CL,1-ALL_LOAD_INTRO_FINISH,4.8,4
2026-07-12,CL,1-INTRO_FB_ENTRY_POINT_FINISH,6.0,4
2026-07-12,CL,1-INTRO_BUNDLE,5.0,4
2026-07-12,CL,1-12002_INTRO_DIRECT_ENTRY_END,21.5,4
2026-07-12,CL,1-INTRO_OBJECT_POOL_FINISH,18.0,4
2026-07-12,CL,1-2100_GAMEPLAY_START,21.3,4
2026-07-12,CL,1-9400_GOLD_TRANSACTION_LOG,9.0,4
2026-07-12,CL,1-6010_USER_GOLD_BALANCE,9.5,4
2026-07-12,CL,1-6000_FRIEND_COUNT,5.5,4
2026-07-12,CL,1-INTRO_SIGNED_PLAYER_INFO_FINISH,5.5,4
2026-07-12,CL,1-FIRST_LOAD_INTRO_START_Android,4.8,4
2026-07-12,CL,1-6011_USER_TICKET_BALANCE,9.5,4
2026-07-12,CL,1-6030_USER_CITY_STATUS,9.5,4
2026-07-12,CL,1-INTRO_FB_ENTRY_DATA,6.0,4
2026-07-12,CL,1-INTRO_GAME_DATA_FINISH,6.5,4
2026-07-12,CL,1-ALL_LOAD_INTRO,4.8,4
2026-07-12,CL,1-6040_SETTING_LANGUAGE,6.3,4
2026-07-12,CL,1-INTRO_GAME_DATA,5.0,4
2026-07-12,CL,1-INTRO_OBJECT_POOL,6.3,4
2026-07-12,CL,1-1010_LOAD_COMPLETE,21.5,4
2026-07-12,CL,1-12001_INTRO_DIRECT_ENTRY_START,18.3,4
2026-07-12,CL,1-INTRO_LOGIN,8.5,4
2026-07-12,CL,1-FIRST_LOAD_INTRO_FINISH_Android,4.8,4
2026-07-12,CL,1-INTRO_FB_SUBSCRIBE_BOT_FINISH,6.0,4
2026-07-12,CL,1-1000_LOGIN_COMPLETE,9.5,4
2026-07-12,CL,1-INTRO_FB_FRIEND,5.0,4
2026-07-12,CL,1-INTRO_FB_START_FINISH,0.0,4
2026-07-12,CL,1-INTRO_FB_ENTRY_POINT,5.0,4
2026-07-12,CL,1-INTRO_FB_ENTRY_DATA_FINISH,8.3,4
2026-07-12,CL,1-INTRO_BUNDLE_FINISH,6.3,4
2026-07-12,CL,1-2110_TUTO_INGAME_INTRO,33.0,3
2026-07-12,CL,1-12000_TEST_TOUCH,19.0,3
2026-07-12,CL,1-ALL_INTRO_DEBUG_ERROR_PASS_AFTER_98,38.0,2
2026-07-12,CL,1-ALL_INTRO_DEBUG_ERROR_98,18.0,2
2026-07-12,CL,1-FIRST_INTRO_DEBUG_ERROR_98_Android,18.0,2
2026-07-12,CL,1-FIRST_INTRO_DEBUG_ERROR_PASS_AFTER_98_Android,38.0,2
2026-07-12,CO,1-INTRO_FB_SUBSCRIBE_BOT,3.0,13
2026-07-12,CO,1-INTRO_FB_ENTRY_DATA,3.8,13
2026-07-12,CO,1-ALL_LOAD_INTRO_FINISH,2.6,13
2026-07-12,CO,1-6010_USER_GOLD_BALANCE,6.2,13
2026-07-12,CO,1-ALL_LOAD_FB,1.4,13
2026-07-12,CO,1-INTRO_BUNDLE_FINISH,3.7,13
2026-07-12,CO,1-INTRO_FB_FRIEND_FINISH,3.5,13
2026-07-12,CO,1-6020_USER_CURRENT_LEVEL,6.3,13
2026-07-12,CO,1-6030_USER_CITY_STATUS,6.3,13
2026-07-12,CO,1-9400_GOLD_TRANSACTION_LOG,5.6,13
2026-07-12,CO,1-INTRO_FB_START_FINISH,0.0,13
2026-07-12,CO,1-INTRO_FB_ENTRY_DATA_FINISH,4.3,13
2026-07-12,CO,1-INTRO_OBJECT_POOL,3.9,13
2026-07-12,CO,1-9403_BOOSTER_TRANSACTION_LOG,5.6,13
2026-07-12,CO,1-INTRO_FB_ENTRY_POINT,3.0,13
2026-07-12,CO,1-6040_SETTING_LANGUAGE,3.9,13
2026-07-12,CO,1-6012_USER_HAMMER_BALANCE,6.3,13
2026-07-12,CO,1-INTRO_FB_SUBSCRIBE_BOT_FINISH,3.8,13
2026-07-12,CO,1-ALL_LOAD_INTRO,2.2,13
2026-07-12,CO,1-ALL_LOAD_INTRO_START,2.2,13
2026-07-12,CO,1-INTRO_GAME_DATA,3.0,13
2026-07-12,CO,1-6000_FRIEND_COUNT,3.5,13
2026-07-12,CO,1-INTRO_FB_FRIEND,3.0,13
2026-07-12,CO,1-1000_LOGIN_COMPLETE,5.7,13
2026-07-12,CO,1-INTRO_SIGNED_PLAYER_INFO_FINISH,3.3,13
2026-07-12,CO,1-6011_USER_TICKET_BALANCE,6.2,13
2026-07-12,CO,1-INTRO_LOGIN,4.8,13
2026-07-12,CO,1-INTRO_GAME_DATA_FINISH,4.4,13
2026-07-12,CO,1-INTRO_BUNDLE,2.8,13
2026-07-12,CO,1-INTRO_FB_ENTRY_POINT_FINISH,3.8,13
2026-07-12,CO,1-INTRO_SIGNED_PLAYER_INFO,3.0,13
2026-07-12,CO,1-2100_GAMEPLAY_START,9.1,12
2026-07-12,CO,1-FIRST_LOAD_INTRO_Android,2.1,12
2026-07-12,CO,1-INTRO_OBJECT_POOL_FINISH,4.1,12
2026-07-12,CO,1-FIRST_LOAD_FB_Android,1.5,12
2026-07-12,CO,1-12001_INTRO_DIRECT_ENTRY_START,6.3,12
2026-07-12,CO,1-1010_LOAD_COMPLETE,9.2,12
2026-07-12,CO,1-FIRST_LOAD_INTRO_FINISH_Android,2.5,12
2026-07-12,CO,1-FIRST_LOAD_INTRO_START_Android,2.1,12
2026-07-12,CO,1-12002_INTRO_DIRECT_ENTRY_END,9.3,12
2026-07-12,CO,1-2110_TUTO_INGAME_INTRO,11.4,10
2026-07-12,CO,1-12000_TEST_TOUCH,11.4,10
2026-07-12,CO,1-2141_TUTO_STEP_COMPLETE,17.7,7
2026-07-12,CO,1-9990_PLAY_FIRST_TOUCH,22.9,7
2026-07-12,CO,1-2150_GAMEPLAY_NRU_CARD_MATCH,25.5,6
2026-07-12,CO,1-2300_GAMEPLAY_FINISH,66.0,3
2026-07-12,CO,1-9402_HAMMER_TRANSACTION_LOG,64.7,3
2026-07-12,CO,1-2151_GAMEPLAY_NRU_MATCHES,66.0,3
2026-07-12,CO,1-2210_GAMEPLAY_COMBO_REWARD,66.0,3
2026-07-12,CO,1-2213_GAMEPLAY_DECK_BONUS,64.0,3
2026-07-12,CO,1-2400_FINISH_RESULT,67.0,3
2026-07-12,CO,1-2600_GIMMICK_FIRST_APPEAR,129.5,2
2026-07-12,CO,1-FIRST_INTRO_DEBUG_ERROR_98_Android,14.0,2
2026-07-12,CO,1-2510_ENTRY_COST_PAY,80.5,2
2026-07-12,CO,1-ALL_INTRO_DEBUG_ERROR_98,14.0,2
2026-07-12,CO,1-3120_TOURNAMENT_CREATE_FAIL,114.5,2
2026-07-12,CO,1-6110_IDLE_GOLD_COLLECT_TRY,172.5,2
2026-07-12,CO,1-2090_PRE_LEVEL_SHOW,78.0,2
2026-07-12,CO,1-2094_PRE_LEVEL_PLAY,80.5,2
2026-07-12,CO,1-5700_LOBBY,75.5,2
2026-07-12,CO,1-6111_IDLE_GOLD_COLLECT_SUCCESS,173.5,2
2026-07-12,CO,1-2116_TUTO_PLUS_CARD,129.5,2
2026-07-12,CO,1-2610_GIMMICK_PLUS_CARD_MATCH,136.0,2
2026-07-12,CO,1-2114_TUTO_PRE_LEVEL_POPUP,78.0,2
2026-07-12,CO,1-7180_BTN_DRAW_DECK,51.0,2
2026-07-12,CO,1-3100_TOURNAMENT_CREATE,114.0,2
2026-07-12,CO,1-2410_FINISH_RESULT_CLAIM,38.5,2
2026-07-12,CO,1-2111_TUTO_DECK_DRAW,42.5,2
2026-07-12,DE,1-6020_USER_CURRENT_LEVEL,4.7,17
2026-07-12,DE,1-12001_INTRO_DIRECT_ENTRY_START,4.9,17
2026-07-12,DE,1-9403_BOOSTER_TRANSACTION_LOG,4.4,17
2026-07-12,DE,1-INTRO_LOGIN,4.0,17
2026-07-12,DE,1-6011_USER_TICKET_BALANCE,4.6,17
2026-07-12,DE,1-INTRO_GAME_DATA,2.5,17
2026-07-12,DE,1-6012_USER_HAMMER_BALANCE,4.6,17
2026-07-12,DE,1-12002_INTRO_DIRECT_ENTRY_END,7.2,17
2026-07-12,DE,1-INTRO_FB_SUBSCRIBE_BOT_FINISH,3.0,17
2026-07-12,DE,1-2100_GAMEPLAY_START,7.1,17
2026-07-12,DE,1-1010_LOAD_COMPLETE,7.2,17
2026-07-12,DE,1-INTRO_OBJECT_POOL_FINISH,3.1,17
2026-07-12,DE,1-6040_SETTING_LANGUAGE,2.8,17
2026-07-12,DE,1-INTRO_SIGNED_PLAYER_INFO_FINISH,2.5,17
2026-07-12,DE,1-INTRO_SIGNED_PLAYER_INFO,2.3,17
2026-07-12,DE,1-INTRO_GAME_DATA_FINISH,3.2,17
2026-07-12,DE,1-6030_USER_CITY_STATUS,4.7,17
2026-07-12,DE,1-INTRO_FB_ENTRY_DATA,2.9,17
2026-07-12,DE,1-ALL_LOAD_INTRO,2.1,17
2026-07-12,DE,1-6000_FRIEND_COUNT,2.7,17
2026-07-12,DE,1-INTRO_FB_FRIEND,2.3,17
2026-07-12,DE,1-ALL_LOAD_INTRO_FINISH,2.3,17
2026-07-12,DE,1-INTRO_FB_ENTRY_DATA_FINISH,3.8,17
2026-07-12,DE,1-ALL_LOAD_INTRO_START,2.1,17
2026-07-12,DE,1-ALL_LOAD_FB,1.0,17
2026-07-12,DE,1-INTRO_OBJECT_POOL,2.8,17
2026-07-12,DE,1-9400_GOLD_TRANSACTION_LOG,4.4,17
2026-07-12,DE,1-INTRO_FB_SUBSCRIBE_BOT,2.3,17
2026-07-12,DE,1-1000_LOGIN_COMPLETE,4.5,17
2026-07-12,DE,1-INTRO_FB_START_FINISH,0.0,17
2026-07-12,DE,1-INTRO_FB_ENTRY_POINT_FINISH,2.9,17
2026-07-12,DE,1-INTRO_FB_ENTRY_POINT,2.3,17
2026-07-12,DE,1-6010_USER_GOLD_BALANCE,4.6,17
2026-07-12,DE,1-INTRO_BUNDLE,2.3,17
2026-07-12,DE,1-INTRO_BUNDLE_FINISH,2.8,17
2026-07-12,DE,1-INTRO_FB_FRIEND_FINISH,2.6,17
2026-07-12,DE,1-2210_GAMEPLAY_COMBO_REWARD,27.9,15
2026-07-12,DE,1-2110_TUTO_INGAME_INTRO,9.7,15
2026-07-12,DE,1-2151_GAMEPLAY_NRU_MATCHES,27.9,15
2026-07-12,DE,1-2150_GAMEPLAY_NRU_CARD_MATCH,17.0,15
2026-07-12,DE,1-2400_FINISH_RESULT,30.4,15
2026-07-12,DE,1-9402_HAMMER_TRANSACTION_LOG,26.8,15
2026-07-12,DE,1-12000_TEST_TOUCH,13.1,15
2026-07-12,DE,1-9990_PLAY_FIRST_TOUCH,15.5,15
2026-07-12,DE,1-2141_TUTO_STEP_COMPLETE,14.5,15
2026-07-12,DE,1-2213_GAMEPLAY_DECK_BONUS,26.5,15
2026-07-12,DE,1-2300_GAMEPLAY_FINISH,27.9,15
2026-07-12,DE,1-FIRST_LOAD_INTRO_START_etc,1.9,13
2026-07-12,DE,1-FIRST_LOAD_INTRO_etc,1.9,13
2026-07-12,DE,1-2111_TUTO_DECK_DRAW,35.6,13
2026-07-12,DE,1-FIRST_LOAD_FB_etc,0.8,13
2026-07-12,DE,1-2410_FINISH_RESULT_CLAIM,30.5,13
2026-07-12,DE,1-FIRST_LOAD_INTRO_FINISH_etc,2.2,13
2026-07-12,DE,1-2510_ENTRY_COST_PAY,66.3,12
2026-07-12,DE,1-3120_TOURNAMENT_CREATE_FAIL,116.9,12
2026-07-12,DE,1-3100_TOURNAMENT_CREATE,90.3,12
2026-07-12,DE,1-5700_LOBBY,61.3,12
2026-07-12,DE,1-7180_BTN_DRAW_DECK,42.3,12
2026-07-12,DE,1-2090_PRE_LEVEL_SHOW,63.8,12
2026-07-12,DE,1-2094_PRE_LEVEL_PLAY,66.3,12
2026-07-12,DE,1-2114_TUTO_PRE_LEVEL_POPUP,64.2,12
2026-07-12,DE,1-11001_GAMEPLAY_FINISH_5,224.2,10
2026-07-12,DE,1-8064_BTN_DAILY_CHECKIN_CLOSE,307.7,10
2026-07-12,DE,1-6111_IDLE_GOLD_COLLECT_SUCCESS,180.2,10
2026-07-12,DE,1-6110_IDLE_GOLD_COLLECT_TRY,180.1,10
2026-07-12,DE,1-5200_LEADERBOARD,233.0,10
2026-07-12,DE,1-2610_GIMMICK_PLUS_CARD_MATCH,136.7,10
2026-07-12,DE,1-2600_GIMMICK_FIRST_APPEAR,135.2,10
2026-07-12,DE,1-8061_DAILY_CHECKIN_CLAIM_TRY,306.4,10
2026-07-12,DE,1-8060_DAILY_CHECKIN_POPUP,304.0,10
2026-07-12,DE,1-2119_TUTO_STREAK,194.1,10
2026-07-12,DE,1-2116_TUTO_PLUS_CARD,135.2,10
2026-07-12,DE,1-2212_GAMEPLAY_STREAK_STAR_EARN,204.3,10
2026-07-12,DE,1-11002_GAMEPLAY_FINISH_6,298.6,10
2026-07-12,DE,1-2211_GAMEPLAY_STREAK_METER_FILL,204.3,10
2026-07-12,DE,1-8062_DAILY_CHECKIN_CLAIM_SUCCESS,306.4,10
2026-07-12,DE,1-11004_GAMEPLAY_FINISH_8,375.6,9
2026-07-12,DE,1-8100_CITY_DECO_POPUP,315.8,9
2026-07-12,DE,1-8105_BTN_CITY_DECO_CLOSE,322.6,9
2026-07-12,DE,1-2122_TUTO_BOOSTER_UNDO,349.7,9
2026-07-12,DE,1-8101_CITY_DECO_UPGRADE_TRY,318.7,9
2026-07-12,DE,1-8120_COLLECTION_POPUP,327.7,9
2026-07-12,DE,1-8102_CITY_DECO_UPGRADE_SUCCESS,318.8,9
2026-07-12,DE,1-2124_TUTO_BOOSTER_WILDCARD,294.3,9
2026-07-12,DE,1-11003_GAMEPLAY_FINISH_7,319.6,9
2026-07-12,DE,1-8053_BTN_DAILY_WHEEL_CLOSE,443.3,8
2026-07-12,DE,1-8050_DAILY_WHEEL_POPUP,425.8,8
2026-07-12,DE,1-2093_PRE_LEVEL_BETTING,469.8,8
2026-07-12,DE,1-8051_DAILY_WHEEL_SPIN_SUCCESS,434.4,8
2026-07-12,DE,1-2091_PRE_LEVEL_BOOSTER_SELECT,396.5,8
2026-07-12,DE,1-11005_GAMEPLAY_FINISH_9,417.4,8
2026-07-12,DE,1-2123_TUTO_BOOSTER_FIREWORKS,393.8,8
2026-07-12,DE,1-2127_TUTO_BETTING_2,466.4,8
2026-07-12,DE,1-11006_GAMEPLAY_FINISH_10,489.7,6
2026-07-12,DE,1-8130_CITY_LIST_POPUP,344.3,6
2026-07-12,DE,1-2125_TUTO_BOOSTER_EXTRADECK,466.6,5
2026-07-12,DE,1-8020_SETTING_POPUP,145.4,5
2026-07-12,DE,1-2171_GAMEPLAY_ITEM_FIREWORKS_SUCCESS,374.4,5
2026-07-12,DE,1-8025_BTN_SETTING_CLOSE,163.2,5
2026-07-12,DE,1-2170_GAMEPLAY_ITEM_FIREWORKS_TRY,374.4,5
2026-07-12,DE,1-8030_LANGUAGE_POPUP,137.3,4
2026-07-12,DE,1-2191_GAMEPLAY_ITEM_EXTRADECK_SUCCESS,437.8,4
2026-07-12,DE,1-2190_GAMEPLAY_ITEM_EXTRADECK_TRY,437.5,4
2026-07-12,DE,1-12020_FRAME_DROP_LOG,260.8,4
2026-07-12,DE,1-8032_BTN_LANGUAGE_CLOSE,145.0,4
2026-07-12,DE,1-5105_BTN_DAILY_TASK_CLOSE,490.0,3
2026-07-12,DE,1-5100_DAILY_TASK,482.7,3
2026-07-12,DE,1-FIRST_LOAD_INTRO_Android,2.7,3
2026-07-12,DE,1-FIRST_LOAD_INTRO_FINISH_Android,3.0,3
2026-07-12,DE,1-FIRST_LOAD_FB_Android,1.7,3
2026-07-12,DE,1-FIRST_LOAD_INTRO_START_Android,2.7,3
2026-07-12,DE,1-4200_RV_START,459.0,3
2026-07-12,DE,1-2092_PRE_LEVEL_BOOSTER_DESELECT,456.3,3
2026-07-12,DE,1-8131_CITY_LIST_SELECT,359.0,3
2026-07-12,DE,1-5432_EVENT_CLEAR_RANKING_CLOSE,539.5,2
2026-07-12,DE,1-ALL_INTRO_DEBUG_ERROR_PASS_AFTER_98,20.5,2
2026-07-12,DE,1-2180_GAMEPLAY_ITEM_WILDCARD_TRY,267.5,2
2026-07-12,DE,1-8121_COLLECTION_TAB_SWITCH,470.5,2
2026-07-12,DE,1-2160_GAMEPLAY_ITEM_UNDO_TRY,342.5,2
2026-07-12,DE,1-2181_GAMEPLAY_ITEM_WILDCARD_SUCCESS,267.5,2
2026-07-12,DE,1-2130_TUTO_GIMMICK_RUNNER,560.0,2
2026-07-12,DE,1-5004_BTN_SHOP_CLOSE,402.0,2
2026-07-12,DE,1-2161_GAMEPLAY_ITEM_UNDO_SUCCESS,342.5,2
2026-07-12,DE,1-FIRST_INTRO_DEBUG_ERROR_98_etc,15.5,2
2026-07-12,DE,1-5430_EVENT_CLEAR_RANKING,533.0,2
2026-07-12,DE,1-ALL_INTRO_DEBUG_ERROR_98,15.5,2
2026-07-12,DE,1-8021_BTN_SETTING_MUSIC,90.0,2
2026-07-12,DE,1-4210_RV_FINISH,520.0,2
2026-07-12,DE,1-FIRST_INTRO_DEBUG_ERROR_PASS_AFTER_98_etc,20.5,2
2026-07-12,DE,1-5000_SHOP,377.5,2
2026-07-12,DE,1-8023_BTN_SETTING_VIBRATION,93.0,2
2026-07-12,DK,1-2114_TUTO_PRE_LEVEL_POPUP,51.0,4
2026-07-12,DK,1-2111_TUTO_DECK_DRAW,26.3,4
2026-07-12,DK,1-INTRO_FB_SUBSCRIBE_BOT_FINISH,2.0,4
2026-07-12,DK,1-8062_DAILY_CHECKIN_CLAIM_SUCCESS,218.8,4
2026-07-12,DK,1-INTRO_GAME_DATA_FINISH,2.0,4
2026-07-12,DK,1-INTRO_SIGNED_PLAYER_INFO_FINISH,1.5,4
2026-07-12,DK,1-11005_GAMEPLAY_FINISH_9,352.8,4
2026-07-12,DK,1-2141_TUTO_STEP_COMPLETE,8.5,4
2026-07-12,DK,1-5700_LOBBY,48.0,4
2026-07-12,DK,1-9402_HAMMER_TRANSACTION_LOG,18.8,4
2026-07-12,DK,1-12002_INTRO_DIRECT_ENTRY_END,3.8,4
2026-07-12,DK,1-ALL_LOAD_INTRO_FINISH,0.8,4
2026-07-12,DK,1-FIRST_LOAD_INTRO_START_etc,0.8,4
2026-07-12,DK,1-1000_LOGIN_COMPLETE,2.5,4
2026-07-12,DK,1-INTRO_BUNDLE,0.8,4
2026-07-12,DK,1-11006_GAMEPLAY_FINISH_10,437.5,4
2026-07-12,DK,1-2124_TUTO_BOOSTER_WILDCARD,225.8,4
2026-07-12,DK,1-2119_TUTO_STREAK,127.0,4
2026-07-12,DK,1-INTRO_OBJECT_POOL,1.3,4
2026-07-12,DK,1-2093_PRE_LEVEL_BETTING,386.5,4
2026-07-12,DK,1-8060_DAILY_CHECKIN_POPUP,216.8,4
2026-07-12,DK,1-2212_GAMEPLAY_STREAK_STAR_EARN,135.8,4
2026-07-12,DK,1-2116_TUTO_PLUS_CARD,90.8,4
2026-07-12,DK,1-2400_FINISH_RESULT,20.8,4
2026-07-12,DK,1-2110_TUTO_INGAME_INTRO,6.3,4
2026-07-12,DK,1-3120_TOURNAMENT_CREATE_FAIL,74.0,4
2026-07-12,DK,1-6012_USER_HAMMER_BALANCE,2.5,4
2026-07-12,DK,1-INTRO_GAME_DATA,1.0,4
2026-07-12,DK,1-FIRST_LOAD_FB_etc,0.3,4
2026-07-12,DK,1-6030_USER_CITY_STATUS,2.5,4
2026-07-12,DK,1-8051_DAILY_WHEEL_SPIN_SUCCESS,369.8,4
2026-07-12,DK,1-11003_GAMEPLAY_FINISH_7,248.5,4
2026-07-12,DK,1-11002_GAMEPLAY_FINISH_6,212.3,4
2026-07-12,DK,1-9403_BOOSTER_TRANSACTION_LOG,2.3,4
2026-07-12,DK,1-INTRO_FB_ENTRY_DATA_FINISH,2.0,4
2026-07-12,DK,1-INTRO_FB_START_FINISH,0.0,4
2026-07-12,DK,1-2213_GAMEPLAY_DECK_BONUS,18.5,4
2026-07-12,DK,1-INTRO_FB_SUBSCRIBE_BOT,1.0,4
2026-07-12,DK,1-9400_GOLD_TRANSACTION_LOG,2.3,4
2026-07-12,DK,1-11004_GAMEPLAY_FINISH_8,297.5,4
2026-07-12,DK,1-2150_GAMEPLAY_NRU_CARD_MATCH,10.3,4
2026-07-12,DK,1-2410_FINISH_RESULT_CLAIM,22.3,4
2026-07-12,DK,1-2123_TUTO_BOOSTER_FIREWORKS,328.0,4
2026-07-12,DK,1-2610_GIMMICK_PLUS_CARD_MATCH,91.8,4
2026-07-12,DK,1-3100_TOURNAMENT_CREATE,74.0,4
2026-07-12,DK,1-6000_FRIEND_COUNT,2.0,4
2026-07-12,DK,1-6040_SETTING_LANGUAGE,1.3,4
2026-07-12,DK,1-6011_USER_TICKET_BALANCE,2.5,4
2026-07-12,DK,1-2094_PRE_LEVEL_PLAY,52.5,4
2026-07-12,DK,1-6110_IDLE_GOLD_COLLECT_TRY,118.8,4
2026-07-12,DK,1-11001_GAMEPLAY_FINISH_5,157.3,4
2026-07-12,DK,1-2091_PRE_LEVEL_BOOSTER_SELECT,331.5,4
2026-07-12,DK,1-2090_PRE_LEVEL_SHOW,51.0,4
2026-07-12,DK,1-8050_DAILY_WHEEL_POPUP,360.8,4
2026-07-12,DK,1-8064_BTN_DAILY_CHECKIN_CLOSE,220.3,4
2026-07-12,DK,1-ALL_LOAD_INTRO,0.8,4
2026-07-12,DK,1-INTRO_SIGNED_PLAYER_INFO,0.8,4
2026-07-12,DK,1-6010_USER_GOLD_BALANCE,2.5,4
2026-07-12,DK,1-ALL_LOAD_INTRO_START,0.8,4
2026-07-12,DK,1-FIRST_LOAD_INTRO_FINISH_etc,0.8,4
2026-07-12,DK,1-ALL_LOAD_FB,0.3,4
2026-07-12,DK,1-8120_COLLECTION_POPUP,255.0,4
2026-07-12,DK,1-7180_BTN_DRAW_DECK,31.8,4
2026-07-12,DK,1-9990_PLAY_FIRST_TOUCH,9.5,4
2026-07-12,DK,1-INTRO_FB_FRIEND_FINISH,2.0,4
2026-07-12,DK,1-FIRST_LOAD_INTRO_etc,0.8,4
2026-07-12,DK,1-INTRO_BUNDLE_FINISH,1.3,4
2026-07-12,DK,1-2122_TUTO_BOOSTER_UNDO,272.3,4
2026-07-12,DK,1-8061_DAILY_CHECKIN_CLAIM_TRY,218.8,4
2026-07-12,DK,1-6020_USER_CURRENT_LEVEL,2.5,4
2026-07-12,DK,1-INTRO_FB_ENTRY_POINT_FINISH,2.0,4
2026-07-12,DK,1-8053_BTN_DAILY_WHEEL_CLOSE,373.5,4
2026-07-12,DK,1-6111_IDLE_GOLD_COLLECT_SUCCESS,119.0,4
2026-07-12,DK,1-INTRO_FB_ENTRY_DATA,2.0,4
2026-07-12,DK,1-INTRO_FB_ENTRY_POINT,1.0,4
2026-07-12,DK,1-INTRO_FB_FRIEND,1.0,4
2026-07-12,DK,1-INTRO_LOGIN,2.0,4
2026-07-12,DK,1-2600_GIMMICK_FIRST_APPEAR,90.8,4
2026-07-12,DK,1-12000_TEST_TOUCH,8.3,4
2026-07-12,DK,1-INTRO_OBJECT_POOL_FINISH,1.8,4
2026-07-12,DK,1-1010_LOAD_COMPLETE,3.8,4
2026-07-12,DK,1-5200_LEADERBOARD,168.3,4
2026-07-12,DK,1-2510_ENTRY_COST_PAY,52.5,4
2026-07-12,DK,1-12001_INTRO_DIRECT_ENTRY_START,3.0,4
2026-07-12,DK,1-2100_GAMEPLAY_START,3.8,4
2026-07-12,DK,1-2300_GAMEPLAY_FINISH,20.0,4
2026-07-12,DK,1-2210_GAMEPLAY_COMBO_REWARD,20.0,4
2026-07-12,DK,1-2211_GAMEPLAY_STREAK_METER_FILL,135.8,4
2026-07-12,DK,1-2127_TUTO_BETTING_2,383.8,4
2026-07-12,DK,1-2151_GAMEPLAY_NRU_MATCHES,20.0,4
2026-07-12,DK,1-8105_BTN_CITY_DECO_CLOSE,253.0,3
2026-07-12,DK,1-2171_GAMEPLAY_ITEM_FIREWORKS_SUCCESS,329.0,3
2026-07-12,DK,1-8101_CITY_DECO_UPGRADE_TRY,249.0,3
2026-07-12,DK,1-8100_CITY_DECO_POPUP,246.7,3
2026-07-12,DK,1-8130_CITY_LIST_POPUP,304.3,3
2026-07-12,DK,1-2125_TUTO_BOOSTER_EXTRADECK,407.3,3
2026-07-12,DK,1-2160_GAMEPLAY_ITEM_UNDO_TRY,354.3,3
2026-07-12,DK,1-2161_GAMEPLAY_ITEM_UNDO_SUCCESS,354.3,3
2026-07-12,DK,1-2170_GAMEPLAY_ITEM_FIREWORKS_TRY,329.0,3
2026-07-12,DK,1-8102_CITY_DECO_UPGRADE_SUCCESS,249.0,3
2026-07-12,DK,1-2191_GAMEPLAY_ITEM_EXTRADECK_SUCCESS,384.0,2
2026-07-12,DK,1-2190_GAMEPLAY_ITEM_EXTRADECK_TRY,384.0,2
2026-07-12,DK,1-2180_GAMEPLAY_ITEM_WILDCARD_TRY,329.5,2
2026-07-12,DK,1-2181_GAMEPLAY_ITEM_WILDCARD_SUCCESS,329.5,2
2026-07-12,DK,1-5100_DAILY_TASK,552.5,2
2026-07-12,DK,1-8121_COLLECTION_TAB_SWITCH,309.5,2
2026-07-12,DK,1-5105_BTN_DAILY_TASK_CLOSE,557.0,2
2026-07-12,DO,1-INTRO_FB_START_FINISH,0.0,8
2026-07-12,DO,1-ALL_LOAD_FB,1.4,8
2026-07-12,DO,1-ALL_LOAD_INTRO_FINISH,2.9,8
2026-07-12,DO,1-ALL_LOAD_INTRO,2.6,8
2026-07-12,DO,1-FIRST_LOAD_INTRO_FINISH_Android,2.9,8
2026-07-12,DO,1-FIRST_LOAD_FB_Android,1.4,8
2026-07-12,DO,1-FIRST_LOAD_INTRO_Android,2.6,8
2026-07-12,DO,1-ALL_LOAD_INTRO_START,2.6,8
2026-07-12,DO,1-FIRST_LOAD_INTRO_START_Android,2.6,8
2026-07-12,DO,1-INTRO_SIGNED_PLAYER_INFO_FINISH,3.9,7
2026-07-12,DO,1-6010_USER_GOLD_BALANCE,6.9,7
2026-07-12,DO,1-INTRO_GAME_DATA,3.9,7
2026-07-12,DO,1-INTRO_FB_ENTRY_DATA_FINISH,5.3,7
2026-07-12,DO,1-INTRO_SIGNED_PLAYER_INFO,3.4,7
2026-07-12,DO,1-INTRO_FB_SUBSCRIBE_BOT,3.6,7
2026-07-12,DO,1-INTRO_OBJECT_POOL,4.7,7
2026-07-12,DO,1-INTRO_FB_ENTRY_DATA,4.3,7
2026-07-12,DO,1-INTRO_FB_FRIEND_FINISH,4.0,7
2026-07-12,DO,1-6012_USER_HAMMER_BALANCE,6.9,7
2026-07-12,DO,1-INTRO_GAME_DATA_FINISH,5.6,7
2026-07-12,DO,1-INTRO_BUNDLE_FINISH,4.7,7
2026-07-12,DO,1-1000_LOGIN_COMPLETE,6.7,7
2026-07-12,DO,1-INTRO_FB_FRIEND,3.6,7
2026-07-12,DO,1-INTRO_FB_ENTRY_POINT,3.6,7
2026-07-12,DO,1-INTRO_LOGIN,6.0,7
2026-07-12,DO,1-6000_FRIEND_COUNT,4.0,7
2026-07-12,DO,1-9400_GOLD_TRANSACTION_LOG,6.6,7
2026-07-12,DO,1-6040_SETTING_LANGUAGE,4.7,7
2026-07-12,DO,1-9403_BOOSTER_TRANSACTION_LOG,6.7,7
2026-07-12,DO,1-INTRO_FB_SUBSCRIBE_BOT_FINISH,4.3,7
2026-07-12,DO,1-6020_USER_CURRENT_LEVEL,6.9,7
2026-07-12,DO,1-6011_USER_TICKET_BALANCE,6.9,7
2026-07-12,DO,1-6030_USER_CITY_STATUS,6.9,7
2026-07-12,DO,1-INTRO_FB_ENTRY_POINT_FINISH,4.3,7
2026-07-12,DO,1-INTRO_BUNDLE,3.4,7
2026-07-12,DO,1-INTRO_OBJECT_POOL_FINISH,6.0,6
2026-07-12,DO,1-12001_INTRO_DIRECT_ENTRY_START,7.0,6
2026-07-12,DO,1-1010_LOAD_COMPLETE,9.3,6
2026-07-12,DO,1-12002_INTRO_DIRECT_ENTRY_END,9.3,6
2026-07-12,DO,1-2100_GAMEPLAY_START,9.3,6
2026-07-12,DO,1-2141_TUTO_STEP_COMPLETE,48.8,4
2026-07-12,DO,1-2110_TUTO_INGAME_INTRO,44.5,4
2026-07-12,DO,1-12000_TEST_TOUCH,11.0,4
2026-07-12,DO,1-9990_PLAY_FIRST_TOUCH,106.5,2
2026-07-12,DZ,1-INTRO_FB_ENTRY_POINT,3.7,3
2026-07-12,DZ,1-INTRO_BUNDLE_FINISH,6.0,3
2026-07-12,DZ,1-INTRO_FB_START_FINISH,0.0,3
2026-07-12,DZ,1-FIRST_LOAD_FB_Android,1.3,3
2026-07-12,DZ,1-INTRO_FB_SUBSCRIBE_BOT,3.7,3
2026-07-12,DZ,1-ALL_LOAD_INTRO,3.0,3
2026-07-12,DZ,1-6010_USER_GOLD_BALANCE,9.7,3
2026-07-12,DZ,1-6030_USER_CITY_STATUS,10.0,3
2026-07-12,DZ,1-INTRO_SIGNED_PLAYER_INFO,3.7,3
2026-07-12,DZ,1-INTRO_BUNDLE,3.7,3
2026-07-12,DZ,1-6011_USER_TICKET_BALANCE,10.0,3
2026-07-12,DZ,1-INTRO_FB_FRIEND_FINISH,4.7,3
2026-07-12,DZ,1-6000_FRIEND_COUNT,4.7,3
2026-07-12,DZ,1-INTRO_FB_ENTRY_POINT_FINISH,5.7,3
2026-07-12,DZ,1-ALL_LOAD_FB,1.3,3
2026-07-12,DZ,1-FIRST_LOAD_INTRO_Android,3.0,3
2026-07-12,DZ,1-1000_LOGIN_COMPLETE,9.7,3
2026-07-12,DZ,1-ALL_LOAD_INTRO_START,3.0,3
2026-07-12,DZ,1-6012_USER_HAMMER_BALANCE,10.0,3
2026-07-12,DZ,1-9403_BOOSTER_TRANSACTION_LOG,9.0,3
2026-07-12,DZ,1-INTRO_GAME_DATA_FINISH,8.3,3
2026-07-12,DZ,1-INTRO_SIGNED_PLAYER_INFO_FINISH,4.7,3
2026-07-12,DZ,1-INTRO_LOGIN,8.3,3
2026-07-12,DZ,1-INTRO_OBJECT_POOL,6.0,3
2026-07-12,DZ,1-INTRO_GAME_DATA,4.3,3
2026-07-12,DZ,1-FIRST_LOAD_INTRO_START_Android,3.0,3
2026-07-12,DZ,1-6040_SETTING_LANGUAGE,6.0,3
2026-07-12,DZ,1-6020_USER_CURRENT_LEVEL,10.0,3
2026-07-12,DZ,1-INTRO_FB_ENTRY_DATA,5.7,3
2026-07-12,DZ,1-9400_GOLD_TRANSACTION_LOG,9.0,3
2026-07-12,DZ,1-INTRO_FB_FRIEND,3.7,3
2026-07-12,DZ,1-ALL_LOAD_INTRO_FINISH,3.3,3
2026-07-12,DZ,1-FIRST_LOAD_INTRO_FINISH_Android,3.3,3
2026-07-12,DZ,1-INTRO_FB_ENTRY_DATA_FINISH,7.3,3
2026-07-12,DZ,1-INTRO_FB_SUBSCRIBE_BOT_FINISH,5.7,3
2026-07-12,DZ,1-2110_TUTO_INGAME_INTRO,22.5,2
2026-07-12,DZ,1-1010_LOAD_COMPLETE,16.5,2
2026-07-12,DZ,1-ALL_INTRO_DEBUG_ERROR_98,13.5,2
2026-07-12,DZ,1-2100_GAMEPLAY_START,16.5,2
2026-07-12,DZ,1-12001_INTRO_DIRECT_ENTRY_START,11.5,2
2026-07-12,DZ,1-12002_INTRO_DIRECT_ENTRY_END,16.5,2
2026-07-12,DZ,1-INTRO_OBJECT_POOL_FINISH,9.0,2
2026-07-12,DZ,1-FIRST_INTRO_DEBUG_ERROR_98_Android,13.5,2
2026-07-12,EC,1-INTRO_FB_ENTRY_POINT,5.0,8
2026-07-12,EC,1-INTRO_FB_SUBSCRIBE_BOT_FINISH,5.5,8
2026-07-12,EC,1-INTRO_SIGNED_PLAYER_INFO_FINISH,5.0,8
2026-07-12,EC,1-INTRO_OBJECT_POOL_FINISH,8.8,8
2026-07-12,EC,1-12002_INTRO_DIRECT_ENTRY_END,12.3,8
2026-07-12,EC,1-INTRO_OBJECT_POOL,8.1,8
2026-07-12,EC,1-12001_INTRO_DIRECT_ENTRY_START,9.9,8
2026-07-12,EC,1-6000_FRIEND_COUNT,5.4,8
2026-07-12,EC,1-6040_SETTING_LANGUAGE,8.1,8
2026-07-12,EC,1-ALL_LOAD_INTRO_FINISH,4.6,8
2026-07-12,EC,1-ALL_LOAD_INTRO_START,4.5,8
2026-07-12,EC,1-INTRO_SIGNED_PLAYER_INFO,5.0,8
2026-07-12,EC,1-INTRO_FB_SUBSCRIBE_BOT,5.0,8
2026-07-12,EC,1-INTRO_LOGIN,8.7,8
2026-07-12,EC,1-INTRO_FB_START_FINISH,0.0,8
2026-07-12,EC,1-6012_USER_HAMMER_BALANCE,9.6,8
2026-07-12,EC,1-6010_USER_GOLD_BALANCE,9.6,8
2026-07-12,EC,1-INTRO_FB_ENTRY_POINT_FINISH,5.4,8
2026-07-12,EC,1-INTRO_FB_FRIEND_FINISH,5.4,8
2026-07-12,EC,1-9403_BOOSTER_TRANSACTION_LOG,9.3,8
2026-07-12,EC,1-ALL_LOAD_INTRO,4.5,8
2026-07-12,EC,1-1000_LOGIN_COMPLETE,9.4,8
2026-07-12,EC,1-FIRST_LOAD_INTRO_START_Android,4.5,8
2026-07-12,EC,1-INTRO_GAME_DATA_FINISH,8.6,8
2026-07-12,EC,1-6020_USER_CURRENT_LEVEL,9.6,8
2026-07-12,EC,1-FIRST_LOAD_FB_Android,1.4,8
2026-07-12,EC,1-9400_GOLD_TRANSACTION_LOG,9.3,8
2026-07-12,EC,1-FIRST_LOAD_INTRO_Android,4.5,8
2026-07-12,EC,1-FIRST_LOAD_INTRO_FINISH_Android,4.6,8
2026-07-12,EC,1-INTRO_BUNDLE,5.0,8
2026-07-12,EC,1-INTRO_FB_ENTRY_DATA,5.5,8
2026-07-12,EC,1-INTRO_BUNDLE_FINISH,7.9,8
2026-07-12,EC,1-INTRO_FB_FRIEND,5.0,8
2026-07-12,EC,1-6030_USER_CITY_STATUS,9.6,8
2026-07-12,EC,1-INTRO_GAME_DATA,5.0,8
2026-07-12,EC,1-INTRO_FB_ENTRY_DATA_FINISH,5.9,8
2026-07-12,EC,1-ALL_LOAD_FB,1.4,8
2026-07-12,EC,1-6011_USER_TICKET_BALANCE,9.6,8
2026-07-12,EC,1-12000_TEST_TOUCH,16.7,7
2026-07-12,EC,1-2100_GAMEPLAY_START,7.3,7
2026-07-12,EC,1-1010_LOAD_COMPLETE,7.3,7
2026-07-12,EC,1-2110_TUTO_INGAME_INTRO,8.4,5
2026-07-12,EC,1-2141_TUTO_STEP_COMPLETE,13.5,4
2026-07-12,EC,1-2410_FINISH_RESULT_CLAIM,71.0,2
2026-07-12,EC,1-2510_ENTRY_COST_PAY,110.5,2
2026-07-12,EC,1-5700_LOBBY,99.5,2
2026-07-12,EC,1-2114_TUTO_PRE_LEVEL_POPUP,102.0,2
2026-07-12,EC,1-3100_TOURNAMENT_CREATE,136.0,2
2026-07-12,EC,1-7180_BTN_DRAW_DECK,79.5,2
2026-07-12,EC,1-2210_GAMEPLAY_COMBO_REWARD,62.5,2
2026-07-12,EC,1-2300_GAMEPLAY_FINISH,62.5,2
2026-07-12,EC,1-2111_TUTO_DECK_DRAW,75.0,2
2026-07-12,EC,1-2094_PRE_LEVEL_PLAY,110.5,2
2026-07-12,EC,1-2400_FINISH_RESULT,64.0,2
2026-07-12,EC,1-2090_PRE_LEVEL_SHOW,101.5,2
2026-07-12,EC,1-9402_HAMMER_TRANSACTION_LOG,61.5,2
2026-07-12,EC,1-2151_GAMEPLAY_NRU_MATCHES,62.5,2
2026-07-12,EC,1-2150_GAMEPLAY_NRU_CARD_MATCH,53.5,2
2026-07-12,EC,1-9990_PLAY_FIRST_TOUCH,14.0,2
2026-07-12,EC,1-3120_TOURNAMENT_CREATE_FAIL,137.0,2
2026-07-12,EC,1-2213_GAMEPLAY_DECK_BONUS,61.5,2
2026-07-12,EG,1-6030_USER_CITY_STATUS,13.3,3
2026-07-12,EG,1-FIRST_LOAD_INTRO_FINISH_Android,10.3,3
2026-07-12,EG,1-INTRO_FB_SUBSCRIBE_BOT,10.7,3
2026-07-12,EG,1-INTRO_OBJECT_POOL_FINISH,13.3,3
2026-07-12,EG,1-12000_TEST_TOUCH,23.7,3
2026-07-12,EG,1-INTRO_FB_FRIEND_FINISH,11.0,3
2026-07-12,EG,1-INTRO_BUNDLE_FINISH,11.7,3
2026-07-12,EG,1-INTRO_FB_ENTRY_POINT,10.7,3
2026-07-12,EG,1-INTRO_LOGIN,12.3,3
2026-07-12,EG,1-6040_SETTING_LANGUAGE,11.7,3
2026-07-12,EG,1-9403_BOOSTER_TRANSACTION_LOG,13.0,3
2026-07-12,EG,1-INTRO_BUNDLE,10.7,3
2026-07-12,EG,1-2100_GAMEPLAY_START,18.7,3
2026-07-12,EG,1-1000_LOGIN_COMPLETE,13.0,3
2026-07-12,EG,1-6011_USER_TICKET_BALANCE,13.3,3
2026-07-12,EG,1-ALL_LOAD_FB,7.7,3
2026-07-12,EG,1-ALL_LOAD_INTRO_FINISH,10.3,3
2026-07-12,EG,1-INTRO_FB_ENTRY_POINT_FINISH,11.3,3
2026-07-12,EG,1-INTRO_FB_START_FINISH,0.0,3
2026-07-12,EG,1-INTRO_OBJECT_POOL,11.7,3
2026-07-12,EG,1-INTRO_SIGNED_PLAYER_INFO_FINISH,11.0,3
2026-07-12,EG,1-1010_LOAD_COMPLETE,19.0,3
2026-07-12,EG,1-INTRO_GAME_DATA_FINISH,12.0,3
2026-07-12,EG,1-6012_USER_HAMMER_BALANCE,13.3,3
2026-07-12,EG,1-INTRO_SIGNED_PLAYER_INFO,10.7,3
2026-07-12,EG,1-12001_INTRO_DIRECT_ENTRY_START,13.7,3
2026-07-12,EG,1-INTRO_GAME_DATA,10.7,3
2026-07-12,EG,1-6000_FRIEND_COUNT,11.0,3
2026-07-12,EG,1-INTRO_FB_SUBSCRIBE_BOT_FINISH,11.7,3
2026-07-12,EG,1-FIRST_LOAD_FB_Android,7.7,3
2026-07-12,EG,1-FIRST_LOAD_INTRO_Android,9.7,3
2026-07-12,EG,1-9400_GOLD_TRANSACTION_LOG,13.0,3
2026-07-12,EG,1-6020_USER_CURRENT_LEVEL,13.3,3
2026-07-12,EG,1-6010_USER_GOLD_BALANCE,13.3,3
2026-07-12,EG,1-ALL_LOAD_INTRO,9.7,3
2026-07-12,EG,1-FIRST_LOAD_INTRO_START_Android,9.7,3
2026-07-12,EG,1-INTRO_FB_ENTRY_DATA,11.3,3
2026-07-12,EG,1-12002_INTRO_DIRECT_ENTRY_END,19.0,3
2026-07-12,EG,1-INTRO_FB_ENTRY_DATA_FINISH,12.3,3
2026-07-12,EG,1-2110_TUTO_INGAME_INTRO,21.0,3
2026-07-12,EG,1-INTRO_FB_FRIEND,10.7,3
2026-07-12,EG,1-ALL_LOAD_INTRO_START,9.7,3
2026-07-12,EG,1-5700_LOBBY,63.0,2
2026-07-12,EG,1-2094_PRE_LEVEL_PLAY,67.5,2
2026-07-12,EG,1-2213_GAMEPLAY_DECK_BONUS,31.0,2
2026-07-12,EG,1-3100_TOURNAMENT_CREATE,110.5,2
2026-07-12,EG,1-2114_TUTO_PRE_LEVEL_POPUP,65.5,2
2026-07-12,EG,1-2116_TUTO_PLUS_CARD,122.0,2
2026-07-12,EG,1-7180_BTN_DRAW_DECK,44.5,2
2026-07-12,EG,1-9402_HAMMER_TRANSACTION_LOG,31.0,2
2026-07-12,EG,1-2610_GIMMICK_PLUS_CARD_MATCH,125.0,2
2026-07-12,EG,1-2600_GIMMICK_FIRST_APPEAR,122.0,2
2026-07-12,EG,1-2410_FINISH_RESULT_CLAIM,35.0,2
2026-07-12,EG,1-2151_GAMEPLAY_NRU_MATCHES,32.0,2
2026-07-12,EG,1-2141_TUTO_STEP_COMPLETE,17.5,2
2026-07-12,EG,1-2150_GAMEPLAY_NRU_CARD_MATCH,19.5,2
2026-07-12,EG,1-2300_GAMEPLAY_FINISH,32.0,2
2026-07-12,EG,1-2090_PRE_LEVEL_SHOW,65.5,2
2026-07-12,EG,1-2510_ENTRY_COST_PAY,67.5,2
2026-07-12,EG,1-2111_TUTO_DECK_DRAW,39.0,2
2026-07-12,EG,1-2210_GAMEPLAY_COMBO_REWARD,32.0,2
2026-07-12,EG,1-9990_PLAY_FIRST_TOUCH,19.5,2
2026-07-12,EG,1-3120_TOURNAMENT_CREATE_FAIL,110.5,2
2026-07-12,EG,1-2400_FINISH_RESULT,34.0,2
2026-07-12,ES,1-INTRO_FB_START_FINISH,0.0,7
2026-07-12,ES,1-ALL_LOAD_INTRO_FINISH,2.0,7
2026-07-12,ES,1-ALL_LOAD_FB,1.0,7
2026-07-12,ES,1-ALL_LOAD_INTRO,2.0,7
2026-07-12,ES,1-ALL_LOAD_INTRO_START,2.0,7
2026-07-12,ES,1-2110_TUTO_INGAME_INTRO,8.7,6
2026-07-12,ES,1-6030_USER_CITY_STATUS,4.8,6
2026-07-12,ES,1-6012_USER_HAMMER_BALANCE,4.8,6
2026-07-12,ES,1-1010_LOAD_COMPLETE,6.5,6
2026-07-12,ES,1-12001_INTRO_DIRECT_ENTRY_START,5.2,6
2026-07-12,ES,1-2510_ENTRY_COST_PAY,66.0,6
2026-07-12,ES,1-2100_GAMEPLAY_START,6.5,6
2026-07-12,ES,1-INTRO_FB_ENTRY_DATA_FINISH,2.7,6
2026-07-12,ES,1-2150_GAMEPLAY_NRU_CARD_MATCH,17.5,6
2026-07-12,ES,1-2213_GAMEPLAY_DECK_BONUS,28.8,6
2026-07-12,ES,1-9990_PLAY_FIRST_TOUCH,16.8,6
2026-07-12,ES,1-2410_FINISH_RESULT_CLAIM,34.3,6
2026-07-12,ES,1-2114_TUTO_PRE_LEVEL_POPUP,63.5,6
2026-07-12,ES,1-INTRO_OBJECT_POOL_FINISH,3.0,6
2026-07-12,ES,1-9402_HAMMER_TRANSACTION_LOG,28.8,6
2026-07-12,ES,1-2094_PRE_LEVEL_PLAY,66.0,6
2026-07-12,ES,1-INTRO_FB_SUBSCRIBE_BOT_FINISH,2.0,6
2026-07-12,ES,1-2141_TUTO_STEP_COMPLETE,15.2,6
2026-07-12,ES,1-2111_TUTO_DECK_DRAW,38.3,6
2026-07-12,ES,1-INTRO_LOGIN,4.0,6
2026-07-12,ES,1-INTRO_FB_FRIEND,1.5,6
2026-07-12,ES,1-2090_PRE_LEVEL_SHOW,63.2,6
2026-07-12,ES,1-INTRO_GAME_DATA,1.5,6
2026-07-12,ES,1-INTRO_FB_ENTRY_POINT,1.5,6
2026-07-12,ES,1-INTRO_OBJECT_POOL,2.0,6
2026-07-12,ES,1-INTRO_FB_ENTRY_DATA,2.0,6
2026-07-12,ES,1-3100_TOURNAMENT_CREATE,86.3,6
2026-07-12,ES,1-2400_FINISH_RESULT,30.8,6
2026-07-12,ES,1-6000_FRIEND_COUNT,3.0,6
2026-07-12,ES,1-INTRO_BUNDLE_FINISH,1.8,6
2026-07-12,ES,1-INTRO_SIGNED_PLAYER_INFO_FINISH,1.5,6
2026-07-12,ES,1-INTRO_GAME_DATA_FINISH,2.8,6
2026-07-12,ES,1-INTRO_SIGNED_PLAYER_INFO,1.5,6
2026-07-12,ES,1-6020_USER_CURRENT_LEVEL,4.8,6
2026-07-12,ES,1-9400_GOLD_TRANSACTION_LOG,4.3,6
2026-07-12,ES,1-INTRO_FB_SUBSCRIBE_BOT,1.5,6
2026-07-12,ES,1-INTRO_BUNDLE,1.5,6
2026-07-12,ES,1-1000_LOGIN_COMPLETE,4.5,6
2026-07-12,ES,1-12002_INTRO_DIRECT_ENTRY_END,6.5,6
2026-07-12,ES,1-INTRO_FB_FRIEND_FINISH,3.0,6
2026-07-12,ES,1-6040_SETTING_LANGUAGE,2.0,6
2026-07-12,ES,1-9403_BOOSTER_TRANSACTION_LOG,4.3,6
2026-07-12,ES,1-2151_GAMEPLAY_NRU_MATCHES,29.8,6
2026-07-12,ES,1-3120_TOURNAMENT_CREATE_FAIL,86.7,6
2026-07-12,ES,1-7180_BTN_DRAW_DECK,43.5,6
2026-07-12,ES,1-12000_TEST_TOUCH,14.2,6
2026-07-12,ES,1-6011_USER_TICKET_BALANCE,4.8,6
2026-07-12,ES,1-6010_USER_GOLD_BALANCE,4.8,6
2026-07-12,ES,1-INTRO_FB_ENTRY_POINT_FINISH,2.0,6
2026-07-12,ES,1-5700_LOBBY,60.7,6
2026-07-12,ES,1-2300_GAMEPLAY_FINISH,29.8,6
2026-07-12,ES,1-2210_GAMEPLAY_COMBO_REWARD,29.8,6
2026-07-12,ES,1-2116_TUTO_PLUS_CARD,104.4,5
2026-07-12,ES,1-2610_GIMMICK_PLUS_CARD_MATCH,106.2,5
2026-07-12,ES,1-2600_GIMMICK_FIRST_APPEAR,104.4,5
2026-07-12,ES,1-6110_IDLE_GOLD_COLLECT_TRY,138.6,5
2026-07-12,ES,1-6111_IDLE_GOLD_COLLECT_SUCCESS,138.8,5
2026-07-12,ES,1-FIRST_LOAD_FB_etc,1.0,4
2026-07-12,ES,1-8100_CITY_DECO_POPUP,147.8,4
2026-07-12,ES,1-11001_GAMEPLAY_FINISH_5,185.3,4
2026-07-12,ES,1-8101_CITY_DECO_UPGRADE_TRY,151.3,4
2026-07-12,ES,1-2211_GAMEPLAY_STREAK_METER_FILL,165.5,4
2026-07-12,ES,1-2119_TUTO_STREAK,155.8,4
2026-07-12,ES,1-2212_GAMEPLAY_STREAK_STAR_EARN,165.5,4
2026-07-12,ES,1-8105_BTN_CITY_DECO_CLOSE,153.0,4
2026-07-12,ES,1-FIRST_LOAD_INTRO_START_etc,2.0,4
2026-07-12,ES,1-FIRST_LOAD_INTRO_etc,2.0,4
2026-07-12,ES,1-8102_CITY_DECO_UPGRADE_SUCCESS,151.3,4
2026-07-12,ES,1-FIRST_LOAD_INTRO_FINISH_etc,2.0,4
2026-07-12,ES,1-5200_LEADERBOARD,193.3,4
2026-07-12,ES,1-2124_TUTO_BOOSTER_WILDCARD,261.3,3
2026-07-12,ES,1-8050_DAILY_WHEEL_POPUP,392.0,3
2026-07-12,ES,1-2171_GAMEPLAY_ITEM_FIREWORKS_SUCCESS,375.3,3
2026-07-12,ES,1-8062_DAILY_CHECKIN_CLAIM_SUCCESS,251.3,3
2026-07-12,ES,1-2170_GAMEPLAY_ITEM_FIREWORKS_TRY,375.3,3
2026-07-12,ES,1-2122_TUTO_BOOSTER_UNDO,314.0,3
2026-07-12,ES,1-11006_GAMEPLAY_FINISH_10,479.0,3
2026-07-12,ES,1-8120_COLLECTION_POPUP,296.3,3
2026-07-12,ES,1-11004_GAMEPLAY_FINISH_8,339.3,3
2026-07-12,ES,1-8025_BTN_SETTING_CLOSE,128.7,3
2026-07-12,ES,1-FIRST_LOAD_INTRO_Android,2.0,3
2026-07-12,ES,1-2093_PRE_LEVEL_BETTING,438.7,3
2026-07-12,ES,1-8061_DAILY_CHECKIN_CLAIM_TRY,251.3,3
2026-07-12,ES,1-8064_BTN_DAILY_CHECKIN_CLOSE,252.3,3
2026-07-12,ES,1-FIRST_LOAD_INTRO_FINISH_Android,2.0,3
2026-07-12,ES,1-8020_SETTING_POPUP,121.7,3
2026-07-12,ES,1-2123_TUTO_BOOSTER_FIREWORKS,361.0,3
2026-07-12,ES,1-2127_TUTO_BETTING_2,436.3,3
2026-07-12,ES,1-8051_DAILY_WHEEL_SPIN_SUCCESS,400.3,3
2026-07-12,ES,1-FIRST_LOAD_FB_Android,1.0,3
2026-07-12,ES,1-8060_DAILY_CHECKIN_POPUP,249.3,3
2026-07-12,ES,1-11002_GAMEPLAY_FINISH_6,237.3,3
2026-07-12,ES,1-FIRST_LOAD_INTRO_START_Android,2.0,3
2026-07-12,ES,1-11005_GAMEPLAY_FINISH_9,383.3,3
2026-07-12,ES,1-8053_BTN_DAILY_WHEEL_CLOSE,405.3,3
2026-07-12,ES,1-2091_PRE_LEVEL_BOOSTER_SELECT,363.0,3
2026-07-12,ES,1-11003_GAMEPLAY_FINISH_7,287.3,3
2026-07-12,ES,1-LOAD_INTRO_FINISH_etc,49.5,2
2026-07-12,ES,1-LOAD_FB_etc,47.0,2
2026-07-12,ES,1-8130_CITY_LIST_POPUP,333.0,2
2026-07-12,ES,1-ALL_INTRO_DEBUG_ERROR_98,14.0,2
2026-07-12,ES,1-4200_RV_START,481.5,2
2026-07-12,ES,1-5105_BTN_DAILY_TASK_CLOSE,562.5,2
2026-07-12,ES,1-8021_BTN_SETTING_MUSIC,90.5,2
2026-07-12,ES,1-LOAD_INTRO_etc,49.5,2
2026-07-12,ES,1-LOAD_INTRO_START_etc,49.5,2
2026-07-12,ES,1-5100_DAILY_TASK,556.5,2
2026-07-12,ES,1-12020_FRAME_DROP_LOG,242.5,2
2026-07-12,ET,1-2100_GAMEPLAY_START,22.0,2
2026-07-12,ET,1-INTRO_FB_ENTRY_DATA_FINISH,13.0,2
2026-07-12,ET,1-FIRST_LOAD_INTRO_FINISH_Android,7.0,2
2026-07-12,ET,1-INTRO_FB_SUBSCRIBE_BOT_FINISH,13.0,2
2026-07-12,ET,1-6012_USER_HAMMER_BALANCE,15.0,2
2026-07-12,ET,1-INTRO_OBJECT_POOL_FINISH,14.0,2
2026-07-12,ET,1-INTRO_SIGNED_PLAYER_INFO,12.0,2
2026-07-12,ET,1-INTRO_FB_SUBSCRIBE_BOT,12.0,2
2026-07-12,ET,1-9400_GOLD_TRANSACTION_LOG,14.0,2
2026-07-12,ET,1-INTRO_GAME_DATA,12.0,2
2026-07-12,ET,1-6020_USER_CURRENT_LEVEL,15.0,2
2026-07-12,ET,1-INTRO_GAME_DATA_FINISH,13.0,2
2026-07-12,ET,1-INTRO_FB_FRIEND,12.0,2
2026-07-12,ET,1-12002_INTRO_DIRECT_ENTRY_END,22.5,2
2026-07-12,ET,1-INTRO_LOGIN,13.0,2
2026-07-12,ET,1-INTRO_FB_FRIEND_FINISH,12.0,2
2026-07-12,ET,1-ALL_LOAD_FB,2.5,2
2026-07-12,ET,1-1010_LOAD_COMPLETE,22.0,2
2026-07-12,ET,1-INTRO_BUNDLE,12.0,2
2026-07-12,ET,1-INTRO_FB_ENTRY_POINT,12.0,2
2026-07-12,ET,1-INTRO_FB_ENTRY_DATA,13.0,2
2026-07-12,ET,1-INTRO_BUNDLE_FINISH,13.0,2
2026-07-12,ET,1-FIRST_LOAD_INTRO_START_Android,7.0,2
2026-07-12,ET,1-FIRST_INTRO_DEBUG_ERROR_98_Android,15.5,2
2026-07-12,ET,1-ALL_LOAD_INTRO_START,7.0,2
2026-07-12,ET,1-9403_BOOSTER_TRANSACTION_LOG,14.0,2
2026-07-12,ET,1-FIRST_INTRO_DEBUG_ERROR_PASS_AFTER_98_Android,22.5,2
2026-07-12,ET,1-INTRO_SIGNED_PLAYER_INFO_FINISH,12.0,2
2026-07-12,ET,1-ALL_LOAD_INTRO_FINISH,7.0,2
2026-07-12,ET,1-ALL_INTRO_DEBUG_ERROR_98,15.5,2
2026-07-12,ET,1-ALL_INTRO_DEBUG_ERROR_PASS_AFTER_98,22.5,2
2026-07-12,ET,1-6040_SETTING_LANGUAGE,13.0,2
2026-07-12,ET,1-6000_FRIEND_COUNT,12.0,2
2026-07-12,ET,1-6011_USER_TICKET_BALANCE,15.0,2
2026-07-12,ET,1-12000_TEST_TOUCH,22.5,2
2026-07-12,ET,1-INTRO_FB_ENTRY_POINT_FINISH,13.0,2
2026-07-12,ET,1-INTRO_FB_START_FINISH,0.0,2
2026-07-12,ET,1-1000_LOGIN_COMPLETE,14.0,2
2026-07-12,ET,1-6030_USER_CITY_STATUS,15.0,2
2026-07-12,ET,1-INTRO_OBJECT_POOL,13.0,2
2026-07-12,ET,1-FIRST_LOAD_INTRO_Android,7.0,2
2026-07-12,ET,1-ALL_LOAD_INTRO,7.0,2
2026-07-12,ET,1-FIRST_LOAD_FB_Android,2.0,2
2026-07-12,ET,1-2110_TUTO_INGAME_INTRO,24.0,2
2026-07-12,ET,1-6010_USER_GOLD_BALANCE,15.0,2
2026-07-12,ET,1-12001_INTRO_DIRECT_ENTRY_START,15.0,2
2026-07-12,FR,1-INTRO_BUNDLE,14.6,27
2026-07-12,FR,1-INTRO_GAME_DATA,14.7,27
2026-07-12,FR,1-INTRO_FB_ENTRY_POINT_FINISH,15.6,27
2026-07-12,FR,1-INTRO_GAME_DATA_FINISH,16.2,27
2026-07-12,FR,1-ALL_LOAD_INTRO_FINISH,2.8,27
2026-07-12,FR,1-1000_LOGIN_COMPLETE,17.8,27
2026-07-12,FR,1-INTRO_FB_ENTRY_DATA_FINISH,16.9,27
2026-07-12,FR,1-INTRO_FB_SUBSCRIBE_BOT,14.6,27
2026-07-12,FR,1-9400_GOLD_TRANSACTION_LOG,17.5,27
2026-07-12,FR,1-6020_USER_CURRENT_LEVEL,18.2,27
2026-07-12,FR,1-INTRO_OBJECT_POOL,15.9,27
2026-07-12,FR,1-INTRO_FB_SUBSCRIBE_BOT_FINISH,15.7,27
2026-07-12,FR,1-INTRO_SIGNED_PLAYER_INFO_FINISH,15.0,27
2026-07-12,FR,1-9403_BOOSTER_TRANSACTION_LOG,17.6,27
2026-07-12,FR,1-6030_USER_CITY_STATUS,18.2,27
2026-07-12,FR,1-6000_FRIEND_COUNT,15.5,27
2026-07-12,FR,1-6040_SETTING_LANGUAGE,15.9,27
2026-07-12,FR,1-ALL_LOAD_INTRO,2.6,27
2026-07-12,FR,1-ALL_LOAD_INTRO_START,2.6,27
2026-07-12,FR,1-INTRO_SIGNED_PLAYER_INFO,14.6,27
2026-07-12,FR,1-INTRO_FB_FRIEND_FINISH,15.5,27
2026-07-12,FR,1-INTRO_OBJECT_POOL_FINISH,16.6,27
2026-07-12,FR,1-INTRO_LOGIN,17.2,27
2026-07-12,FR,1-12001_INTRO_DIRECT_ENTRY_START,18.4,27
2026-07-12,FR,1-INTRO_FB_FRIEND,14.6,27
2026-07-12,FR,1-INTRO_BUNDLE_FINISH,15.8,27
2026-07-12,FR,1-6012_USER_HAMMER_BALANCE,18.2,27
2026-07-12,FR,1-INTRO_FB_ENTRY_POINT,14.6,27
2026-07-12,FR,1-6011_USER_TICKET_BALANCE,18.1,27
2026-07-12,FR,1-INTRO_FB_ENTRY_DATA,15.7,27
2026-07-12,FR,1-6010_USER_GOLD_BALANCE,18.1,27
2026-07-12,FR,1-2110_TUTO_INGAME_INTRO,23.5,26
2026-07-12,FR,1-2100_GAMEPLAY_START,21.4,26
2026-07-12,FR,1-INTRO_FB_START_FINISH,0.0,26
2026-07-12,FR,1-12002_INTRO_DIRECT_ENTRY_END,21.4,26
2026-07-12,FR,1-1010_LOAD_COMPLETE,21.4,26
2026-07-12,FR,1-ALL_LOAD_FB,1.4,26
2026-07-12,FR,1-12000_TEST_TOUCH,28.2,25
2026-07-12,FR,1-2141_TUTO_STEP_COMPLETE,30.8,25
2026-07-12,FR,1-2210_GAMEPLAY_COMBO_REWARD,42.6,24
2026-07-12,FR,1-2213_GAMEPLAY_DECK_BONUS,41.3,24
2026-07-12,FR,1-9990_PLAY_FIRST_TOUCH,30.5,24
2026-07-12,FR,1-2151_GAMEPLAY_NRU_MATCHES,42.6,24
2026-07-12,FR,1-2150_GAMEPLAY_NRU_CARD_MATCH,33.9,24
2026-07-12,FR,1-2400_FINISH_RESULT,44.4,24
2026-07-12,FR,1-2300_GAMEPLAY_FINISH,42.6,24
2026-07-12,FR,1-9402_HAMMER_TRANSACTION_LOG,43.3,24
2026-07-12,FR,1-2410_FINISH_RESULT_CLAIM,47.1,23
2026-07-12,FR,1-7180_BTN_DRAW_DECK,60.7,23
2026-07-12,FR,1-2510_ENTRY_COST_PAY,79.4,22
2026-07-12,FR,1-2090_PRE_LEVEL_SHOW,77.2,22
2026-07-12,FR,1-2094_PRE_LEVEL_PLAY,79.4,22
2026-07-12,FR,1-2114_TUTO_PRE_LEVEL_POPUP,77.5,22
2026-07-12,FR,1-3120_TOURNAMENT_CREATE_FAIL,103.1,22
2026-07-12,FR,1-3100_TOURNAMENT_CREATE,102.8,22
2026-07-12,FR,1-5700_LOBBY,71.4,22
2026-07-12,FR,1-2610_GIMMICK_PLUS_CARD_MATCH,132.2,21
2026-07-12,FR,1-2600_GIMMICK_FIRST_APPEAR,130.3,21
2026-07-12,FR,1-2111_TUTO_DECK_DRAW,50.9,21
2026-07-12,FR,1-2116_TUTO_PLUS_CARD,130.4,21
2026-07-12,FR,1-FIRST_LOAD_INTRO_etc,2.2,21
2026-07-12,FR,1-FIRST_LOAD_INTRO_FINISH_etc,2.5,21
2026-07-12,FR,1-FIRST_LOAD_INTRO_START_etc,2.3,21
2026-07-12,FR,1-2211_GAMEPLAY_STREAK_METER_FILL,192.1,20
2026-07-12,FR,1-6110_IDLE_GOLD_COLLECT_TRY,165.1,20
2026-07-12,FR,1-6111_IDLE_GOLD_COLLECT_SUCCESS,165.3,20
2026-07-12,FR,1-2212_GAMEPLAY_STREAK_STAR_EARN,192.1,20
2026-07-12,FR,1-FIRST_LOAD_FB_etc,1.6,20
2026-07-12,FR,1-11001_GAMEPLAY_FINISH_5,213.8,20
2026-07-12,FR,1-2119_TUTO_STREAK,183.0,20
2026-07-12,FR,1-5200_LEADERBOARD,224.8,19
2026-07-12,FR,1-8062_DAILY_CHECKIN_CLAIM_SUCCESS,282.6,18
2026-07-12,FR,1-8064_BTN_DAILY_CHECKIN_CLOSE,283.9,18
2026-07-12,FR,1-8061_DAILY_CHECKIN_CLAIM_TRY,277.3,18
2026-07-12,FR,1-11002_GAMEPLAY_FINISH_6,270.3,18
2026-07-12,FR,1-8060_DAILY_CHECKIN_POPUP,275.1,18
2026-07-12,FR,1-2124_TUTO_BOOSTER_WILDCARD,304.6,16
2026-07-12,FR,1-11003_GAMEPLAY_FINISH_7,329.9,16
2026-07-12,FR,1-8120_COLLECTION_POPUP,337.0,16
2026-07-12,FR,1-2122_TUTO_BOOSTER_UNDO,361.1,15
2026-07-12,FR,1-11004_GAMEPLAY_FINISH_8,390.0,15
2026-07-12,FR,1-8100_CITY_DECO_POPUP,310.2,13
2026-07-12,FR,1-8101_CITY_DECO_UPGRADE_TRY,312.4,13
2026-07-12,FR,1-8105_BTN_CITY_DECO_CLOSE,316.2,13
2026-07-12,FR,1-8102_CITY_DECO_UPGRADE_SUCCESS,312.7,13
2026-07-12,FR,1-8130_CITY_LIST_POPUP,314.1,12
2026-07-12,FR,1-11005_GAMEPLAY_FINISH_9,383.2,11
2026-07-12,FR,1-2091_PRE_LEVEL_BOOSTER_SELECT,361.5,11
2026-07-12,FR,1-2123_TUTO_BOOSTER_FIREWORKS,358.8,11
2026-07-12,FR,1-8051_DAILY_WHEEL_SPIN_SUCCESS,401.0,11
2026-07-12,FR,1-8050_DAILY_WHEEL_POPUP,392.7,11
2026-07-12,FR,1-2093_PRE_LEVEL_BETTING,409.0,10
2026-07-12,FR,1-2127_TUTO_BETTING_2,406.5,10
2026-07-12,FR,1-8053_BTN_DAILY_WHEEL_CLOSE,396.5,10
2026-07-12,FR,1-8131_CITY_LIST_SELECT,317.2,9
2026-07-12,FR,1-11006_GAMEPLAY_FINISH_10,448.0,9
2026-07-12,FR,1-2125_TUTO_BOOSTER_EXTRADECK,406.0,9
2026-07-12,FR,1-2161_GAMEPLAY_ITEM_UNDO_SUCCESS,342.0,8
2026-07-12,FR,1-2191_GAMEPLAY_ITEM_EXTRADECK_SUCCESS,432.5,8
2026-07-12,FR,1-2160_GAMEPLAY_ITEM_UNDO_TRY,341.9,8
2026-07-12,FR,1-2171_GAMEPLAY_ITEM_FIREWORKS_SUCCESS,360.8,8
2026-07-12,FR,1-2170_GAMEPLAY_ITEM_FIREWORKS_TRY,360.8,8
2026-07-12,FR,1-2190_GAMEPLAY_ITEM_EXTRADECK_TRY,432.5,8
2026-07-12,FR,1-ALL_INTRO_DEBUG_ERROR_PASS_AFTER_98,28.7,6
2026-07-12,FR,1-ALL_INTRO_DEBUG_ERROR_98,14.7,6
2026-07-12,FR,1-12020_FRAME_DROP_LOG,255.7,6
2026-07-12,FR,1-FIRST_LOAD_INTRO_START_Android,3.5,6
2026-07-12,FR,1-FIRST_LOAD_FB_Android,0.8,6
2026-07-12,FR,1-FIRST_LOAD_INTRO_FINISH_Android,3.7,6
2026-07-12,FR,1-FIRST_LOAD_INTRO_Android,3.5,6
2026-07-12,FR,1-4200_RV_START,469.0,5
2026-07-12,FR,1-NETWORK_TIMEOUT_RETRY,23.8,5
2026-07-12,FR,1-FIRST_INTRO_DEBUG_ERROR_98_etc,14.0,5
2026-07-12,FR,1-FIRST_INTRO_DEBUG_ERROR_PASS_AFTER_98_etc,30.4,5
2026-07-12,FR,1-NETWORK_TIMEOUT,23.8,5
2026-07-12,FR,1-5105_BTN_DAILY_TASK_CLOSE,461.4,5
2026-07-12,FR,1-5100_DAILY_TASK,451.2,5
2026-07-12,FR,1-2620_GIMMICK_RUNNER_MOVE,570.3,4
2026-07-12,FR,1-2181_GAMEPLAY_ITEM_WILDCARD_SUCCESS,393.3,4
2026-07-12,FR,1-2180_GAMEPLAY_ITEM_WILDCARD_TRY,393.0,4
2026-07-12,FR,1-2130_TUTO_GIMMICK_RUNNER,567.0,4
2026-07-12,FR,1-5430_EVENT_CLEAR_RANKING,530.3,3
2026-07-12,FR,1-LOAD_INTRO_etc,225.0,3
2026-07-12,FR,1-LOAD_FB_etc,223.3,3
2026-07-12,FR,1-5000_SHOP,386.7,3
2026-07-12,FR,1-8054_DAILY_WHEEL_AD_SPIN_TRY,481.3,3
2026-07-12,FR,1-5432_EVENT_CLEAR_RANKING_CLOSE,534.0,3
2026-07-12,FR,1-5004_BTN_SHOP_CLOSE,389.0,3
2026-07-12,FR,1-LOAD_INTRO_FINISH_etc,225.0,3
2026-07-12,FR,1-LOAD_INTRO_START_etc,225.0,3
2026-07-12,FR,1-2511_ENTRY_COST_PAY_TICKET,424.5,2
2026-07-12,FR,1-5411_EVENT_RED_CARD_MILESTONE_PLAY,522.0,2
2026-07-12,FR,1-4220_RV_ERROR,453.5,2
2026-07-12,FR,1-9401_TICKET_TRANSACTION_LOG,403.5,2
2026-07-12,FR,1-5410_EVENT_RED_CARD_MILESTONE,518.0,2
2026-07-12,FR,1-5412_EVENT_RED_CARD_MILESTONE_CLOSE,524.0,2
2026-07-12,FR,1-2220_GAMEPLAY_END_SURE,350.0,2
2026-07-12,FR,1-4210_RV_FINISH,476.0,2
2026-07-12,FR,1-2092_PRE_LEVEL_BOOSTER_DESELECT,400.0,2
2026-07-12,GB,1-12000_TEST_TOUCH,19.5,15
2026-07-12,GB,1-6000_FRIEND_COUNT,4.9,15
2026-07-12,GB,1-INTRO_FB_START_FINISH,0.0,15
2026-07-12,GB,1-INTRO_FB_SUBSCRIBE_BOT,3.5,15
2026-07-12,GB,1-INTRO_BUNDLE_FINISH,4.5,15
2026-07-12,GB,1-6010_USER_GOLD_BALANCE,7.3,15
2026-07-12,GB,1-6040_SETTING_LANGUAGE,4.7,15
2026-07-12,GB,1-6012_USER_HAMMER_BALANCE,7.4,15
2026-07-12,GB,1-9403_BOOSTER_TRANSACTION_LOG,6.8,15
2026-07-12,GB,1-INTRO_FB_ENTRY_POINT,3.5,15
2026-07-12,GB,1-INTRO_FB_ENTRY_DATA,4.3,15
2026-07-12,GB,1-INTRO_OBJECT_POOL,4.7,15
2026-07-12,GB,1-INTRO_GAME_DATA_FINISH,5.1,15
2026-07-12,GB,1-ALL_LOAD_INTRO,2.3,15
2026-07-12,GB,1-1010_LOAD_COMPLETE,10.5,15
2026-07-12,GB,1-INTRO_SIGNED_PLAYER_INFO_FINISH,3.7,15
2026-07-12,GB,1-12001_INTRO_DIRECT_ENTRY_START,7.7,15
2026-07-12,GB,1-INTRO_LOGIN,6.3,15
2026-07-12,GB,1-INTRO_FB_FRIEND_FINISH,4.9,15
2026-07-12,GB,1-12002_INTRO_DIRECT_ENTRY_END,10.5,15
2026-07-12,GB,1-2100_GAMEPLAY_START,10.4,15
2026-07-12,GB,1-ALL_LOAD_INTRO_START,2.3,15
2026-07-12,GB,1-6030_USER_CITY_STATUS,7.4,15
2026-07-12,GB,1-6020_USER_CURRENT_LEVEL,7.4,15
2026-07-12,GB,1-INTRO_FB_ENTRY_POINT_FINISH,4.3,15
2026-07-12,GB,1-INTRO_SIGNED_PLAYER_INFO,3.5,15
2026-07-12,GB,1-2110_TUTO_INGAME_INTRO,13.4,15
2026-07-12,GB,1-INTRO_OBJECT_POOL_FINISH,5.1,15
2026-07-12,GB,1-6011_USER_TICKET_BALANCE,7.3,15
2026-07-12,GB,1-1000_LOGIN_COMPLETE,6.9,15
2026-07-12,GB,1-INTRO_BUNDLE,3.5,15
2026-07-12,GB,1-ALL_LOAD_FB,1.3,15
2026-07-12,GB,1-INTRO_FB_FRIEND,3.5,15
2026-07-12,GB,1-INTRO_GAME_DATA,3.7,15
2026-07-12,GB,1-ALL_LOAD_INTRO_FINISH,2.6,15
2026-07-12,GB,1-INTRO_FB_SUBSCRIBE_BOT_FINISH,4.4,15
2026-07-12,GB,1-INTRO_FB_ENTRY_DATA_FINISH,4.7,15
2026-07-12,GB,1-9400_GOLD_TRANSACTION_LOG,6.7,15
2026-07-12,GB,1-2141_TUTO_STEP_COMPLETE,23.3,14
2026-07-12,GB,1-2150_GAMEPLAY_NRU_CARD_MATCH,17.4,9
2026-07-12,GB,1-9990_PLAY_FIRST_TOUCH,17.1,9
2026-07-12,GB,1-9402_HAMMER_TRANSACTION_LOG,27.6,8
2026-07-12,GB,1-2210_GAMEPLAY_COMBO_REWARD,28.6,8
2026-07-12,GB,1-5700_LOBBY,60.4,8
2026-07-12,GB,1-2300_GAMEPLAY_FINISH,28.6,8
2026-07-12,GB,1-2151_GAMEPLAY_NRU_MATCHES,28.6,8
2026-07-12,GB,1-FIRST_LOAD_INTRO_FINISH_Android,3.5,8
2026-07-12,GB,1-2400_FINISH_RESULT,29.5,8
2026-07-12,GB,1-2213_GAMEPLAY_DECK_BONUS,27.3,8
2026-07-12,GB,1-2090_PRE_LEVEL_SHOW,63.0,8
2026-07-12,GB,1-7180_BTN_DRAW_DECK,41.9,8
2026-07-12,GB,1-FIRST_LOAD_INTRO_START_Android,3.3,8
2026-07-12,GB,1-2410_FINISH_RESULT_CLAIM,31.6,8
2026-07-12,GB,1-FIRST_LOAD_INTRO_Android,3.3,8
2026-07-12,GB,1-3120_TOURNAMENT_CREATE_FAIL,89.0,8
2026-07-12,GB,1-3100_TOURNAMENT_CREATE,88.8,8
2026-07-12,GB,1-2510_ENTRY_COST_PAY,65.5,8
2026-07-12,GB,1-2111_TUTO_DECK_DRAW,35.9,8
2026-07-12,GB,1-FIRST_LOAD_FB_Android,2.0,8
2026-07-12,GB,1-2114_TUTO_PRE_LEVEL_POPUP,63.1,8
2026-07-12,GB,1-2094_PRE_LEVEL_PLAY,65.4,8
2026-07-12,GB,1-11001_GAMEPLAY_FINISH_5,199.9,7
2026-07-12,GB,1-2116_TUTO_PLUS_CARD,114.1,7
2026-07-12,GB,1-2610_GIMMICK_PLUS_CARD_MATCH,116.1,7
2026-07-12,GB,1-8105_BTN_CITY_DECO_CLOSE,304.3,7
2026-07-12,GB,1-6110_IDLE_GOLD_COLLECT_TRY,147.7,7
2026-07-12,GB,1-8100_CITY_DECO_POPUP,295.9,7
2026-07-12,GB,1-6111_IDLE_GOLD_COLLECT_SUCCESS,148.0,7
2026-07-12,GB,1-2600_GIMMICK_FIRST_APPEAR,114.1,7
2026-07-12,GB,1-2211_GAMEPLAY_STREAK_METER_FILL,176.9,7
2026-07-12,GB,1-5200_LEADERBOARD,209.0,7
2026-07-12,GB,1-2212_GAMEPLAY_STREAK_STAR_EARN,176.9,7
2026-07-12,GB,1-2119_TUTO_STREAK,165.4,7
2026-07-12,GB,1-FIRST_LOAD_INTRO_FINISH_etc,1.7,6
2026-07-12,GB,1-8064_BTN_DAILY_CHECKIN_CLOSE,284.3,6
2026-07-12,GB,1-FIRST_LOAD_INTRO_START_etc,1.3,6
2026-07-12,GB,1-FIRST_LOAD_FB_etc,0.3,6
2026-07-12,GB,1-8120_COLLECTION_POPUP,333.0,6
2026-07-12,GB,1-11003_GAMEPLAY_FINISH_7,323.8,6
2026-07-12,GB,1-8101_CITY_DECO_UPGRADE_TRY,281.3,6
2026-07-12,GB,1-2124_TUTO_BOOSTER_WILDCARD,296.5,6
2026-07-12,GB,1-2091_PRE_LEVEL_BOOSTER_SELECT,435.2,6
2026-07-12,GB,1-11004_GAMEPLAY_FINISH_8,386.8,6
2026-07-12,GB,1-8061_DAILY_CHECKIN_CLAIM_TRY,282.5,6
2026-07-12,GB,1-8060_DAILY_CHECKIN_POPUP,269.7,6
2026-07-12,GB,1-8062_DAILY_CHECKIN_CLAIM_SUCCESS,282.5,6
2026-07-12,GB,1-FIRST_LOAD_INTRO_etc,1.3,6
2026-07-12,GB,1-11002_GAMEPLAY_FINISH_6,263.0,6
2026-07-12,GB,1-2123_TUTO_BOOSTER_FIREWORKS,432.0,6
2026-07-12,GB,1-8102_CITY_DECO_UPGRADE_SUCCESS,281.7,6
2026-07-12,GB,1-2122_TUTO_BOOSTER_UNDO,353.0,6
2026-07-12,GB,1-2171_GAMEPLAY_ITEM_FIREWORKS_SUCCESS,466.8,5
2026-07-12,GB,1-2170_GAMEPLAY_ITEM_FIREWORKS_TRY,466.8,5
2026-07-12,GB,1-11005_GAMEPLAY_FINISH_9,476.6,5
2026-07-12,GB,1-2127_TUTO_BETTING_2,495.8,4
2026-07-12,GB,1-8051_DAILY_WHEEL_SPIN_SUCCESS,464.5,4
2026-07-12,GB,1-8053_BTN_DAILY_WHEEL_CLOSE,485.5,4
2026-07-12,GB,1-2093_PRE_LEVEL_BETTING,499.5,4
2026-07-12,GB,1-8050_DAILY_WHEEL_POPUP,456.3,4
2026-07-12,GB,1-FIRST_INTRO_DEBUG_ERROR_PASS_AFTER_98_Android,24.3,3
2026-07-12,GB,1-ALL_INTRO_DEBUG_ERROR_PASS_AFTER_98,24.3,3
2026-07-12,GB,1-FIRST_INTRO_DEBUG_ERROR_98_Android,12.7,3
2026-07-12,GB,1-8130_CITY_LIST_POPUP,418.7,3
2026-07-12,GB,1-11006_GAMEPLAY_FINISH_10,521.3,3
2026-07-12,GB,1-ALL_INTRO_DEBUG_ERROR_98,13.0,3
2026-07-12,GB,1-4200_RV_START,490.0,2
2026-07-12,GB,1-8054_DAILY_WHEEL_AD_SPIN_TRY,497.5,2
2026-07-12,GB,1-2125_TUTO_BOOSTER_EXTRADECK,505.0,2
2026-07-12,GB,1-2180_GAMEPLAY_ITEM_WILDCARD_TRY,411.5,2
2026-07-12,GB,1-2181_GAMEPLAY_ITEM_WILDCARD_SUCCESS,412.0,2
2026-07-12,GB,1-12020_FRAME_DROP_LOG,61.5,2
2026-07-12,GE,1-INTRO_FB_ENTRY_POINT_FINISH,1.3,3
2026-07-12,GE,1-ALL_LOAD_INTRO_START,0.7,3
2026-07-12,GE,1-INTRO_FB_ENTRY_DATA,1.3,3
2026-07-12,GE,1-INTRO_FB_FRIEND,1.0,3
2026-07-12,GE,1-ALL_LOAD_INTRO,0.7,3
2026-07-12,GE,1-6000_FRIEND_COUNT,3.3,3
2026-07-12,GE,1-INTRO_LOGIN,3.7,3
2026-07-12,GE,1-INTRO_OBJECT_POOL_FINISH,1.7,3
2026-07-12,GE,1-INTRO_BUNDLE,1.0,3
2026-07-12,GE,1-INTRO_FB_ENTRY_DATA_FINISH,2.0,3
2026-07-12,GE,1-ALL_LOAD_FB,0.3,3
2026-07-12,GE,1-2100_GAMEPLAY_START,5.3,3
2026-07-12,GE,1-INTRO_FB_FRIEND_FINISH,3.3,3
2026-07-12,GE,1-INTRO_GAME_DATA,1.0,3
2026-07-12,GE,1-INTRO_FB_START_FINISH,0.0,3
2026-07-12,GE,1-INTRO_FB_SUBSCRIBE_BOT,1.0,3
2026-07-12,GE,1-6012_USER_HAMMER_BALANCE,4.0,3
2026-07-12,GE,1-INTRO_OBJECT_POOL,1.3,3
2026-07-12,GE,1-ALL_LOAD_INTRO_FINISH,0.7,3
2026-07-12,GE,1-6020_USER_CURRENT_LEVEL,4.0,3
2026-07-12,GE,1-6011_USER_TICKET_BALANCE,4.0,3
2026-07-12,GE,1-INTRO_SIGNED_PLAYER_INFO,1.0,3
2026-07-12,GE,1-INTRO_BUNDLE_FINISH,1.3,3
2026-07-12,GE,1-6040_SETTING_LANGUAGE,1.3,3
2026-07-12,GE,1-INTRO_GAME_DATA_FINISH,1.7,3
2026-07-12,GE,1-6010_USER_GOLD_BALANCE,4.0,3
2026-07-12,GE,1-12000_TEST_TOUCH,10.7,3
2026-07-12,GE,1-12002_INTRO_DIRECT_ENTRY_END,5.3,3
2026-07-12,GE,1-6030_USER_CITY_STATUS,4.0,3
2026-07-12,GE,1-1000_LOGIN_COMPLETE,4.0,3
2026-07-12,GE,1-12001_INTRO_DIRECT_ENTRY_START,4.0,3
2026-07-12,GE,1-9400_GOLD_TRANSACTION_LOG,4.0,3
2026-07-12,GE,1-INTRO_FB_SUBSCRIBE_BOT_FINISH,1.3,3
2026-07-12,GE,1-2110_TUTO_INGAME_INTRO,7.3,3
2026-07-12,GE,1-1010_LOAD_COMPLETE,5.3,3
2026-07-12,GE,1-INTRO_FB_ENTRY_POINT,1.0,3
2026-07-12,GE,1-INTRO_SIGNED_PLAYER_INFO_FINISH,1.3,3
2026-07-12,GE,1-9403_BOOSTER_TRANSACTION_LOG,4.0,3
2026-07-12,GE,1-7180_BTN_DRAW_DECK,53.5,2
2026-07-12,GE,1-2400_FINISH_RESULT,36.0,2
2026-07-12,GE,1-2600_GIMMICK_FIRST_APPEAR,134.0,2
2026-07-12,GE,1-8060_DAILY_CHECKIN_POPUP,345.5,2
2026-07-12,GE,1-9402_HAMMER_TRANSACTION_LOG,34.5,2
2026-07-12,GE,1-2119_TUTO_STREAK,216.0,2
2026-07-12,GE,1-8102_CITY_DECO_UPGRADE_SUCCESS,185.0,2
2026-07-12,GE,1-11002_GAMEPLAY_FINISH_6,340.5,2
2026-07-12,GE,1-2122_TUTO_BOOSTER_UNDO,443.0,2
2026-07-12,GE,1-5700_LOBBY,74.0,2
2026-07-12,GE,1-2610_GIMMICK_PLUS_CARD_MATCH,135.0,2
2026-07-12,GE,1-9990_PLAY_FIRST_TOUCH,15.0,2
2026-07-12,GE,1-2210_GAMEPLAY_COMBO_REWARD,35.5,2
2026-07-12,GE,1-2124_TUTO_BOOSTER_WILDCARD,368.5,2
2026-07-12,GE,1-2116_TUTO_PLUS_CARD,134.0,2
2026-07-12,GE,1-2111_TUTO_DECK_DRAW,44.0,2
2026-07-12,GE,1-2141_TUTO_STEP_COMPLETE,13.5,2
2026-07-12,GE,1-2213_GAMEPLAY_DECK_BONUS,34.0,2
2026-07-12,GE,1-2300_GAMEPLAY_FINISH,35.5,2
2026-07-12,GE,1-11001_GAMEPLAY_FINISH_5,258.5,2
2026-07-12,GE,1-11003_GAMEPLAY_FINISH_7,397.5,2
2026-07-12,GE,1-2212_GAMEPLAY_STREAK_STAR_EARN,230.0,2
2026-07-12,GE,1-8101_CITY_DECO_UPGRADE_TRY,185.0,2
2026-07-12,GE,1-2114_TUTO_PRE_LEVEL_POPUP,76.5,2
2026-07-12,GE,1-8120_COLLECTION_POPUP,405.0,2
2026-07-12,GE,1-8064_BTN_DAILY_CHECKIN_CLOSE,349.0,2
2026-07-12,GE,1-2090_PRE_LEVEL_SHOW,76.0,2
2026-07-12,GE,1-6111_IDLE_GOLD_COLLECT_SUCCESS,170.5,2
2026-07-12,GE,1-3120_TOURNAMENT_CREATE_FAIL,117.5,2
2026-07-12,GE,1-FIRST_LOAD_INTRO_FINISH_etc,0.5,2
2026-07-12,GE,1-8105_BTN_CITY_DECO_CLOSE,186.5,2
2026-07-12,GE,1-2094_PRE_LEVEL_PLAY,79.0,2
2026-07-12,GE,1-2150_GAMEPLAY_NRU_CARD_MATCH,15.5,2
2026-07-12,GE,1-8130_CITY_LIST_POPUP,202.5,2
2026-07-12,GE,1-8061_DAILY_CHECKIN_CLAIM_TRY,348.0,2
2026-07-12,GE,1-2410_FINISH_RESULT_CLAIM,40.0,2
2026-07-12,GE,1-3100_TOURNAMENT_CREATE,117.5,2
2026-07-12,GE,1-FIRST_LOAD_INTRO_START_etc,0.5,2
2026-07-12,GE,1-8062_DAILY_CHECKIN_CLAIM_SUCCESS,348.0,2
2026-07-12,GE,1-2510_ENTRY_COST_PAY,79.0,2
2026-07-12,GE,1-FIRST_LOAD_FB_etc,0.0,2
2026-07-12,GE,1-5200_LEADERBOARD,266.5,2
2026-07-12,GE,1-8100_CITY_DECO_POPUP,180.0,2
2026-07-12,GE,1-6110_IDLE_GOLD_COLLECT_TRY,170.0,2
2026-07-12,GE,1-FIRST_LOAD_INTRO_etc,0.5,2
2026-07-12,GE,1-2151_GAMEPLAY_NRU_MATCHES,35.5,2
2026-07-12,GE,1-2211_GAMEPLAY_STREAK_METER_FILL,230.0,2
2026-07-12,GR,1-INTRO_FB_ENTRY_POINT,55.0,6
2026-07-12,GR,1-INTRO_GAME_DATA,55.2,6
2026-07-12,GR,1-6020_USER_CURRENT_LEVEL,57.2,6
2026-07-12,GR,1-3100_TOURNAMENT_CREATE,121.0,6
2026-07-12,GR,1-2119_TUTO_STREAK,181.2,6
2026-07-12,GR,1-6110_IDLE_GOLD_COLLECT_TRY,165.5,6
2026-07-12,GR,1-2600_GIMMICK_FIRST_APPEAR,137.7,6
2026-07-12,GR,1-2410_FINISH_RESULT_CLAIM,75.3,6
2026-07-12,GR,1-ALL_LOAD_INTRO,1.2,6
2026-07-12,GR,1-2213_GAMEPLAY_DECK_BONUS,71.5,6
2026-07-12,GR,1-8062_DAILY_CHECKIN_CLAIM_SUCCESS,248.3,6
2026-07-12,GR,1-ALL_LOAD_INTRO_START,1.2,6
2026-07-12,GR,1-2094_PRE_LEVEL_PLAY,102.3,6
2026-07-12,GR,1-FIRST_LOAD_INTRO_etc,1.2,6
2026-07-12,GR,1-INTRO_BUNDLE_FINISH,55.3,6
2026-07-12,GR,1-INTRO_FB_ENTRY_DATA,55.5,6
2026-07-12,GR,1-2090_PRE_LEVEL_SHOW,100.2,6
2026-07-12,GR,1-INTRO_FB_FRIEND,55.0,6
2026-07-12,GR,1-INTRO_LOGIN,56.5,6
2026-07-12,GR,1-INTRO_OBJECT_POOL_FINISH,55.5,6
2026-07-12,GR,1-9400_GOLD_TRANSACTION_LOG,56.7,6
2026-07-12,GR,1-9402_HAMMER_TRANSACTION_LOG,71.5,6
2026-07-12,GR,1-INTRO_FB_ENTRY_DATA_FINISH,56.2,6
2026-07-12,GR,1-INTRO_FB_SUBSCRIBE_BOT_FINISH,55.5,6
2026-07-12,GR,1-8064_BTN_DAILY_CHECKIN_CLOSE,250.0,6
2026-07-12,GR,1-INTRO_GAME_DATA_FINISH,55.7,6
2026-07-12,GR,1-9990_PLAY_FIRST_TOUCH,63.8,6
2026-07-12,GR,1-9403_BOOSTER_TRANSACTION_LOG,56.8,6
2026-07-12,GR,1-8061_DAILY_CHECKIN_CLAIM_TRY,248.3,6
2026-07-12,GR,1-8060_DAILY_CHECKIN_POPUP,246.7,6
2026-07-12,GR,1-6012_USER_HAMMER_BALANCE,57.2,6
2026-07-12,GR,1-6011_USER_TICKET_BALANCE,57.2,6
2026-07-12,GR,1-6010_USER_GOLD_BALANCE,57.2,6
2026-07-12,GR,1-2610_GIMMICK_PLUS_CARD_MATCH,139.2,6
2026-07-12,GR,1-2210_GAMEPLAY_COMBO_REWARD,72.7,6
2026-07-12,GR,1-2211_GAMEPLAY_STREAK_METER_FILL,188.5,6
2026-07-12,GR,1-2151_GAMEPLAY_NRU_MATCHES,72.7,6
2026-07-12,GR,1-2141_TUTO_STEP_COMPLETE,62.8,6
2026-07-12,GR,1-5700_LOBBY,97.7,6
2026-07-12,GR,1-2124_TUTO_BOOSTER_WILDCARD,261.8,6
2026-07-12,GR,1-2116_TUTO_PLUS_CARD,137.7,6
2026-07-12,GR,1-7180_BTN_DRAW_DECK,83.5,6
2026-07-12,GR,1-11002_GAMEPLAY_FINISH_6,242.3,6
2026-07-12,GR,1-6111_IDLE_GOLD_COLLECT_SUCCESS,165.8,6
2026-07-12,GR,1-12000_TEST_TOUCH,62.5,6
2026-07-12,GR,1-6030_USER_CITY_STATUS,57.2,6
2026-07-12,GR,1-ALL_LOAD_FB,0.5,6
2026-07-12,GR,1-1010_LOAD_COMPLETE,58.2,6
2026-07-12,GR,1-5200_LEADERBOARD,213.5,6
2026-07-12,GR,1-11001_GAMEPLAY_FINISH_5,205.7,6
2026-07-12,GR,1-1000_LOGIN_COMPLETE,56.8,6
2026-07-12,GR,1-11003_GAMEPLAY_FINISH_7,283.0,6
2026-07-12,GR,1-2111_TUTO_DECK_DRAW,79.3,6
2026-07-12,GR,1-3120_TOURNAMENT_CREATE_FAIL,121.0,6
2026-07-12,GR,1-ALL_LOAD_INTRO_FINISH,1.3,6
2026-07-12,GR,1-2510_ENTRY_COST_PAY,102.3,6
2026-07-12,GR,1-12001_INTRO_DIRECT_ENTRY_START,57.2,6
2026-07-12,GR,1-12002_INTRO_DIRECT_ENTRY_END,58.2,6
2026-07-12,GR,1-INTRO_BUNDLE,55.0,6
2026-07-12,GR,1-FIRST_LOAD_INTRO_FINISH_etc,1.3,6
2026-07-12,GR,1-INTRO_SIGNED_PLAYER_INFO_FINISH,55.5,6
2026-07-12,GR,1-INTRO_SIGNED_PLAYER_INFO,55.0,6
2026-07-12,GR,1-INTRO_OBJECT_POOL,55.3,6
2026-07-12,GR,1-6040_SETTING_LANGUAGE,55.3,6
2026-07-12,GR,1-2400_FINISH_RESULT,73.3,6
2026-07-12,GR,1-2100_GAMEPLAY_START,58.0,6
2026-07-12,GR,1-FIRST_LOAD_FB_etc,0.5,6
2026-07-12,GR,1-INTRO_FB_SUBSCRIBE_BOT,55.0,6
2026-07-12,GR,1-2110_TUTO_INGAME_INTRO,60.0,6
2026-07-12,GR,1-FIRST_LOAD_INTRO_START_etc,1.2,6
2026-07-12,GR,1-2300_GAMEPLAY_FINISH,72.7,6
2026-07-12,GR,1-6000_FRIEND_COUNT,56.0,6
2026-07-12,GR,1-2212_GAMEPLAY_STREAK_STAR_EARN,188.5,6
2026-07-12,GR,1-INTRO_FB_ENTRY_POINT_FINISH,55.5,6
2026-07-12,GR,1-2150_GAMEPLAY_NRU_CARD_MATCH,64.7,6
2026-07-12,GR,1-INTRO_FB_FRIEND_FINISH,56.0,6
2026-07-12,GR,1-INTRO_FB_START_FINISH,0.0,6
2026-07-12,GR,1-2114_TUTO_PRE_LEVEL_POPUP,100.5,6
2026-07-12,GR,1-8120_COLLECTION_POPUP,242.3,4
2026-07-12,GR,1-11004_GAMEPLAY_FINISH_8,278.0,4
2026-07-12,GR,1-8100_CITY_DECO_POPUP,262.8,4
2026-07-12,GR,1-8102_CITY_DECO_UPGRADE_SUCCESS,265.0,4
2026-07-12,GR,1-8105_BTN_CITY_DECO_CLOSE,268.0,4
2026-07-12,GR,1-8130_CITY_LIST_POPUP,331.5,4
2026-07-12,GR,1-11006_GAMEPLAY_FINISH_10,400.8,4
2026-07-12,GR,1-2093_PRE_LEVEL_BETTING,360.8,4
2026-07-12,GR,1-5100_DAILY_TASK,497.0,4
2026-07-12,GR,1-8050_DAILY_WHEEL_POPUP,336.5,4
2026-07-12,GR,1-8101_CITY_DECO_UPGRADE_TRY,265.0,4
2026-07-12,GR,1-2091_PRE_LEVEL_BOOSTER_SELECT,310.0,4
2026-07-12,GR,1-5105_BTN_DAILY_TASK_CLOSE,502.5,4
2026-07-12,GR,1-8053_BTN_DAILY_WHEEL_CLOSE,349.8,4
2026-07-12,GR,1-8051_DAILY_WHEEL_SPIN_SUCCESS,345.0,4
2026-07-12,GR,1-2171_GAMEPLAY_ITEM_FIREWORKS_SUCCESS,321.3,4
2026-07-12,GR,1-2123_TUTO_BOOSTER_FIREWORKS,308.3,4
2026-07-12,GR,1-2127_TUTO_BETTING_2,358.3,4
2026-07-12,GR,1-2170_GAMEPLAY_ITEM_FIREWORKS_TRY,321.3,4
2026-07-12,GR,1-2122_TUTO_BOOSTER_UNDO,256.3,4
2026-07-12,GR,1-11005_GAMEPLAY_FINISH_9,327.8,4
2026-07-12,GR,1-2125_TUTO_BOOSTER_EXTRADECK,481.0,3
2026-07-12,GR,1-2190_GAMEPLAY_ITEM_EXTRADECK_TRY,483.3,3
2026-07-12,GR,1-2191_GAMEPLAY_ITEM_EXTRADECK_SUCCESS,483.7,3
2026-07-12,GR,1-5004_BTN_SHOP_CLOSE,315.5,2
2026-07-12,GR,1-2130_TUTO_GIMMICK_RUNNER,550.5,2
2026-07-12,GR,1-8056_DAILY_WHEEL_AD_SPIN_FAIL,315.0,2
2026-07-12,GR,1-5412_EVENT_RED_CARD_MILESTONE_CLOSE,493.5,2
2026-07-12,GR,1-8022_BTN_SETTING_SOUND,232.5,2
2026-07-12,GR,1-8020_SETTING_POPUP,231.5,2
2026-07-12,GR,1-8131_CITY_LIST_SELECT,276.0,2
2026-07-12,GR,1-2180_GAMEPLAY_ITEM_WILDCARD_TRY,405.0,2
2026-07-12,GR,1-12020_FRAME_DROP_LOG,193.0,2
2026-07-12,GR,1-8054_DAILY_WHEEL_AD_SPIN_TRY,315.0,2
2026-07-12,GR,1-8021_BTN_SETTING_MUSIC,233.0,2
2026-07-12,GR,1-2620_GIMMICK_RUNNER_MOVE,554.0,2
2026-07-12,GR,1-4220_RV_ERROR,315.0,2
2026-07-12,GR,1-5410_EVENT_RED_CARD_MILESTONE,489.0,2
2026-07-12,GR,1-5000_SHOP,312.0,2
2026-07-12,GR,1-2511_ENTRY_COST_PAY_TICKET,343.5,2
2026-07-12,GR,1-2181_GAMEPLAY_ITEM_WILDCARD_SUCCESS,405.0,2
2026-07-12,GR,1-8025_BTN_SETTING_CLOSE,235.5,2
2026-07-12,GR,1-4200_RV_START,315.0,2
2026-07-12,GR,1-9401_TICKET_TRANSACTION_LOG,322.5,2
2026-07-12,GT,1-INTRO_OBJECT_POOL_FINISH,5.0,3
2026-07-12,GT,1-INTRO_LOGIN,5.7,3
2026-07-12,GT,1-INTRO_GAME_DATA,3.7,3
2026-07-12,GT,1-INTRO_FB_FRIEND_FINISH,3.7,3
2026-07-12,GT,1-9400_GOLD_TRANSACTION_LOG,6.0,3
2026-07-12,GT,1-6010_USER_GOLD_BALANCE,6.3,3
2026-07-12,GT,1-6020_USER_CURRENT_LEVEL,6.3,3
2026-07-12,GT,1-INTRO_GAME_DATA_FINISH,4.7,3
2026-07-12,GT,1-INTRO_FB_ENTRY_POINT_FINISH,4.7,3
2026-07-12,GT,1-6011_USER_TICKET_BALANCE,6.3,3
2026-07-12,GT,1-INTRO_FB_SUBSCRIBE_BOT_FINISH,5.0,3
2026-07-12,GT,1-FIRST_LOAD_INTRO_FINISH_Android,3.3,3
2026-07-12,GT,1-INTRO_SIGNED_PLAYER_INFO_FINISH,3.7,3
2026-07-12,GT,1-2110_TUTO_INGAME_INTRO,10.7,3
2026-07-12,GT,1-2141_TUTO_STEP_COMPLETE,56.7,3
2026-07-12,GT,1-6012_USER_HAMMER_BALANCE,6.3,3
2026-07-12,GT,1-ALL_LOAD_INTRO_FINISH,3.3,3
2026-07-12,GT,1-1000_LOGIN_COMPLETE,6.3,3
2026-07-12,GT,1-INTRO_FB_ENTRY_DATA_FINISH,5.0,3
2026-07-12,GT,1-6030_USER_CITY_STATUS,6.3,3
2026-07-12,GT,1-9403_BOOSTER_TRANSACTION_LOG,6.0,3
2026-07-12,GT,1-9990_PLAY_FIRST_TOUCH,60.3,3
2026-07-12,GT,1-FIRST_LOAD_FB_Android,1.7,3
2026-07-12,GT,1-FIRST_LOAD_INTRO_Android,3.0,3
2026-07-12,GT,1-12002_INTRO_DIRECT_ENTRY_END,8.7,3
2026-07-12,GT,1-12001_INTRO_DIRECT_ENTRY_START,6.3,3
2026-07-12,GT,1-1010_LOAD_COMPLETE,8.7,3
2026-07-12,GT,1-INTRO_FB_FRIEND,3.3,3
2026-07-12,GT,1-INTRO_SIGNED_PLAYER_INFO,3.3,3
2026-07-12,GT,1-INTRO_OBJECT_POOL,4.0,3
2026-07-12,GT,1-INTRO_FB_ENTRY_POINT,3.3,3
2026-07-12,GT,1-INTRO_FB_SUBSCRIBE_BOT,3.3,3
2026-07-12,GT,1-2100_GAMEPLAY_START,8.7,3
2026-07-12,GT,1-INTRO_FB_START_FINISH,0.0,3
2026-07-12,GT,1-INTRO_FB_ENTRY_DATA,4.7,3
2026-07-12,GT,1-INTRO_BUNDLE_FINISH,4.0,3
2026-07-12,GT,1-FIRST_LOAD_INTRO_START_Android,3.0,3
2026-07-12,GT,1-12000_TEST_TOUCH,55.3,3
2026-07-12,GT,1-ALL_LOAD_INTRO_START,3.0,3
2026-07-12,GT,1-ALL_LOAD_INTRO,3.0,3
2026-07-12,GT,1-2150_GAMEPLAY_NRU_CARD_MATCH,62.7,3
2026-07-12,GT,1-ALL_LOAD_FB,2.0,3
2026-07-12,GT,1-INTRO_BUNDLE,3.3,3
2026-07-12,GT,1-6040_SETTING_LANGUAGE,4.0,3
2026-07-12,GT,1-6000_FRIEND_COUNT,3.7,3
2026-07-12,GT,1-2111_TUTO_DECK_DRAW,39.5,2
2026-07-12,GT,1-3100_TOURNAMENT_CREATE,122.5,2
2026-07-12,GT,1-2410_FINISH_RESULT_CLAIM,35.5,2
2026-07-12,GT,1-2213_GAMEPLAY_DECK_BONUS,32.0,2
2026-07-12,GT,1-2094_PRE_LEVEL_PLAY,79.5,2
2026-07-12,GT,1-2090_PRE_LEVEL_SHOW,78.0,2
2026-07-12,GT,1-3120_TOURNAMENT_CREATE_FAIL,122.5,2
2026-07-12,GT,1-2510_ENTRY_COST_PAY,79.5,2
2026-07-12,GT,1-2400_FINISH_RESULT,34.0,2
2026-07-12,GT,1-5700_LOBBY,75.5,2
2026-07-12,GT,1-2300_GAMEPLAY_FINISH,33.0,2
2026-07-12,GT,1-2114_TUTO_PRE_LEVEL_POPUP,78.0,2
2026-07-12,GT,1-7180_BTN_DRAW_DECK,44.5,2
2026-07-12,GT,1-2151_GAMEPLAY_NRU_MATCHES,33.0,2
2026-07-12,GT,1-2210_GAMEPLAY_COMBO_REWARD,33.0,2
2026-07-12,GT,1-9402_HAMMER_TRANSACTION_LOG,32.0,2
2026-07-12,HN,1-INTRO_BUNDLE,4.5,2
2026-07-12,HN,1-INTRO_FB_START_FINISH,0.0,2
2026-07-12,HN,1-INTRO_LOGIN,6.5,2
2026-07-12,HN,1-FIRST_LOAD_FB_Android,2.0,2
2026-07-12,HN,1-9403_BOOSTER_TRANSACTION_LOG,6.5,2
2026-07-12,HN,1-INTRO_OBJECT_POOL_FINISH,7.5,2
2026-07-12,HN,1-6030_USER_CITY_STATUS,7.0,2
2026-07-12,HN,1-2110_TUTO_INGAME_INTRO,15.5,2
2026-07-12,HN,1-INTRO_GAME_DATA,4.5,2
2026-07-12,HN,1-INTRO_FB_ENTRY_DATA_FINISH,6.5,2
2026-07-12,HN,1-FIRST_LOAD_INTRO_FINISH_Android,3.5,2
2026-07-12,HN,1-FIRST_LOAD_INTRO_START_Android,3.5,2
2026-07-12,HN,1-INTRO_FB_ENTRY_POINT,4.5,2
2026-07-12,HN,1-2100_GAMEPLAY_START,11.0,2
2026-07-12,HN,1-12002_INTRO_DIRECT_ENTRY_END,11.5,2
2026-07-12,HN,1-12001_INTRO_DIRECT_ENTRY_START,7.5,2
2026-07-12,HN,1-9400_GOLD_TRANSACTION_LOG,6.5,2
2026-07-12,HN,1-INTRO_FB_SUBSCRIBE_BOT,4.5,2
2026-07-12,HN,1-2141_TUTO_STEP_COMPLETE,23.5,2
2026-07-12,HN,1-INTRO_FB_FRIEND,4.5,2
2026-07-12,HN,1-1000_LOGIN_COMPLETE,6.5,2
2026-07-12,HN,1-INTRO_FB_FRIEND_FINISH,4.5,2
2026-07-12,HN,1-INTRO_FB_ENTRY_DATA,5.5,2
2026-07-12,HN,1-INTRO_FB_ENTRY_POINT_FINISH,5.5,2
2026-07-12,HN,1-12000_TEST_TOUCH,8.5,2
2026-07-12,HN,1-INTRO_SIGNED_PLAYER_INFO,4.5,2
2026-07-12,HN,1-6011_USER_TICKET_BALANCE,7.0,2
2026-07-12,HN,1-6012_USER_HAMMER_BALANCE,7.0,2
2026-07-12,HN,1-ALL_LOAD_INTRO_START,3.5,2
2026-07-12,HN,1-INTRO_OBJECT_POOL,5.5,2
2026-07-12,HN,1-ALL_LOAD_FB,2.0,2
2026-07-12,HN,1-INTRO_GAME_DATA_FINISH,5.5,2
2026-07-12,HN,1-ALL_LOAD_INTRO,3.5,2
2026-07-12,HN,1-6040_SETTING_LANGUAGE,5.5,2
2026-07-12,HN,1-INTRO_SIGNED_PLAYER_INFO_FINISH,4.5,2
2026-07-12,HN,1-FIRST_LOAD_INTRO_Android,3.5,2
2026-07-12,HN,1-6000_FRIEND_COUNT,4.5,2
2026-07-12,HN,1-INTRO_FB_SUBSCRIBE_BOT_FINISH,5.5,2
2026-07-12,HN,1-1010_LOAD_COMPLETE,11.0,2
2026-07-12,HN,1-6020_USER_CURRENT_LEVEL,7.0,2
2026-07-12,HN,1-ALL_LOAD_INTRO_FINISH,3.5,2
2026-07-12,HN,1-INTRO_BUNDLE_FINISH,5.5,2
2026-07-12,HN,1-6010_USER_GOLD_BALANCE,7.0,2
2026-07-12,HU,1-INTRO_FB_FRIEND_FINISH,2.5,6
2026-07-12,HU,1-2410_FINISH_RESULT_CLAIM,28.8,6
2026-07-12,HU,1-6040_SETTING_LANGUAGE,1.8,6
2026-07-12,HU,1-ALL_LOAD_INTRO_FINISH,1.2,6
2026-07-12,HU,1-9990_PLAY_FIRST_TOUCH,12.2,6
2026-07-12,HU,1-9403_BOOSTER_TRANSACTION_LOG,3.5,6
2026-07-12,HU,1-2213_GAMEPLAY_DECK_BONUS,24.0,6
2026-07-12,HU,1-INTRO_SIGNED_PLAYER_INFO_FINISH,1.8,6
2026-07-12,HU,1-INTRO_BUNDLE_FINISH,1.8,6
2026-07-12,HU,1-INTRO_FB_ENTRY_POINT,1.5,6
2026-07-12,HU,1-INTRO_FB_FRIEND,1.2,6
2026-07-12,HU,1-INTRO_LOGIN,3.2,6
2026-07-12,HU,1-2400_FINISH_RESULT,26.0,6
2026-07-12,HU,1-2151_GAMEPLAY_NRU_MATCHES,25.0,6
2026-07-12,HU,1-INTRO_OBJECT_POOL_FINISH,2.0,6
2026-07-12,HU,1-ALL_LOAD_FB,0.7,6
2026-07-12,HU,1-6011_USER_TICKET_BALANCE,4.2,6
2026-07-12,HU,1-1000_LOGIN_COMPLETE,3.5,6
2026-07-12,HU,1-INTRO_OBJECT_POOL,1.8,6
2026-07-12,HU,1-6030_USER_CITY_STATUS,4.2,6
2026-07-12,HU,1-INTRO_FB_START_FINISH,0.0,6
2026-07-12,HU,1-6012_USER_HAMMER_BALANCE,4.2,6
2026-07-12,HU,1-6020_USER_CURRENT_LEVEL,4.2,6
2026-07-12,HU,1-1010_LOAD_COMPLETE,5.7,6
2026-07-12,HU,1-12001_INTRO_DIRECT_ENTRY_START,4.3,6
2026-07-12,HU,1-INTRO_SIGNED_PLAYER_INFO,1.2,6
2026-07-12,HU,1-2141_TUTO_STEP_COMPLETE,11.0,6
2026-07-12,HU,1-2100_GAMEPLAY_START,5.7,6
2026-07-12,HU,1-2110_TUTO_INGAME_INTRO,7.5,6
2026-07-12,HU,1-ALL_LOAD_INTRO_START,1.2,6
2026-07-12,HU,1-INTRO_GAME_DATA_FINISH,2.2,6
2026-07-12,HU,1-ALL_LOAD_INTRO,1.2,6
2026-07-12,HU,1-2210_GAMEPLAY_COMBO_REWARD,25.0,6
2026-07-12,HU,1-2111_TUTO_DECK_DRAW,32.7,6
2026-07-12,HU,1-12000_TEST_TOUCH,10.5,6
2026-07-12,HU,1-INTRO_GAME_DATA,1.5,6
2026-07-12,HU,1-INTRO_FB_SUBSCRIBE_BOT_FINISH,2.3,6
2026-07-12,HU,1-INTRO_FB_ENTRY_DATA_FINISH,2.7,6
2026-07-12,HU,1-9402_HAMMER_TRANSACTION_LOG,24.0,6
2026-07-12,HU,1-6010_USER_GOLD_BALANCE,4.2,6
2026-07-12,HU,1-9400_GOLD_TRANSACTION_LOG,3.3,6
2026-07-12,HU,1-INTRO_FB_ENTRY_POINT_FINISH,2.2,6
2026-07-12,HU,1-INTRO_FB_ENTRY_DATA,2.2,6
2026-07-12,HU,1-2300_GAMEPLAY_FINISH,25.0,6
2026-07-12,HU,1-6000_FRIEND_COUNT,2.5,6
2026-07-12,HU,1-INTRO_BUNDLE,1.2,6
2026-07-12,HU,1-2150_GAMEPLAY_NRU_CARD_MATCH,12.7,6
2026-07-12,HU,1-12002_INTRO_DIRECT_ENTRY_END,5.7,6
2026-07-12,HU,1-INTRO_FB_SUBSCRIBE_BOT,1.5,6
2026-07-12,HU,1-2211_GAMEPLAY_STREAK_METER_FILL,177.2,5
2026-07-12,HU,1-FIRST_LOAD_INTRO_FINISH_etc,1.2,5
2026-07-12,HU,1-2600_GIMMICK_FIRST_APPEAR,117.0,5
2026-07-12,HU,1-11003_GAMEPLAY_FINISH_7,311.0,5
2026-07-12,HU,1-8062_DAILY_CHECKIN_CLAIM_SUCCESS,260.8,5
2026-07-12,HU,1-8061_DAILY_CHECKIN_CLAIM_TRY,260.8,5
2026-07-12,HU,1-7180_BTN_DRAW_DECK,39.4,5
2026-07-12,HU,1-2124_TUTO_BOOSTER_WILDCARD,269.2,5
2026-07-12,HU,1-6111_IDLE_GOLD_COLLECT_SUCCESS,156.6,5
2026-07-12,HU,1-11001_GAMEPLAY_FINISH_5,201.2,5
2026-07-12,HU,1-2114_TUTO_PRE_LEVEL_POPUP,61.4,5
2026-07-12,HU,1-2510_ENTRY_COST_PAY,63.4,5
2026-07-12,HU,1-3100_TOURNAMENT_CREATE,91.8,5
2026-07-12,HU,1-11004_GAMEPLAY_FINISH_8,385.2,5
2026-07-12,HU,1-6110_IDLE_GOLD_COLLECT_TRY,156.2,5
2026-07-12,HU,1-11005_GAMEPLAY_FINISH_9,457.0,5
2026-07-12,HU,1-11002_GAMEPLAY_FINISH_6,252.8,5
2026-07-12,HU,1-8120_COLLECTION_POPUP,325.4,5
2026-07-12,HU,1-2119_TUTO_STREAK,168.2,5
2026-07-12,HU,1-5700_LOBBY,59.2,5
2026-07-12,HU,1-8064_BTN_DAILY_CHECKIN_CLOSE,262.0,5
2026-07-12,HU,1-2212_GAMEPLAY_STREAK_STAR_EARN,177.2,5
2026-07-12,HU,1-FIRST_LOAD_INTRO_START_etc,1.2,5
2026-07-12,HU,1-2123_TUTO_BOOSTER_FIREWORKS,432.0,5
2026-07-12,HU,1-8060_DAILY_CHECKIN_POPUP,258.2,5
2026-07-12,HU,1-2122_TUTO_BOOSTER_UNDO,355.6,5
2026-07-12,HU,1-2090_PRE_LEVEL_SHOW,61.2,5
2026-07-12,HU,1-5200_LEADERBOARD,209.2,5
2026-07-12,HU,1-2091_PRE_LEVEL_BOOSTER_SELECT,434.0,5
2026-07-12,HU,1-FIRST_LOAD_FB_etc,0.8,5
2026-07-12,HU,1-3120_TOURNAMENT_CREATE_FAIL,92.2,5
2026-07-12,HU,1-2094_PRE_LEVEL_PLAY,63.4,5
2026-07-12,HU,1-2610_GIMMICK_PLUS_CARD_MATCH,120.2,5
2026-07-12,HU,1-FIRST_LOAD_INTRO_etc,1.2,5
2026-07-12,HU,1-2116_TUTO_PLUS_CARD,117.0,5
2026-07-12,HU,1-8105_BTN_CITY_DECO_CLOSE,448.0,4
2026-07-12,HU,1-2127_TUTO_BETTING_2,453.5,4
2026-07-12,HU,1-8100_CITY_DECO_POPUP,440.5,4
2026-07-12,HU,1-8051_DAILY_WHEEL_SPIN_SUCCESS,442.0,4
2026-07-12,HU,1-2171_GAMEPLAY_ITEM_FIREWORKS_SUCCESS,416.3,4
2026-07-12,HU,1-8053_BTN_DAILY_WHEEL_CLOSE,445.0,4
2026-07-12,HU,1-8050_DAILY_WHEEL_POPUP,433.3,4
2026-07-12,HU,1-2170_GAMEPLAY_ITEM_FIREWORKS_TRY,416.3,4
2026-07-12,HU,1-5100_DAILY_TASK,543.3,3
2026-07-12,HU,1-8102_CITY_DECO_UPGRADE_SUCCESS,460.7,3
2026-07-12,HU,1-8101_CITY_DECO_UPGRADE_TRY,460.0,3
2026-07-12,HU,1-11006_GAMEPLAY_FINISH_10,456.7,3
2026-07-12,HU,1-2093_PRE_LEVEL_BETTING,407.3,3
2026-07-12,HU,1-5105_BTN_DAILY_TASK_CLOSE,531.5,2
2026-07-12,HU,1-8131_CITY_LIST_SELECT,390.0,2
2026-07-12,HU,1-8130_CITY_LIST_POPUP,382.0,2
2026-07-12,HU,1-2161_GAMEPLAY_ITEM_UNDO_SUCCESS,409.0,2
2026-07-12,HU,1-8021_BTN_SETTING_MUSIC,189.5,2
2026-07-12,HU,1-2125_TUTO_BOOSTER_EXTRADECK,432.0,2
2026-07-12,HU,1-4200_RV_START,579.5,2
2026-07-12,HU,1-8025_BTN_SETTING_CLOSE,176.0,2
2026-07-12,HU,1-8022_BTN_SETTING_SOUND,213.0,2
2026-07-12,HU,1-8020_SETTING_POPUP,170.5,2
2026-07-12,HU,1-2160_GAMEPLAY_ITEM_UNDO_TRY,408.5,2
2026-07-12,ID,1-INTRO_FB_ENTRY_DATA_FINISH,6.6,13
2026-07-12,ID,1-INTRO_FB_FRIEND,4.8,13
2026-07-12,ID,1-FIRST_LOAD_INTRO_Android,2.9,13
2026-07-12,ID,1-FIRST_LOAD_FB_Android,1.6,13
2026-07-12,ID,1-9403_BOOSTER_TRANSACTION_LOG,8.2,13
2026-07-12,ID,1-INTRO_FB_ENTRY_DATA,5.8,13
2026-07-12,ID,1-FIRST_LOAD_INTRO_START_Android,2.9,13
2026-07-12,ID,1-ALL_LOAD_INTRO,2.9,13
2026-07-12,ID,1-FIRST_LOAD_INTRO_FINISH_Android,3.1,13
2026-07-12,ID,1-INTRO_FB_SUBSCRIBE_BOT_FINISH,5.9,13
2026-07-12,ID,1-INTRO_GAME_DATA_FINISH,6.9,13
2026-07-12,ID,1-INTRO_LOGIN,7.4,13
2026-07-12,ID,1-1000_LOGIN_COMPLETE,8.5,13
2026-07-12,ID,1-INTRO_GAME_DATA,4.9,13
2026-07-12,ID,1-INTRO_BUNDLE,4.6,13
2026-07-12,ID,1-INTRO_FB_FRIEND_FINISH,5.8,13
2026-07-12,ID,1-ALL_LOAD_FB,1.6,13
2026-07-12,ID,1-6040_SETTING_LANGUAGE,5.8,13
2026-07-12,ID,1-INTRO_SIGNED_PLAYER_INFO_FINISH,5.2,13
2026-07-12,ID,1-ALL_LOAD_INTRO_START,2.9,13
2026-07-12,ID,1-INTRO_OBJECT_POOL,5.8,13
2026-07-12,ID,1-INTRO_SIGNED_PLAYER_INFO,4.8,13
2026-07-12,ID,1-INTRO_FB_SUBSCRIBE_BOT,4.8,13
2026-07-12,ID,1-6000_FRIEND_COUNT,5.8,13
2026-07-12,ID,1-INTRO_FB_START_FINISH,0.0,13
2026-07-12,ID,1-INTRO_FB_ENTRY_POINT_FINISH,5.8,13
2026-07-12,ID,1-INTRO_BUNDLE_FINISH,5.6,13
2026-07-12,ID,1-ALL_LOAD_INTRO_FINISH,3.1,13
2026-07-12,ID,1-9400_GOLD_TRANSACTION_LOG,8.2,13
2026-07-12,ID,1-INTRO_FB_ENTRY_POINT,4.8,13
2026-07-12,ID,1-6030_USER_CITY_STATUS,8.6,12
2026-07-12,ID,1-6020_USER_CURRENT_LEVEL,8.5,12
2026-07-12,ID,1-6011_USER_TICKET_BALANCE,8.4,12
2026-07-12,ID,1-6010_USER_GOLD_BALANCE,8.4,12
2026-07-12,ID,1-6012_USER_HAMMER_BALANCE,8.4,12
2026-07-12,ID,1-INTRO_OBJECT_POOL_FINISH,6.4,11
2026-07-12,ID,1-2100_GAMEPLAY_START,11.0,11
2026-07-12,ID,1-12002_INTRO_DIRECT_ENTRY_END,11.2,11
2026-07-12,ID,1-12001_INTRO_DIRECT_ENTRY_START,8.1,11
2026-07-12,ID,1-1010_LOAD_COMPLETE,11.1,11
2026-07-12,ID,1-12000_TEST_TOUCH,13.0,8
2026-07-12,ID,1-2110_TUTO_INGAME_INTRO,21.3,8
2026-07-12,ID,1-2141_TUTO_STEP_COMPLETE,21.3,6
2026-07-12,ID,1-ALL_INTRO_DEBUG_ERROR_98,12.8,4
2026-07-12,ID,1-FIRST_INTRO_DEBUG_ERROR_98_Android,12.8,4
2026-07-12,ID,1-2210_GAMEPLAY_COMBO_REWARD,42.3,3
2026-07-12,ID,1-9402_HAMMER_TRANSACTION_LOG,41.7,3
2026-07-12,ID,1-2150_GAMEPLAY_NRU_CARD_MATCH,25.7,3
2026-07-12,ID,1-2300_GAMEPLAY_FINISH,42.3,3
2026-07-12,ID,1-2400_FINISH_RESULT,44.0,3
2026-07-12,ID,1-2213_GAMEPLAY_DECK_BONUS,41.3,3
2026-07-12,ID,1-2151_GAMEPLAY_NRU_MATCHES,42.3,3
2026-07-12,ID,1-9990_PLAY_FIRST_TOUCH,25.0,3
2026-07-12,ID,1-2410_FINISH_RESULT_CLAIM,45.0,2
2026-07-12,ID,1-2090_PRE_LEVEL_SHOW,86.5,2
2026-07-12,ID,1-3120_TOURNAMENT_CREATE_FAIL,152.5,2
2026-07-12,ID,1-3100_TOURNAMENT_CREATE,152.0,2
2026-07-12,ID,1-2510_ENTRY_COST_PAY,89.5,2
2026-07-12,ID,1-FIRST_INTRO_DEBUG_ERROR_PASS_AFTER_98_Android,12.5,2
2026-07-12,ID,1-7180_BTN_DRAW_DECK,57.0,2
2026-07-12,ID,1-ALL_INTRO_DEBUG_ERROR_PASS_AFTER_98,12.5,2
2026-07-12,ID,1-5700_LOBBY,84.0,2
2026-07-12,ID,1-2094_PRE_LEVEL_PLAY,89.5,2
2026-07-12,ID,1-2111_TUTO_DECK_DRAW,49.0,2
2026-07-12,ID,1-2114_TUTO_PRE_LEVEL_POPUP,87.0,2
2026-07-12,IN,1-ALL_LOAD_INTRO,7.7,48
2026-07-12,IN,1-INTRO_BUNDLE_FINISH,10.2,48
2026-07-12,IN,1-INTRO_BUNDLE,8.7,48
2026-07-12,IN,1-9400_GOLD_TRANSACTION_LOG,12.9,48
2026-07-12,IN,1-INTRO_FB_ENTRY_DATA_FINISH,11.2,48
2026-07-12,IN,1-ALL_LOAD_FB,3.5,48
2026-07-12,IN,1-ALL_LOAD_INTRO_FINISH,7.9,48
2026-07-12,IN,1-INTRO_FB_SUBSCRIBE_BOT_FINISH,10.1,48
2026-07-12,IN,1-INTRO_GAME_DATA_FINISH,10.8,48
2026-07-12,IN,1-INTRO_GAME_DATA,9.2,48
2026-07-12,IN,1-INTRO_FB_ENTRY_POINT_FINISH,10.0,48
2026-07-12,IN,1-INTRO_FB_START_FINISH,0.0,48
2026-07-12,IN,1-ALL_LOAD_INTRO_START,7.8,48
2026-07-12,IN,1-6040_SETTING_LANGUAGE,10.3,48
2026-07-12,IN,1-9403_BOOSTER_TRANSACTION_LOG,13.0,48
2026-07-12,IN,1-INTRO_LOGIN,12.1,48
2026-07-12,IN,1-6000_FRIEND_COUNT,10.0,48
2026-07-12,IN,1-INTRO_FB_FRIEND,8.9,48
2026-07-12,IN,1-INTRO_FB_ENTRY_POINT,8.9,48
2026-07-12,IN,1-INTRO_FB_ENTRY_DATA,10.0,48
2026-07-12,IN,1-1000_LOGIN_COMPLETE,13.2,48
2026-07-12,IN,1-INTRO_OBJECT_POOL,10.3,48
2026-07-12,IN,1-INTRO_SIGNED_PLAYER_INFO,8.9,48
2026-07-12,IN,1-INTRO_SIGNED_PLAYER_INFO_FINISH,9.5,48
2026-07-12,IN,1-INTRO_FB_FRIEND_FINISH,10.0,48
2026-07-12,IN,1-INTRO_FB_SUBSCRIBE_BOT,9.0,48
2026-07-12,IN,1-6010_USER_GOLD_BALANCE,12.9,47
2026-07-12,IN,1-6012_USER_HAMMER_BALANCE,13.0,47
2026-07-12,IN,1-FIRST_LOAD_FB_Android,3.5,47
2026-07-12,IN,1-6011_USER_TICKET_BALANCE,13.0,47
2026-07-12,IN,1-6020_USER_CURRENT_LEVEL,13.2,46
2026-07-12,IN,1-6030_USER_CITY_STATUS,13.2,46
2026-07-12,IN,1-FIRST_LOAD_INTRO_Android,6.1,45
2026-07-12,IN,1-FIRST_LOAD_INTRO_START_Android,6.1,45
2026-07-12,IN,1-INTRO_OBJECT_POOL_FINISH,12.0,45
2026-07-12,IN,1-FIRST_LOAD_INTRO_FINISH_Android,6.3,45
2026-07-12,IN,1-12001_INTRO_DIRECT_ENTRY_START,14.5,44
2026-07-12,IN,1-2100_GAMEPLAY_START,19.6,42
2026-07-12,IN,1-12002_INTRO_DIRECT_ENTRY_END,18.3,42
2026-07-12,IN,1-1010_LOAD_COMPLETE,19.8,42
2026-07-12,IN,1-12000_TEST_TOUCH,23.7,37
2026-07-12,IN,1-2110_TUTO_INGAME_INTRO,24.0,35
2026-07-12,IN,1-2141_TUTO_STEP_COMPLETE,33.5,30
2026-07-12,IN,1-ALL_INTRO_DEBUG_ERROR_98,38.8,22
2026-07-12,IN,1-FIRST_INTRO_DEBUG_ERROR_98_Android,19.1,17
2026-07-12,IN,1-ALL_INTRO_DEBUG_ERROR_PASS_AFTER_98,31.2,14
2026-07-12,IN,1-9990_PLAY_FIRST_TOUCH,37.8,13
2026-07-12,IN,1-NETWORK_TIMEOUT_RETRY,24.6,13
2026-07-12,IN,1-NETWORK_TIMEOUT,24.6,13
2026-07-12,IN,1-FIRST_INTRO_DEBUG_ERROR_PASS_AFTER_98_Android,27.2,12
2026-07-12,IN,1-2213_GAMEPLAY_DECK_BONUS,63.5,10
2026-07-12,IN,1-2150_GAMEPLAY_NRU_CARD_MATCH,44.1,10
2026-07-12,IN,1-2210_GAMEPLAY_COMBO_REWARD,64.8,10
2026-07-12,IN,1-2400_FINISH_RESULT,70.3,10
2026-07-12,IN,1-2300_GAMEPLAY_FINISH,64.8,10
2026-07-12,IN,1-9402_HAMMER_TRANSACTION_LOG,64.2,10
2026-07-12,IN,1-2151_GAMEPLAY_NRU_MATCHES,64.8,10
2026-07-12,IN,1-2410_FINISH_RESULT_CLAIM,82.6,8
2026-07-12,IN,1-2094_PRE_LEVEL_PLAY,134.4,8
2026-07-12,IN,1-2090_PRE_LEVEL_SHOW,132.6,8
2026-07-12,IN,1-2111_TUTO_DECK_DRAW,86.9,8
2026-07-12,IN,1-2510_ENTRY_COST_PAY,134.5,8
2026-07-12,IN,1-2114_TUTO_PRE_LEVEL_POPUP,132.9,8
2026-07-12,IN,1-5700_LOBBY,128.4,8
2026-07-12,IN,1-7180_BTN_DRAW_DECK,95.0,8
2026-07-12,IN,1-LOAD_INTRO_START_Android,95.0,6
2026-07-12,IN,1-3120_TOURNAMENT_CREATE_FAIL,208.5,6
2026-07-12,IN,1-3100_TOURNAMENT_CREATE,208.0,6
2026-07-12,IN,1-LOAD_FB_Android,92.5,6
2026-07-12,IN,1-LOAD_INTRO_Android,94.8,6
2026-07-12,IN,1-LOAD_INTRO_FINISH_Android,95.2,6
2026-07-12,IN,1-2600_GIMMICK_FIRST_APPEAR,207.4,5
2026-07-12,IN,1-2116_TUTO_PLUS_CARD,207.4,5
2026-07-12,IN,1-INTRO_DEBUG_ERROR_98_Android,116.4,5
2026-07-12,IN,1-2610_GIMMICK_PLUS_CARD_MATCH,213.8,4
2026-07-12,IN,1-6111_IDLE_GOLD_COLLECT_SUCCESS,181.7,3
2026-07-12,IN,1-6110_IDLE_GOLD_COLLECT_TRY,181.7,3
2026-07-12,IN,1-2119_TUTO_STREAK,184.5,2
2026-07-12,IN,1-8062_DAILY_CHECKIN_CLAIM_SUCCESS,301.5,2
2026-07-12,IN,1-3400_MSG_P2P,261.0,2
2026-07-12,IN,1-2211_GAMEPLAY_STREAK_METER_FILL,194.5,2
2026-07-12,IN,1-11002_GAMEPLAY_FINISH_6,295.5,2
2026-07-12,IN,1-8060_DAILY_CHECKIN_POPUP,299.5,2
2026-07-12,IN,1-2212_GAMEPLAY_STREAK_STAR_EARN,194.5,2
2026-07-12,IN,1-11001_GAMEPLAY_FINISH_5,225.0,2
2026-07-12,IN,1-8064_BTN_DAILY_CHECKIN_CLOSE,303.0,2
2026-07-12,IN,1-8061_DAILY_CHECKIN_CLAIM_TRY,301.5,2
2026-07-12,IN,1-5200_LEADERBOARD,232.0,2
2026-07-12,IQ,1-FIRST_LOAD_FB_Android,0.0,2
2026-07-12,IQ,1-9403_BOOSTER_TRANSACTION_LOG,4.0,2
2026-07-12,IQ,1-INTRO_FB_ENTRY_DATA_FINISH,3.5,2
2026-07-12,IQ,1-INTRO_FB_START_FINISH,0.0,2
2026-07-12,IQ,1-6000_FRIEND_COUNT,2.0,2
2026-07-12,IQ,1-9400_GOLD_TRANSACTION_LOG,4.0,2
2026-07-12,IQ,1-6040_SETTING_LANGUAGE,2.5,2
2026-07-12,IQ,1-ALL_LOAD_INTRO_START,1.5,2
2026-07-12,IQ,1-INTRO_FB_FRIEND_FINISH,2.0,2
2026-07-12,IQ,1-INTRO_BUNDLE_FINISH,2.5,2
2026-07-12,IQ,1-INTRO_FB_FRIEND,2.0,2
2026-07-12,IQ,1-INTRO_LOGIN,4.0,2
2026-07-12,IQ,1-INTRO_FB_ENTRY_POINT_FINISH,3.0,2
2026-07-12,IQ,1-INTRO_FB_SUBSCRIBE_BOT,2.0,2
2026-07-12,IQ,1-INTRO_BUNDLE,2.0,2
2026-07-12,IQ,1-ALL_LOAD_INTRO_FINISH,2.0,2
2026-07-12,IQ,1-INTRO_OBJECT_POOL,2.5,2
2026-07-12,IQ,1-ALL_LOAD_FB,0.0,2
2026-07-12,IQ,1-1000_LOGIN_COMPLETE,4.0,2
2026-07-12,IQ,1-INTRO_GAME_DATA_FINISH,3.5,2
2026-07-12,IQ,1-INTRO_SIGNED_PLAYER_INFO,2.0,2
2026-07-12,IQ,1-INTRO_FB_SUBSCRIBE_BOT_FINISH,3.0,2
2026-07-12,IQ,1-FIRST_LOAD_INTRO_FINISH_Android,2.0,2
2026-07-12,IQ,1-INTRO_FB_ENTRY_POINT,2.0,2
2026-07-12,IQ,1-FIRST_LOAD_INTRO_START_Android,1.5,2
2026-07-12,IQ,1-INTRO_FB_ENTRY_DATA,3.0,2
2026-07-12,IQ,1-FIRST_LOAD_INTRO_Android,1.5,2
2026-07-12,IQ,1-ALL_LOAD_INTRO,1.5,2
2026-07-12,IQ,1-INTRO_SIGNED_PLAYER_INFO_FINISH,2.0,2
2026-07-12,IQ,1-INTRO_GAME_DATA,2.0,2
2026-07-12,IT,1-2150_GAMEPLAY_NRU_CARD_MATCH,14.6,14
2026-07-12,IT,1-ALL_LOAD_INTRO_FINISH,1.7,14
2026-07-12,IT,1-INTRO_BUNDLE_FINISH,2.3,14
2026-07-12,IT,1-INTRO_LOGIN,3.6,14
2026-07-12,IT,1-INTRO_SIGNED_PLAYER_INFO_FINISH,2.0,14
2026-07-12,IT,1-6020_USER_CURRENT_LEVEL,4.3,14
2026-07-12,IT,1-INTRO_OBJECT_POOL,2.3,14
2026-07-12,IT,1-9403_BOOSTER_TRANSACTION_LOG,3.6,14
2026-07-12,IT,1-INTRO_FB_START_FINISH,0.0,14
2026-07-12,IT,1-1000_LOGIN_COMPLETE,3.9,14
2026-07-12,IT,1-INTRO_FB_FRIEND_FINISH,2.9,14
2026-07-12,IT,1-2141_TUTO_STEP_COMPLETE,12.6,14
2026-07-12,IT,1-INTRO_FB_ENTRY_POINT_FINISH,2.3,14
2026-07-12,IT,1-9990_PLAY_FIRST_TOUCH,13.3,14
2026-07-12,IT,1-2110_TUTO_INGAME_INTRO,8.7,14
2026-07-12,IT,1-12002_INTRO_DIRECT_ENTRY_END,6.6,14
2026-07-12,IT,1-INTRO_OBJECT_POOL_FINISH,2.6,14
2026-07-12,IT,1-6011_USER_TICKET_BALANCE,4.3,14
2026-07-12,IT,1-6030_USER_CITY_STATUS,4.3,14
2026-07-12,IT,1-INTRO_FB_FRIEND,1.7,14
2026-07-12,IT,1-INTRO_FB_ENTRY_POINT,1.7,14
2026-07-12,IT,1-INTRO_FB_ENTRY_DATA,2.3,14
2026-07-12,IT,1-6010_USER_GOLD_BALANCE,4.2,14
2026-07-12,IT,1-1010_LOAD_COMPLETE,6.6,14
2026-07-12,IT,1-12001_INTRO_DIRECT_ENTRY_START,4.6,14
2026-07-12,IT,1-INTRO_SIGNED_PLAYER_INFO,1.7,14
2026-07-12,IT,1-ALL_LOAD_INTRO,1.6,14
2026-07-12,IT,1-9400_GOLD_TRANSACTION_LOG,3.6,14
2026-07-12,IT,1-INTRO_FB_SUBSCRIBE_BOT,1.7,14
2026-07-12,IT,1-INTRO_FB_ENTRY_DATA_FINISH,2.8,14
2026-07-12,IT,1-ALL_LOAD_INTRO_START,1.6,14
2026-07-12,IT,1-INTRO_FB_SUBSCRIBE_BOT_FINISH,2.3,14
2026-07-12,IT,1-INTRO_GAME_DATA,1.9,14
2026-07-12,IT,1-INTRO_BUNDLE,1.7,14
2026-07-12,IT,1-ALL_LOAD_FB,0.6,14
2026-07-12,IT,1-2100_GAMEPLAY_START,6.6,14
2026-07-12,IT,1-12000_TEST_TOUCH,11.1,14
2026-07-12,IT,1-6040_SETTING_LANGUAGE,2.3,14
2026-07-12,IT,1-6012_USER_HAMMER_BALANCE,4.3,14
2026-07-12,IT,1-6000_FRIEND_COUNT,2.9,14
2026-07-12,IT,1-INTRO_GAME_DATA_FINISH,2.3,14
2026-07-12,IT,1-2300_GAMEPLAY_FINISH,23.0,13
2026-07-12,IT,1-2410_FINISH_RESULT_CLAIM,25.7,13
2026-07-12,IT,1-2213_GAMEPLAY_DECK_BONUS,21.8,13
2026-07-12,IT,1-2094_PRE_LEVEL_PLAY,55.1,13
2026-07-12,IT,1-2210_GAMEPLAY_COMBO_REWARD,23.1,13
2026-07-12,IT,1-2151_GAMEPLAY_NRU_MATCHES,23.0,13
2026-07-12,IT,1-2510_ENTRY_COST_PAY,55.1,13
2026-07-12,IT,1-3100_TOURNAMENT_CREATE,84.6,13
2026-07-12,IT,1-7180_BTN_DRAW_DECK,34.3,13
2026-07-12,IT,1-3120_TOURNAMENT_CREATE_FAIL,84.9,13
2026-07-12,IT,1-2111_TUTO_DECK_DRAW,29.6,13
2026-07-12,IT,1-2090_PRE_LEVEL_SHOW,52.5,13
2026-07-12,IT,1-5700_LOBBY,50.0,13
2026-07-12,IT,1-2400_FINISH_RESULT,23.9,13
2026-07-12,IT,1-9402_HAMMER_TRANSACTION_LOG,21.9,13
2026-07-12,IT,1-2114_TUTO_PRE_LEVEL_POPUP,52.7,13
2026-07-12,IT,1-6111_IDLE_GOLD_COLLECT_SUCCESS,139.8,12
2026-07-12,IT,1-2610_GIMMICK_PLUS_CARD_MATCH,109.6,12
2026-07-12,IT,1-2116_TUTO_PLUS_CARD,107.9,12
2026-07-12,IT,1-2600_GIMMICK_FIRST_APPEAR,107.8,12
2026-07-12,IT,1-6110_IDLE_GOLD_COLLECT_TRY,139.3,12
2026-07-12,IT,1-8120_COLLECTION_POPUP,275.4,11
2026-07-12,IT,1-FIRST_LOAD_INTRO_START_etc,1.3,11
2026-07-12,IT,1-2122_TUTO_BOOSTER_UNDO,295.1,11
2026-07-12,IT,1-8064_BTN_DAILY_CHECKIN_CLOSE,236.0,11
2026-07-12,IT,1-2212_GAMEPLAY_STREAK_STAR_EARN,162.9,11
2026-07-12,IT,1-8051_DAILY_WHEEL_SPIN_SUCCESS,387.6,11
2026-07-12,IT,1-8050_DAILY_WHEEL_POPUP,379.4,11
2026-07-12,IT,1-11001_GAMEPLAY_FINISH_5,181.7,11
2026-07-12,IT,1-FIRST_LOAD_INTRO_FINISH_etc,1.4,11
2026-07-12,IT,1-8053_BTN_DAILY_WHEEL_CLOSE,398.1,11
2026-07-12,IT,1-8105_BTN_CITY_DECO_CLOSE,218.5,11
2026-07-12,IT,1-11005_GAMEPLAY_FINISH_9,371.5,11
2026-07-12,IT,1-11003_GAMEPLAY_FINISH_7,268.5,11
2026-07-12,IT,1-2211_GAMEPLAY_STREAK_METER_FILL,162.9,11
2026-07-12,IT,1-FIRST_LOAD_FB_etc,0.3,11
2026-07-12,IT,1-8060_DAILY_CHECKIN_POPUP,232.5,11
2026-07-12,IT,1-11004_GAMEPLAY_FINISH_8,319.0,11
2026-07-12,IT,1-11002_GAMEPLAY_FINISH_6,227.7,11
2026-07-12,IT,1-5200_LEADERBOARD,189.0,11
2026-07-12,IT,1-2091_PRE_LEVEL_BOOSTER_SELECT,351.4,11
2026-07-12,IT,1-2123_TUTO_BOOSTER_FIREWORKS,349.2,11
2026-07-12,IT,1-8062_DAILY_CHECKIN_CLAIM_SUCCESS,234.2,11
2026-07-12,IT,1-8102_CITY_DECO_UPGRADE_SUCCESS,226.5,11
2026-07-12,IT,1-FIRST_LOAD_INTRO_etc,1.3,11
2026-07-12,IT,1-2124_TUTO_BOOSTER_WILDCARD,245.6,11
2026-07-12,IT,1-2119_TUTO_STREAK,155.9,11
2026-07-12,IT,1-8061_DAILY_CHECKIN_CLAIM_TRY,234.2,11
2026-07-12,IT,1-8100_CITY_DECO_POPUP,211.8,11
2026-07-12,IT,1-8101_CITY_DECO_UPGRADE_TRY,226.2,11
2026-07-12,IT,1-2093_PRE_LEVEL_BETTING,409.7,10
2026-07-12,IT,1-2127_TUTO_BETTING_2,407.5,10
2026-07-12,IT,1-11006_GAMEPLAY_FINISH_10,450.3,9
2026-07-12,IT,1-4200_RV_START,383.7,7
2026-07-12,IT,1-8130_CITY_LIST_POPUP,231.7,7
2026-07-12,IT,1-2092_PRE_LEVEL_BOOSTER_DESELECT,351.3,6
2026-07-12,IT,1-2160_GAMEPLAY_ITEM_UNDO_TRY,370.0,6
2026-07-12,IT,1-2161_GAMEPLAY_ITEM_UNDO_SUCCESS,370.2,6
2026-07-12,IT,1-2170_GAMEPLAY_ITEM_FIREWORKS_TRY,367.0,5
2026-07-12,IT,1-4210_RV_FINISH,396.4,5
2026-07-12,IT,1-2171_GAMEPLAY_ITEM_FIREWORKS_SUCCESS,367.0,5
2026-07-12,IT,1-8020_SETTING_POPUP,91.6,5
2026-07-12,IT,1-8032_BTN_LANGUAGE_CLOSE,100.8,5
2026-07-12,IT,1-8121_COLLECTION_TAB_SWITCH,296.0,5
2026-07-12,IT,1-8030_LANGUAGE_POPUP,95.0,5
2026-07-12,IT,1-2125_TUTO_BOOSTER_EXTRADECK,450.8,5
2026-07-12,IT,1-8025_BTN_SETTING_CLOSE,102.8,5
2026-07-12,IT,1-5100_DAILY_TASK,500.0,4
2026-07-12,IT,1-5105_BTN_DAILY_TASK_CLOSE,508.3,4
2026-07-12,IT,1-8110_RV_POPUP_GOLD_TRY,403.8,4
2026-07-12,IT,1-2191_GAMEPLAY_ITEM_EXTRADECK_SUCCESS,467.7,3
2026-07-12,IT,1-4220_RV_ERROR,487.3,3
2026-07-12,IT,1-8111_RV_POPUP_GOLD_SUCCESS,432.7,3
2026-07-12,IT,1-5000_SHOP,126.3,3
2026-07-12,IT,1-FIRST_LOAD_INTRO_FINISH_Android,2.7,3
2026-07-12,IT,1-8021_BTN_SETTING_MUSIC,83.7,3
2026-07-12,IT,1-FIRST_LOAD_FB_Android,1.7,3
2026-07-12,IT,1-5004_BTN_SHOP_CLOSE,130.0,3
2026-07-12,IT,1-FIRST_LOAD_INTRO_Android,2.7,3
2026-07-12,IT,1-2190_GAMEPLAY_ITEM_EXTRADECK_TRY,467.7,3
2026-07-12,IT,1-FIRST_LOAD_INTRO_START_Android,2.7,3
2026-07-12,IT,1-2222_GAMEPLAY_END_SURE_YES,504.0,2
2026-07-12,IT,1-ALL_INTRO_DEBUG_ERROR_98,11.0,2
2026-07-12,IT,1-ALL_INTRO_DEBUG_ERROR_PASS_AFTER_98,16.0,2
2026-07-12,IT,1-FIRST_INTRO_DEBUG_ERROR_PASS_AFTER_98_etc,16.0,2
2026-07-12,IT,1-8900_RV_ERROR_BANNER_POPUP,515.0,2
2026-07-12,IT,1-2220_GAMEPLAY_END_SURE,500.5,2
2026-07-12,IT,1-FIRST_INTRO_DEBUG_ERROR_98_etc,11.0,2
2026-07-12,IT,1-4010_INTERSTITIAL_AD_FINISH,508.5,2
2026-07-12,IT,1-4000_INTERSTITIAL_AD_START,504.0,2
2026-07-12,IT,1-12020_FRAME_DROP_LOG,421.0,2
2026-07-12,IT,1-2221_GAMEPLAY_END_SURE_NO,501.5,2
2026-07-12,KE,1-INTRO_GAME_DATA_FINISH,12.6,5
2026-07-12,KE,1-INTRO_GAME_DATA,9.8,5
2026-07-12,KE,1-INTRO_OBJECT_POOL,11.2,5
2026-07-12,KE,1-1000_LOGIN_COMPLETE,14.4,5
2026-07-12,KE,1-6010_USER_GOLD_BALANCE,14.6,5
2026-07-12,KE,1-6011_USER_TICKET_BALANCE,14.6,5
2026-07-12,KE,1-6012_USER_HAMMER_BALANCE,14.6,5
2026-07-12,KE,1-1010_LOAD_COMPLETE,20.4,5
2026-07-12,KE,1-12001_INTRO_DIRECT_ENTRY_START,14.8,5
2026-07-12,KE,1-12002_INTRO_DIRECT_ENTRY_END,20.4,5
2026-07-12,KE,1-2100_GAMEPLAY_START,20.2,5
2026-07-12,KE,1-ALL_LOAD_FB,6.2,5
2026-07-12,KE,1-6000_FRIEND_COUNT,10.2,5
2026-07-12,KE,1-ALL_LOAD_INTRO_FINISH,9.0,5
2026-07-12,KE,1-6040_SETTING_LANGUAGE,11.2,5
2026-07-12,KE,1-INTRO_BUNDLE,9.4,5
2026-07-12,KE,1-2110_TUTO_INGAME_INTRO,27.0,5
2026-07-12,KE,1-INTRO_FB_ENTRY_POINT_FINISH,10.6,5
2026-07-12,KE,1-6030_USER_CITY_STATUS,14.8,5
2026-07-12,KE,1-ALL_LOAD_INTRO_START,9.0,5
2026-07-12,KE,1-9403_BOOSTER_TRANSACTION_LOG,14.0,5
2026-07-12,KE,1-INTRO_BUNDLE_FINISH,11.0,5
2026-07-12,KE,1-INTRO_FB_ENTRY_POINT,9.6,5
2026-07-12,KE,1-INTRO_FB_FRIEND,9.4,5
2026-07-12,KE,1-INTRO_LOGIN,13.0,5
2026-07-12,KE,1-INTRO_FB_FRIEND_FINISH,10.2,5
2026-07-12,KE,1-INTRO_FB_START_FINISH,0.0,5
2026-07-12,KE,1-INTRO_FB_SUBSCRIBE_BOT,9.6,5
2026-07-12,KE,1-ALL_LOAD_INTRO,9.0,5
2026-07-12,KE,1-6020_USER_CURRENT_LEVEL,14.6,5
2026-07-12,KE,1-INTRO_OBJECT_POOL_FINISH,12.0,5
2026-07-12,KE,1-INTRO_SIGNED_PLAYER_INFO,9.4,5
2026-07-12,KE,1-INTRO_SIGNED_PLAYER_INFO_FINISH,10.0,5
2026-07-12,KE,1-INTRO_FB_ENTRY_DATA,10.6,5
2026-07-12,KE,1-9400_GOLD_TRANSACTION_LOG,14.0,5
2026-07-12,KE,1-INTRO_FB_ENTRY_DATA_FINISH,11.8,5
2026-07-12,KE,1-INTRO_FB_SUBSCRIBE_BOT_FINISH,10.6,5
2026-07-12,KE,1-FIRST_LOAD_INTRO_FINISH_Android,3.5,4
2026-07-12,KE,1-12000_TEST_TOUCH,18.8,4
2026-07-12,KE,1-FIRST_LOAD_INTRO_START_Android,3.5,4
2026-07-12,KE,1-FIRST_LOAD_FB_Android,2.0,4
2026-07-12,KE,1-FIRST_LOAD_INTRO_Android,3.5,4
2026-07-12,KE,1-ALL_INTRO_DEBUG_ERROR_PASS_AFTER_98,48.5,2
2026-07-12,KE,1-ALL_INTRO_DEBUG_ERROR_98,27.0,2
2026-07-12,KH,1-6000_FRIEND_COUNT,22.3,4
2026-07-12,KH,1-INTRO_FB_ENTRY_DATA,23.0,4
2026-07-12,KH,1-ALL_LOAD_INTRO,3.5,4
2026-07-12,KH,1-6012_USER_HAMMER_BALANCE,27.5,4
2026-07-12,KH,1-INTRO_SIGNED_PLAYER_INFO,20.8,4
2026-07-12,KH,1-INTRO_FB_FRIEND,20.8,4
2026-07-12,KH,1-1000_LOGIN_COMPLETE,26.8,4
2026-07-12,KH,1-INTRO_FB_ENTRY_POINT,20.8,4
2026-07-12,KH,1-FIRST_LOAD_FB_Android,2.3,4
2026-07-12,KH,1-FIRST_LOAD_INTRO_START_Android,3.5,4
2026-07-12,KH,1-6030_USER_CITY_STATUS,27.5,4
2026-07-12,KH,1-FIRST_LOAD_INTRO_FINISH_Android,3.5,4
2026-07-12,KH,1-INTRO_FB_SUBSCRIBE_BOT_FINISH,23.3,4
2026-07-12,KH,1-6010_USER_GOLD_BALANCE,27.5,4
2026-07-12,KH,1-6011_USER_TICKET_BALANCE,27.5,4
2026-07-12,KH,1-INTRO_OBJECT_POOL,23.5,4
2026-07-12,KH,1-9403_BOOSTER_TRANSACTION_LOG,26.5,4
2026-07-12,KH,1-INTRO_SIGNED_PLAYER_INFO_FINISH,22.0,4
2026-07-12,KH,1-INTRO_GAME_DATA,21.3,4
2026-07-12,KH,1-INTRO_FB_SUBSCRIBE_BOT,21.0,4
2026-07-12,KH,1-ALL_LOAD_INTRO_START,3.5,4
2026-07-12,KH,1-INTRO_FB_START_FINISH,0.0,4
2026-07-12,KH,1-INTRO_GAME_DATA_FINISH,25.0,4
2026-07-12,KH,1-INTRO_FB_FRIEND_FINISH,22.0,4
2026-07-12,KH,1-INTRO_FB_ENTRY_POINT_FINISH,23.0,4
2026-07-12,KH,1-FIRST_LOAD_INTRO_Android,3.5,4
2026-07-12,KH,1-6020_USER_CURRENT_LEVEL,27.5,4
2026-07-12,KH,1-9400_GOLD_TRANSACTION_LOG,26.3,4
2026-07-12,KH,1-INTRO_BUNDLE_FINISH,23.5,4
2026-07-12,KH,1-6040_SETTING_LANGUAGE,23.5,4
2026-07-12,KH,1-ALL_LOAD_FB,2.3,4
2026-07-12,KH,1-INTRO_LOGIN,25.3,4
2026-07-12,KH,1-INTRO_BUNDLE,20.5,4
2026-07-12,KH,1-ALL_LOAD_INTRO_FINISH,3.5,4
2026-07-12,KH,1-INTRO_FB_ENTRY_DATA_FINISH,24.0,4
2026-07-12,KH,1-1010_LOAD_COMPLETE,40.0,3
2026-07-12,KH,1-INTRO_OBJECT_POOL_FINISH,32.3,3
2026-07-12,KH,1-2100_GAMEPLAY_START,40.0,3
2026-07-12,KH,1-12002_INTRO_DIRECT_ENTRY_END,40.7,3
2026-07-12,KH,1-12001_INTRO_DIRECT_ENTRY_START,35.3,3
2026-07-12,KH,1-12000_TEST_TOUCH,37.3,3
2026-07-12,KH,1-9990_PLAY_FIRST_TOUCH,35.5,2
2026-07-12,KH,1-2141_TUTO_STEP_COMPLETE,21.0,2
2026-07-12,KH,1-ALL_INTRO_DEBUG_ERROR_98,14.0,2
2026-07-12,KH,1-2150_GAMEPLAY_NRU_CARD_MATCH,36.0,2
2026-07-12,KH,1-2110_TUTO_INGAME_INTRO,14.5,2
2026-07-12,KH,1-FIRST_INTRO_DEBUG_ERROR_98_Android,14.0,2
2026-07-12,LA,1-INTRO_GAME_DATA,2.8,4
2026-07-12,LA,1-INTRO_GAME_DATA_FINISH,4.0,4
2026-07-12,LA,1-6012_USER_HAMMER_BALANCE,7.5,4
2026-07-12,LA,1-INTRO_FB_ENTRY_DATA_FINISH,4.5,4
2026-07-12,LA,1-9400_GOLD_TRANSACTION_LOG,6.8,4
2026-07-12,LA,1-INTRO_FB_ENTRY_POINT_FINISH,3.5,4
2026-07-12,LA,1-1000_LOGIN_COMPLETE,7.0,4
2026-07-12,LA,1-6010_USER_GOLD_BALANCE,7.5,4
2026-07-12,LA,1-INTRO_OBJECT_POOL_FINISH,4.3,4
2026-07-12,LA,1-6011_USER_TICKET_BALANCE,7.5,4
2026-07-12,LA,1-ALL_LOAD_FB,1.5,4
2026-07-12,LA,1-12001_INTRO_DIRECT_ENTRY_START,7.8,4
2026-07-12,LA,1-INTRO_BUNDLE,2.5,4
2026-07-12,LA,1-INTRO_FB_FRIEND_FINISH,5.3,4
2026-07-12,LA,1-6040_SETTING_LANGUAGE,3.5,4
2026-07-12,LA,1-INTRO_FB_FRIEND,2.5,4
2026-07-12,LA,1-INTRO_BUNDLE_FINISH,3.5,4
2026-07-12,LA,1-INTRO_FB_ENTRY_POINT,2.5,4
2026-07-12,LA,1-INTRO_FB_START_FINISH,0.0,4
2026-07-12,LA,1-INTRO_FB_SUBSCRIBE_BOT,2.5,4
2026-07-12,LA,1-INTRO_FB_ENTRY_DATA,3.5,4
2026-07-12,LA,1-INTRO_SIGNED_PLAYER_INFO_FINISH,3.0,4
2026-07-12,LA,1-INTRO_OBJECT_POOL,3.5,4
2026-07-12,LA,1-6000_FRIEND_COUNT,5.3,4
2026-07-12,LA,1-6020_USER_CURRENT_LEVEL,7.5,4
2026-07-12,LA,1-9403_BOOSTER_TRANSACTION_LOG,6.8,4
2026-07-12,LA,1-ALL_LOAD_INTRO,2.0,4
2026-07-12,LA,1-ALL_LOAD_INTRO_START,2.0,4
2026-07-12,LA,1-ALL_LOAD_INTRO_FINISH,2.3,4
2026-07-12,LA,1-INTRO_LOGIN,6.3,4
2026-07-12,LA,1-INTRO_SIGNED_PLAYER_INFO,2.5,4
2026-07-12,LA,1-6030_USER_CITY_STATUS,7.5,4
2026-07-12,LA,1-INTRO_FB_SUBSCRIBE_BOT_FINISH,3.5,4
2026-07-12,LA,1-2110_TUTO_INGAME_INTRO,19.7,3
2026-07-12,LA,1-FIRST_LOAD_INTRO_START_Android,2.3,3
2026-07-12,LA,1-2141_TUTO_STEP_COMPLETE,31.7,3
2026-07-12,LA,1-12000_TEST_TOUCH,17.7,3
2026-07-12,LA,1-1010_LOAD_COMPLETE,10.7,3
2026-07-12,LA,1-FIRST_LOAD_FB_Android,1.7,3
2026-07-12,LA,1-FIRST_LOAD_INTRO_Android,2.3,3
2026-07-12,LA,1-12002_INTRO_DIRECT_ENTRY_END,10.7,3
2026-07-12,LA,1-FIRST_LOAD_INTRO_FINISH_Android,2.3,3
2026-07-12,LA,1-2100_GAMEPLAY_START,10.7,3
2026-07-12,LA,1-2210_GAMEPLAY_COMBO_REWARD,43.0,2
2026-07-12,LA,1-2150_GAMEPLAY_NRU_CARD_MATCH,26.5,2
2026-07-12,LA,1-2400_FINISH_RESULT,44.5,2
2026-07-12,LA,1-2111_TUTO_DECK_DRAW,51.0,2
2026-07-12,LA,1-7180_BTN_DRAW_DECK,61.0,2
2026-07-12,LA,1-2410_FINISH_RESULT_CLAIM,46.5,2
2026-07-12,LA,1-2213_GAMEPLAY_DECK_BONUS,42.0,2
2026-07-12,LA,1-9990_PLAY_FIRST_TOUCH,26.0,2
2026-07-12,LA,1-2300_GAMEPLAY_FINISH,43.0,2
2026-07-12,LA,1-2151_GAMEPLAY_NRU_MATCHES,43.0,2
2026-07-12,LA,1-9402_HAMMER_TRANSACTION_LOG,42.5,2
2026-07-12,LV,1-11001_GAMEPLAY_FINISH_5,199.0,2
2026-07-12,LV,1-6110_IDLE_GOLD_COLLECT_TRY,150.0,2
2026-07-12,LV,1-INTRO_FB_FRIEND_FINISH,3.0,2
2026-07-12,LV,1-2213_GAMEPLAY_DECK_BONUS,26.0,2
2026-07-12,LV,1-2150_GAMEPLAY_NRU_CARD_MATCH,17.0,2
2026-07-12,LV,1-6000_FRIEND_COUNT,3.0,2
2026-07-12,LV,1-1010_LOAD_COMPLETE,8.0,2
2026-07-12,LV,1-6040_SETTING_LANGUAGE,3.0,2
2026-07-12,LV,1-2110_TUTO_INGAME_INTRO,9.5,2
2026-07-12,LV,1-ALL_LOAD_INTRO_START,2.5,2
2026-07-12,LV,1-INTRO_FB_SUBSCRIBE_BOT,2.5,2
2026-07-12,LV,1-FIRST_LOAD_INTRO_FINISH_etc,2.5,2
2026-07-12,LV,1-INTRO_SIGNED_PLAYER_INFO,2.5,2
2026-07-12,LV,1-FIRST_LOAD_INTRO_etc,2.5,2
2026-07-12,LV,1-FIRST_LOAD_INTRO_START_etc,2.5,2
2026-07-12,LV,1-8105_BTN_CITY_DECO_CLOSE,183.0,2
2026-07-12,LV,1-INTRO_FB_ENTRY_DATA,3.0,2
2026-07-12,LV,1-INTRO_OBJECT_POOL_FINISH,3.0,2
2026-07-12,LV,1-INTRO_FB_START_FINISH,0.0,2
2026-07-12,LV,1-INTRO_SIGNED_PLAYER_INFO_FINISH,2.5,2
2026-07-12,LV,1-FIRST_LOAD_FB_etc,0.0,2
2026-07-12,LV,1-8062_DAILY_CHECKIN_CLAIM_SUCCESS,315.5,2
2026-07-12,LV,1-9402_HAMMER_TRANSACTION_LOG,26.0,2
2026-07-12,LV,1-2090_PRE_LEVEL_SHOW,57.5,2
2026-07-12,LV,1-2100_GAMEPLAY_START,8.0,2
2026-07-12,LV,1-ALL_LOAD_INTRO,2.5,2
2026-07-12,LV,1-ALL_LOAD_FB,0.0,2
2026-07-12,LV,1-8060_DAILY_CHECKIN_POPUP,314.5,2
2026-07-12,LV,1-INTRO_LOGIN,4.5,2
2026-07-12,LV,1-INTRO_FB_SUBSCRIBE_BOT_FINISH,3.0,2
2026-07-12,LV,1-6010_USER_GOLD_BALANCE,5.0,2
2026-07-12,LV,1-8102_CITY_DECO_UPGRADE_SUCCESS,181.5,2
2026-07-12,LV,1-INTRO_BUNDLE_FINISH,3.0,2
2026-07-12,LV,1-2190_GAMEPLAY_ITEM_EXTRADECK_TRY,451.5,2
2026-07-12,LV,1-INTRO_FB_ENTRY_POINT,2.5,2
2026-07-12,LV,1-INTRO_FB_FRIEND,2.5,2
2026-07-12,LV,1-12002_INTRO_DIRECT_ENTRY_END,8.0,2
2026-07-12,LV,1-9400_GOLD_TRANSACTION_LOG,5.0,2
2026-07-12,LV,1-INTRO_GAME_DATA_FINISH,4.0,2
2026-07-12,LV,1-12000_TEST_TOUCH,9.0,2
2026-07-12,LV,1-INTRO_OBJECT_POOL,3.0,2
2026-07-12,LV,1-9990_PLAY_FIRST_TOUCH,16.0,2
2026-07-12,LV,1-8101_CITY_DECO_UPGRADE_TRY,181.0,2
2026-07-12,LV,1-6111_IDLE_GOLD_COLLECT_SUCCESS,150.0,2
2026-07-12,LV,1-INTRO_FB_ENTRY_POINT_FINISH,3.0,2
2026-07-12,LV,1-INTRO_BUNDLE,2.5,2
2026-07-12,LV,1-ALL_LOAD_INTRO_FINISH,2.5,2
2026-07-12,LV,1-5200_LEADERBOARD,206.0,2
2026-07-12,LV,1-8100_CITY_DECO_POPUP,180.0,2
2026-07-12,LV,1-INTRO_FB_ENTRY_DATA_FINISH,4.0,2
2026-07-12,LV,1-2510_ENTRY_COST_PAY,59.5,2
2026-07-12,LV,1-2400_FINISH_RESULT,28.0,2
2026-07-12,LV,1-2111_TUTO_DECK_DRAW,33.0,2
2026-07-12,LV,1-2300_GAMEPLAY_FINISH,27.0,2
2026-07-12,LV,1-2212_GAMEPLAY_STREAK_STAR_EARN,169.0,2
2026-07-12,LV,1-2191_GAMEPLAY_ITEM_EXTRADECK_SUCCESS,452.0,2
2026-07-12,LV,1-2116_TUTO_PLUS_CARD,122.0,2
2026-07-12,LV,1-5700_LOBBY,55.0,2
2026-07-12,LV,1-2114_TUTO_PRE_LEVEL_POPUP,57.5,2
2026-07-12,LV,1-2141_TUTO_STEP_COMPLETE,14.5,2
2026-07-12,LV,1-INTRO_GAME_DATA,2.5,2
2026-07-12,LV,1-11002_GAMEPLAY_FINISH_6,310.5,2
2026-07-12,LV,1-2211_GAMEPLAY_STREAK_METER_FILL,169.0,2
2026-07-12,LV,1-12001_INTRO_DIRECT_ENTRY_START,6.0,2
2026-07-12,LV,1-2125_TUTO_BOOSTER_EXTRADECK,347.0,2
2026-07-12,LV,1-8061_DAILY_CHECKIN_CLAIM_TRY,315.5,2
2026-07-12,LV,1-2210_GAMEPLAY_COMBO_REWARD,27.0,2
2026-07-12,LV,1-6011_USER_TICKET_BALANCE,5.0,2
2026-07-12,LV,1-1000_LOGIN_COMPLETE,5.0,2
2026-07-12,LV,1-6030_USER_CITY_STATUS,5.0,2
2026-07-12,LV,1-6020_USER_CURRENT_LEVEL,5.0,2
2026-07-12,LV,1-2119_TUTO_STREAK,157.5,2
2026-07-12,LV,1-3100_TOURNAMENT_CREATE,89.5,2
2026-07-12,LV,1-3120_TOURNAMENT_CREATE_FAIL,89.5,2
2026-07-12,LV,1-6012_USER_HAMMER_BALANCE,5.0,2
2026-07-12,LV,1-7180_BTN_DRAW_DECK,37.0,2
2026-07-12,LV,1-2151_GAMEPLAY_NRU_MATCHES,27.0,2
2026-07-12,LV,1-8064_BTN_DAILY_CHECKIN_CLOSE,317.5,2
2026-07-12,LV,1-2600_GIMMICK_FIRST_APPEAR,122.0,2
2026-07-12,LV,1-2094_PRE_LEVEL_PLAY,59.5,2
2026-07-12,LV,1-9403_BOOSTER_TRANSACTION_LOG,5.0,2
2026-07-12,LV,1-2610_GIMMICK_PLUS_CARD_MATCH,123.0,2
2026-07-12,LV,1-2410_FINISH_RESULT_CLAIM,29.5,2
2026-07-12,MA,1-INTRO_FB_START_FINISH,0.0,5
2026-07-12,MA,1-INTRO_GAME_DATA_FINISH,7.6,5
2026-07-12,MA,1-INTRO_GAME_DATA,5.2,5
2026-07-12,MA,1-FIRST_LOAD_INTRO_Android,4.6,5
2026-07-12,MA,1-6040_SETTING_LANGUAGE,6.0,5
2026-07-12,MA,1-FIRST_LOAD_INTRO_FINISH_Android,4.8,5
2026-07-12,MA,1-9400_GOLD_TRANSACTION_LOG,8.6,5
2026-07-12,MA,1-6020_USER_CURRENT_LEVEL,9.4,5
2026-07-12,MA,1-1000_LOGIN_COMPLETE,8.8,5
2026-07-12,MA,1-6011_USER_TICKET_BALANCE,9.2,5
2026-07-12,MA,1-6012_USER_HAMMER_BALANCE,9.2,5
2026-07-12,MA,1-INTRO_BUNDLE_FINISH,6.0,5
2026-07-12,MA,1-INTRO_FB_ENTRY_POINT_FINISH,6.4,5
2026-07-12,MA,1-ALL_LOAD_INTRO_FINISH,4.8,5
2026-07-12,MA,1-INTRO_FB_ENTRY_POINT,5.2,5
2026-07-12,MA,1-ALL_LOAD_FB,2.0,5
2026-07-12,MA,1-ALL_LOAD_INTRO_START,4.6,5
2026-07-12,MA,1-INTRO_BUNDLE,5.0,5
2026-07-12,MA,1-INTRO_FB_FRIEND_FINISH,5.2,5
2026-07-12,MA,1-6010_USER_GOLD_BALANCE,9.2,5
2026-07-12,MA,1-6030_USER_CITY_STATUS,9.6,5
2026-07-12,MA,1-INTRO_FB_SUBSCRIBE_BOT,5.2,5
2026-07-12,MA,1-INTRO_OBJECT_POOL,6.0,5
2026-07-12,MA,1-INTRO_SIGNED_PLAYER_INFO,5.2,5
2026-07-12,MA,1-INTRO_FB_SUBSCRIBE_BOT_FINISH,6.4,5
2026-07-12,MA,1-INTRO_SIGNED_PLAYER_INFO_FINISH,5.6,5
2026-07-12,MA,1-FIRST_LOAD_FB_Android,2.0,5
2026-07-12,MA,1-9403_BOOSTER_TRANSACTION_LOG,8.6,5
2026-07-12,MA,1-6000_FRIEND_COUNT,5.2,5
2026-07-12,MA,1-INTRO_LOGIN,7.8,5
2026-07-12,MA,1-INTRO_FB_ENTRY_DATA_FINISH,7.0,5
2026-07-12,MA,1-INTRO_FB_FRIEND,5.2,5
2026-07-12,MA,1-INTRO_FB_ENTRY_DATA,6.4,5
2026-07-12,MA,1-FIRST_LOAD_INTRO_START_Android,4.6,5
2026-07-12,MA,1-ALL_LOAD_INTRO,4.6,5
2026-07-12,MA,1-12001_INTRO_DIRECT_ENTRY_START,11.0,4
2026-07-12,MA,1-2110_TUTO_INGAME_INTRO,17.0,4
2026-07-12,MA,1-12002_INTRO_DIRECT_ENTRY_END,14.5,4
2026-07-12,MA,1-1010_LOAD_COMPLETE,14.5,4
2026-07-12,MA,1-2100_GAMEPLAY_START,14.3,4
2026-07-12,MA,1-INTRO_OBJECT_POOL_FINISH,9.0,4
2026-07-12,MA,1-12000_TEST_TOUCH,21.7,3
2026-07-12,MA,1-9402_HAMMER_TRANSACTION_LOG,49.5,2
2026-07-12,MA,1-2141_TUTO_STEP_COMPLETE,29.5,2
2026-07-12,MA,1-2210_GAMEPLAY_COMBO_REWARD,50.5,2
2026-07-12,MA,1-2150_GAMEPLAY_NRU_CARD_MATCH,32.5,2
2026-07-12,MA,1-9990_PLAY_FIRST_TOUCH,30.5,2
2026-07-12,MA,1-2410_FINISH_RESULT_CLAIM,53.5,2
2026-07-12,MA,1-2300_GAMEPLAY_FINISH,50.5,2
2026-07-12,MA,1-FIRST_INTRO_DEBUG_ERROR_PASS_AFTER_98_Android,21.5,2
2026-07-12,MA,1-ALL_INTRO_DEBUG_ERROR_PASS_AFTER_98,21.5,2
2026-07-12,MA,1-2400_FINISH_RESULT,51.5,2
2026-07-12,MA,1-2213_GAMEPLAY_DECK_BONUS,49.0,2
2026-07-12,MA,1-FIRST_INTRO_DEBUG_ERROR_98_Android,17.5,2
2026-07-12,MA,1-ALL_INTRO_DEBUG_ERROR_98,17.5,2
2026-07-12,MA,1-2151_GAMEPLAY_NRU_MATCHES,50.5,2
2026-07-12,MK,1-INTRO_SIGNED_PLAYER_INFO,2.0,3
2026-07-12,MK,1-ALL_LOAD_FB,1.0,3
2026-07-12,MK,1-INTRO_SIGNED_PLAYER_INFO_FINISH,2.3,3
2026-07-12,MK,1-INTRO_FB_START_FINISH,0.0,3
2026-07-12,MK,1-INTRO_FB_FRIEND_FINISH,2.3,3
2026-07-12,MK,1-INTRO_FB_ENTRY_POINT_FINISH,2.7,3
2026-07-12,MK,1-ALL_LOAD_INTRO_FINISH,1.7,3
2026-07-12,MK,1-6012_USER_HAMMER_BALANCE,3.7,3
2026-07-12,MK,1-6040_SETTING_LANGUAGE,2.3,3
2026-07-12,MK,1-6010_USER_GOLD_BALANCE,3.7,3
2026-07-12,MK,1-1000_LOGIN_COMPLETE,3.7,3
2026-07-12,MK,1-ALL_LOAD_INTRO,1.7,3
2026-07-12,MK,1-ALL_LOAD_INTRO_START,1.7,3
2026-07-12,MK,1-1010_LOAD_COMPLETE,5.7,3
2026-07-12,MK,1-INTRO_BUNDLE_FINISH,2.3,3
2026-07-12,MK,1-INTRO_FB_ENTRY_POINT,2.0,3
2026-07-12,MK,1-12001_INTRO_DIRECT_ENTRY_START,4.3,3
2026-07-12,MK,1-12002_INTRO_DIRECT_ENTRY_END,5.7,3
2026-07-12,MK,1-INTRO_LOGIN,3.3,3
2026-07-12,MK,1-2100_GAMEPLAY_START,5.7,3
2026-07-12,MK,1-INTRO_OBJECT_POOL_FINISH,4.0,3
2026-07-12,MK,1-2110_TUTO_INGAME_INTRO,8.7,3
2026-07-12,MK,1-6030_USER_CITY_STATUS,4.0,3
2026-07-12,MK,1-9403_BOOSTER_TRANSACTION_LOG,3.7,3
2026-07-12,MK,1-FIRST_LOAD_FB_Android,1.0,3
2026-07-12,MK,1-FIRST_LOAD_INTRO_Android,1.7,3
2026-07-12,MK,1-2141_TUTO_STEP_COMPLETE,11.3,3
2026-07-12,MK,1-FIRST_LOAD_INTRO_START_Android,1.7,3
2026-07-12,MK,1-INTRO_FB_FRIEND,2.0,3
2026-07-12,MK,1-INTRO_FB_ENTRY_DATA,2.7,3
2026-07-12,MK,1-6000_FRIEND_COUNT,2.3,3
2026-07-12,MK,1-6020_USER_CURRENT_LEVEL,4.0,3
2026-07-12,MK,1-9400_GOLD_TRANSACTION_LOG,3.7,3
2026-07-12,MK,1-FIRST_LOAD_INTRO_FINISH_Android,1.7,3
2026-07-12,MK,1-INTRO_FB_ENTRY_DATA_FINISH,3.3,3
2026-07-12,MK,1-INTRO_FB_SUBSCRIBE_BOT_FINISH,2.7,3
2026-07-12,MK,1-INTRO_GAME_DATA,2.3,3
2026-07-12,MK,1-INTRO_GAME_DATA_FINISH,3.0,3
2026-07-12,MK,1-12000_TEST_TOUCH,5.7,3
2026-07-12,MK,1-INTRO_FB_SUBSCRIBE_BOT,2.0,3
2026-07-12,MK,1-6011_USER_TICKET_BALANCE,3.7,3
2026-07-12,MK,1-INTRO_BUNDLE,2.0,3
2026-07-12,MK,1-INTRO_OBJECT_POOL,2.3,3
2026-07-12,MN,1-ALL_LOAD_INTRO,2.3,4
2026-07-12,MN,1-FIRST_LOAD_INTRO_Android,2.3,4
2026-07-12,MN,1-INTRO_FB_FRIEND,2.3,4
2026-07-12,MN,1-INTRO_LOGIN,3.5,4
2026-07-12,MN,1-INTRO_FB_ENTRY_POINT_FINISH,3.0,4
2026-07-12,MN,1-INTRO_FB_ENTRY_POINT,2.3,4
2026-07-12,MN,1-FIRST_LOAD_INTRO_START_Android,2.3,4
2026-07-12,MN,1-FIRST_LOAD_FB_Android,0.0,4
2026-07-12,MN,1-INTRO_FB_SUBSCRIBE_BOT,2.3,4
2026-07-12,MN,1-1000_LOGIN_COMPLETE,3.8,4
2026-07-12,MN,1-6012_USER_HAMMER_BALANCE,4.5,4
2026-07-12,MN,1-INTRO_SIGNED_PLAYER_INFO,2.3,4
2026-07-12,MN,1-6010_USER_GOLD_BALANCE,4.3,4
2026-07-12,MN,1-6011_USER_TICKET_BALANCE,4.3,4
2026-07-12,MN,1-INTRO_BUNDLE,2.3,4
2026-07-12,MN,1-INTRO_BUNDLE_FINISH,3.0,4
2026-07-12,MN,1-INTRO_OBJECT_POOL,3.0,4
2026-07-12,MN,1-ALL_LOAD_INTRO_FINISH,2.3,4
2026-07-12,MN,1-INTRO_FB_START_FINISH,0.0,4
2026-07-12,MN,1-6000_FRIEND_COUNT,2.8,4
2026-07-12,MN,1-INTRO_SIGNED_PLAYER_INFO_FINISH,2.5,4
2026-07-12,MN,1-6020_USER_CURRENT_LEVEL,4.5,4
2026-07-12,MN,1-9400_GOLD_TRANSACTION_LOG,3.8,4
2026-07-12,MN,1-ALL_LOAD_INTRO_START,2.3,4
2026-07-12,MN,1-FIRST_LOAD_INTRO_FINISH_Android,2.3,4
2026-07-12,MN,1-INTRO_FB_ENTRY_DATA,3.0,4
2026-07-12,MN,1-INTRO_FB_ENTRY_DATA_FINISH,3.5,4
2026-07-12,MN,1-INTRO_FB_SUBSCRIBE_BOT_FINISH,3.0,4
2026-07-12,MN,1-INTRO_GAME_DATA,2.3,4
2026-07-12,MN,1-INTRO_GAME_DATA_FINISH,3.0,4
2026-07-12,MN,1-INTRO_FB_FRIEND_FINISH,2.8,4
2026-07-12,MN,1-ALL_LOAD_FB,0.0,4
2026-07-12,MN,1-6040_SETTING_LANGUAGE,3.0,4
2026-07-12,MN,1-6030_USER_CITY_STATUS,4.8,4
2026-07-12,MN,1-9403_BOOSTER_TRANSACTION_LOG,3.8,4
2026-07-12,MN,1-INTRO_OBJECT_POOL_FINISH,2.7,3
2026-07-12,MN,1-1010_LOAD_COMPLETE,6.7,3
2026-07-12,MN,1-12001_INTRO_DIRECT_ENTRY_START,4.7,3
2026-07-12,MN,1-12002_INTRO_DIRECT_ENTRY_END,6.7,3
2026-07-12,MN,1-2100_GAMEPLAY_START,6.3,3
2026-07-12,MN,1-12000_TEST_TOUCH,5.0,2
2026-07-12,MN,1-2110_TUTO_INGAME_INTRO,8.5,2
2026-07-12,MX,1-ALL_LOAD_FB,1.2,13
2026-07-12,MX,1-INTRO_FB_START_FINISH,0.0,13
2026-07-12,MX,1-ALL_LOAD_INTRO_FINISH,3.3,13
2026-07-12,MX,1-ALL_LOAD_INTRO,2.9,13
2026-07-12,MX,1-ALL_LOAD_INTRO_START,2.9,13
2026-07-12,MX,1-INTRO_FB_SUBSCRIBE_BOT,3.6,12
2026-07-12,MX,1-6020_USER_CURRENT_LEVEL,6.5,12
2026-07-12,MX,1-INTRO_FB_ENTRY_POINT,3.6,12
2026-07-12,MX,1-INTRO_FB_FRIEND_FINISH,4.6,12
2026-07-12,MX,1-INTRO_FB_ENTRY_DATA_FINISH,4.8,12
2026-07-12,MX,1-INTRO_FB_ENTRY_DATA,4.2,12
2026-07-12,MX,1-INTRO_BUNDLE,3.3,12
2026-07-12,MX,1-INTRO_OBJECT_POOL,4.3,12
2026-07-12,MX,1-INTRO_FB_SUBSCRIBE_BOT_FINISH,4.3,12
2026-07-12,MX,1-FIRST_LOAD_INTRO_FINISH_Android,3.3,12
2026-07-12,MX,1-INTRO_GAME_DATA,3.7,12
2026-07-12,MX,1-9400_GOLD_TRANSACTION_LOG,5.9,12
2026-07-12,MX,1-INTRO_LOGIN,5.8,12
2026-07-12,MX,1-FIRST_LOAD_INTRO_Android,3.0,12
2026-07-12,MX,1-INTRO_GAME_DATA_FINISH,5.1,12
2026-07-12,MX,1-INTRO_BUNDLE_FINISH,4.3,12
2026-07-12,MX,1-FIRST_LOAD_INTRO_START_Android,3.0,12
2026-07-12,MX,1-INTRO_SIGNED_PLAYER_INFO_FINISH,3.8,12
2026-07-12,MX,1-INTRO_SIGNED_PLAYER_INFO,3.4,12
2026-07-12,MX,1-6040_SETTING_LANGUAGE,4.3,12
2026-07-12,MX,1-INTRO_FB_ENTRY_POINT_FINISH,4.1,12
2026-07-12,MX,1-9403_BOOSTER_TRANSACTION_LOG,6.1,12
2026-07-12,MX,1-6000_FRIEND_COUNT,4.6,12
2026-07-12,MX,1-6030_USER_CITY_STATUS,6.5,12
2026-07-12,MX,1-INTRO_FB_FRIEND,3.5,12
2026-07-12,MX,1-6012_USER_HAMMER_BALANCE,6.5,12
2026-07-12,MX,1-6011_USER_TICKET_BALANCE,6.5,12
2026-07-12,MX,1-6010_USER_GOLD_BALANCE,6.5,12
2026-07-12,MX,1-1000_LOGIN_COMPLETE,6.3,12
2026-07-12,MX,1-FIRST_LOAD_FB_Android,1.2,12
2026-07-12,MX,1-1010_LOAD_COMPLETE,10.3,11
2026-07-12,MX,1-12001_INTRO_DIRECT_ENTRY_START,7.0,11
2026-07-12,MX,1-12002_INTRO_DIRECT_ENTRY_END,10.3,11
2026-07-12,MX,1-2100_GAMEPLAY_START,10.3,11
2026-07-12,MX,1-INTRO_OBJECT_POOL_FINISH,5.4,11
2026-07-12,MX,1-12000_TEST_TOUCH,13.6,8
2026-07-12,MX,1-2110_TUTO_INGAME_INTRO,15.0,8
2026-07-12,MX,1-ALL_INTRO_DEBUG_ERROR_98,12.2,5
2026-07-12,MX,1-FIRST_INTRO_DEBUG_ERROR_98_Android,12.5,4
2026-07-12,MX,1-2141_TUTO_STEP_COMPLETE,19.0,3
2026-07-12,MX,1-ALL_INTRO_DEBUG_ERROR_PASS_AFTER_98,17.0,2
2026-07-12,MY,1-INTRO_LOGIN,43.4,8
2026-07-12,MY,1-INTRO_SIGNED_PLAYER_INFO,41.3,8
2026-07-12,MY,1-INTRO_OBJECT_POOL,42.6,8
2026-07-12,MY,1-INTRO_FB_SUBSCRIBE_BOT,41.4,8
2026-07-12,MY,1-INTRO_FB_FRIEND_FINISH,41.9,8
2026-07-12,MY,1-INTRO_FB_ENTRY_POINT_FINISH,42.4,8
2026-07-12,MY,1-INTRO_BUNDLE,41.3,8
2026-07-12,MY,1-ALL_LOAD_FB,0.5,8
2026-07-12,MY,1-9400_GOLD_TRANSACTION_LOG,44.1,8
2026-07-12,MY,1-6012_USER_HAMMER_BALANCE,44.8,8
2026-07-12,MY,1-INTRO_FB_ENTRY_DATA_FINISH,43.1,8
2026-07-12,MY,1-6011_USER_TICKET_BALANCE,44.8,8
2026-07-12,MY,1-6000_FRIEND_COUNT,41.9,8
2026-07-12,MY,1-INTRO_FB_SUBSCRIBE_BOT_FINISH,42.5,8
2026-07-12,MY,1-6040_SETTING_LANGUAGE,42.8,8
2026-07-12,MY,1-INTRO_GAME_DATA,41.8,8
2026-07-12,MY,1-ALL_LOAD_INTRO_START,2.3,8
2026-07-12,MY,1-1000_LOGIN_COMPLETE,44.6,8
2026-07-12,MY,1-INTRO_FB_FRIEND,41.4,8
2026-07-12,MY,1-FIRST_LOAD_INTRO_START_Android,2.3,8
2026-07-12,MY,1-ALL_LOAD_INTRO,2.3,8
2026-07-12,MY,1-6030_USER_CITY_STATUS,45.0,8
2026-07-12,MY,1-9403_BOOSTER_TRANSACTION_LOG,44.3,8
2026-07-12,MY,1-FIRST_LOAD_FB_Android,0.5,8
2026-07-12,MY,1-FIRST_LOAD_INTRO_Android,2.3,8
2026-07-12,MY,1-INTRO_BUNDLE_FINISH,42.3,8
2026-07-12,MY,1-INTRO_FB_ENTRY_DATA,42.4,8
2026-07-12,MY,1-INTRO_SIGNED_PLAYER_INFO_FINISH,41.9,8
2026-07-12,MY,1-ALL_LOAD_INTRO_FINISH,2.3,8
2026-07-12,MY,1-INTRO_FB_START_FINISH,0.0,8
2026-07-12,MY,1-6010_USER_GOLD_BALANCE,44.8,8
2026-07-12,MY,1-INTRO_GAME_DATA_FINISH,42.9,8
2026-07-12,MY,1-FIRST_LOAD_INTRO_FINISH_Android,2.3,8
2026-07-12,MY,1-6020_USER_CURRENT_LEVEL,44.9,8
2026-07-12,MY,1-INTRO_FB_ENTRY_POINT,41.4,8
2026-07-12,MY,1-INTRO_OBJECT_POOL_FINISH,59.0,6
2026-07-12,MY,1-12001_INTRO_DIRECT_ENTRY_START,60.2,6
2026-07-12,MY,1-12002_INTRO_DIRECT_ENTRY_END,62.7,6
2026-07-12,MY,1-2100_GAMEPLAY_START,11.8,5
2026-07-12,MY,1-1010_LOAD_COMPLETE,11.8,5
2026-07-12,MY,1-12000_TEST_TOUCH,12.6,5
2026-07-12,MY,1-FIRST_INTRO_DEBUG_ERROR_98_Android,10.5,4
2026-07-12,MY,1-2110_TUTO_INGAME_INTRO,13.8,4
2026-07-12,MY,1-ALL_INTRO_DEBUG_ERROR_98,10.5,4
2026-07-12,MY,1-FIRST_INTRO_DEBUG_ERROR_PASS_AFTER_98_Android,15.0,2
2026-07-12,MY,1-ALL_INTRO_DEBUG_ERROR_PASS_AFTER_98,15.0,2
2026-07-12,MY,1-2141_TUTO_STEP_COMPLETE,19.5,2
2026-07-12,MY,1-NETWORK_TIMEOUT,160.0,2
2026-07-12,MY,1-NETWORK_TIMEOUT_RETRY,160.0,2
2026-07-12,NG,1-INTRO_FB_SUBSCRIBE_BOT_FINISH,1.3,3
2026-07-12,NG,1-INTRO_FB_START_FINISH,0.0,3
2026-07-12,NG,1-ALL_LOAD_FB,0.3,3
2026-07-12,NG,1-FIRST_LOAD_INTRO_FINISH_Android,1.0,3
2026-07-12,NG,1-6012_USER_HAMMER_BALANCE,9.0,3
2026-07-12,NG,1-6020_USER_CURRENT_LEVEL,9.0,3
2026-07-12,NG,1-12002_INTRO_DIRECT_ENTRY_END,14.0,3
2026-07-12,NG,1-INTRO_BUNDLE,1.0,3
2026-07-12,NG,1-1010_LOAD_COMPLETE,13.7,3
2026-07-12,NG,1-6000_FRIEND_COUNT,3.7,3
2026-07-12,NG,1-6010_USER_GOLD_BALANCE,8.7,3
2026-07-12,NG,1-6040_SETTING_LANGUAGE,1.3,3
2026-07-12,NG,1-1000_LOGIN_COMPLETE,8.3,3
2026-07-12,NG,1-ALL_INTRO_DEBUG_ERROR_98,7.7,3
2026-07-12,NG,1-9400_GOLD_TRANSACTION_LOG,8.0,3
2026-07-12,NG,1-6011_USER_TICKET_BALANCE,9.0,3
2026-07-12,NG,1-NETWORK_TIMEOUT,2.0,3
2026-07-12,NG,1-INTRO_GAME_DATA_FINISH,2.7,3
2026-07-12,NG,1-ALL_LOAD_INTRO,0.7,3
2026-07-12,NG,1-ALL_LOAD_INTRO_START,1.0,3
2026-07-12,NG,1-FIRST_INTRO_DEBUG_ERROR_98_Android,7.7,3
2026-07-12,NG,1-FIRST_LOAD_INTRO_START_Android,1.0,3
2026-07-12,NG,1-INTRO_BUNDLE_FINISH,1.3,3
2026-07-12,NG,1-INTRO_SIGNED_PLAYER_INFO_FINISH,1.0,3
2026-07-12,NG,1-INTRO_FB_ENTRY_DATA,1.3,3
2026-07-12,NG,1-INTRO_FB_ENTRY_DATA_FINISH,1.3,3
2026-07-12,NG,1-INTRO_SIGNED_PLAYER_INFO,1.0,3
2026-07-12,NG,1-INTRO_FB_ENTRY_POINT,1.0,3
2026-07-12,NG,1-INTRO_FB_FRIEND,1.0,3
2026-07-12,NG,1-INTRO_LOGIN,5.3,3
2026-07-12,NG,1-INTRO_OBJECT_POOL_FINISH,1.7,3
2026-07-12,NG,1-NETWORK_TIMEOUT_RETRY,2.0,3
2026-07-12,NG,1-INTRO_OBJECT_POOL,1.3,3
2026-07-12,NG,1-INTRO_FB_SUBSCRIBE_BOT,1.0,3
2026-07-12,NG,1-ALL_LOAD_INTRO_FINISH,1.0,3
2026-07-12,NG,1-12001_INTRO_DIRECT_ENTRY_START,9.0,3
2026-07-12,NG,1-2100_GAMEPLAY_START,13.7,3
2026-07-12,NG,1-INTRO_GAME_DATA,1.0,3
2026-07-12,NG,1-FIRST_LOAD_FB_Android,0.3,3
2026-07-12,NG,1-INTRO_FB_ENTRY_POINT_FINISH,1.3,3
2026-07-12,NG,1-9403_BOOSTER_TRANSACTION_LOG,8.0,3
2026-07-12,NG,1-FIRST_LOAD_INTRO_Android,0.7,3
2026-07-12,NG,1-INTRO_FB_FRIEND_FINISH,3.7,3
2026-07-12,NG,1-6030_USER_CITY_STATUS,9.0,3
2026-07-12,NG,1-12000_TEST_TOUCH,36.5,2
2026-07-12,NG,1-LOAD_INTRO_START_Android,42.0,2
2026-07-12,NG,1-LOAD_INTRO_FINISH_Android,42.0,2
2026-07-12,NG,1-ALL_INTRO_DEBUG_ERROR_PASS_AFTER_98,40.5,2
2026-07-12,NG,1-LOAD_FB_Android,39.5,2
2026-07-12,NG,1-LOAD_INTRO_Android,42.0,2
2026-07-12,NI,1-6000_FRIEND_COUNT,4.0,4
2026-07-12,NI,1-6012_USER_HAMMER_BALANCE,6.3,4
2026-07-12,NI,1-6011_USER_TICKET_BALANCE,6.3,4
2026-07-12,NI,1-INTRO_FB_ENTRY_POINT,3.0,4
2026-07-12,NI,1-INTRO_FB_ENTRY_DATA,4.0,4
2026-07-12,NI,1-INTRO_FB_START_FINISH,0.0,4
2026-07-12,NI,1-INTRO_GAME_DATA_FINISH,5.0,4
2026-07-12,NI,1-1000_LOGIN_COMPLETE,6.3,4
2026-07-12,NI,1-INTRO_BUNDLE_FINISH,4.0,4
2026-07-12,NI,1-INTRO_SIGNED_PLAYER_INFO,3.0,4
2026-07-12,NI,1-INTRO_FB_FRIEND,3.0,4
2026-07-12,NI,1-INTRO_OBJECT_POOL,4.3,4
2026-07-12,NI,1-INTRO_FB_SUBSCRIBE_BOT,3.0,4
2026-07-12,NI,1-1010_LOAD_COMPLETE,8.5,4
2026-07-12,NI,1-12001_INTRO_DIRECT_ENTRY_START,6.3,4
2026-07-12,NI,1-INTRO_LOGIN,5.0,4
2026-07-12,NI,1-12002_INTRO_DIRECT_ENTRY_END,8.5,4
2026-07-12,NI,1-6040_SETTING_LANGUAGE,4.3,4
2026-07-12,NI,1-INTRO_FB_ENTRY_DATA_FINISH,4.3,4
2026-07-12,NI,1-2100_GAMEPLAY_START,8.5,4
2026-07-12,NI,1-2110_TUTO_INGAME_INTRO,11.3,4
2026-07-12,NI,1-9400_GOLD_TRANSACTION_LOG,6.3,4
2026-07-12,NI,1-INTRO_OBJECT_POOL_FINISH,4.5,4
2026-07-12,NI,1-INTRO_FB_FRIEND_FINISH,4.0,4
2026-07-12,NI,1-ALL_LOAD_INTRO_FINISH,2.8,4
2026-07-12,NI,1-6030_USER_CITY_STATUS,6.3,4
2026-07-12,NI,1-9403_BOOSTER_TRANSACTION_LOG,6.3,4
2026-07-12,NI,1-INTRO_SIGNED_PLAYER_INFO_FINISH,3.5,4
2026-07-12,NI,1-FIRST_LOAD_FB_Android,1.3,4
2026-07-12,NI,1-FIRST_LOAD_INTRO_Android,2.5,4
2026-07-12,NI,1-INTRO_GAME_DATA,3.3,4
2026-07-12,NI,1-6010_USER_GOLD_BALANCE,6.3,4
2026-07-12,NI,1-ALL_LOAD_INTRO,2.5,4
2026-07-12,NI,1-ALL_LOAD_INTRO_START,2.8,4
2026-07-12,NI,1-ALL_LOAD_FB,1.3,4
2026-07-12,NI,1-INTRO_FB_SUBSCRIBE_BOT_FINISH,4.0,4
2026-07-12,NI,1-FIRST_LOAD_INTRO_START_Android,2.5,4
2026-07-12,NI,1-FIRST_LOAD_INTRO_FINISH_Android,2.8,4
2026-07-12,NI,1-6020_USER_CURRENT_LEVEL,6.3,4
2026-07-12,NI,1-INTRO_BUNDLE,3.0,4
2026-07-12,NI,1-INTRO_FB_ENTRY_POINT_FINISH,4.0,4
2026-07-12,NI,1-2141_TUTO_STEP_COMPLETE,9.5,2
2026-07-12,NI,1-12000_TEST_TOUCH,6.0,2
2026-07-12,NL,1-2212_GAMEPLAY_STREAK_STAR_EARN,128.4,9
2026-07-12,NL,1-INTRO_FB_FRIEND_FINISH,2.8,9
2026-07-12,NL,1-INTRO_GAME_DATA,1.0,9
2026-07-12,NL,1-6011_USER_TICKET_BALANCE,3.7,9
2026-07-12,NL,1-6020_USER_CURRENT_LEVEL,3.7,9
2026-07-12,NL,1-2211_GAMEPLAY_STREAK_METER_FILL,128.4,9
2026-07-12,NL,1-2610_GIMMICK_PLUS_CARD_MATCH,80.4,9
2026-07-12,NL,1-12002_INTRO_DIRECT_ENTRY_END,4.4,9
2026-07-12,NL,1-INTRO_LOGIN,3.2,9
2026-07-12,NL,1-ALL_LOAD_FB,0.4,9
2026-07-12,NL,1-6012_USER_HAMMER_BALANCE,3.7,9
2026-07-12,NL,1-INTRO_FB_START_FINISH,0.0,9
2026-07-12,NL,1-1000_LOGIN_COMPLETE,3.6,9
2026-07-12,NL,1-ALL_LOAD_INTRO_FINISH,0.7,9
2026-07-12,NL,1-INTRO_FB_ENTRY_POINT_FINISH,1.2,9
2026-07-12,NL,1-11001_GAMEPLAY_FINISH_5,146.3,9
2026-07-12,NL,1-INTRO_FB_SUBSCRIBE_BOT,0.7,9
2026-07-12,NL,1-12000_TEST_TOUCH,10.9,9
2026-07-12,NL,1-INTRO_OBJECT_POOL,1.0,9
2026-07-12,NL,1-2116_TUTO_PLUS_CARD,79.2,9
2026-07-12,NL,1-2111_TUTO_DECK_DRAW,26.3,9
2026-07-12,NL,1-2600_GIMMICK_FIRST_APPEAR,79.2,9
2026-07-12,NL,1-2090_PRE_LEVEL_SHOW,46.7,9
2026-07-12,NL,1-5700_LOBBY,44.4,9
2026-07-12,NL,1-INTRO_FB_FRIEND,0.7,9
2026-07-12,NL,1-2210_GAMEPLAY_COMBO_REWARD,20.3,9
2026-07-12,NL,1-2094_PRE_LEVEL_PLAY,48.2,9
2026-07-12,NL,1-2150_GAMEPLAY_NRU_CARD_MATCH,12.3,9
2026-07-12,NL,1-2213_GAMEPLAY_DECK_BONUS,19.0,9
2026-07-12,NL,1-2410_FINISH_RESULT_CLAIM,22.3,9
2026-07-12,NL,1-6000_FRIEND_COUNT,2.8,9
2026-07-12,NL,1-INTRO_FB_ENTRY_DATA_FINISH,1.7,9
2026-07-12,NL,1-6040_SETTING_LANGUAGE,1.0,9
2026-07-12,NL,1-6110_IDLE_GOLD_COLLECT_TRY,106.4,9
2026-07-12,NL,1-1010_LOAD_COMPLETE,4.4,9
2026-07-12,NL,1-6010_USER_GOLD_BALANCE,3.6,9
2026-07-12,NL,1-ALL_LOAD_INTRO,0.7,9
2026-07-12,NL,1-INTRO_FB_SUBSCRIBE_BOT_FINISH,1.2,9
2026-07-12,NL,1-INTRO_BUNDLE_FINISH,1.0,9
2026-07-12,NL,1-ALL_LOAD_INTRO_START,0.7,9
2026-07-12,NL,1-12001_INTRO_DIRECT_ENTRY_START,3.9,9
2026-07-12,NL,1-INTRO_SIGNED_PLAYER_INFO,0.7,9
2026-07-12,NL,1-2119_TUTO_STREAK,121.2,9
2026-07-12,NL,1-2141_TUTO_STEP_COMPLETE,10.9,9
2026-07-12,NL,1-INTRO_BUNDLE,0.7,9
2026-07-12,NL,1-INTRO_FB_ENTRY_DATA,1.2,9
2026-07-12,NL,1-9402_HAMMER_TRANSACTION_LOG,19.1,9
2026-07-12,NL,1-2100_GAMEPLAY_START,4.4,9
2026-07-12,NL,1-2300_GAMEPLAY_FINISH,20.3,9
2026-07-12,NL,1-9403_BOOSTER_TRANSACTION_LOG,3.6,9
2026-07-12,NL,1-2400_FINISH_RESULT,21.0,9
2026-07-12,NL,1-2510_ENTRY_COST_PAY,48.2,9
2026-07-12,NL,1-3120_TOURNAMENT_CREATE_FAIL,68.2,9
2026-07-12,NL,1-2151_GAMEPLAY_NRU_MATCHES,20.3,9
2026-07-12,NL,1-7180_BTN_DRAW_DECK,30.2,9
2026-07-12,NL,1-6030_USER_CITY_STATUS,3.7,9
2026-07-12,NL,1-9400_GOLD_TRANSACTION_LOG,3.6,9
2026-07-12,NL,1-2114_TUTO_PRE_LEVEL_POPUP,46.9,9
2026-07-12,NL,1-2110_TUTO_INGAME_INTRO,6.4,9
2026-07-12,NL,1-6111_IDLE_GOLD_COLLECT_SUCCESS,106.6,9
2026-07-12,NL,1-3100_TOURNAMENT_CREATE,68.1,9
2026-07-12,NL,1-INTRO_SIGNED_PLAYER_INFO_FINISH,1.1,9
2026-07-12,NL,1-INTRO_FB_ENTRY_POINT,0.7,9
2026-07-12,NL,1-9990_PLAY_FIRST_TOUCH,11.7,9
2026-07-12,NL,1-INTRO_GAME_DATA_FINISH,1.1,9
2026-07-12,NL,1-INTRO_OBJECT_POOL_FINISH,1.3,9
2026-07-12,NL,1-11004_GAMEPLAY_FINISH_8,281.5,8
2026-07-12,NL,1-8061_DAILY_CHECKIN_CLAIM_TRY,196.8,8
2026-07-12,NL,1-8051_DAILY_WHEEL_SPIN_SUCCESS,373.1,8
2026-07-12,NL,1-2123_TUTO_BOOSTER_FIREWORKS,312.1,8
2026-07-12,NL,1-FIRST_LOAD_FB_etc,0.5,8
2026-07-12,NL,1-2122_TUTO_BOOSTER_UNDO,259.0,8
2026-07-12,NL,1-8064_BTN_DAILY_CHECKIN_CLOSE,198.1,8
2026-07-12,NL,1-11003_GAMEPLAY_FINISH_7,234.5,8
2026-07-12,NL,1-8050_DAILY_WHEEL_POPUP,365.0,8
2026-07-12,NL,1-8120_COLLECTION_POPUP,240.9,8
2026-07-12,NL,1-11002_GAMEPLAY_FINISH_6,190.6,8
2026-07-12,NL,1-FIRST_LOAD_INTRO_etc,0.6,8
2026-07-12,NL,1-2124_TUTO_BOOSTER_WILDCARD,212.8,8
2026-07-12,NL,1-2091_PRE_LEVEL_BOOSTER_SELECT,313.9,8
2026-07-12,NL,1-8062_DAILY_CHECKIN_CLAIM_SUCCESS,196.8,8
2026-07-12,NL,1-FIRST_LOAD_INTRO_FINISH_etc,0.6,8
2026-07-12,NL,1-5200_LEADERBOARD,156.4,8
2026-07-12,NL,1-FIRST_LOAD_INTRO_START_etc,0.6,8
2026-07-12,NL,1-8060_DAILY_CHECKIN_POPUP,194.8,8
2026-07-12,NL,1-11005_GAMEPLAY_FINISH_9,333.0,8
2026-07-12,NL,1-8100_CITY_DECO_POPUP,204.6,7
2026-07-12,NL,1-2093_PRE_LEVEL_BETTING,374.1,7
2026-07-12,NL,1-2170_GAMEPLAY_ITEM_FIREWORKS_TRY,341.0,7
2026-07-12,NL,1-8053_BTN_DAILY_WHEEL_CLOSE,355.4,7
2026-07-12,NL,1-2171_GAMEPLAY_ITEM_FIREWORKS_SUCCESS,341.0,7
2026-07-12,NL,1-2127_TUTO_BETTING_2,370.7,7
2026-07-12,NL,1-8105_BTN_CITY_DECO_CLOSE,209.4,7
2026-07-12,NL,1-11006_GAMEPLAY_FINISH_10,414.7,7
2026-07-12,NL,1-5100_DAILY_TASK,484.8,6
2026-07-12,NL,1-4200_RV_START,381.3,6
2026-07-12,NL,1-5105_BTN_DAILY_TASK_CLOSE,493.7,6
2026-07-12,NL,1-8102_CITY_DECO_UPGRADE_SUCCESS,191.3,6
2026-07-12,NL,1-8101_CITY_DECO_UPGRADE_TRY,191.2,6
2026-07-12,NL,1-8130_CITY_LIST_POPUP,274.2,5
2026-07-12,NL,1-2125_TUTO_BOOSTER_EXTRADECK,420.0,5
2026-07-12,NL,1-2191_GAMEPLAY_ITEM_EXTRADECK_SUCCESS,457.3,4
2026-07-12,NL,1-2420_FINISH_RESULT_DOUBLE_CLAIM_TRY,399.5,4
2026-07-12,NL,1-2190_GAMEPLAY_ITEM_EXTRADECK_TRY,457.0,4
2026-07-12,NL,1-5000_SHOP,261.3,3
2026-07-12,NL,1-8131_CITY_LIST_SELECT,321.3,3
2026-07-12,NL,1-8054_DAILY_WHEEL_AD_SPIN_TRY,427.7,3
2026-07-12,NL,1-8900_RV_ERROR_BANNER_POPUP,383.0,3
2026-07-12,NL,1-5430_EVENT_CLEAR_RANKING,513.3,3
2026-07-12,NL,1-12020_FRAME_DROP_LOG,360.3,3
2026-07-12,NL,1-5004_BTN_SHOP_CLOSE,267.0,3
2026-07-12,NL,1-4220_RV_ERROR,383.0,3
2026-07-12,NL,1-4210_RV_FINISH,477.7,3
2026-07-12,NL,1-5432_EVENT_CLEAR_RANKING_CLOSE,518.7,3
2026-07-12,NL,1-2161_GAMEPLAY_ITEM_UNDO_SUCCESS,217.5,2
2026-07-12,NL,1-8112_RV_POPUP_GOLD_FAIL,499.0,2
2026-07-12,NL,1-2160_GAMEPLAY_ITEM_UNDO_TRY,217.5,2
2026-07-12,NL,1-8055_DAILY_WHEEL_AD_SPIN_SUCCESS,461.0,2
2026-07-12,NL,1-2130_TUTO_GIMMICK_RUNNER,540.5,2
2026-07-12,NL,1-5156_DAILY_TASK_CHANGE_TRY,536.0,2
2026-07-12,NL,1-9401_TICKET_TRANSACTION_LOG,432.0,2
2026-07-12,NL,1-2092_PRE_LEVEL_BOOSTER_DESELECT,273.0,2
2026-07-12,NL,1-2422_FINISH_RESULT_DOUBLE_CLAIM_FAIL,390.5,2
2026-07-12,NL,1-2620_GIMMICK_RUNNER_MOVE,543.5,2
2026-07-12,NL,1-2421_FINISH_RESULT_DOUBLE_CLAIM_SUCCESS,537.0,2
2026-07-12,NL,1-8110_RV_POPUP_GOLD_TRY,495.0,2
2026-07-12,NP,1-1000_LOGIN_COMPLETE,6.8,4
2026-07-12,NP,1-ALL_LOAD_INTRO_FINISH,3.0,4
2026-07-12,NP,1-INTRO_GAME_DATA_FINISH,4.8,4
2026-07-12,NP,1-12000_TEST_TOUCH,8.5,4
2026-07-12,NP,1-6010_USER_GOLD_BALANCE,7.0,4
2026-07-12,NP,1-6011_USER_TICKET_BALANCE,7.0,4
2026-07-12,NP,1-6012_USER_HAMMER_BALANCE,7.0,4
2026-07-12,NP,1-FIRST_LOAD_INTRO_FINISH_Android,3.0,4
2026-07-12,NP,1-6020_USER_CURRENT_LEVEL,7.0,4
2026-07-12,NP,1-12002_INTRO_DIRECT_ENTRY_END,9.8,4
2026-07-12,NP,1-6000_FRIEND_COUNT,4.0,4
2026-07-12,NP,1-6040_SETTING_LANGUAGE,4.5,4
2026-07-12,NP,1-INTRO_SIGNED_PLAYER_INFO,3.8,4
2026-07-12,NP,1-INTRO_FB_FRIEND,3.8,4
2026-07-12,NP,1-ALL_LOAD_INTRO,3.0,4
2026-07-12,NP,1-ALL_LOAD_INTRO_START,3.0,4
2026-07-12,NP,1-12001_INTRO_DIRECT_ENTRY_START,8.0,4
2026-07-12,NP,1-FIRST_LOAD_INTRO_START_Android,3.0,4
2026-07-12,NP,1-INTRO_BUNDLE_FINISH,4.5,4
2026-07-12,NP,1-6030_USER_CITY_STATUS,7.0,4
2026-07-12,NP,1-FIRST_LOAD_FB_Android,1.8,4
2026-07-12,NP,1-INTRO_FB_ENTRY_DATA,4.8,4
2026-07-12,NP,1-ALL_LOAD_FB,1.8,4
2026-07-12,NP,1-INTRO_FB_ENTRY_POINT_FINISH,4.8,4
2026-07-12,NP,1-INTRO_FB_FRIEND_FINISH,4.0,4
2026-07-12,NP,1-INTRO_FB_START_FINISH,0.0,4
2026-07-12,NP,1-9403_BOOSTER_TRANSACTION_LOG,6.5,4
2026-07-12,NP,1-INTRO_FB_SUBSCRIBE_BOT,4.0,4
2026-07-12,NP,1-INTRO_OBJECT_POOL,4.5,4
2026-07-12,NP,1-INTRO_OBJECT_POOL_FINISH,6.8,4
2026-07-12,NP,1-INTRO_SIGNED_PLAYER_INFO_FINISH,4.0,4
2026-07-12,NP,1-FIRST_LOAD_INTRO_Android,3.0,4
2026-07-12,NP,1-INTRO_LOGIN,6.0,4
2026-07-12,NP,1-9400_GOLD_TRANSACTION_LOG,6.5,4
2026-07-12,NP,1-INTRO_FB_ENTRY_POINT,4.0,4
2026-07-12,NP,1-INTRO_FB_ENTRY_DATA_FINISH,6.0,4
2026-07-12,NP,1-INTRO_FB_SUBSCRIBE_BOT_FINISH,4.8,4
2026-07-12,NP,1-INTRO_GAME_DATA,4.0,4
2026-07-12,NP,1-INTRO_BUNDLE,3.8,4
2026-07-12,NP,1-1010_LOAD_COMPLETE,8.0,3
2026-07-12,NP,1-2100_GAMEPLAY_START,8.0,3
2026-07-12,NP,1-2141_TUTO_STEP_COMPLETE,33.7,3
2026-07-12,NP,1-2110_TUTO_INGAME_INTRO,11.0,3
2026-07-12,PE,1-INTRO_FB_ENTRY_POINT,3.0,4
2026-07-12,PE,1-6030_USER_CITY_STATUS,9.0,4
2026-07-12,PE,1-ALL_LOAD_INTRO_START,2.8,4
2026-07-12,PE,1-INTRO_LOGIN,7.5,4
2026-07-12,PE,1-6040_SETTING_LANGUAGE,3.8,4
2026-07-12,PE,1-INTRO_FB_FRIEND,3.0,4
2026-07-12,PE,1-6010_USER_GOLD_BALANCE,8.8,4
2026-07-12,PE,1-6012_USER_HAMMER_BALANCE,8.8,4
2026-07-12,PE,1-ALL_LOAD_FB,0.8,4
2026-07-12,PE,1-FIRST_INTRO_DEBUG_ERROR_98_Android,11.8,4
2026-07-12,PE,1-INTRO_FB_SUBSCRIBE_BOT,3.0,4
2026-07-12,PE,1-INTRO_FB_ENTRY_DATA,4.0,4
2026-07-12,PE,1-INTRO_FB_FRIEND_FINISH,5.3,4
2026-07-12,PE,1-INTRO_BUNDLE,3.0,4
2026-07-12,PE,1-INTRO_BUNDLE_FINISH,3.8,4
2026-07-12,PE,1-6011_USER_TICKET_BALANCE,8.8,4
2026-07-12,PE,1-ALL_LOAD_INTRO_FINISH,2.8,4
2026-07-12,PE,1-6020_USER_CURRENT_LEVEL,8.8,4
2026-07-12,PE,1-FIRST_LOAD_INTRO_START_Android,2.8,4
2026-07-12,PE,1-INTRO_FB_ENTRY_POINT_FINISH,4.0,4
2026-07-12,PE,1-9400_GOLD_TRANSACTION_LOG,8.3,4
2026-07-12,PE,1-FIRST_LOAD_INTRO_FINISH_Android,2.8,4
2026-07-12,PE,1-1000_LOGIN_COMPLETE,8.3,4
2026-07-12,PE,1-ALL_LOAD_INTRO,2.8,4
2026-07-12,PE,1-INTRO_FB_ENTRY_DATA_FINISH,4.8,4
2026-07-12,PE,1-INTRO_FB_START_FINISH,0.0,4
2026-07-12,PE,1-INTRO_FB_SUBSCRIBE_BOT_FINISH,4.0,4
2026-07-12,PE,1-INTRO_GAME_DATA,3.0,4
2026-07-12,PE,1-INTRO_GAME_DATA_FINISH,4.8,4
2026-07-12,PE,1-INTRO_OBJECT_POOL,3.8,4
2026-07-12,PE,1-ALL_INTRO_DEBUG_ERROR_98,11.8,4
2026-07-12,PE,1-FIRST_LOAD_INTRO_Android,2.8,4
2026-07-12,PE,1-9403_BOOSTER_TRANSACTION_LOG,8.3,4
2026-07-12,PE,1-6000_FRIEND_COUNT,5.3,4
2026-07-12,PE,1-INTRO_SIGNED_PLAYER_INFO_FINISH,3.0,4
2026-07-12,PE,1-FIRST_LOAD_FB_Android,0.8,4
2026-07-12,PE,1-INTRO_SIGNED_PLAYER_INFO,3.0,4
2026-07-12,PE,1-12000_TEST_TOUCH,13.3,3
2026-07-12,PE,1-12002_INTRO_DIRECT_ENTRY_END,15.7,3
2026-07-12,PE,1-2100_GAMEPLAY_START,15.7,3
2026-07-12,PE,1-12001_INTRO_DIRECT_ENTRY_START,12.7,3
2026-07-12,PE,1-INTRO_OBJECT_POOL_FINISH,8.7,3
2026-07-12,PE,1-1010_LOAD_COMPLETE,15.7,3
2026-07-12,PE,1-ALL_INTRO_DEBUG_ERROR_PASS_AFTER_98,16.0,2
2026-07-12,PE,1-FIRST_INTRO_DEBUG_ERROR_PASS_AFTER_98_Android,16.0,2
2026-07-12,PE,1-2110_TUTO_INGAME_INTRO,15.0,2
2026-07-12,PG,1-INTRO_FB_ENTRY_POINT,4.5,2
2026-07-12,PG,1-1010_LOAD_COMPLETE,9.5,2
2026-07-12,PG,1-INTRO_FB_START_FINISH,0.0,2
2026-07-12,PG,1-INTRO_FB_FRIEND_FINISH,5.0,2
2026-07-12,PG,1-INTRO_FB_ENTRY_POINT_FINISH,5.0,2
2026-07-12,PG,1-INTRO_BUNDLE,4.5,2
2026-07-12,PG,1-ALL_LOAD_INTRO_FINISH,4.5,2
2026-07-12,PG,1-INTRO_OBJECT_POOL,5.0,2
2026-07-12,PG,1-6040_SETTING_LANGUAGE,5.0,2
2026-07-12,PG,1-ALL_LOAD_FB,2.0,2
2026-07-12,PG,1-6012_USER_HAMMER_BALANCE,7.0,2
2026-07-12,PG,1-12001_INTRO_DIRECT_ENTRY_START,7.0,2
2026-07-12,PG,1-6020_USER_CURRENT_LEVEL,7.0,2
2026-07-12,PG,1-6011_USER_TICKET_BALANCE,7.0,2
2026-07-12,PG,1-1000_LOGIN_COMPLETE,6.5,2
2026-07-12,PG,1-ALL_LOAD_INTRO_START,4.5,2
2026-07-12,PG,1-INTRO_FB_FRIEND,4.5,2
2026-07-12,PG,1-INTRO_SIGNED_PLAYER_INFO,4.5,2
2026-07-12,PG,1-INTRO_SIGNED_PLAYER_INFO_FINISH,5.0,2
2026-07-12,PG,1-ALL_LOAD_INTRO,4.0,2
2026-07-12,PG,1-FIRST_LOAD_INTRO_START_Android,4.5,2
2026-07-12,PG,1-6000_FRIEND_COUNT,5.0,2
2026-07-12,PG,1-INTRO_BUNDLE_FINISH,5.0,2
2026-07-12,PG,1-INTRO_FB_ENTRY_DATA,5.0,2
2026-07-12,PG,1-INTRO_GAME_DATA_FINISH,5.0,2
2026-07-12,PG,1-INTRO_OBJECT_POOL_FINISH,5.5,2
2026-07-12,PG,1-INTRO_FB_SUBSCRIBE_BOT_FINISH,5.0,2
2026-07-12,PG,1-12002_INTRO_DIRECT_ENTRY_END,9.5,2
2026-07-12,PG,1-6030_USER_CITY_STATUS,7.0,2
2026-07-12,PG,1-INTRO_FB_ENTRY_DATA_FINISH,6.0,2
2026-07-12,PG,1-2100_GAMEPLAY_START,9.5,2
2026-07-12,PG,1-2110_TUTO_INGAME_INTRO,11.5,2
2026-07-12,PG,1-FIRST_LOAD_INTRO_Android,4.0,2
2026-07-12,PG,1-9400_GOLD_TRANSACTION_LOG,6.0,2
2026-07-12,PG,1-9403_BOOSTER_TRANSACTION_LOG,6.0,2
2026-07-12,PG,1-INTRO_GAME_DATA,5.0,2
2026-07-12,PG,1-FIRST_LOAD_FB_Android,2.0,2
2026-07-12,PG,1-12000_TEST_TOUCH,8.0,2
2026-07-12,PG,1-6010_USER_GOLD_BALANCE,7.0,2
2026-07-12,PG,1-FIRST_LOAD_INTRO_FINISH_Android,4.5,2
2026-07-12,PG,1-INTRO_LOGIN,6.0,2
2026-07-12,PG,1-INTRO_FB_SUBSCRIBE_BOT,4.5,2
2026-07-12,PH,1-ALL_LOAD_INTRO_START,4.2,71
2026-07-12,PH,1-ALL_LOAD_INTRO,4.1,71
2026-07-12,PH,1-ALL_LOAD_INTRO_FINISH,4.3,71
2026-07-12,PH,1-ALL_LOAD_FB,2.3,71
2026-07-12,PH,1-INTRO_FB_START_FINISH,0.0,71
2026-07-12,PH,1-INTRO_FB_SUBSCRIBE_BOT,5.5,69
2026-07-12,PH,1-6000_FRIEND_COUNT,6.4,69
2026-07-12,PH,1-INTRO_SIGNED_PLAYER_INFO,5.5,69
2026-07-12,PH,1-INTRO_OBJECT_POOL,6.5,69
2026-07-12,PH,1-6020_USER_CURRENT_LEVEL,9.5,69
2026-07-12,PH,1-9400_GOLD_TRANSACTION_LOG,8.7,69
2026-07-12,PH,1-INTRO_FB_FRIEND,5.5,69
2026-07-12,PH,1-INTRO_FB_FRIEND_FINISH,6.4,69
2026-07-12,PH,1-INTRO_FB_ENTRY_POINT_FINISH,6.5,69
2026-07-12,PH,1-INTRO_FB_ENTRY_POINT,5.5,69
2026-07-12,PH,1-INTRO_FB_ENTRY_DATA_FINISH,7.6,69
2026-07-12,PH,1-INTRO_BUNDLE,5.5,69
2026-07-12,PH,1-6012_USER_HAMMER_BALANCE,9.5,69
2026-07-12,PH,1-6011_USER_TICKET_BALANCE,9.4,69
2026-07-12,PH,1-INTRO_FB_ENTRY_DATA,6.6,69
2026-07-12,PH,1-6010_USER_GOLD_BALANCE,9.4,69
2026-07-12,PH,1-1000_LOGIN_COMPLETE,9.0,69
2026-07-12,PH,1-INTRO_FB_SUBSCRIBE_BOT_FINISH,6.6,69
2026-07-12,PH,1-INTRO_GAME_DATA,5.9,69
2026-07-12,PH,1-INTRO_GAME_DATA_FINISH,7.4,69
2026-07-12,PH,1-6040_SETTING_LANGUAGE,6.5,69
2026-07-12,PH,1-INTRO_BUNDLE_FINISH,6.4,69
2026-07-12,PH,1-INTRO_LOGIN,8.0,69
2026-07-12,PH,1-9403_BOOSTER_TRANSACTION_LOG,8.8,69
2026-07-12,PH,1-INTRO_SIGNED_PLAYER_INFO_FINISH,6.0,69
2026-07-12,PH,1-6030_USER_CITY_STATUS,9.6,68
2026-07-12,PH,1-FIRST_LOAD_INTRO_Android,4.2,66
2026-07-12,PH,1-FIRST_LOAD_INTRO_START_Android,4.2,66
2026-07-12,PH,1-FIRST_LOAD_INTRO_FINISH_Android,4.3,66
2026-07-12,PH,1-FIRST_LOAD_FB_Android,2.4,66
2026-07-12,PH,1-INTRO_OBJECT_POOL_FINISH,13.4,61
2026-07-12,PH,1-1010_LOAD_COMPLETE,18.7,60
2026-07-12,PH,1-2100_GAMEPLAY_START,18.6,60
2026-07-12,PH,1-12001_INTRO_DIRECT_ENTRY_START,15.1,60
2026-07-12,PH,1-12002_INTRO_DIRECT_ENTRY_END,18.6,60
2026-07-12,PH,1-12000_TEST_TOUCH,23.5,47
2026-07-12,PH,1-2110_TUTO_INGAME_INTRO,23.3,40
2026-07-12,PH,1-2141_TUTO_STEP_COMPLETE,41.2,33
2026-07-12,PH,1-ALL_INTRO_DEBUG_ERROR_98,20.0,28
2026-07-12,PH,1-FIRST_INTRO_DEBUG_ERROR_98_Android,13.7,25
2026-07-12,PH,1-ALL_INTRO_DEBUG_ERROR_PASS_AFTER_98,37.6,16
2026-07-12,PH,1-9990_PLAY_FIRST_TOUCH,72.3,15
2026-07-12,PH,1-FIRST_INTRO_DEBUG_ERROR_PASS_AFTER_98_Android,27.5,13
2026-07-12,PH,1-2150_GAMEPLAY_NRU_CARD_MATCH,79.9,13
2026-07-12,PH,1-2213_GAMEPLAY_DECK_BONUS,47.7,9
2026-07-12,PH,1-2151_GAMEPLAY_NRU_MATCHES,48.8,9
2026-07-12,PH,1-2300_GAMEPLAY_FINISH,48.8,9
2026-07-12,PH,1-9402_HAMMER_TRANSACTION_LOG,48.1,9
2026-07-12,PH,1-2210_GAMEPLAY_COMBO_REWARD,48.8,9
2026-07-12,PH,1-2400_FINISH_RESULT,50.2,9
2026-07-12,PH,1-7180_BTN_DRAW_DECK,60.5,8
2026-07-12,PH,1-2410_FINISH_RESULT_CLAIM,50.3,8
2026-07-12,PH,1-2114_TUTO_PRE_LEVEL_POPUP,90.0,8
2026-07-12,PH,1-2111_TUTO_DECK_DRAW,54.5,8
2026-07-12,PH,1-2090_PRE_LEVEL_SHOW,89.5,8
2026-07-12,PH,1-5700_LOBBY,83.1,8
2026-07-12,PH,1-NETWORK_TIMEOUT_RETRY,18.0,7
2026-07-12,PH,1-LOAD_INTRO_Android,116.6,7
2026-07-12,PH,1-NETWORK_TIMEOUT,18.0,7
2026-07-12,PH,1-LOAD_INTRO_START_Android,116.6,7
2026-07-12,PH,1-LOAD_INTRO_FINISH_Android,116.7,7
2026-07-12,PH,1-2094_PRE_LEVEL_PLAY,81.6,7
2026-07-12,PH,1-LOAD_FB_Android,113.6,7
2026-07-12,PH,1-2510_ENTRY_COST_PAY,81.6,7
2026-07-12,PH,1-INTRO_DEBUG_ERROR_98_Android,186.3,4
2026-07-12,PH,1-3120_TOURNAMENT_CREATE_FAIL,96.3,4
2026-07-12,PH,1-3100_TOURNAMENT_CREATE,96.3,4
2026-07-12,PH,1-8060_DAILY_CHECKIN_POPUP,265.3,3
2026-07-12,PH,1-2116_TUTO_PLUS_CARD,113.0,3
2026-07-12,PH,1-2212_GAMEPLAY_STREAK_STAR_EARN,168.7,3
2026-07-12,PH,1-11004_GAMEPLAY_FINISH_8,400.3,3
2026-07-12,PH,1-2211_GAMEPLAY_STREAK_METER_FILL,168.7,3
2026-07-12,PH,1-INTRO_DEBUG_ERROR_PASS_AFTER_98_Android,201.0,3
2026-07-12,PH,1-2191_GAMEPLAY_ITEM_EXTRADECK_SUCCESS,322.0,3
2026-07-12,PH,1-8064_BTN_DAILY_CHECKIN_CLOSE,268.7,3
2026-07-12,PH,1-6110_IDLE_GOLD_COLLECT_TRY,148.3,3
2026-07-12,PH,1-11002_GAMEPLAY_FINISH_6,260.3,3
2026-07-12,PH,1-3400_MSG_P2P,182.7,3
2026-07-12,PH,1-2610_GIMMICK_PLUS_CARD_MATCH,115.7,3
2026-07-12,PH,1-2125_TUTO_BOOSTER_EXTRADECK,314.0,3
2026-07-12,PH,1-12020_FRAME_DROP_LOG,105.7,3
2026-07-12,PH,1-8062_DAILY_CHECKIN_CLAIM_SUCCESS,267.3,3
2026-07-12,PH,1-2119_TUTO_STREAK,156.3,3
2026-07-12,PH,1-5200_LEADERBOARD,203.7,3
2026-07-12,PH,1-8061_DAILY_CHECKIN_CLAIM_TRY,267.3,3
2026-07-12,PH,1-2190_GAMEPLAY_ITEM_EXTRADECK_TRY,321.3,3
2026-07-12,PH,1-6111_IDLE_GOLD_COLLECT_SUCCESS,149.0,3
2026-07-12,PH,1-3410_MSG_P2P_SUCCESS,182.7,3
2026-07-12,PH,1-8120_COLLECTION_POPUP,320.7,3
2026-07-12,PH,1-2600_GIMMICK_FIRST_APPEAR,113.0,3
2026-07-12,PH,1-2124_TUTO_BOOSTER_WILDCARD,277.7,3
2026-07-12,PH,1-2122_TUTO_BOOSTER_UNDO,356.3,3
2026-07-12,PH,1-11003_GAMEPLAY_FINISH_7,314.3,3
2026-07-12,PH,1-11001_GAMEPLAY_FINISH_5,196.3,3
2026-07-12,PH,1-FIRST_INTRO_DEBUG_ERROR_98_iOS,15.0,2
2026-07-12,PH,1-2123_TUTO_BOOSTER_FIREWORKS,432.5,2
2026-07-12,PH,1-11005_GAMEPLAY_FINISH_9,497.0,2
2026-07-12,PH,1-5201_BTN_LEADERBOARD_FRIENDS_TAB,271.5,2
2026-07-12,PH,1-FIRST_INTRO_DEBUG_ERROR_PASS_AFTER_98_iOS,22.0,2
2026-07-12,PH,1-8051_DAILY_WHEEL_SPIN_SUCCESS,512.0,2
2026-07-12,PH,1-FIRST_LOAD_FB_iOS,1.5,2
2026-07-12,PH,1-FIRST_LOAD_INTRO_FINISH_iOS,7.0,2
2026-07-12,PH,1-FIRST_LOAD_INTRO_START_etc,1.0,2
2026-07-12,PH,1-FIRST_LOAD_FB_etc,0.0,2
2026-07-12,PH,1-FIRST_LOAD_INTRO_iOS,6.5,2
2026-07-12,PH,1-8130_CITY_LIST_POPUP,419.0,2
2026-07-12,PH,1-8050_DAILY_WHEEL_POPUP,503.5,2
2026-07-12,PH,1-FIRST_LOAD_INTRO_etc,1.0,2
2026-07-12,PH,1-2170_GAMEPLAY_ITEM_FIREWORKS_TRY,458.5,2
2026-07-12,PH,1-2091_PRE_LEVEL_BOOSTER_SELECT,434.5,2
2026-07-12,PH,1-2160_GAMEPLAY_ITEM_UNDO_TRY,318.0,2
2026-07-12,PH,1-9300_CLIENT_LOG,7.0,2
2026-07-12,PH,1-2171_GAMEPLAY_ITEM_FIREWORKS_SUCCESS,458.5,2
2026-07-12,PH,1-FIRST_LOAD_INTRO_START_iOS,6.5,2
2026-07-12,PH,1-FIRST_LOAD_INTRO_FINISH_etc,1.0,2
2026-07-12,PK,1-ALL_LOAD_INTRO,4.3,6
2026-07-12,PK,1-ALL_LOAD_FB,2.3,6
2026-07-12,PK,1-6040_SETTING_LANGUAGE,5.7,6
2026-07-12,PK,1-6000_FRIEND_COUNT,8.2,6
2026-07-12,PK,1-9403_BOOSTER_TRANSACTION_LOG,10.3,6
2026-07-12,PK,1-INTRO_GAME_DATA,5.0,6
2026-07-12,PK,1-INTRO_BUNDLE,5.0,6
2026-07-12,PK,1-INTRO_GAME_DATA_FINISH,6.7,6
2026-07-12,PK,1-INTRO_FB_ENTRY_POINT_FINISH,6.0,6
2026-07-12,PK,1-INTRO_FB_ENTRY_DATA,6.0,6
2026-07-12,PK,1-INTRO_FB_FRIEND,5.0,6
2026-07-12,PK,1-INTRO_OBJECT_POOL_FINISH,7.3,6
2026-07-12,PK,1-INTRO_FB_FRIEND_FINISH,8.0,6
2026-07-12,PK,1-INTRO_FB_START_FINISH,0.0,6
2026-07-12,PK,1-INTRO_FB_ENTRY_POINT,5.0,6
2026-07-12,PK,1-1000_LOGIN_COMPLETE,10.5,6
2026-07-12,PK,1-INTRO_FB_ENTRY_DATA_FINISH,7.7,6
2026-07-12,PK,1-INTRO_FB_SUBSCRIBE_BOT,5.0,6
2026-07-12,PK,1-ALL_LOAD_INTRO_FINISH,4.5,6
2026-07-12,PK,1-INTRO_OBJECT_POOL,5.7,6
2026-07-12,PK,1-9400_GOLD_TRANSACTION_LOG,10.3,6
2026-07-12,PK,1-INTRO_BUNDLE_FINISH,5.5,6
2026-07-12,PK,1-INTRO_LOGIN,9.8,6
2026-07-12,PK,1-INTRO_SIGNED_PLAYER_INFO_FINISH,5.3,6
2026-07-12,PK,1-ALL_LOAD_INTRO_START,4.3,6
2026-07-12,PK,1-INTRO_FB_SUBSCRIBE_BOT_FINISH,6.0,6
2026-07-12,PK,1-INTRO_SIGNED_PLAYER_INFO,5.0,6
2026-07-12,PK,1-6012_USER_HAMMER_BALANCE,12.4,5
2026-07-12,PK,1-6011_USER_TICKET_BALANCE,12.4,5
2026-07-12,PK,1-6010_USER_GOLD_BALANCE,12.2,5
2026-07-12,PK,1-12000_TEST_TOUCH,19.4,5
2026-07-12,PK,1-1010_LOAD_COMPLETE,16.0,5
2026-07-12,PK,1-2110_TUTO_INGAME_INTRO,20.0,5
2026-07-12,PK,1-FIRST_LOAD_INTRO_Android,4.8,5
2026-07-12,PK,1-FIRST_LOAD_INTRO_FINISH_Android,5.2,5
2026-07-12,PK,1-12002_INTRO_DIRECT_ENTRY_END,16.0,5
2026-07-12,PK,1-6020_USER_CURRENT_LEVEL,12.4,5
2026-07-12,PK,1-FIRST_LOAD_INTRO_START_Android,5.0,5
2026-07-12,PK,1-FIRST_LOAD_FB_Android,2.8,5
2026-07-12,PK,1-6030_USER_CITY_STATUS,12.4,5
2026-07-12,PK,1-2100_GAMEPLAY_START,16.0,5
2026-07-12,PK,1-12001_INTRO_DIRECT_ENTRY_START,12.6,5
2026-07-12,PK,1-2141_TUTO_STEP_COMPLETE,22.5,4
2026-07-12,PK,1-ALL_INTRO_DEBUG_ERROR_98,12.0,3
2026-07-12,PK,1-FIRST_INTRO_DEBUG_ERROR_98_Android,13.0,2
2026-07-12,PK,1-ALL_INTRO_DEBUG_ERROR_PASS_AFTER_98,20.0,2
2026-07-12,PK,1-FIRST_INTRO_DEBUG_ERROR_PASS_AFTER_98_Android,20.0,2
2026-07-12,PL,1-INTRO_GAME_DATA_FINISH,3.2,12
2026-07-12,PL,1-1000_LOGIN_COMPLETE,5.1,12
2026-07-12,PL,1-6010_USER_GOLD_BALANCE,5.4,12
2026-07-12,PL,1-6011_USER_TICKET_BALANCE,5.4,12
2026-07-12,PL,1-INTRO_FB_ENTRY_POINT,2.3,12
2026-07-12,PL,1-ALL_LOAD_FB,1.0,12
2026-07-12,PL,1-ALL_LOAD_INTRO_FINISH,2.1,12
2026-07-12,PL,1-9403_BOOSTER_TRANSACTION_LOG,5.0,12
2026-07-12,PL,1-INTRO_LOGIN,4.6,12
2026-07-12,PL,1-ALL_LOAD_INTRO,1.8,12
2026-07-12,PL,1-INTRO_BUNDLE,2.3,12
2026-07-12,PL,1-INTRO_FB_ENTRY_POINT_FINISH,3.1,12
2026-07-12,PL,1-6020_USER_CURRENT_LEVEL,5.4,12
2026-07-12,PL,1-INTRO_FB_FRIEND_FINISH,3.4,12
2026-07-12,PL,1-INTRO_FB_START_FINISH,0.0,12
2026-07-12,PL,1-6030_USER_CITY_STATUS,5.4,12
2026-07-12,PL,1-6000_FRIEND_COUNT,3.4,12
2026-07-12,PL,1-INTRO_SIGNED_PLAYER_INFO_FINISH,2.8,12
2026-07-12,PL,1-INTRO_FB_SUBSCRIBE_BOT,2.3,12
2026-07-12,PL,1-INTRO_OBJECT_POOL,2.9,12
2026-07-12,PL,1-INTRO_SIGNED_PLAYER_INFO,2.3,12
2026-07-12,PL,1-ALL_LOAD_INTRO_START,1.9,12
2026-07-12,PL,1-12001_INTRO_DIRECT_ENTRY_START,5.6,12
2026-07-12,PL,1-INTRO_FB_ENTRY_DATA,3.1,12
2026-07-12,PL,1-INTRO_FB_FRIEND,2.3,12
2026-07-12,PL,1-6012_USER_HAMMER_BALANCE,5.4,12
2026-07-12,PL,1-INTRO_OBJECT_POOL_FINISH,3.5,12
2026-07-12,PL,1-9400_GOLD_TRANSACTION_LOG,5.0,12
2026-07-12,PL,1-6040_SETTING_LANGUAGE,3.0,12
2026-07-12,PL,1-INTRO_FB_ENTRY_DATA_FINISH,4.0,12
2026-07-12,PL,1-INTRO_FB_SUBSCRIBE_BOT_FINISH,3.1,12
2026-07-12,PL,1-INTRO_BUNDLE_FINISH,2.8,12
2026-07-12,PL,1-INTRO_GAME_DATA,2.3,12
2026-07-12,PL,1-2400_FINISH_RESULT,23.3,11
2026-07-12,PL,1-2100_GAMEPLAY_START,7.4,11
2026-07-12,PL,1-12000_TEST_TOUCH,11.9,11
2026-07-12,PL,1-2210_GAMEPLAY_COMBO_REWARD,22.2,11
2026-07-12,PL,1-2111_TUTO_DECK_DRAW,29.5,11
2026-07-12,PL,1-2150_GAMEPLAY_NRU_CARD_MATCH,13.7,11
2026-07-12,PL,1-2300_GAMEPLAY_FINISH,22.2,11
2026-07-12,PL,1-7180_BTN_DRAW_DECK,38.5,11
2026-07-12,PL,1-9990_PLAY_FIRST_TOUCH,13.4,11
2026-07-12,PL,1-2213_GAMEPLAY_DECK_BONUS,21.1,11
2026-07-12,PL,1-2141_TUTO_STEP_COMPLETE,12.4,11
2026-07-12,PL,1-2151_GAMEPLAY_NRU_MATCHES,22.2,11
2026-07-12,PL,1-1010_LOAD_COMPLETE,7.5,11
2026-07-12,PL,1-2110_TUTO_INGAME_INTRO,9.5,11
2026-07-12,PL,1-9402_HAMMER_TRANSACTION_LOG,21.3,11
2026-07-12,PL,1-2410_FINISH_RESULT_CLAIM,25.5,11
2026-07-12,PL,1-12002_INTRO_DIRECT_ENTRY_END,7.6,11
2026-07-12,PL,1-2510_ENTRY_COST_PAY,60.1,10
2026-07-12,PL,1-5700_LOBBY,55.4,10
2026-07-12,PL,1-2094_PRE_LEVEL_PLAY,60.1,10
2026-07-12,PL,1-2090_PRE_LEVEL_SHOW,57.8,10
2026-07-12,PL,1-2114_TUTO_PRE_LEVEL_POPUP,58.2,10
2026-07-12,PL,1-3120_TOURNAMENT_CREATE_FAIL,76.0,9
2026-07-12,PL,1-3100_TOURNAMENT_CREATE,75.8,9
2026-07-12,PL,1-FIRST_LOAD_INTRO_START_Android,2.9,7
2026-07-12,PL,1-8101_CITY_DECO_UPGRADE_TRY,212.6,7
2026-07-12,PL,1-2116_TUTO_PLUS_CARD,104.9,7
2026-07-12,PL,1-2124_TUTO_BOOSTER_WILDCARD,270.3,7
2026-07-12,PL,1-8100_CITY_DECO_POPUP,208.4,7
2026-07-12,PL,1-FIRST_LOAD_INTRO_Android,2.7,7
2026-07-12,PL,1-8062_DAILY_CHECKIN_CLAIM_SUCCESS,255.6,7
2026-07-12,PL,1-2610_GIMMICK_PLUS_CARD_MATCH,106.1,7
2026-07-12,PL,1-11003_GAMEPLAY_FINISH_7,296.9,7
2026-07-12,PL,1-6110_IDLE_GOLD_COLLECT_TRY,136.3,7
2026-07-12,PL,1-8061_DAILY_CHECKIN_CLAIM_TRY,255.6,7
2026-07-12,PL,1-FIRST_LOAD_INTRO_FINISH_Android,3.0,7
2026-07-12,PL,1-11001_GAMEPLAY_FINISH_5,198.0,7
2026-07-12,PL,1-2600_GIMMICK_FIRST_APPEAR,104.9,7
2026-07-12,PL,1-2211_GAMEPLAY_STREAK_METER_FILL,176.9,7
2026-07-12,PL,1-2123_TUTO_BOOSTER_FIREWORKS,409.9,7
2026-07-12,PL,1-2212_GAMEPLAY_STREAK_STAR_EARN,176.9,7
2026-07-12,PL,1-8102_CITY_DECO_UPGRADE_SUCCESS,212.7,7
2026-07-12,PL,1-8120_COLLECTION_POPUP,303.7,7
2026-07-12,PL,1-8105_BTN_CITY_DECO_CLOSE,216.6,7
2026-07-12,PL,1-6111_IDLE_GOLD_COLLECT_SUCCESS,136.6,7
2026-07-12,PL,1-8060_DAILY_CHECKIN_POPUP,253.1,7
2026-07-12,PL,1-8064_BTN_DAILY_CHECKIN_CLOSE,257.3,7
2026-07-12,PL,1-11004_GAMEPLAY_FINISH_8,370.6,7
2026-07-12,PL,1-11002_GAMEPLAY_FINISH_6,248.3,7
2026-07-12,PL,1-2091_PRE_LEVEL_BOOSTER_SELECT,411.7,7
2026-07-12,PL,1-2122_TUTO_BOOSTER_UNDO,336.3,7
2026-07-12,PL,1-5200_LEADERBOARD,206.4,7
2026-07-12,PL,1-2119_TUTO_STREAK,166.6,7
2026-07-12,PL,1-FIRST_LOAD_FB_Android,1.4,7
2026-07-12,PL,1-8130_CITY_LIST_POPUP,258.3,6
2026-07-12,PL,1-11005_GAMEPLAY_FINISH_9,410.0,6
2026-07-12,PL,1-8053_BTN_DAILY_WHEEL_CLOSE,439.0,6
2026-07-12,PL,1-8051_DAILY_WHEEL_SPIN_SUCCESS,433.8,6
2026-07-12,PL,1-8050_DAILY_WHEEL_POPUP,425.5,6
2026-07-12,PL,1-2170_GAMEPLAY_ITEM_FIREWORKS_TRY,429.8,6
2026-07-12,PL,1-2171_GAMEPLAY_ITEM_FIREWORKS_SUCCESS,429.8,6
2026-07-12,PL,1-5100_DAILY_TASK,557.4,5
2026-07-12,PL,1-FIRST_LOAD_INTRO_START_etc,0.6,5
2026-07-12,PL,1-FIRST_LOAD_INTRO_FINISH_etc,0.8,5
2026-07-12,PL,1-2127_TUTO_BETTING_2,429.0,5
2026-07-12,PL,1-2191_GAMEPLAY_ITEM_EXTRADECK_SUCCESS,471.0,5
2026-07-12,PL,1-FIRST_LOAD_INTRO_etc,0.6,5
2026-07-12,PL,1-5105_BTN_DAILY_TASK_CLOSE,561.0,5
2026-07-12,PL,1-FIRST_LOAD_FB_etc,0.4,5
2026-07-12,PL,1-2093_PRE_LEVEL_BETTING,431.6,5
2026-07-12,PL,1-2125_TUTO_BOOSTER_EXTRADECK,467.6,5
2026-07-12,PL,1-2190_GAMEPLAY_ITEM_EXTRADECK_TRY,470.8,5
2026-07-12,PL,1-11006_GAMEPLAY_FINISH_10,474.6,5
2026-07-12,PL,1-4200_RV_START,384.0,4
2026-07-12,PL,1-2181_GAMEPLAY_ITEM_WILDCARD_SUCCESS,303.0,3
2026-07-12,PL,1-2180_GAMEPLAY_ITEM_WILDCARD_TRY,302.7,3
2026-07-12,PL,1-ALL_INTRO_DEBUG_ERROR_98,12.7,3
2026-07-12,PL,1-FIRST_INTRO_DEBUG_ERROR_98_Android,12.7,3
2026-07-12,PL,1-5000_SHOP,111.3,3
2026-07-12,PL,1-5004_BTN_SHOP_CLOSE,128.3,3
2026-07-12,PL,1-FIRST_INTRO_DEBUG_ERROR_PASS_AFTER_98_Android,15.7,3
2026-07-12,PL,1-8131_CITY_LIST_SELECT,251.0,3
2026-07-12,PL,1-ALL_INTRO_DEBUG_ERROR_PASS_AFTER_98,15.7,3
2026-07-12,PL,1-2420_FINISH_RESULT_DOUBLE_CLAIM_TRY,482.0,2
2026-07-12,PL,1-4210_RV_FINISH,375.0,2
2026-07-12,PL,1-8054_DAILY_WHEEL_AD_SPIN_TRY,439.5,2
2026-07-12,PL,1-8056_DAILY_WHEEL_AD_SPIN_FAIL,442.5,2
2026-07-12,PL,1-4220_RV_ERROR,431.0,2
2026-07-12,PT,1-INTRO_SIGNED_PLAYER_INFO,3.0,5
2026-07-12,PT,1-6030_USER_CITY_STATUS,10.2,5
2026-07-12,PT,1-9403_BOOSTER_TRANSACTION_LOG,10.0,5
2026-07-12,PT,1-INTRO_FB_SUBSCRIBE_BOT,3.2,5
2026-07-12,PT,1-INTRO_GAME_DATA,3.2,5
2026-07-12,PT,1-INTRO_FB_ENTRY_DATA_FINISH,4.0,5
2026-07-12,PT,1-6020_USER_CURRENT_LEVEL,10.0,5
2026-07-12,PT,1-INTRO_BUNDLE_FINISH,3.2,5
2026-07-12,PT,1-INTRO_FB_ENTRY_POINT,3.2,5
2026-07-12,PT,1-INTRO_FB_FRIEND,3.2,5
2026-07-12,PT,1-9400_GOLD_TRANSACTION_LOG,10.0,5
2026-07-12,PT,1-1000_LOGIN_COMPLETE,10.0,5
2026-07-12,PT,1-INTRO_FB_SUBSCRIBE_BOT_FINISH,3.4,5
2026-07-12,PT,1-INTRO_GAME_DATA_FINISH,9.4,5
2026-07-12,PT,1-6012_USER_HAMMER_BALANCE,10.0,5
2026-07-12,PT,1-INTRO_BUNDLE,3.0,5
2026-07-12,PT,1-12000_TEST_TOUCH,17.8,5
2026-07-12,PT,1-6010_USER_GOLD_BALANCE,10.0,5
2026-07-12,PT,1-INTRO_OBJECT_POOL_FINISH,3.6,5
2026-07-12,PT,1-ALL_LOAD_INTRO_START,1.4,5
2026-07-12,PT,1-2110_TUTO_INGAME_INTRO,17.4,5
2026-07-12,PT,1-2100_GAMEPLAY_START,12.0,5
2026-07-12,PT,1-12002_INTRO_DIRECT_ENTRY_END,12.0,5
2026-07-12,PT,1-INTRO_FB_ENTRY_DATA,3.2,5
2026-07-12,PT,1-6011_USER_TICKET_BALANCE,10.0,5
2026-07-12,PT,1-ALL_LOAD_INTRO,1.4,5
2026-07-12,PT,1-6040_SETTING_LANGUAGE,3.2,5
2026-07-12,PT,1-12001_INTRO_DIRECT_ENTRY_START,10.8,5
2026-07-12,PT,1-6000_FRIEND_COUNT,3.4,5
2026-07-12,PT,1-ALL_LOAD_FB,0.8,5
2026-07-12,PT,1-1010_LOAD_COMPLETE,12.0,5
2026-07-12,PT,1-ALL_LOAD_INTRO_FINISH,1.6,5
2026-07-12,PT,1-INTRO_FB_ENTRY_POINT_FINISH,3.2,5
2026-07-12,PT,1-INTRO_FB_FRIEND_FINISH,3.4,5
2026-07-12,PT,1-INTRO_LOGIN,10.0,5
2026-07-12,PT,1-INTRO_FB_START_FINISH,0.0,5
2026-07-12,PT,1-INTRO_OBJECT_POOL,3.2,5
2026-07-12,PT,1-INTRO_SIGNED_PLAYER_INFO_FINISH,3.2,5
2026-07-12,PT,1-2150_GAMEPLAY_NRU_CARD_MATCH,22.5,4
2026-07-12,PT,1-2410_FINISH_RESULT_CLAIM,36.8,4
2026-07-12,PT,1-2213_GAMEPLAY_DECK_BONUS,33.3,4
2026-07-12,PT,1-9990_PLAY_FIRST_TOUCH,21.0,4
2026-07-12,PT,1-9402_HAMMER_TRANSACTION_LOG,33.3,4
2026-07-12,PT,1-2141_TUTO_STEP_COMPLETE,20.0,4
2026-07-12,PT,1-2151_GAMEPLAY_NRU_MATCHES,34.5,4
2026-07-12,PT,1-7180_BTN_DRAW_DECK,45.5,4
2026-07-12,PT,1-2300_GAMEPLAY_FINISH,34.5,4
2026-07-12,PT,1-2210_GAMEPLAY_COMBO_REWARD,34.5,4
2026-07-12,PT,1-2111_TUTO_DECK_DRAW,40.5,4
2026-07-12,PT,1-2400_FINISH_RESULT,35.3,4
2026-07-12,PT,1-FIRST_LOAD_INTRO_etc,1.0,3
2026-07-12,PT,1-2114_TUTO_PRE_LEVEL_POPUP,68.0,3
2026-07-12,PT,1-FIRST_LOAD_INTRO_START_etc,1.0,3
2026-07-12,PT,1-FIRST_LOAD_FB_etc,0.3,3
2026-07-12,PT,1-5700_LOBBY,65.7,3
2026-07-12,PT,1-2090_PRE_LEVEL_SHOW,67.7,3
2026-07-12,PT,1-FIRST_LOAD_INTRO_FINISH_etc,1.3,3
2026-07-12,PT,1-11003_GAMEPLAY_FINISH_7,235.0,2
2026-07-12,PT,1-11002_GAMEPLAY_FINISH_6,197.5,2
2026-07-12,PT,1-6110_IDLE_GOLD_COLLECT_TRY,122.5,2
2026-07-12,PT,1-2116_TUTO_PLUS_CARD,96.5,2
2026-07-12,PT,1-11001_GAMEPLAY_FINISH_5,154.5,2
2026-07-12,PT,1-2610_GIMMICK_PLUS_CARD_MATCH,97.5,2
2026-07-12,PT,1-8102_CITY_DECO_UPGRADE_SUCCESS,260.0,2
2026-07-12,PT,1-8062_DAILY_CHECKIN_CLAIM_SUCCESS,204.0,2
2026-07-12,PT,1-8060_DAILY_CHECKIN_POPUP,202.0,2
2026-07-12,PT,1-11004_GAMEPLAY_FINISH_8,280.0,2
2026-07-12,PT,1-8064_BTN_DAILY_CHECKIN_CLOSE,205.5,2
2026-07-12,PT,1-2094_PRE_LEVEL_PLAY,64.5,2
2026-07-12,PT,1-8061_DAILY_CHECKIN_CLAIM_TRY,204.0,2
2026-07-12,PT,1-2510_ENTRY_COST_PAY,64.5,2
2026-07-12,PT,1-FIRST_LOAD_INTRO_FINISH_Android,2.0,2
2026-07-12,PT,1-8120_COLLECTION_POPUP,242.5,2
2026-07-12,PT,1-5200_LEADERBOARD,161.5,2
2026-07-12,PT,1-2119_TUTO_STREAK,129.5,2
2026-07-12,PT,1-8131_CITY_LIST_SELECT,246.5,2
2026-07-12,PT,1-8105_BTN_CITY_DECO_CLOSE,262.5,2
2026-07-12,PT,1-3100_TOURNAMENT_CREATE,83.0,2
2026-07-12,PT,1-8100_CITY_DECO_POPUP,258.0,2
2026-07-12,PT,1-2600_GIMMICK_FIRST_APPEAR,96.5,2
2026-07-12,PT,1-FIRST_LOAD_INTRO_START_Android,2.0,2
2026-07-12,PT,1-8101_CITY_DECO_UPGRADE_TRY,260.0,2
2026-07-12,PT,1-2211_GAMEPLAY_STREAK_METER_FILL,137.5,2
2026-07-12,PT,1-2124_TUTO_BOOSTER_WILDCARD,211.5,2
2026-07-12,PT,1-6111_IDLE_GOLD_COLLECT_SUCCESS,123.0,2
2026-07-12,PT,1-FIRST_LOAD_FB_Android,1.5,2
2026-07-12,PT,1-3120_TOURNAMENT_CREATE_FAIL,83.5,2
2026-07-12,PT,1-2212_GAMEPLAY_STREAK_STAR_EARN,137.5,2
2026-07-12,PT,1-2122_TUTO_BOOSTER_UNDO,259.0,2
2026-07-12,PT,1-FIRST_LOAD_INTRO_Android,2.0,2
2026-07-12,PT,1-8130_CITY_LIST_POPUP,233.0,2
2026-07-12,PY,1-12002_INTRO_DIRECT_ENTRY_END,8.0,3
2026-07-12,PY,1-6011_USER_TICKET_BALANCE,5.3,3
2026-07-12,PY,1-6040_SETTING_LANGUAGE,3.0,3
2026-07-12,PY,1-12001_INTRO_DIRECT_ENTRY_START,6.0,3
2026-07-12,PY,1-INTRO_FB_ENTRY_POINT,2.3,3
2026-07-12,PY,1-2100_GAMEPLAY_START,8.0,3
2026-07-12,PY,1-6030_USER_CITY_STATUS,6.0,3
2026-07-12,PY,1-INTRO_LOGIN,5.0,3
2026-07-12,PY,1-1010_LOAD_COMPLETE,8.0,3
2026-07-12,PY,1-INTRO_BUNDLE_FINISH,3.0,3
2026-07-12,PY,1-9403_BOOSTER_TRANSACTION_LOG,5.3,3
2026-07-12,PY,1-INTRO_SIGNED_PLAYER_INFO,2.3,3
2026-07-12,PY,1-INTRO_OBJECT_POOL,3.0,3
2026-07-12,PY,1-FIRST_LOAD_FB_Android,1.3,3
2026-07-12,PY,1-FIRST_LOAD_INTRO_Android,2.0,3
2026-07-12,PY,1-INTRO_FB_FRIEND_FINISH,3.7,3
2026-07-12,PY,1-6000_FRIEND_COUNT,3.7,3
2026-07-12,PY,1-ALL_LOAD_INTRO,2.0,3
2026-07-12,PY,1-FIRST_LOAD_INTRO_START_Android,2.0,3
2026-07-12,PY,1-12000_TEST_TOUCH,8.7,3
2026-07-12,PY,1-INTRO_FB_ENTRY_DATA,3.3,3
2026-07-12,PY,1-INTRO_FB_FRIEND,2.3,3
2026-07-12,PY,1-INTRO_OBJECT_POOL_FINISH,4.7,3
2026-07-12,PY,1-INTRO_GAME_DATA_FINISH,4.3,3
2026-07-12,PY,1-INTRO_GAME_DATA,2.7,3
2026-07-12,PY,1-INTRO_FB_SUBSCRIBE_BOT_FINISH,3.3,3
2026-07-12,PY,1-INTRO_FB_ENTRY_DATA_FINISH,3.7,3
2026-07-12,PY,1-FIRST_LOAD_INTRO_FINISH_Android,2.3,3
2026-07-12,PY,1-9400_GOLD_TRANSACTION_LOG,5.3,3
2026-07-12,PY,1-6020_USER_CURRENT_LEVEL,6.0,3
2026-07-12,PY,1-INTRO_SIGNED_PLAYER_INFO_FINISH,2.7,3
2026-07-12,PY,1-INTRO_FB_START_FINISH,0.0,3
2026-07-12,PY,1-INTRO_FB_ENTRY_POINT_FINISH,3.3,3
2026-07-12,PY,1-ALL_LOAD_INTRO_FINISH,2.3,3
2026-07-12,PY,1-6010_USER_GOLD_BALANCE,5.3,3
2026-07-12,PY,1-1000_LOGIN_COMPLETE,5.3,3
2026-07-12,PY,1-INTRO_FB_SUBSCRIBE_BOT,2.3,3
2026-07-12,PY,1-INTRO_BUNDLE,2.3,3
2026-07-12,PY,1-ALL_LOAD_FB,1.3,3
2026-07-12,PY,1-6012_USER_HAMMER_BALANCE,6.0,3
2026-07-12,PY,1-ALL_LOAD_INTRO_START,2.0,3
2026-07-12,RO,1-INTRO_OBJECT_POOL,3.0,6
2026-07-12,RO,1-6040_SETTING_LANGUAGE,3.0,6
2026-07-12,RO,1-6000_FRIEND_COUNT,2.8,6
2026-07-12,RO,1-INTRO_OBJECT_POOL_FINISH,3.7,6
2026-07-12,RO,1-9400_GOLD_TRANSACTION_LOG,5.7,6
2026-07-12,RO,1-INTRO_LOGIN,5.2,6
2026-07-12,RO,1-INTRO_FB_ENTRY_DATA_FINISH,4.7,6
2026-07-12,RO,1-1010_LOAD_COMPLETE,8.8,6
2026-07-12,RO,1-12001_INTRO_DIRECT_ENTRY_START,6.3,6
2026-07-12,RO,1-12002_INTRO_DIRECT_ENTRY_END,8.8,6
2026-07-12,RO,1-2100_GAMEPLAY_START,8.8,6
2026-07-12,RO,1-6030_USER_CITY_STATUS,6.0,6
2026-07-12,RO,1-ALL_LOAD_INTRO,2.2,6
2026-07-12,RO,1-ALL_LOAD_INTRO_START,2.2,6
2026-07-12,RO,1-INTRO_FB_FRIEND,2.3,6
2026-07-12,RO,1-INTRO_FB_ENTRY_DATA,3.5,6
2026-07-12,RO,1-INTRO_FB_ENTRY_POINT,2.3,6
2026-07-12,RO,1-1000_LOGIN_COMPLETE,5.7,6
2026-07-12,RO,1-INTRO_GAME_DATA_FINISH,3.7,6
2026-07-12,RO,1-INTRO_FB_SUBSCRIBE_BOT_FINISH,3.5,6
2026-07-12,RO,1-9403_BOOSTER_TRANSACTION_LOG,5.7,6
2026-07-12,RO,1-6010_USER_GOLD_BALANCE,5.8,6
2026-07-12,RO,1-INTRO_GAME_DATA,2.3,6
2026-07-12,RO,1-6011_USER_TICKET_BALANCE,5.8,6
2026-07-12,RO,1-6012_USER_HAMMER_BALANCE,6.0,6
2026-07-12,RO,1-6020_USER_CURRENT_LEVEL,6.0,6
2026-07-12,RO,1-INTRO_BUNDLE_FINISH,3.0,6
2026-07-12,RO,1-ALL_LOAD_FB,0.3,6
2026-07-12,RO,1-ALL_LOAD_INTRO_FINISH,2.2,6
2026-07-12,RO,1-INTRO_BUNDLE,2.3,6
2026-07-12,RO,1-INTRO_FB_ENTRY_POINT_FINISH,3.5,6
2026-07-12,RO,1-INTRO_FB_FRIEND_FINISH,2.8,6
2026-07-12,RO,1-INTRO_FB_START_FINISH,0.0,6
2026-07-12,RO,1-INTRO_SIGNED_PLAYER_INFO_FINISH,2.5,6
2026-07-12,RO,1-INTRO_FB_SUBSCRIBE_BOT,2.3,6
2026-07-12,RO,1-INTRO_SIGNED_PLAYER_INFO,2.3,6
2026-07-12,RO,1-3100_TOURNAMENT_CREATE,95.8,5
2026-07-12,RO,1-9990_PLAY_FIRST_TOUCH,17.4,5
2026-07-12,RO,1-2111_TUTO_DECK_DRAW,36.8,5
2026-07-12,RO,1-2094_PRE_LEVEL_PLAY,69.0,5
2026-07-12,RO,1-11002_GAMEPLAY_FINISH_6,330.2,5
2026-07-12,RO,1-2090_PRE_LEVEL_SHOW,67.0,5
2026-07-12,RO,1-2119_TUTO_STREAK,237.8,5
2026-07-12,RO,1-2141_TUTO_STEP_COMPLETE,16.0,5
2026-07-12,RO,1-8060_DAILY_CHECKIN_POPUP,336.4,5
2026-07-12,RO,1-2410_FINISH_RESULT_CLAIM,29.6,5
2026-07-12,RO,1-2211_GAMEPLAY_STREAK_METER_FILL,248.0,5
2026-07-12,RO,1-7180_BTN_DRAW_DECK,43.2,5
2026-07-12,RO,1-12000_TEST_TOUCH,16.0,5
2026-07-12,RO,1-2213_GAMEPLAY_DECK_BONUS,25.6,5
2026-07-12,RO,1-2150_GAMEPLAY_NRU_CARD_MATCH,18.2,5
2026-07-12,RO,1-2210_GAMEPLAY_COMBO_REWARD,27.0,5
2026-07-12,RO,1-2114_TUTO_PRE_LEVEL_POPUP,67.4,5
2026-07-12,RO,1-9402_HAMMER_TRANSACTION_LOG,25.8,5
2026-07-12,RO,1-2212_GAMEPLAY_STREAK_STAR_EARN,248.0,5
2026-07-12,RO,1-2300_GAMEPLAY_FINISH,27.0,5
2026-07-12,RO,1-2510_ENTRY_COST_PAY,69.0,5
2026-07-12,RO,1-2151_GAMEPLAY_NRU_MATCHES,27.0,5
2026-07-12,RO,1-3120_TOURNAMENT_CREATE_FAIL,96.0,5
2026-07-12,RO,1-6110_IDLE_GOLD_COLLECT_TRY,203.4,5
2026-07-12,RO,1-5200_LEADERBOARD,279.8,5
2026-07-12,RO,1-2116_TUTO_PLUS_CARD,116.6,5
2026-07-12,RO,1-2600_GIMMICK_FIRST_APPEAR,116.6,5
2026-07-12,RO,1-6111_IDLE_GOLD_COLLECT_SUCCESS,203.6,5
2026-07-12,RO,1-2400_FINISH_RESULT,28.4,5
2026-07-12,RO,1-2110_TUTO_INGAME_INTRO,12.8,5
2026-07-12,RO,1-2610_GIMMICK_PLUS_CARD_MATCH,118.4,5
2026-07-12,RO,1-11001_GAMEPLAY_FINISH_5,270.8,5
2026-07-12,RO,1-5700_LOBBY,64.0,5
2026-07-12,RO,1-8102_CITY_DECO_UPGRADE_SUCCESS,253.3,4
2026-07-12,RO,1-8061_DAILY_CHECKIN_CLAIM_TRY,273.3,4
2026-07-12,RO,1-8062_DAILY_CHECKIN_CLAIM_SUCCESS,273.3,4
2026-07-12,RO,1-8100_CITY_DECO_POPUP,251.0,4
2026-07-12,RO,1-2124_TUTO_BOOSTER_WILDCARD,296.0,4
2026-07-12,RO,1-11003_GAMEPLAY_FINISH_7,329.5,4
2026-07-12,RO,1-8101_CITY_DECO_UPGRADE_TRY,253.0,4
2026-07-12,RO,1-8105_BTN_CITY_DECO_CLOSE,281.8,4
2026-07-12,RO,1-8120_COLLECTION_POPUP,337.5,4
2026-07-12,RO,1-8064_BTN_DAILY_CHECKIN_CLOSE,275.3,4
2026-07-12,RO,1-8050_DAILY_WHEEL_POPUP,422.7,3
2026-07-12,RO,1-2122_TUTO_BOOSTER_UNDO,272.0,3
2026-07-12,RO,1-5130_SHOP_AD_GOLD_TRY,216.7,3
2026-07-12,RO,1-8053_BTN_DAILY_WHEEL_CLOSE,433.0,3
2026-07-12,RO,1-FIRST_LOAD_INTRO_START_Android,3.7,3
2026-07-12,RO,1-5004_BTN_SHOP_CLOSE,250.0,3
2026-07-12,RO,1-11004_GAMEPLAY_FINISH_8,296.0,3
2026-07-12,RO,1-2123_TUTO_BOOSTER_FIREWORKS,357.7,3
2026-07-12,RO,1-FIRST_LOAD_INTRO_FINISH_Android,3.7,3
2026-07-12,RO,1-2181_GAMEPLAY_ITEM_WILDCARD_SUCCESS,340.7,3
2026-07-12,RO,1-11005_GAMEPLAY_FINISH_9,384.0,3
2026-07-12,RO,1-4200_RV_START,216.7,3
2026-07-12,RO,1-2091_PRE_LEVEL_BOOSTER_SELECT,359.3,3
2026-07-12,RO,1-2170_GAMEPLAY_ITEM_FIREWORKS_TRY,371.0,3
2026-07-12,RO,1-2180_GAMEPLAY_ITEM_WILDCARD_TRY,340.7,3
2026-07-12,RO,1-8051_DAILY_WHEEL_SPIN_SUCCESS,430.7,3
2026-07-12,RO,1-FIRST_LOAD_FB_Android,0.7,3
2026-07-12,RO,1-FIRST_LOAD_INTRO_Android,3.7,3
2026-07-12,RO,1-2171_GAMEPLAY_ITEM_FIREWORKS_SUCCESS,371.0,3
2026-07-12,RO,1-5000_SHOP,213.0,3
2026-07-12,RO,1-2190_GAMEPLAY_ITEM_EXTRADECK_TRY,464.0,2
2026-07-12,RO,1-2093_PRE_LEVEL_BETTING,392.5,2
2026-07-12,RO,1-FIRST_LOAD_INTRO_etc,0.5,2
2026-07-12,RO,1-2125_TUTO_BOOSTER_EXTRADECK,461.5,2
2026-07-12,RO,1-FIRST_LOAD_INTRO_START_etc,0.5,2
2026-07-12,RO,1-FIRST_LOAD_FB_etc,0.0,2
2026-07-12,RO,1-12020_FRAME_DROP_LOG,224.5,2
2026-07-12,RO,1-11006_GAMEPLAY_FINISH_10,432.5,2
2026-07-12,RO,1-8025_BTN_SETTING_CLOSE,91.0,2
2026-07-12,RO,1-FIRST_LOAD_INTRO_FINISH_etc,0.5,2
2026-07-12,RO,1-2160_GAMEPLAY_ITEM_UNDO_TRY,256.0,2
2026-07-12,RO,1-8900_RV_ERROR_BANNER_POPUP,178.0,2
2026-07-12,RO,1-4220_RV_ERROR,178.0,2
2026-07-12,RO,1-2191_GAMEPLAY_ITEM_EXTRADECK_SUCCESS,464.0,2
2026-07-12,RO,1-8110_RV_POPUP_GOLD_TRY,581.5,2
2026-07-12,RO,1-2127_TUTO_BETTING_2,391.5,2
2026-07-12,RO,1-8131_CITY_LIST_SELECT,339.5,2
2026-07-12,RO,1-5132_SHOP_AD_GOLD_FAIL,178.0,2
2026-07-12,RO,1-8020_SETTING_POPUP,83.5,2
2026-07-12,RO,1-8021_BTN_SETTING_MUSIC,85.0,2
2026-07-12,RO,1-8130_CITY_LIST_POPUP,336.5,2
2026-07-12,RO,1-2161_GAMEPLAY_ITEM_UNDO_SUCCESS,256.5,2
2026-07-12,SD,1-INTRO_FB_ENTRY_DATA,4.2,5
2026-07-12,SD,1-INTRO_FB_SUBSCRIBE_BOT_FINISH,5.6,5
2026-07-12,SD,1-FIRST_LOAD_FB_Android,1.8,5
2026-07-12,SD,1-INTRO_SIGNED_PLAYER_INFO_FINISH,3.4,5
2026-07-12,SD,1-6020_USER_CURRENT_LEVEL,10.6,5
2026-07-12,SD,1-INTRO_FB_ENTRY_POINT,3.2,5
2026-07-12,SD,1-FIRST_LOAD_INTRO_START_Android,2.8,5
2026-07-12,SD,1-6030_USER_CITY_STATUS,10.6,5
2026-07-12,SD,1-12001_INTRO_DIRECT_ENTRY_START,10.6,5
2026-07-12,SD,1-INTRO_SIGNED_PLAYER_INFO,3.2,5
2026-07-12,SD,1-1000_LOGIN_COMPLETE,9.6,5
2026-07-12,SD,1-INTRO_LOGIN,8.6,5
2026-07-12,SD,1-INTRO_BUNDLE_FINISH,4.0,5
2026-07-12,SD,1-INTRO_GAME_DATA,3.2,5
2026-07-12,SD,1-ALL_LOAD_INTRO_START,2.8,5
2026-07-12,SD,1-INTRO_FB_ENTRY_DATA_FINISH,6.0,5
2026-07-12,SD,1-INTRO_OBJECT_POOL,4.0,5
2026-07-12,SD,1-9400_GOLD_TRANSACTION_LOG,9.4,5
2026-07-12,SD,1-INTRO_FB_SUBSCRIBE_BOT,3.2,5
2026-07-12,SD,1-ALL_LOAD_INTRO,2.8,5
2026-07-12,SD,1-INTRO_FB_START_FINISH,0.0,5
2026-07-12,SD,1-INTRO_GAME_DATA_FINISH,8.2,5
2026-07-12,SD,1-6040_SETTING_LANGUAGE,4.0,5
2026-07-12,SD,1-INTRO_FB_FRIEND_FINISH,3.2,5
2026-07-12,SD,1-6000_FRIEND_COUNT,3.2,5
2026-07-12,SD,1-FIRST_LOAD_INTRO_FINISH_Android,2.8,5
2026-07-12,SD,1-INTRO_FB_ENTRY_POINT_FINISH,4.2,5
2026-07-12,SD,1-FIRST_LOAD_INTRO_Android,2.8,5
2026-07-12,SD,1-9403_BOOSTER_TRANSACTION_LOG,9.6,5
2026-07-12,SD,1-6010_USER_GOLD_BALANCE,10.6,5
2026-07-12,SD,1-INTRO_OBJECT_POOL_FINISH,7.4,5
2026-07-12,SD,1-INTRO_BUNDLE,3.2,5
2026-07-12,SD,1-ALL_LOAD_INTRO_FINISH,2.8,5
2026-07-12,SD,1-ALL_LOAD_FB,1.8,5
2026-07-12,SD,1-6012_USER_HAMMER_BALANCE,10.6,5
2026-07-12,SD,1-6011_USER_TICKET_BALANCE,10.6,5
2026-07-12,SD,1-INTRO_FB_FRIEND,3.2,5
2026-07-12,SD,1-12002_INTRO_DIRECT_ENTRY_END,16.3,3
2026-07-12,SD,1-2100_GAMEPLAY_START,16.0,3
2026-07-12,SD,1-1010_LOAD_COMPLETE,16.0,3
2026-07-12,SD,1-NETWORK_TIMEOUT_RETRY,9.0,2
2026-07-12,SD,1-NETWORK_TIMEOUT,9.0,2
2026-07-12,SD,1-FIRST_INTRO_DEBUG_ERROR_98_Android,12.5,2
2026-07-12,SD,1-12000_TEST_TOUCH,16.5,2
2026-07-12,SD,1-2110_TUTO_INGAME_INTRO,61.0,2
2026-07-12,SD,1-ALL_INTRO_DEBUG_ERROR_98,12.5,2
2026-07-12,SK,1-12001_INTRO_DIRECT_ENTRY_START,2.8,4
2026-07-12,SK,1-2141_TUTO_STEP_COMPLETE,11.5,4
2026-07-12,SK,1-2151_GAMEPLAY_NRU_MATCHES,22.0,4
2026-07-12,SK,1-2211_GAMEPLAY_STREAK_METER_FILL,253.3,4
2026-07-12,SK,1-ALL_LOAD_FB,0.3,4
2026-07-12,SK,1-2600_GIMMICK_FIRST_APPEAR,203.5,4
2026-07-12,SK,1-INTRO_FB_ENTRY_POINT,1.3,4
2026-07-12,SK,1-9403_BOOSTER_TRANSACTION_LOG,2.3,4
2026-07-12,SK,1-6020_USER_CURRENT_LEVEL,2.5,4
2026-07-12,SK,1-INTRO_FB_ENTRY_DATA,1.5,4
2026-07-12,SK,1-6110_IDLE_GOLD_COLLECT_TRY,230.5,4
2026-07-12,SK,1-9990_PLAY_FIRST_TOUCH,14.3,4
2026-07-12,SK,1-INTRO_FB_START_FINISH,0.0,4
2026-07-12,SK,1-8100_CITY_DECO_POPUP,203.0,4
2026-07-12,SK,1-INTRO_OBJECT_POOL_FINISH,1.8,4
2026-07-12,SK,1-8102_CITY_DECO_UPGRADE_SUCCESS,206.5,4
2026-07-12,SK,1-8101_CITY_DECO_UPGRADE_TRY,206.5,4
2026-07-12,SK,1-9400_GOLD_TRANSACTION_LOG,2.3,4
2026-07-12,SK,1-INTRO_FB_ENTRY_POINT_FINISH,1.5,4
2026-07-12,SK,1-6040_SETTING_LANGUAGE,1.3,4
2026-07-12,SK,1-9402_HAMMER_TRANSACTION_LOG,21.0,4
2026-07-12,SK,1-2610_GIMMICK_PLUS_CARD_MATCH,205.0,4
2026-07-12,SK,1-INTRO_FB_FRIEND_FINISH,1.8,4
2026-07-12,SK,1-2210_GAMEPLAY_COMBO_REWARD,22.0,4
2026-07-12,SK,1-5700_LOBBY,44.5,4
2026-07-12,SK,1-INTRO_FB_SUBSCRIBE_BOT,1.3,4
2026-07-12,SK,1-INTRO_OBJECT_POOL,1.3,4
2026-07-12,SK,1-INTRO_BUNDLE_FINISH,1.3,4
2026-07-12,SK,1-2150_GAMEPLAY_NRU_CARD_MATCH,15.0,4
2026-07-12,SK,1-INTRO_BUNDLE,1.3,4
2026-07-12,SK,1-6012_USER_HAMMER_BALANCE,2.5,4
2026-07-12,SK,1-3100_TOURNAMENT_CREATE,66.5,4
2026-07-12,SK,1-2510_ENTRY_COST_PAY,48.8,4
2026-07-12,SK,1-INTRO_FB_FRIEND,1.3,4
2026-07-12,SK,1-2116_TUTO_PLUS_CARD,203.5,4
2026-07-12,SK,1-2111_TUTO_DECK_DRAW,28.0,4
2026-07-12,SK,1-6111_IDLE_GOLD_COLLECT_SUCCESS,230.5,4
2026-07-12,SK,1-6000_FRIEND_COUNT,1.8,4
2026-07-12,SK,1-2090_PRE_LEVEL_SHOW,46.8,4
2026-07-12,SK,1-INTRO_SIGNED_PLAYER_INFO,1.3,4
2026-07-12,SK,1-12000_TEST_TOUCH,11.5,4
2026-07-12,SK,1-1000_LOGIN_COMPLETE,2.3,4
2026-07-12,SK,1-2213_GAMEPLAY_DECK_BONUS,20.8,4
2026-07-12,SK,1-2400_FINISH_RESULT,22.8,4
2026-07-12,SK,1-ALL_LOAD_INTRO_FINISH,1.3,4
2026-07-12,SK,1-2300_GAMEPLAY_FINISH,22.0,4
2026-07-12,SK,1-2094_PRE_LEVEL_PLAY,48.8,4
2026-07-12,SK,1-INTRO_FB_ENTRY_DATA_FINISH,2.3,4
2026-07-12,SK,1-2212_GAMEPLAY_STREAK_STAR_EARN,253.3,4
2026-07-12,SK,1-2119_TUTO_STREAK,246.8,4
2026-07-12,SK,1-3120_TOURNAMENT_CREATE_FAIL,66.5,4
2026-07-12,SK,1-6011_USER_TICKET_BALANCE,2.5,4
2026-07-12,SK,1-2114_TUTO_PRE_LEVEL_POPUP,47.5,4
2026-07-12,SK,1-INTRO_GAME_DATA,1.3,4
2026-07-12,SK,1-2110_TUTO_INGAME_INTRO,6.0,4
2026-07-12,SK,1-INTRO_GAME_DATA_FINISH,2.0,4
2026-07-12,SK,1-2410_FINISH_RESULT_CLAIM,24.3,4
2026-07-12,SK,1-INTRO_LOGIN,2.3,4
2026-07-12,SK,1-8105_BTN_CITY_DECO_CLOSE,208.5,4
2026-07-12,SK,1-ALL_LOAD_INTRO,1.3,4
2026-07-12,SK,1-6010_USER_GOLD_BALANCE,2.5,4
2026-07-12,SK,1-2100_GAMEPLAY_START,4.0,4
2026-07-12,SK,1-7180_BTN_DRAW_DECK,31.3,4
2026-07-12,SK,1-6030_USER_CITY_STATUS,2.5,4
2026-07-12,SK,1-ALL_LOAD_INTRO_START,1.3,4
2026-07-12,SK,1-12002_INTRO_DIRECT_ENTRY_END,4.0,4
2026-07-12,SK,1-1010_LOAD_COMPLETE,4.0,4
2026-07-12,SK,1-INTRO_FB_SUBSCRIBE_BOT_FINISH,1.5,4
2026-07-12,SK,1-INTRO_SIGNED_PLAYER_INFO_FINISH,1.3,4
2026-07-12,SK,1-2125_TUTO_BOOSTER_EXTRADECK,414.0,3
2026-07-12,SK,1-2124_TUTO_BOOSTER_WILDCARD,210.0,3
2026-07-12,SK,1-FIRST_LOAD_FB_etc,0.3,3
2026-07-12,SK,1-8060_DAILY_CHECKIN_POPUP,195.3,3
2026-07-12,SK,1-2093_PRE_LEVEL_BETTING,382.0,3
2026-07-12,SK,1-FIRST_LOAD_INTRO_START_etc,1.0,3
2026-07-12,SK,1-11005_GAMEPLAY_FINISH_9,306.0,3
2026-07-12,SK,1-8064_BTN_DAILY_CHECKIN_CLOSE,198.7,3
2026-07-12,SK,1-11004_GAMEPLAY_FINISH_8,272.7,3
2026-07-12,SK,1-8050_DAILY_WHEEL_POPUP,311.7,3
2026-07-12,SK,1-2122_TUTO_BOOSTER_UNDO,252.0,3
2026-07-12,SK,1-8062_DAILY_CHECKIN_CLAIM_SUCCESS,197.0,3
2026-07-12,SK,1-8051_DAILY_WHEEL_SPIN_SUCCESS,319.7,3
2026-07-12,SK,1-5004_BTN_SHOP_CLOSE,257.7,3
2026-07-12,SK,1-11006_GAMEPLAY_FINISH_10,422.3,3
2026-07-12,SK,1-8053_BTN_DAILY_WHEEL_CLOSE,321.3,3
2026-07-12,SK,1-2127_TUTO_BETTING_2,380.7,3
2026-07-12,SK,1-8061_DAILY_CHECKIN_CLAIM_TRY,197.0,3
2026-07-12,SK,1-8120_COLLECTION_POPUP,238.0,3
2026-07-12,SK,1-11002_GAMEPLAY_FINISH_6,192.3,3
2026-07-12,SK,1-FIRST_LOAD_INTRO_FINISH_etc,1.0,3
2026-07-12,SK,1-2091_PRE_LEVEL_BOOSTER_SELECT,289.3,3
2026-07-12,SK,1-11003_GAMEPLAY_FINISH_7,232.7,3
2026-07-12,SK,1-2123_TUTO_BOOSTER_FIREWORKS,287.7,3
2026-07-12,SK,1-11001_GAMEPLAY_FINISH_5,156.7,3
2026-07-12,SK,1-FIRST_LOAD_INTRO_etc,1.0,3
2026-07-12,SK,1-5000_SHOP,254.7,3
2026-07-12,SK,1-5200_LEADERBOARD,162.7,3
2026-07-12,SK,1-2180_GAMEPLAY_ITEM_WILDCARD_TRY,330.5,2
2026-07-12,SK,1-2181_GAMEPLAY_ITEM_WILDCARD_SUCCESS,330.5,2
2026-07-12,SK,1-5100_DAILY_TASK,399.0,2
2026-07-12,SK,1-5105_BTN_DAILY_TASK_CLOSE,402.5,2
2026-07-12,SK,1-4210_RV_FINISH,486.5,2
2026-07-12,SK,1-2191_GAMEPLAY_ITEM_EXTRADECK_SUCCESS,473.5,2
2026-07-12,SK,1-5412_EVENT_RED_CARD_MILESTONE_CLOSE,473.5,2
2026-07-12,SK,1-5410_EVENT_RED_CARD_MILESTONE,467.5,2
2026-07-12,SK,1-2170_GAMEPLAY_ITEM_FIREWORKS_TRY,299.0,2
2026-07-12,SK,1-2171_GAMEPLAY_ITEM_FIREWORKS_SUCCESS,299.0,2
2026-07-12,SK,1-8020_SETTING_POPUP,80.5,2
2026-07-12,SK,1-8021_BTN_SETTING_MUSIC,82.0,2
2026-07-12,SK,1-8025_BTN_SETTING_CLOSE,83.0,2
2026-07-12,SK,1-4200_RV_START,460.0,2
2026-07-12,SK,1-2190_GAMEPLAY_ITEM_EXTRADECK_TRY,473.0,2
2026-07-12,SK,1-5411_EVENT_RED_CARD_MILESTONE_PLAY,471.0,2
2026-07-12,SN,1-INTRO_FB_ENTRY_DATA,21.8,4
2026-07-12,SN,1-FIRST_LOAD_INTRO_Android,8.3,4
2026-07-12,SN,1-ALL_LOAD_FB,3.3,4
2026-07-12,SN,1-6012_USER_HAMMER_BALANCE,25.3,4
2026-07-12,SN,1-9403_BOOSTER_TRANSACTION_LOG,24.5,4
2026-07-12,SN,1-ALL_LOAD_INTRO_FINISH,8.5,4
2026-07-12,SN,1-6011_USER_TICKET_BALANCE,25.3,4
2026-07-12,SN,1-6010_USER_GOLD_BALANCE,25.3,4
2026-07-12,SN,1-1000_LOGIN_COMPLETE,24.5,4
2026-07-12,SN,1-INTRO_BUNDLE,20.5,4
2026-07-12,SN,1-INTRO_FB_ENTRY_POINT,20.5,4
2026-07-12,SN,1-INTRO_BUNDLE_FINISH,21.8,4
2026-07-12,SN,1-ALL_LOAD_INTRO,8.3,4
2026-07-12,SN,1-FIRST_LOAD_INTRO_START_Android,8.5,4
2026-07-12,SN,1-INTRO_FB_ENTRY_POINT_FINISH,21.8,4
2026-07-12,SN,1-6020_USER_CURRENT_LEVEL,25.3,4
2026-07-12,SN,1-INTRO_FB_FRIEND_FINISH,21.3,4
2026-07-12,SN,1-INTRO_FB_START_FINISH,0.0,4
2026-07-12,SN,1-INTRO_GAME_DATA_FINISH,23.3,4
2026-07-12,SN,1-INTRO_FB_SUBSCRIBE_BOT,20.5,4
2026-07-12,SN,1-INTRO_OBJECT_POOL,21.8,4
2026-07-12,SN,1-INTRO_FB_SUBSCRIBE_BOT_FINISH,21.8,4
2026-07-12,SN,1-INTRO_SIGNED_PLAYER_INFO,20.5,4
2026-07-12,SN,1-INTRO_SIGNED_PLAYER_INFO_FINISH,21.3,4
2026-07-12,SN,1-6040_SETTING_LANGUAGE,21.8,4
2026-07-12,SN,1-INTRO_GAME_DATA,21.0,4
2026-07-12,SN,1-INTRO_LOGIN,23.5,4
2026-07-12,SN,1-6030_USER_CITY_STATUS,25.3,4
2026-07-12,SN,1-INTRO_FB_ENTRY_DATA_FINISH,22.0,4
2026-07-12,SN,1-ALL_LOAD_INTRO_START,8.5,4
2026-07-12,SN,1-9400_GOLD_TRANSACTION_LOG,24.5,4
2026-07-12,SN,1-INTRO_FB_FRIEND,20.5,4
2026-07-12,SN,1-FIRST_LOAD_FB_Android,3.3,4
2026-07-12,SN,1-6000_FRIEND_COUNT,21.3,4
2026-07-12,SN,1-FIRST_LOAD_INTRO_FINISH_Android,8.5,4
2026-07-12,SN,1-FIRST_INTRO_DEBUG_ERROR_98_Android,18.3,3
2026-07-12,SN,1-INTRO_OBJECT_POOL_FINISH,9.0,3
2026-07-12,SN,1-1010_LOAD_COMPLETE,16.0,3
2026-07-12,SN,1-2141_TUTO_STEP_COMPLETE,32.7,3
2026-07-12,SN,1-2110_TUTO_INGAME_INTRO,18.7,3
2026-07-12,SN,1-12000_TEST_TOUCH,21.3,3
2026-07-12,SN,1-ALL_INTRO_DEBUG_ERROR_98,18.3,3
2026-07-12,SN,1-12002_INTRO_DIRECT_ENTRY_END,16.0,3
2026-07-12,SN,1-12001_INTRO_DIRECT_ENTRY_START,12.0,3
2026-07-12,SN,1-2100_GAMEPLAY_START,16.0,3
2026-07-12,SN,1-FIRST_INTRO_DEBUG_ERROR_PASS_AFTER_98_Android,17.0,2
2026-07-12,SN,1-ALL_INTRO_DEBUG_ERROR_PASS_AFTER_98,17.0,2
2026-07-12,SN,1-2150_GAMEPLAY_NRU_CARD_MATCH,55.0,2
2026-07-12,SN,1-9990_PLAY_FIRST_TOUCH,54.5,2
2026-07-12,SO,1-6020_USER_CURRENT_LEVEL,31.0,2
2026-07-12,SO,1-INTRO_LOGIN,29.0,2
2026-07-12,SO,1-2510_ENTRY_COST_PAY,136.0,2
2026-07-12,SO,1-INTRO_FB_ENTRY_DATA_FINISH,29.0,2
2026-07-12,SO,1-6030_USER_CITY_STATUS,31.0,2
2026-07-12,SO,1-9990_PLAY_FIRST_TOUCH,48.0,2
2026-07-12,SO,1-FIRST_LOAD_INTRO_Android,26.0,2
2026-07-12,SO,1-3100_TOURNAMENT_CREATE,217.5,2
2026-07-12,SO,1-2410_FINISH_RESULT_CLAIM,86.5,2
2026-07-12,SO,1-6000_FRIEND_COUNT,27.0,2
2026-07-12,SO,1-2213_GAMEPLAY_DECK_BONUS,80.0,2
2026-07-12,SO,1-2110_TUTO_INGAME_INTRO,39.0,2
2026-07-12,SO,1-1010_LOAD_COMPLETE,36.5,2
2026-07-12,SO,1-INTRO_SIGNED_PLAYER_INFO_FINISH,27.0,2
2026-07-12,SO,1-6040_SETTING_LANGUAGE,28.5,2
2026-07-12,SO,1-ALL_LOAD_INTRO,26.0,2
2026-07-12,SO,1-2300_GAMEPLAY_FINISH,81.5,2
2026-07-12,SO,1-ALL_LOAD_INTRO_START,26.0,2
2026-07-12,SO,1-INTRO_OBJECT_POOL,28.5,2
2026-07-12,SO,1-INTRO_FB_SUBSCRIBE_BOT,26.5,2
2026-07-12,SO,1-FIRST_LOAD_FB_Android,15.0,2
2026-07-12,SO,1-INTRO_SIGNED_PLAYER_INFO,26.5,2
2026-07-12,SO,1-INTRO_FB_START_FINISH,0.0,2
2026-07-12,SO,1-9403_BOOSTER_TRANSACTION_LOG,30.0,2
2026-07-12,SO,1-2150_GAMEPLAY_NRU_CARD_MATCH,51.0,2
2026-07-12,SO,1-3120_TOURNAMENT_CREATE_FAIL,219.0,2
2026-07-12,SO,1-2400_FINISH_RESULT,85.0,2
2026-07-12,SO,1-2090_PRE_LEVEL_SHOW,133.5,2
2026-07-12,SO,1-2094_PRE_LEVEL_PLAY,136.0,2
2026-07-12,SO,1-2114_TUTO_PRE_LEVEL_POPUP,134.5,2
2026-07-12,SO,1-2100_GAMEPLAY_START,36.5,2
2026-07-12,SO,1-INTRO_FB_ENTRY_POINT_FINISH,28.0,2
2026-07-12,SO,1-12002_INTRO_DIRECT_ENTRY_END,36.5,2
2026-07-12,SO,1-12001_INTRO_DIRECT_ENTRY_START,31.0,2
2026-07-12,SO,1-FIRST_LOAD_INTRO_START_Android,26.0,2
2026-07-12,SO,1-7180_BTN_DRAW_DECK,96.5,2
2026-07-12,SO,1-6011_USER_TICKET_BALANCE,31.0,2
2026-07-12,SO,1-6010_USER_GOLD_BALANCE,31.0,2
2026-07-12,SO,1-INTRO_BUNDLE_FINISH,28.5,2
2026-07-12,SO,1-INTRO_FB_FRIEND_FINISH,27.0,2
2026-07-12,SO,1-INTRO_BUNDLE,26.0,2
2026-07-12,SO,1-2210_GAMEPLAY_COMBO_REWARD,81.5,2
2026-07-12,SO,1-ALL_LOAD_INTRO_FINISH,26.0,2
2026-07-12,SO,1-2111_TUTO_DECK_DRAW,90.5,2
2026-07-12,SO,1-INTRO_GAME_DATA_FINISH,29.0,2
2026-07-12,SO,1-6012_USER_HAMMER_BALANCE,31.0,2
2026-07-12,SO,1-INTRO_GAME_DATA,27.0,2
2026-07-12,SO,1-INTRO_FB_SUBSCRIBE_BOT_FINISH,28.0,2
2026-07-12,SO,1-FIRST_LOAD_INTRO_FINISH_Android,26.0,2
2026-07-12,SO,1-9402_HAMMER_TRANSACTION_LOG,80.5,2
2026-07-12,SO,1-5700_LOBBY,131.5,2
2026-07-12,SO,1-INTRO_FB_ENTRY_DATA,28.0,2
2026-07-12,SO,1-9400_GOLD_TRANSACTION_LOG,30.0,2
2026-07-12,SO,1-2151_GAMEPLAY_NRU_MATCHES,81.5,2
2026-07-12,SO,1-2141_TUTO_STEP_COMPLETE,45.5,2
2026-07-12,SO,1-1000_LOGIN_COMPLETE,30.0,2
2026-07-12,SO,1-ALL_LOAD_FB,15.0,2
2026-07-12,SO,1-INTRO_FB_ENTRY_POINT,26.5,2
2026-07-12,SO,1-12000_TEST_TOUCH,42.0,2
2026-07-12,SO,1-INTRO_OBJECT_POOL_FINISH,29.0,2
2026-07-12,SO,1-INTRO_FB_FRIEND,26.5,2
2026-07-12,SV,1-INTRO_FB_ENTRY_POINT_FINISH,16.5,4
2026-07-12,SV,1-INTRO_SIGNED_PLAYER_INFO_FINISH,16.0,4
2026-07-12,SV,1-6010_USER_GOLD_BALANCE,18.3,4
2026-07-12,SV,1-6040_SETTING_LANGUAGE,16.5,4
2026-07-12,SV,1-6000_FRIEND_COUNT,16.3,4
2026-07-12,SV,1-FIRST_LOAD_INTRO_Android,3.5,4
2026-07-12,SV,1-FIRST_LOAD_FB_Android,1.8,4
2026-07-12,SV,1-INTRO_GAME_DATA_FINISH,17.8,4
2026-07-12,SV,1-INTRO_GAME_DATA,15.8,4
2026-07-12,SV,1-9403_BOOSTER_TRANSACTION_LOG,18.0,4
2026-07-12,SV,1-INTRO_FB_SUBSCRIBE_BOT_FINISH,16.5,4
2026-07-12,SV,1-ALL_LOAD_INTRO,3.5,4
2026-07-12,SV,1-6030_USER_CITY_STATUS,18.5,4
2026-07-12,SV,1-FIRST_LOAD_INTRO_FINISH_Android,3.8,4
2026-07-12,SV,1-6012_USER_HAMMER_BALANCE,18.3,4
2026-07-12,SV,1-6020_USER_CURRENT_LEVEL,18.5,4
2026-07-12,SV,1-1000_LOGIN_COMPLETE,18.3,4
2026-07-12,SV,1-INTRO_LOGIN,17.8,4
2026-07-12,SV,1-INTRO_FB_SUBSCRIBE_BOT,15.8,4
2026-07-12,SV,1-ALL_LOAD_INTRO_START,3.5,4
2026-07-12,SV,1-INTRO_FB_FRIEND,15.8,4
2026-07-12,SV,1-INTRO_FB_ENTRY_POINT,15.8,4
2026-07-12,SV,1-ALL_LOAD_FB,1.8,4
2026-07-12,SV,1-INTRO_SIGNED_PLAYER_INFO,15.8,4
2026-07-12,SV,1-INTRO_OBJECT_POOL,16.5,4
2026-07-12,SV,1-ALL_LOAD_INTRO_FINISH,3.8,4
2026-07-12,SV,1-INTRO_FB_ENTRY_DATA_FINISH,17.0,4
2026-07-12,SV,1-FIRST_LOAD_INTRO_START_Android,3.5,4
2026-07-12,SV,1-INTRO_FB_FRIEND_FINISH,16.3,4
2026-07-12,SV,1-INTRO_BUNDLE_FINISH,16.5,4
2026-07-12,SV,1-INTRO_BUNDLE,15.5,4
2026-07-12,SV,1-INTRO_FB_ENTRY_DATA,16.5,4
2026-07-12,SV,1-6011_USER_TICKET_BALANCE,18.3,4
2026-07-12,SV,1-9400_GOLD_TRANSACTION_LOG,17.8,4
2026-07-12,SV,1-INTRO_FB_START_FINISH,0.0,4
2026-07-12,SV,1-12000_TEST_TOUCH,27.3,3
2026-07-12,SV,1-1010_LOAD_COMPLETE,13.3,3
2026-07-12,SV,1-12001_INTRO_DIRECT_ENTRY_START,11.0,3
2026-07-12,SV,1-12002_INTRO_DIRECT_ENTRY_END,13.3,3
2026-07-12,SV,1-2100_GAMEPLAY_START,13.0,3
2026-07-12,SV,1-2141_TUTO_STEP_COMPLETE,37.3,3
2026-07-12,SV,1-2110_TUTO_INGAME_INTRO,28.7,3
2026-07-12,SV,1-INTRO_OBJECT_POOL_FINISH,10.0,3
2026-07-12,SV,1-2151_GAMEPLAY_NRU_MATCHES,107.5,2
2026-07-12,SV,1-2210_GAMEPLAY_COMBO_REWARD,107.5,2
2026-07-12,SV,1-FIRST_INTRO_DEBUG_ERROR_98_Android,12.5,2
2026-07-12,SV,1-2300_GAMEPLAY_FINISH,106.5,2
2026-07-12,SV,1-2213_GAMEPLAY_DECK_BONUS,106.0,2
2026-07-12,SV,1-9990_PLAY_FIRST_TOUCH,34.5,2
2026-07-12,SV,1-2150_GAMEPLAY_NRU_CARD_MATCH,34.5,2
2026-07-12,SV,1-ALL_INTRO_DEBUG_ERROR_98,12.5,2
2026-07-12,TH,1-6040_SETTING_LANGUAGE,3.7,18
2026-07-12,TH,1-9403_BOOSTER_TRANSACTION_LOG,13.6,18
2026-07-12,TH,1-6012_USER_HAMMER_BALANCE,13.9,18
2026-07-12,TH,1-ALL_LOAD_INTRO_START,2.7,18
2026-07-12,TH,1-INTRO_FB_FRIEND_FINISH,5.9,18
2026-07-12,TH,1-INTRO_FB_FRIEND,2.9,18
2026-07-12,TH,1-6030_USER_CITY_STATUS,14.1,18
2026-07-12,TH,1-INTRO_FB_START_FINISH,0.0,18
2026-07-12,TH,1-INTRO_FB_SUBSCRIBE_BOT,2.9,18
2026-07-12,TH,1-INTRO_OBJECT_POOL,3.7,18
2026-07-12,TH,1-6010_USER_GOLD_BALANCE,13.9,18
2026-07-12,TH,1-9400_GOLD_TRANSACTION_LOG,13.6,18
2026-07-12,TH,1-INTRO_FB_ENTRY_DATA,3.7,18
2026-07-12,TH,1-INTRO_SIGNED_PLAYER_INFO,2.9,18
2026-07-12,TH,1-INTRO_SIGNED_PLAYER_INFO_FINISH,3.3,18
2026-07-12,TH,1-INTRO_BUNDLE_FINISH,3.7,18
2026-07-12,TH,1-6000_FRIEND_COUNT,5.9,18
2026-07-12,TH,1-INTRO_FB_ENTRY_POINT_FINISH,3.7,18
2026-07-12,TH,1-INTRO_BUNDLE,2.8,18
2026-07-12,TH,1-6011_USER_TICKET_BALANCE,13.9,18
2026-07-12,TH,1-INTRO_FB_ENTRY_POINT,2.9,18
2026-07-12,TH,1-INTRO_GAME_DATA,3.1,18
2026-07-12,TH,1-1000_LOGIN_COMPLETE,13.8,18
2026-07-12,TH,1-INTRO_FB_SUBSCRIBE_BOT_FINISH,3.8,18
2026-07-12,TH,1-INTRO_LOGIN,12.7,18
2026-07-12,TH,1-6020_USER_CURRENT_LEVEL,14.0,18
2026-07-12,TH,1-INTRO_FB_ENTRY_DATA_FINISH,5.2,18
2026-07-12,TH,1-ALL_LOAD_INTRO_FINISH,2.7,18
2026-07-12,TH,1-INTRO_GAME_DATA_FINISH,10.8,18
2026-07-12,TH,1-ALL_LOAD_FB,1.1,18
2026-07-12,TH,1-ALL_LOAD_INTRO,2.7,18
2026-07-12,TH,1-INTRO_OBJECT_POOL_FINISH,5.2,17
2026-07-12,TH,1-1010_LOAD_COMPLETE,22.6,16
2026-07-12,TH,1-12002_INTRO_DIRECT_ENTRY_END,22.8,16
2026-07-12,TH,1-2100_GAMEPLAY_START,22.5,16
2026-07-12,TH,1-12001_INTRO_DIRECT_ENTRY_START,17.4,16
2026-07-12,TH,1-2110_TUTO_INGAME_INTRO,36.2,14
2026-07-12,TH,1-12000_TEST_TOUCH,25.8,13
2026-07-12,TH,1-FIRST_LOAD_INTRO_Android,3.3,12
2026-07-12,TH,1-2141_TUTO_STEP_COMPLETE,47.6,12
2026-07-12,TH,1-FIRST_LOAD_INTRO_FINISH_Android,3.4,12
2026-07-12,TH,1-FIRST_LOAD_FB_Android,1.3,12
2026-07-12,TH,1-FIRST_LOAD_INTRO_START_Android,3.3,12
2026-07-12,TH,1-2410_FINISH_RESULT_CLAIM,39.7,6
2026-07-12,TH,1-2150_GAMEPLAY_NRU_CARD_MATCH,24.3,6
2026-07-12,TH,1-7180_BTN_DRAW_DECK,52.3,6
2026-07-12,TH,1-2151_GAMEPLAY_NRU_MATCHES,37.0,6
2026-07-12,TH,1-2111_TUTO_DECK_DRAW,43.5,6
2026-07-12,TH,1-2114_TUTO_PRE_LEVEL_POPUP,77.3,6
2026-07-12,TH,1-2210_GAMEPLAY_COMBO_REWARD,37.0,6
2026-07-12,TH,1-ALL_INTRO_DEBUG_ERROR_98,30.3,6
2026-07-12,TH,1-2300_GAMEPLAY_FINISH,37.0,6
2026-07-12,TH,1-9990_PLAY_FIRST_TOUCH,22.8,6
2026-07-12,TH,1-2213_GAMEPLAY_DECK_BONUS,36.0,6
2026-07-12,TH,1-ALL_INTRO_DEBUG_ERROR_PASS_AFTER_98,66.7,6
2026-07-12,TH,1-9402_HAMMER_TRANSACTION_LOG,36.3,6
2026-07-12,TH,1-2400_FINISH_RESULT,38.2,6
2026-07-12,TH,1-2090_PRE_LEVEL_SHOW,77.3,6
2026-07-12,TH,1-9300_CLIENT_LOG,1.3,6
2026-07-12,TH,1-5700_LOBBY,73.7,6
2026-07-12,TH,1-FIRST_LOAD_INTRO_FINISH_iOS,1.4,5
2026-07-12,TH,1-FIRST_LOAD_INTRO_START_iOS,1.4,5
2026-07-12,TH,1-FIRST_INTRO_DEBUG_ERROR_98_Android,14.6,5
2026-07-12,TH,1-FIRST_LOAD_FB_iOS,0.8,5
2026-07-12,TH,1-FIRST_LOAD_INTRO_iOS,1.4,5
2026-07-12,TH,1-2094_PRE_LEVEL_PLAY,80.6,5
2026-07-12,TH,1-2510_ENTRY_COST_PAY,80.6,5
2026-07-12,TH,1-3120_TOURNAMENT_CREATE_FAIL,102.3,4
2026-07-12,TH,1-FIRST_INTRO_DEBUG_ERROR_PASS_AFTER_98_Android,54.0,4
2026-07-12,TH,1-3100_TOURNAMENT_CREATE,102.0,4
2026-07-12,TH,1-8062_DAILY_CHECKIN_CLAIM_SUCCESS,252.0,3
2026-07-12,TH,1-6110_IDLE_GOLD_COLLECT_TRY,149.7,3
2026-07-12,TH,1-2116_TUTO_PLUS_CARD,115.7,3
2026-07-12,TH,1-8060_DAILY_CHECKIN_POPUP,250.3,3
2026-07-12,TH,1-8064_BTN_DAILY_CHECKIN_CLOSE,253.3,3
2026-07-12,TH,1-2211_GAMEPLAY_STREAK_METER_FILL,166.0,3
2026-07-12,TH,1-11002_GAMEPLAY_FINISH_6,245.0,3
2026-07-12,TH,1-2119_TUTO_STREAK,157.0,3
2026-07-12,TH,1-2212_GAMEPLAY_STREAK_STAR_EARN,166.0,3
2026-07-12,TH,1-11001_GAMEPLAY_FINISH_5,189.7,3
2026-07-12,TH,1-2191_GAMEPLAY_ITEM_EXTRADECK_SUCCESS,292.0,3
2026-07-12,TH,1-2610_GIMMICK_PLUS_CARD_MATCH,119.7,3
2026-07-12,TH,1-8061_DAILY_CHECKIN_CLAIM_TRY,252.0,3
2026-07-12,TH,1-6111_IDLE_GOLD_COLLECT_SUCCESS,149.7,3
2026-07-12,TH,1-2600_GIMMICK_FIRST_APPEAR,115.7,3
2026-07-12,TH,1-2190_GAMEPLAY_ITEM_EXTRADECK_TRY,291.7,3
2026-07-12,TH,1-2125_TUTO_BOOSTER_EXTRADECK,289.3,3
2026-07-12,TH,1-5200_LEADERBOARD,198.3,3
2026-07-12,TH,1-11003_GAMEPLAY_FINISH_7,280.0,2
2026-07-12,TH,1-2124_TUTO_BOOSTER_WILDCARD,247.0,2
2026-07-12,TH,1-8100_CITY_DECO_POPUP,347.0,2
2026-07-12,TH,1-8120_COLLECTION_POPUP,287.0,2
2026-07-12,TH,1-8105_BTN_CITY_DECO_CLOSE,354.0,2
2026-07-12,TH,1-LOAD_INTRO_Android,67.0,2
2026-07-12,TH,1-8101_CITY_DECO_UPGRADE_TRY,348.5,2
2026-07-12,TH,1-NETWORK_TIMEOUT,9.5,2
2026-07-12,TH,1-INTRO_DEBUG_ERROR_PASS_AFTER_98_Android,92.0,2
2026-07-12,TH,1-NETWORK_TIMEOUT_RETRY,9.5,2
2026-07-12,TH,1-8102_CITY_DECO_UPGRADE_SUCCESS,348.5,2
2026-07-12,TH,1-INTRO_DEBUG_ERROR_98_Android,78.0,2
2026-07-12,TH,1-LOAD_INTRO_START_Android,67.0,2
2026-07-12,TH,1-LOAD_INTRO_FINISH_Android,67.0,2
2026-07-12,TH,1-LOAD_FB_Android,64.5,2
2026-07-12,TN,1-INTRO_BUNDLE_FINISH,31.2,6
2026-07-12,TN,1-FIRST_LOAD_FB_Android,2.0,6
2026-07-12,TN,1-INTRO_SIGNED_PLAYER_INFO_FINISH,30.5,6
2026-07-12,TN,1-FIRST_LOAD_INTRO_START_Android,17.3,6
2026-07-12,TN,1-INTRO_FB_SUBSCRIBE_BOT,29.8,6
2026-07-12,TN,1-INTRO_FB_START_FINISH,0.0,6
2026-07-12,TN,1-INTRO_FB_FRIEND_FINISH,30.5,6
2026-07-12,TN,1-6020_USER_CURRENT_LEVEL,33.5,6
2026-07-12,TN,1-INTRO_BUNDLE,29.8,6
2026-07-12,TN,1-ALL_LOAD_INTRO_FINISH,17.7,6
2026-07-12,TN,1-9400_GOLD_TRANSACTION_LOG,32.8,6
2026-07-12,TN,1-INTRO_FB_FRIEND,29.8,6
2026-07-12,TN,1-6012_USER_HAMMER_BALANCE,33.5,6
2026-07-12,TN,1-6011_USER_TICKET_BALANCE,33.5,6
2026-07-12,TN,1-FIRST_LOAD_INTRO_FINISH_Android,17.7,6
2026-07-12,TN,1-INTRO_FB_ENTRY_DATA_FINISH,31.8,6
2026-07-12,TN,1-1010_LOAD_COMPLETE,42.8,6
2026-07-12,TN,1-1000_LOGIN_COMPLETE,32.8,6
2026-07-12,TN,1-12001_INTRO_DIRECT_ENTRY_START,37.3,6
2026-07-12,TN,1-INTRO_FB_SUBSCRIBE_BOT_FINISH,30.8,6
2026-07-12,TN,1-INTRO_GAME_DATA,30.5,6
2026-07-12,TN,1-INTRO_GAME_DATA_FINISH,31.5,6
2026-07-12,TN,1-6000_FRIEND_COUNT,30.5,6
2026-07-12,TN,1-INTRO_SIGNED_PLAYER_INFO,29.8,6
2026-07-12,TN,1-12002_INTRO_DIRECT_ENTRY_END,42.8,6
2026-07-12,TN,1-6040_SETTING_LANGUAGE,31.2,6
2026-07-12,TN,1-ALL_LOAD_INTRO,17.2,6
2026-07-12,TN,1-ALL_LOAD_INTRO_START,17.3,6
2026-07-12,TN,1-2100_GAMEPLAY_START,42.8,6
2026-07-12,TN,1-INTRO_OBJECT_POOL_FINISH,36.7,6
2026-07-12,TN,1-INTRO_LOGIN,32.2,6
2026-07-12,TN,1-6030_USER_CITY_STATUS,33.5,6
2026-07-12,TN,1-INTRO_FB_ENTRY_POINT,29.8,6
2026-07-12,TN,1-INTRO_FB_ENTRY_DATA,30.8,6
2026-07-12,TN,1-6010_USER_GOLD_BALANCE,33.5,6
2026-07-12,TN,1-ALL_LOAD_FB,2.0,6
2026-07-12,TN,1-INTRO_FB_ENTRY_POINT_FINISH,30.8,6
2026-07-12,TN,1-9403_BOOSTER_TRANSACTION_LOG,32.8,6
2026-07-12,TN,1-INTRO_OBJECT_POOL,31.2,6
2026-07-12,TN,1-FIRST_LOAD_INTRO_Android,17.2,6
2026-07-12,TN,1-12000_TEST_TOUCH,47.6,5
2026-07-12,TN,1-FIRST_INTRO_DEBUG_ERROR_98_Android,23.3,4
2026-07-12,TN,1-2110_TUTO_INGAME_INTRO,39.8,4
2026-07-12,TN,1-ALL_INTRO_DEBUG_ERROR_98,23.3,4
2026-07-12,TN,1-FIRST_INTRO_DEBUG_ERROR_PASS_AFTER_98_Android,46.7,3
2026-07-12,TN,1-ALL_INTRO_DEBUG_ERROR_PASS_AFTER_98,46.7,3
2026-07-12,TN,1-2141_TUTO_STEP_COMPLETE,35.0,2
2026-07-12,TR,1-INTRO_GAME_DATA,4.5,4
2026-07-12,TR,1-9400_GOLD_TRANSACTION_LOG,7.5,4
2026-07-12,TR,1-INTRO_FB_FRIEND,4.5,4
2026-07-12,TR,1-INTRO_BUNDLE_FINISH,5.5,4
2026-07-12,TR,1-INTRO_BUNDLE,4.5,4
2026-07-12,TR,1-INTRO_FB_FRIEND_FINISH,4.8,4
2026-07-12,TR,1-INTRO_FB_START_FINISH,0.0,4
2026-07-12,TR,1-9403_BOOSTER_TRANSACTION_LOG,7.5,4
2026-07-12,TR,1-INTRO_FB_SUBSCRIBE_BOT,4.5,4
2026-07-12,TR,1-INTRO_OBJECT_POOL,5.5,4
2026-07-12,TR,1-6020_USER_CURRENT_LEVEL,8.0,4
2026-07-12,TR,1-ALL_LOAD_INTRO_FINISH,4.0,4
2026-07-12,TR,1-1000_LOGIN_COMPLETE,7.5,4
2026-07-12,TR,1-INTRO_FB_SUBSCRIBE_BOT_FINISH,5.5,4
2026-07-12,TR,1-6030_USER_CITY_STATUS,8.0,4
2026-07-12,TR,1-INTRO_GAME_DATA_FINISH,6.5,4
2026-07-12,TR,1-2100_GAMEPLAY_START,22.8,4
2026-07-12,TR,1-12002_INTRO_DIRECT_ENTRY_END,23.0,4
2026-07-12,TR,1-INTRO_FB_ENTRY_DATA_FINISH,6.5,4
2026-07-12,TR,1-INTRO_SIGNED_PLAYER_INFO,4.5,4
2026-07-12,TR,1-ALL_LOAD_FB,0.5,4
2026-07-12,TR,1-1010_LOAD_COMPLETE,23.0,4
2026-07-12,TR,1-6000_FRIEND_COUNT,4.8,4
2026-07-12,TR,1-INTRO_SIGNED_PLAYER_INFO_FINISH,4.8,4
2026-07-12,TR,1-INTRO_FB_ENTRY_POINT_FINISH,5.5,4
2026-07-12,TR,1-INTRO_OBJECT_POOL_FINISH,6.3,4
2026-07-12,TR,1-INTRO_LOGIN,7.0,4
2026-07-12,TR,1-6012_USER_HAMMER_BALANCE,8.0,4
2026-07-12,TR,1-12001_INTRO_DIRECT_ENTRY_START,8.5,4
2026-07-12,TR,1-INTRO_FB_ENTRY_POINT,4.5,4
2026-07-12,TR,1-INTRO_FB_ENTRY_DATA,5.5,4
2026-07-12,TR,1-6040_SETTING_LANGUAGE,5.5,4
2026-07-12,TR,1-ALL_LOAD_INTRO,3.8,4
2026-07-12,TR,1-6010_USER_GOLD_BALANCE,8.0,4
2026-07-12,TR,1-6011_USER_TICKET_BALANCE,8.0,4
2026-07-12,TR,1-ALL_LOAD_INTRO_START,3.8,4
2026-07-12,TR,1-FIRST_LOAD_FB_Android,0.7,3
2026-07-12,TR,1-FIRST_LOAD_INTRO_START_Android,4.0,3
2026-07-12,TR,1-12000_TEST_TOUCH,10.0,3
2026-07-12,TR,1-FIRST_LOAD_INTRO_Android,4.0,3
2026-07-12,TR,1-FIRST_LOAD_INTRO_FINISH_Android,4.3,3
2026-07-12,TR,1-FIRST_INTRO_DEBUG_ERROR_98_Android,13.5,2
2026-07-12,TR,1-2141_TUTO_STEP_COMPLETE,20.0,2
2026-07-12,TR,1-2110_TUTO_INGAME_INTRO,13.0,2
2026-07-12,TR,1-ALL_INTRO_DEBUG_ERROR_98,13.5,2
2026-07-12,TW,1-1000_LOGIN_COMPLETE,4.0,5
2026-07-12,TW,1-INTRO_GAME_DATA,1.8,5
2026-07-12,TW,1-INTRO_FB_SUBSCRIBE_BOT_FINISH,2.2,5
2026-07-12,TW,1-INTRO_FB_FRIEND,1.4,5
2026-07-12,TW,1-ALL_LOAD_FB,0.8,5
2026-07-12,TW,1-ALL_LOAD_INTRO_FINISH,1.4,5
2026-07-12,TW,1-INTRO_FB_ENTRY_POINT,1.4,5
2026-07-12,TW,1-INTRO_FB_ENTRY_POINT_FINISH,2.0,5
2026-07-12,TW,1-INTRO_FB_START_FINISH,0.0,5
2026-07-12,TW,1-INTRO_FB_SUBSCRIBE_BOT,1.4,5
2026-07-12,TW,1-INTRO_OBJECT_POOL,2.2,5
2026-07-12,TW,1-INTRO_SIGNED_PLAYER_INFO,1.4,5
2026-07-12,TW,1-9403_BOOSTER_TRANSACTION_LOG,3.8,5
2026-07-12,TW,1-6030_USER_CITY_STATUS,4.0,5
2026-07-12,TW,1-6000_FRIEND_COUNT,1.8,5
2026-07-12,TW,1-2100_GAMEPLAY_START,6.6,5
2026-07-12,TW,1-INTRO_SIGNED_PLAYER_INFO_FINISH,1.8,5
2026-07-12,TW,1-6011_USER_TICKET_BALANCE,4.0,5
2026-07-12,TW,1-6010_USER_GOLD_BALANCE,4.0,5
2026-07-12,TW,1-12002_INTRO_DIRECT_ENTRY_END,6.6,5
2026-07-12,TW,1-9400_GOLD_TRANSACTION_LOG,3.6,5
2026-07-12,TW,1-INTRO_FB_ENTRY_DATA_FINISH,2.8,5
2026-07-12,TW,1-ALL_LOAD_INTRO_START,1.4,5
2026-07-12,TW,1-6012_USER_HAMMER_BALANCE,4.0,5
2026-07-12,TW,1-INTRO_BUNDLE,1.4,5
2026-07-12,TW,1-6040_SETTING_LANGUAGE,2.2,5
2026-07-12,TW,1-12001_INTRO_DIRECT_ENTRY_START,4.8,5
2026-07-12,TW,1-INTRO_FB_ENTRY_DATA,2.0,5
2026-07-12,TW,1-INTRO_OBJECT_POOL_FINISH,3.4,5
2026-07-12,TW,1-ALL_LOAD_INTRO,1.4,5
2026-07-12,TW,1-INTRO_FB_FRIEND_FINISH,1.8,5
2026-07-12,TW,1-1010_LOAD_COMPLETE,6.6,5
2026-07-12,TW,1-INTRO_BUNDLE_FINISH,2.0,5
2026-07-12,TW,1-INTRO_LOGIN,2.8,5
2026-07-12,TW,1-6020_USER_CURRENT_LEVEL,4.0,5
2026-07-12,TW,1-INTRO_GAME_DATA_FINISH,2.2,5
2026-07-12,TW,1-2110_TUTO_INGAME_INTRO,10.0,3
2026-07-12,TW,1-2141_TUTO_STEP_COMPLETE,11.7,3
2026-07-12,TW,1-FIRST_LOAD_FB_Android,1.3,3
2026-07-12,TW,1-FIRST_LOAD_INTRO_Android,2.0,3
2026-07-12,TW,1-FIRST_LOAD_INTRO_FINISH_Android,2.0,3
2026-07-12,TW,1-12000_TEST_TOUCH,8.3,3
2026-07-12,TW,1-FIRST_LOAD_INTRO_START_Android,2.0,3
2026-07-12,TZ,1-INTRO_GAME_DATA,8.8,4
2026-07-12,TZ,1-INTRO_OBJECT_POOL_FINISH,11.8,4
2026-07-12,TZ,1-ALL_LOAD_INTRO_START,8.0,4
2026-07-12,TZ,1-INTRO_LOGIN,20.3,4
2026-07-12,TZ,1-FIRST_LOAD_INTRO_START_Android,8.0,4
2026-07-12,TZ,1-INTRO_FB_ENTRY_POINT,8.8,4
2026-07-12,TZ,1-INTRO_FB_ENTRY_DATA,9.5,4
2026-07-12,TZ,1-INTRO_BUNDLE_FINISH,10.5,4
2026-07-12,TZ,1-INTRO_FB_ENTRY_DATA_FINISH,20.3,4
2026-07-12,TZ,1-INTRO_BUNDLE,8.5,4
2026-07-12,TZ,1-FIRST_LOAD_INTRO_FINISH_Android,8.3,4
2026-07-12,TZ,1-ALL_LOAD_INTRO,8.0,4
2026-07-12,TZ,1-INTRO_FB_FRIEND,8.8,4
2026-07-12,TZ,1-ALL_LOAD_INTRO_FINISH,8.3,4
2026-07-12,TZ,1-INTRO_FB_SUBSCRIBE_BOT_FINISH,9.8,4
2026-07-12,TZ,1-6000_FRIEND_COUNT,9.0,4
2026-07-12,TZ,1-9403_BOOSTER_TRANSACTION_LOG,21.3,4
2026-07-12,TZ,1-9400_GOLD_TRANSACTION_LOG,21.3,4
2026-07-12,TZ,1-INTRO_GAME_DATA_FINISH,9.8,4
2026-07-12,TZ,1-6040_SETTING_LANGUAGE,10.8,4
2026-07-12,TZ,1-INTRO_SIGNED_PLAYER_INFO_FINISH,9.0,4
2026-07-12,TZ,1-FIRST_LOAD_FB_Android,2.3,4
2026-07-12,TZ,1-FIRST_LOAD_INTRO_Android,8.0,4
2026-07-12,TZ,1-INTRO_SIGNED_PLAYER_INFO,8.8,4
2026-07-12,TZ,1-INTRO_OBJECT_POOL,10.8,4
2026-07-12,TZ,1-INTRO_FB_SUBSCRIBE_BOT,8.8,4
2026-07-12,TZ,1-INTRO_FB_START_FINISH,0.0,4
2026-07-12,TZ,1-INTRO_FB_FRIEND_FINISH,9.0,4
2026-07-12,TZ,1-INTRO_FB_ENTRY_POINT_FINISH,9.5,4
2026-07-12,TZ,1-1000_LOGIN_COMPLETE,21.3,4
2026-07-12,TZ,1-ALL_LOAD_FB,2.3,4
2026-07-12,TZ,1-12001_INTRO_DIRECT_ENTRY_START,6.7,3
2026-07-12,TZ,1-6010_USER_GOLD_BALANCE,6.7,3
2026-07-12,TZ,1-6011_USER_TICKET_BALANCE,6.7,3
2026-07-12,TZ,1-6012_USER_HAMMER_BALANCE,6.7,3
2026-07-12,TZ,1-6030_USER_CITY_STATUS,6.7,3
2026-07-12,TZ,1-6020_USER_CURRENT_LEVEL,6.7,3
2026-07-12,TZ,1-1010_LOAD_COMPLETE,11.5,2
2026-07-12,TZ,1-12002_INTRO_DIRECT_ENTRY_END,11.5,2
2026-07-12,TZ,1-12000_TEST_TOUCH,7.5,2
2026-07-12,TZ,1-2110_TUTO_INGAME_INTRO,17.5,2
2026-07-12,TZ,1-2141_TUTO_STEP_COMPLETE,23.0,2
2026-07-12,TZ,1-2100_GAMEPLAY_START,11.5,2
2026-07-12,TZ,1-FIRST_INTRO_DEBUG_ERROR_98_Android,22.0,2
2026-07-12,TZ,1-ALL_INTRO_DEBUG_ERROR_98,22.0,2
2026-07-12,UA,1-12000_TEST_TOUCH,9.8,5
2026-07-12,UA,1-INTRO_FB_ENTRY_DATA,2.2,5
2026-07-12,UA,1-1000_LOGIN_COMPLETE,3.2,5
2026-07-12,UA,1-6010_USER_GOLD_BALANCE,3.6,5
2026-07-12,UA,1-6011_USER_TICKET_BALANCE,3.6,5
2026-07-12,UA,1-6012_USER_HAMMER_BALANCE,3.6,5
2026-07-12,UA,1-ALL_LOAD_FB,1.0,5
2026-07-12,UA,1-INTRO_BUNDLE_FINISH,2.2,5
2026-07-12,UA,1-ALL_LOAD_INTRO_FINISH,1.6,5
2026-07-12,UA,1-ALL_LOAD_INTRO_START,1.6,5
2026-07-12,UA,1-INTRO_BUNDLE,1.6,5
2026-07-12,UA,1-INTRO_FB_ENTRY_POINT_FINISH,2.2,5
2026-07-12,UA,1-INTRO_FB_FRIEND_FINISH,2.6,5
2026-07-12,UA,1-6040_SETTING_LANGUAGE,2.2,5
2026-07-12,UA,1-12002_INTRO_DIRECT_ENTRY_END,5.8,5
2026-07-12,UA,1-INTRO_FB_START_FINISH,0.0,5
2026-07-12,UA,1-INTRO_FB_SUBSCRIBE_BOT,1.6,5
2026-07-12,UA,1-INTRO_OBJECT_POOL,2.2,5
2026-07-12,UA,1-INTRO_SIGNED_PLAYER_INFO,1.6,5
2026-07-12,UA,1-2110_TUTO_INGAME_INTRO,7.8,5
2026-07-12,UA,1-9403_BOOSTER_TRANSACTION_LOG,3.2,5
2026-07-12,UA,1-INTRO_FB_ENTRY_POINT,1.6,5
2026-07-12,UA,1-INTRO_GAME_DATA_FINISH,2.2,5
2026-07-12,UA,1-INTRO_GAME_DATA,1.8,5
2026-07-12,UA,1-INTRO_SIGNED_PLAYER_INFO_FINISH,2.2,5
2026-07-12,UA,1-INTRO_FB_SUBSCRIBE_BOT_FINISH,2.2,5
2026-07-12,UA,1-INTRO_OBJECT_POOL_FINISH,2.8,5
2026-07-12,UA,1-INTRO_FB_ENTRY_DATA_FINISH,2.8,5
2026-07-12,UA,1-6030_USER_CITY_STATUS,3.6,5
2026-07-12,UA,1-2100_GAMEPLAY_START,5.6,5
2026-07-12,UA,1-12001_INTRO_DIRECT_ENTRY_START,3.8,5
2026-07-12,UA,1-1010_LOAD_COMPLETE,5.6,5
2026-07-12,UA,1-9400_GOLD_TRANSACTION_LOG,3.2,5
2026-07-12,UA,1-6020_USER_CURRENT_LEVEL,3.6,5
2026-07-12,UA,1-2141_TUTO_STEP_COMPLETE,13.6,5
2026-07-12,UA,1-INTRO_FB_FRIEND,1.6,5
2026-07-12,UA,1-ALL_LOAD_INTRO,1.6,5
2026-07-12,UA,1-6000_FRIEND_COUNT,2.6,5
2026-07-12,UA,1-INTRO_LOGIN,3.0,5
2026-07-12,UA,1-FIRST_LOAD_INTRO_Android,1.7,3
2026-07-12,UA,1-FIRST_LOAD_INTRO_START_Android,1.7,3
2026-07-12,UA,1-9990_PLAY_FIRST_TOUCH,11.0,3
2026-07-12,UA,1-FIRST_LOAD_FB_Android,1.0,3
2026-07-12,UA,1-FIRST_LOAD_INTRO_FINISH_Android,1.7,3
2026-07-12,UA,1-11002_GAMEPLAY_FINISH_6,241.0,2
2026-07-12,UA,1-2090_PRE_LEVEL_SHOW,57.5,2
2026-07-12,UA,1-2610_GIMMICK_PLUS_CARD_MATCH,99.5,2
2026-07-12,UA,1-6110_IDLE_GOLD_COLLECT_TRY,131.0,2
2026-07-12,UA,1-2400_FINISH_RESULT,25.0,2
2026-07-12,UA,1-2410_FINISH_RESULT_CLAIM,28.0,2
2026-07-12,UA,1-2150_GAMEPLAY_NRU_CARD_MATCH,12.0,2
2026-07-12,UA,1-FIRST_LOAD_INTRO_FINISH_etc,1.5,2
2026-07-12,UA,1-11003_GAMEPLAY_FINISH_7,297.0,2
2026-07-12,UA,1-2114_TUTO_PRE_LEVEL_POPUP,57.5,2
2026-07-12,UA,1-2119_TUTO_STREAK,138.5,2
2026-07-12,UA,1-11005_GAMEPLAY_FINISH_9,411.0,2
2026-07-12,UA,1-8051_DAILY_WHEEL_SPIN_SUCCESS,427.5,2
2026-07-12,UA,1-2122_TUTO_BOOSTER_UNDO,319.0,2
2026-07-12,UA,1-8120_COLLECTION_POPUP,304.0,2
2026-07-12,UA,1-7180_BTN_DRAW_DECK,36.5,2
2026-07-12,UA,1-2151_GAMEPLAY_NRU_MATCHES,23.5,2
2026-07-12,UA,1-2170_GAMEPLAY_ITEM_FIREWORKS_TRY,402.5,2
2026-07-12,UA,1-2171_GAMEPLAY_ITEM_FIREWORKS_SUCCESS,402.5,2
2026-07-12,UA,1-2211_GAMEPLAY_STREAK_METER_FILL,148.5,2
2026-07-12,UA,1-2127_TUTO_BETTING_2,434.0,2
2026-07-12,UA,1-2600_GIMMICK_FIRST_APPEAR,98.5,2
2026-07-12,UA,1-2210_GAMEPLAY_COMBO_REWARD,23.5,2
2026-07-12,UA,1-2181_GAMEPLAY_ITEM_WILDCARD_SUCCESS,270.5,2
2026-07-12,UA,1-2212_GAMEPLAY_STREAK_STAR_EARN,148.5,2
2026-07-12,UA,1-FIRST_LOAD_FB_etc,1.0,2
2026-07-12,UA,1-8062_DAILY_CHECKIN_CLAIM_SUCCESS,247.5,2
2026-07-12,UA,1-3100_TOURNAMENT_CREATE,83.0,2
2026-07-12,UA,1-8100_CITY_DECO_POPUP,322.0,2
2026-07-12,UA,1-8102_CITY_DECO_UPGRADE_SUCCESS,325.0,2
2026-07-12,UA,1-8053_BTN_DAILY_WHEEL_CLOSE,429.5,2
2026-07-12,UA,1-8105_BTN_CITY_DECO_CLOSE,328.5,2
2026-07-12,UA,1-2180_GAMEPLAY_ITEM_WILDCARD_TRY,270.5,2
2026-07-12,UA,1-2125_TUTO_BOOSTER_EXTRADECK,498.0,2
2026-07-12,UA,1-2124_TUTO_BOOSTER_WILDCARD,263.5,2
2026-07-12,UA,1-2116_TUTO_PLUS_CARD,98.5,2
2026-07-12,UA,1-2111_TUTO_DECK_DRAW,32.0,2
2026-07-12,UA,1-2093_PRE_LEVEL_BETTING,436.0,2
2026-07-12,UA,1-11001_GAMEPLAY_FINISH_5,179.0,2
2026-07-12,UA,1-2091_PRE_LEVEL_BOOSTER_SELECT,385.5,2
2026-07-12,UA,1-2094_PRE_LEVEL_PLAY,59.0,2
2026-07-12,UA,1-2123_TUTO_BOOSTER_FIREWORKS,383.0,2
2026-07-12,UA,1-2213_GAMEPLAY_DECK_BONUS,22.5,2
2026-07-12,UA,1-8061_DAILY_CHECKIN_CLAIM_TRY,247.5,2
2026-07-12,UA,1-8050_DAILY_WHEEL_POPUP,419.0,2
2026-07-12,UA,1-2510_ENTRY_COST_PAY,59.0,2
2026-07-12,UA,1-2300_GAMEPLAY_FINISH,23.5,2
2026-07-12,UA,1-FIRST_LOAD_INTRO_START_etc,1.5,2
2026-07-12,UA,1-6111_IDLE_GOLD_COLLECT_SUCCESS,131.0,2
2026-07-12,UA,1-9402_HAMMER_TRANSACTION_LOG,22.5,2
2026-07-12,UA,1-5200_LEADERBOARD,189.5,2
2026-07-12,UA,1-FIRST_LOAD_INTRO_etc,1.5,2
2026-07-12,UA,1-8101_CITY_DECO_UPGRADE_TRY,325.0,2
2026-07-12,UA,1-3120_TOURNAMENT_CREATE_FAIL,83.0,2
2026-07-12,UA,1-8060_DAILY_CHECKIN_POPUP,245.5,2
2026-07-12,UA,1-11004_GAMEPLAY_FINISH_8,363.0,2
2026-07-12,UA,1-8064_BTN_DAILY_CHECKIN_CLOSE,248.5,2
2026-07-12,UA,1-5700_LOBBY,55.0,2
2026-07-12,US,1-ALL_LOAD_INTRO_FINISH,2.5,86
2026-07-12,US,1-INTRO_LOGIN,5.5,86
2026-07-12,US,1-6010_USER_GOLD_BALANCE,6.0,86
2026-07-12,US,1-INTRO_FB_ENTRY_DATA,3.8,86
2026-07-12,US,1-9403_BOOSTER_TRANSACTION_LOG,5.8,86
2026-07-12,US,1-INTRO_BUNDLE_FINISH,4.0,86
2026-07-12,US,1-ALL_LOAD_INTRO_START,2.4,86
2026-07-12,US,1-ALL_LOAD_INTRO,2.4,86
2026-07-12,US,1-6040_SETTING_LANGUAGE,4.0,86
2026-07-12,US,1-INTRO_GAME_DATA_FINISH,4.7,86
2026-07-12,US,1-INTRO_GAME_DATA,3.2,86
2026-07-12,US,1-INTRO_FB_SUBSCRIBE_BOT_FINISH,4.0,86
2026-07-12,US,1-INTRO_FB_ENTRY_DATA_FINISH,4.9,86
2026-07-12,US,1-9400_GOLD_TRANSACTION_LOG,5.8,86
2026-07-12,US,1-INTRO_SIGNED_PLAYER_INFO_FINISH,3.3,86
2026-07-12,US,1-INTRO_FB_SUBSCRIBE_BOT,2.9,86
2026-07-12,US,1-INTRO_BUNDLE,2.8,86
2026-07-12,US,1-INTRO_OBJECT_POOL,4.0,86
2026-07-12,US,1-6020_USER_CURRENT_LEVEL,6.1,86
2026-07-12,US,1-INTRO_FB_ENTRY_POINT,2.9,86
2026-07-12,US,1-ALL_LOAD_FB,0.8,86
2026-07-12,US,1-6000_FRIEND_COUNT,3.9,86
2026-07-12,US,1-INTRO_FB_FRIEND,2.8,86
2026-07-12,US,1-6012_USER_HAMMER_BALANCE,6.0,86
2026-07-12,US,1-1000_LOGIN_COMPLETE,5.8,86
2026-07-12,US,1-6011_USER_TICKET_BALANCE,6.0,86
2026-07-12,US,1-INTRO_FB_FRIEND_FINISH,3.9,86
2026-07-12,US,1-INTRO_SIGNED_PLAYER_INFO,2.8,86
2026-07-12,US,1-6030_USER_CITY_STATUS,6.1,86
2026-07-12,US,1-INTRO_FB_START_FINISH,0.0,86
2026-07-12,US,1-INTRO_FB_ENTRY_POINT_FINISH,3.8,86
2026-07-12,US,1-INTRO_OBJECT_POOL_FINISH,4.5,83
2026-07-12,US,1-12001_INTRO_DIRECT_ENTRY_START,6.4,83
2026-07-12,US,1-2100_GAMEPLAY_START,8.2,82
2026-07-12,US,1-1010_LOAD_COMPLETE,8.3,82
2026-07-12,US,1-12002_INTRO_DIRECT_ENTRY_END,8.3,82
2026-07-12,US,1-2110_TUTO_INGAME_INTRO,10.6,78
2026-07-12,US,1-12000_TEST_TOUCH,23.9,74
2026-07-12,US,1-2141_TUTO_STEP_COMPLETE,27.9,65
2026-07-12,US,1-9990_PLAY_FIRST_TOUCH,29.8,55
2026-07-12,US,1-2300_GAMEPLAY_FINISH,39.8,52
2026-07-12,US,1-2400_FINISH_RESULT,41.0,52
2026-07-12,US,1-2151_GAMEPLAY_NRU_MATCHES,39.7,52
2026-07-12,US,1-2213_GAMEPLAY_DECK_BONUS,38.6,52
2026-07-12,US,1-2150_GAMEPLAY_NRU_CARD_MATCH,27.4,52
2026-07-12,US,1-9402_HAMMER_TRANSACTION_LOG,39.1,52
2026-07-12,US,1-2210_GAMEPLAY_COMBO_REWARD,39.8,52
2026-07-12,US,1-2410_FINISH_RESULT_CLAIM,33.6,47
2026-07-12,US,1-2111_TUTO_DECK_DRAW,36.2,46
2026-07-12,US,1-7180_BTN_DRAW_DECK,44.2,45
2026-07-12,US,1-5700_LOBBY,65.0,45
2026-07-12,US,1-2114_TUTO_PRE_LEVEL_POPUP,67.5,44
2026-07-12,US,1-2090_PRE_LEVEL_SHOW,67.1,44
2026-07-12,US,1-2510_ENTRY_COST_PAY,70.3,42
2026-07-12,US,1-2094_PRE_LEVEL_PLAY,70.3,42
2026-07-12,US,1-3100_TOURNAMENT_CREATE,96.0,41
2026-07-12,US,1-3120_TOURNAMENT_CREATE_FAIL,96.4,41
2026-07-12,US,1-6110_IDLE_GOLD_COLLECT_TRY,154.3,39
2026-07-12,US,1-2116_TUTO_PLUS_CARD,119.5,39
2026-07-12,US,1-6111_IDLE_GOLD_COLLECT_SUCCESS,154.4,39
2026-07-12,US,1-2600_GIMMICK_FIRST_APPEAR,119.5,39
2026-07-12,US,1-2610_GIMMICK_PLUS_CARD_MATCH,121.8,39
2026-07-12,US,1-FIRST_LOAD_INTRO_START_etc,2.0,38
2026-07-12,US,1-11001_GAMEPLAY_FINISH_5,215.8,38
2026-07-12,US,1-2212_GAMEPLAY_STREAK_STAR_EARN,193.1,38
2026-07-12,US,1-FIRST_LOAD_FB_etc,0.6,38
2026-07-12,US,1-2119_TUTO_STREAK,182.4,38
2026-07-12,US,1-2211_GAMEPLAY_STREAK_METER_FILL,193.1,38
2026-07-12,US,1-FIRST_LOAD_INTRO_etc,2.0,38
2026-07-12,US,1-5200_LEADERBOARD,236.0,38
2026-07-12,US,1-FIRST_LOAD_INTRO_FINISH_etc,2.1,38
2026-07-12,US,1-11002_GAMEPLAY_FINISH_6,277.2,35
2026-07-12,US,1-8060_DAILY_CHECKIN_POPUP,283.0,35
2026-07-12,US,1-8061_DAILY_CHECKIN_CLAIM_TRY,286.7,34
2026-07-12,US,1-8062_DAILY_CHECKIN_CLAIM_SUCCESS,286.7,34
2026-07-12,US,1-8064_BTN_DAILY_CHECKIN_CLOSE,288.3,34
2026-07-12,US,1-FIRST_LOAD_INTRO_START_Android,3.5,33
2026-07-12,US,1-FIRST_LOAD_FB_Android,1.2,33
2026-07-12,US,1-FIRST_LOAD_INTRO_Android,3.5,33
2026-07-12,US,1-FIRST_LOAD_INTRO_FINISH_Android,3.7,33
2026-07-12,US,1-2124_TUTO_BOOSTER_WILDCARD,302.3,32
2026-07-12,US,1-11003_GAMEPLAY_FINISH_7,327.3,32
2026-07-12,US,1-8120_COLLECTION_POPUP,328.5,31
2026-07-12,US,1-2122_TUTO_BOOSTER_UNDO,334.8,29
2026-07-12,US,1-8100_CITY_DECO_POPUP,276.9,29
2026-07-12,US,1-11004_GAMEPLAY_FINISH_8,361.2,29
2026-07-12,US,1-11005_GAMEPLAY_FINISH_9,412.5,28
2026-07-12,US,1-8105_BTN_CITY_DECO_CLOSE,272.5,28
2026-07-12,US,1-2123_TUTO_BOOSTER_FIREWORKS,389.8,28
2026-07-12,US,1-2091_PRE_LEVEL_BOOSTER_SELECT,392.3,28
2026-07-12,US,1-8050_DAILY_WHEEL_POPUP,419.0,27
2026-07-12,US,1-8102_CITY_DECO_UPGRADE_SUCCESS,278.8,25
2026-07-12,US,1-2170_GAMEPLAY_ITEM_FIREWORKS_TRY,414.6,25
2026-07-12,US,1-8101_CITY_DECO_UPGRADE_TRY,278.6,25
2026-07-12,US,1-2171_GAMEPLAY_ITEM_FIREWORKS_SUCCESS,414.6,25
2026-07-12,US,1-8051_DAILY_WHEEL_SPIN_SUCCESS,428.8,25
2026-07-12,US,1-2127_TUTO_BETTING_2,443.0,23
2026-07-12,US,1-2093_PRE_LEVEL_BETTING,445.8,23
2026-07-12,US,1-8053_BTN_DAILY_WHEEL_CLOSE,426.0,23
2026-07-12,US,1-11006_GAMEPLAY_FINISH_10,464.6,19
2026-07-12,US,1-8130_CITY_LIST_POPUP,320.9,17
2026-07-12,US,1-4200_RV_START,361.8,17
2026-07-12,US,1-2125_TUTO_BOOSTER_EXTRADECK,455.0,15
2026-07-12,US,1-9300_CLIENT_LOG,0.9,15
2026-07-12,US,1-FIRST_LOAD_FB_iOS,0.4,14
2026-07-12,US,1-FIRST_LOAD_INTRO_FINISH_iOS,0.9,14
2026-07-12,US,1-FIRST_LOAD_INTRO_iOS,0.9,14
2026-07-12,US,1-ALL_INTRO_DEBUG_ERROR_98,23.9,14
2026-07-12,US,1-FIRST_LOAD_INTRO_START_iOS,0.9,14
2026-07-12,US,1-2181_GAMEPLAY_ITEM_WILDCARD_SUCCESS,388.8,13
2026-07-12,US,1-2180_GAMEPLAY_ITEM_WILDCARD_TRY,388.8,13
2026-07-12,US,1-4210_RV_FINISH,348.2,12
2026-07-12,US,1-5100_DAILY_TASK,501.7,11
2026-07-12,US,1-5105_BTN_DAILY_TASK_CLOSE,505.0,10
2026-07-12,US,1-ALL_INTRO_DEBUG_ERROR_PASS_AFTER_98,31.6,10
2026-07-12,US,1-2190_GAMEPLAY_ITEM_EXTRADECK_TRY,458.3,9
2026-07-12,US,1-2191_GAMEPLAY_ITEM_EXTRADECK_SUCCESS,458.3,9
2026-07-12,US,1-5004_BTN_SHOP_CLOSE,296.3,9
2026-07-12,US,1-8131_CITY_LIST_SELECT,377.0,9
2026-07-12,US,1-5000_SHOP,219.9,9
2026-07-12,US,1-12020_FRAME_DROP_LOG,194.4,8
2026-07-12,US,1-8054_DAILY_WHEEL_AD_SPIN_TRY,462.1,8
2026-07-12,US,1-8110_RV_POPUP_GOLD_TRY,473.1,7
2026-07-12,US,1-8121_COLLECTION_TAB_SWITCH,352.4,7
2026-07-12,US,1-2160_GAMEPLAY_ITEM_UNDO_TRY,393.5,6
2026-07-12,US,1-FIRST_INTRO_DEBUG_ERROR_98_etc,17.3,6
2026-07-12,US,1-NETWORK_TIMEOUT_RETRY,17.3,6
2026-07-12,US,1-NETWORK_TIMEOUT,16.7,6
2026-07-12,US,1-FIRST_INTRO_DEBUG_ERROR_98_Android,34.7,6
2026-07-12,US,1-FIRST_INTRO_DEBUG_ERROR_PASS_AFTER_98_etc,33.3,6
2026-07-12,US,1-2161_GAMEPLAY_ITEM_UNDO_SUCCESS,393.7,6
2026-07-12,US,1-8020_SETTING_POPUP,114.4,5
2026-07-12,US,1-8025_BTN_SETTING_CLOSE,119.0,5
2026-07-12,US,1-8055_DAILY_WHEEL_AD_SPIN_SUCCESS,471.0,5
2026-07-12,US,1-8021_BTN_SETTING_MUSIC,117.0,5
2026-07-12,US,1-8022_BTN_SETTING_SOUND,136.2,5
2026-07-12,US,1-5130_SHOP_AD_GOLD_TRY,156.8,5
2026-07-12,US,1-5131_SHOP_AD_GOLD_SUCCESS,217.0,5
2026-07-12,US,1-5430_EVENT_CLEAR_RANKING,564.8,4
2026-07-12,US,1-8111_RV_POPUP_GOLD_SUCCESS,469.5,4
2026-07-12,US,1-5432_EVENT_CLEAR_RANKING_CLOSE,570.5,4
2026-07-12,US,1-9401_TICKET_TRANSACTION_LOG,401.3,3
2026-07-12,US,1-FIRST_INTRO_DEBUG_ERROR_PASS_AFTER_98_Android,35.0,3
2026-07-12,US,1-LOAD_INTRO_START_etc,167.7,3
2026-07-12,US,1-LOAD_INTRO_FINISH_etc,168.0,3
2026-07-12,US,1-2511_ENTRY_COST_PAY_TICKET,432.7,3
2026-07-12,US,1-2092_PRE_LEVEL_BOOSTER_DESELECT,310.0,3
2026-07-12,US,1-LOAD_FB_etc,166.3,3
2026-07-12,US,1-LOAD_INTRO_etc,167.7,3
2026-07-12,US,1-5156_DAILY_TASK_CHANGE_TRY,519.0,2
2026-07-12,US,1-4010_INTERSTITIAL_AD_FINISH,370.5,2
2026-07-12,US,1-5412_EVENT_RED_CARD_MILESTONE_CLOSE,542.5,2
2026-07-12,US,1-5201_BTN_LEADERBOARD_FRIENDS_TAB,468.0,2
2026-07-12,US,1-5410_EVENT_RED_CARD_MILESTONE,536.5,2
2026-07-12,US,1-2222_GAMEPLAY_END_SURE_YES,366.5,2
2026-07-12,US,1-4000_INTERSTITIAL_AD_START,366.5,2
2026-07-12,US,1-2420_FINISH_RESULT_DOUBLE_CLAIM_TRY,470.5,2
2026-07-12,US,1-5431_EVENT_CLEAR_RANKING_PLAY,573.0,2
2026-07-12,US,1-2421_FINISH_RESULT_DOUBLE_CLAIM_SUCCESS,532.0,2
2026-07-12,US,1-2220_GAMEPLAY_END_SURE,365.0,2
2026-07-12,UZ,1-ALL_LOAD_INTRO_START,8.5,2
2026-07-12,UZ,1-INTRO_BUNDLE_FINISH,13.5,2
2026-07-12,UZ,1-6040_SETTING_LANGUAGE,13.5,2
2026-07-12,UZ,1-INTRO_LOGIN,18.5,2
2026-07-12,UZ,1-12000_TEST_TOUCH,30.0,2
2026-07-12,UZ,1-6011_USER_TICKET_BALANCE,21.5,2
2026-07-12,UZ,1-ALL_LOAD_FB,5.5,2
2026-07-12,UZ,1-ALL_LOAD_INTRO_FINISH,9.0,2
2026-07-12,UZ,1-INTRO_FB_ENTRY_POINT,11.5,2
2026-07-12,UZ,1-INTRO_BUNDLE,11.5,2
2026-07-12,UZ,1-6020_USER_CURRENT_LEVEL,22.0,2
2026-07-12,UZ,1-6012_USER_HAMMER_BALANCE,22.0,2
2026-07-12,UZ,1-FIRST_LOAD_FB_Android,5.5,2
2026-07-12,UZ,1-INTRO_GAME_DATA_FINISH,18.5,2
2026-07-12,UZ,1-2100_GAMEPLAY_START,27.5,2
2026-07-12,UZ,1-12001_INTRO_DIRECT_ENTRY_START,22.5,2
2026-07-12,UZ,1-INTRO_FB_FRIEND_FINISH,12.5,2
2026-07-12,UZ,1-INTRO_FB_SUBSCRIBE_BOT,11.5,2
2026-07-12,UZ,1-INTRO_SIGNED_PLAYER_INFO,11.5,2
2026-07-12,UZ,1-INTRO_GAME_DATA,12.0,2
2026-07-12,UZ,1-INTRO_FB_SUBSCRIBE_BOT_FINISH,13.0,2
2026-07-12,UZ,1-INTRO_FB_ENTRY_DATA_FINISH,15.0,2
2026-07-12,UZ,1-FIRST_LOAD_INTRO_FINISH_Android,9.0,2
2026-07-12,UZ,1-9400_GOLD_TRANSACTION_LOG,20.0,2
2026-07-12,UZ,1-INTRO_SIGNED_PLAYER_INFO_FINISH,12.5,2
2026-07-12,UZ,1-FIRST_LOAD_INTRO_Android,8.5,2
2026-07-12,UZ,1-9403_BOOSTER_TRANSACTION_LOG,20.0,2
2026-07-12,UZ,1-6030_USER_CITY_STATUS,22.0,2
2026-07-12,UZ,1-6000_FRIEND_COUNT,12.5,2
2026-07-12,UZ,1-ALL_LOAD_INTRO,8.5,2
2026-07-12,UZ,1-2110_TUTO_INGAME_INTRO,35.0,2
2026-07-12,UZ,1-12002_INTRO_DIRECT_ENTRY_END,28.0,2
2026-07-12,UZ,1-FIRST_LOAD_INTRO_START_Android,8.5,2
2026-07-12,UZ,1-INTRO_FB_START_FINISH,0.0,2
2026-07-12,UZ,1-INTRO_OBJECT_POOL,13.5,2
2026-07-12,UZ,1-INTRO_FB_ENTRY_DATA,13.0,2
2026-07-12,UZ,1-INTRO_FB_ENTRY_POINT_FINISH,12.5,2
2026-07-12,UZ,1-1010_LOAD_COMPLETE,28.0,2
2026-07-12,UZ,1-1000_LOGIN_COMPLETE,20.5,2
2026-07-12,UZ,1-6010_USER_GOLD_BALANCE,21.5,2
2026-07-12,UZ,1-INTRO_FB_FRIEND,11.5,2
2026-07-12,UZ,1-INTRO_OBJECT_POOL_FINISH,15.0,2
2026-07-12,VE,1-6030_USER_CITY_STATUS,28.2,6
2026-07-12,VE,1-INTRO_FB_SUBSCRIBE_BOT,25.8,6
2026-07-12,VE,1-INTRO_LOGIN,27.3,6
2026-07-12,VE,1-INTRO_SIGNED_PLAYER_INFO,25.8,6
2026-07-12,VE,1-ALL_LOAD_INTRO_START,24.5,6
2026-07-12,VE,1-INTRO_BUNDLE_FINISH,26.8,6
2026-07-12,VE,1-INTRO_FB_ENTRY_DATA,26.7,6
2026-07-12,VE,1-INTRO_FB_FRIEND,25.8,6
2026-07-12,VE,1-INTRO_FB_START_FINISH,0.0,6
2026-07-12,VE,1-INTRO_FB_FRIEND_FINISH,26.7,6
2026-07-12,VE,1-INTRO_FB_ENTRY_POINT_FINISH,26.7,6
2026-07-12,VE,1-INTRO_BUNDLE,25.8,6
2026-07-12,VE,1-ALL_LOAD_FB,20.3,6
2026-07-12,VE,1-6012_USER_HAMMER_BALANCE,27.8,6
2026-07-12,VE,1-6010_USER_GOLD_BALANCE,27.8,6
2026-07-12,VE,1-1000_LOGIN_COMPLETE,27.7,6
2026-07-12,VE,1-6011_USER_TICKET_BALANCE,27.8,6
2026-07-12,VE,1-ALL_LOAD_INTRO_FINISH,24.7,6
2026-07-12,VE,1-INTRO_OBJECT_POOL,26.8,6
2026-07-12,VE,1-INTRO_SIGNED_PLAYER_INFO_FINISH,26.2,6
2026-07-12,VE,1-9403_BOOSTER_TRANSACTION_LOG,27.7,6
2026-07-12,VE,1-6040_SETTING_LANGUAGE,26.8,6
2026-07-12,VE,1-INTRO_FB_ENTRY_POINT,25.8,6
2026-07-12,VE,1-6000_FRIEND_COUNT,26.7,6
2026-07-12,VE,1-ALL_LOAD_INTRO,24.3,6
2026-07-12,VE,1-6020_USER_CURRENT_LEVEL,27.8,6
2026-07-12,VE,1-INTRO_GAME_DATA_FINISH,27.0,6
2026-07-12,VE,1-INTRO_GAME_DATA,26.0,6
2026-07-12,VE,1-INTRO_FB_SUBSCRIBE_BOT_FINISH,26.7,6
2026-07-12,VE,1-INTRO_FB_ENTRY_DATA_FINISH,27.3,6
2026-07-12,VE,1-9400_GOLD_TRANSACTION_LOG,27.7,6
2026-07-12,VE,1-2141_TUTO_STEP_COMPLETE,98.8,5
2026-07-12,VE,1-FIRST_LOAD_INTRO_FINISH_Android,3.8,5
2026-07-12,VE,1-FIRST_LOAD_FB_Android,0.8,5
2026-07-12,VE,1-FIRST_LOAD_INTRO_Android,3.4,5
2026-07-12,VE,1-2110_TUTO_INGAME_INTRO,39.6,5
2026-07-12,VE,1-2100_GAMEPLAY_START,36.6,5
2026-07-12,VE,1-12002_INTRO_DIRECT_ENTRY_END,36.6,5
2026-07-12,VE,1-12001_INTRO_DIRECT_ENTRY_START,33.2,5
2026-07-12,VE,1-1010_LOAD_COMPLETE,36.6,5
2026-07-12,VE,1-12000_TEST_TOUCH,94.4,5
2026-07-12,VE,1-FIRST_LOAD_INTRO_START_Android,3.6,5
2026-07-12,VE,1-INTRO_OBJECT_POOL_FINISH,32.8,5
2026-07-12,VE,1-9990_PLAY_FIRST_TOUCH,129.3,4
2026-07-12,VE,1-2150_GAMEPLAY_NRU_CARD_MATCH,130.3,4
2026-07-12,VE,1-7180_BTN_DRAW_DECK,173.3,3
2026-07-12,VE,1-2210_GAMEPLAY_COMBO_REWARD,108.7,3
2026-07-12,VE,1-9402_HAMMER_TRANSACTION_LOG,144.7,3
2026-07-12,VE,1-2410_FINISH_RESULT_CLAIM,120.7,3
2026-07-12,VE,1-2300_GAMEPLAY_FINISH,108.7,3
2026-07-12,VE,1-2400_FINISH_RESULT,116.0,3
2026-07-12,VE,1-2151_GAMEPLAY_NRU_MATCHES,108.7,3
2026-07-12,VE,1-2213_GAMEPLAY_DECK_BONUS,107.3,3
2026-07-12,VE,1-2094_PRE_LEVEL_PLAY,177.0,2
2026-07-12,VE,1-2111_TUTO_DECK_DRAW,114.5,2
2026-07-12,VE,1-FIRST_INTRO_DEBUG_ERROR_98_Android,15.0,2
2026-07-12,VE,1-ALL_INTRO_DEBUG_ERROR_98,15.0,2
2026-07-12,VE,1-2114_TUTO_PRE_LEVEL_POPUP,173.5,2
2026-07-12,VE,1-2510_ENTRY_COST_PAY,177.0,2
2026-07-12,VE,1-5700_LOBBY,128.0,2
2026-07-12,VE,1-2090_PRE_LEVEL_SHOW,173.0,2
2026-07-12,VN,1-12001_INTRO_DIRECT_ENTRY_START,7.0,37
2026-07-12,VN,1-INTRO_GAME_DATA,3.9,37
2026-07-12,VN,1-INTRO_FB_FRIEND,3.6,37
2026-07-12,VN,1-9400_GOLD_TRANSACTION_LOG,6.2,37
2026-07-12,VN,1-INTRO_OBJECT_POOL,4.3,37
2026-07-12,VN,1-INTRO_SIGNED_PLAYER_INFO_FINISH,4.1,37
2026-07-12,VN,1-INTRO_FB_ENTRY_POINT,3.6,37
2026-07-12,VN,1-INTRO_GAME_DATA_FINISH,5.1,37
2026-07-12,VN,1-INTRO_FB_SUBSCRIBE_BOT_FINISH,4.5,37
2026-07-12,VN,1-INTRO_FB_ENTRY_DATA_FINISH,5.2,37
2026-07-12,VN,1-ALL_LOAD_INTRO_START,2.2,37
2026-07-12,VN,1-INTRO_FB_FRIEND_FINISH,4.4,37
2026-07-12,VN,1-6011_USER_TICKET_BALANCE,6.7,37
2026-07-12,VN,1-ALL_LOAD_INTRO,2.2,37
2026-07-12,VN,1-INTRO_LOGIN,5.7,37
2026-07-12,VN,1-6000_FRIEND_COUNT,4.4,37
2026-07-12,VN,1-6040_SETTING_LANGUAGE,4.3,37
2026-07-12,VN,1-ALL_LOAD_INTRO_FINISH,2.3,37
2026-07-12,VN,1-INTRO_FB_START_FINISH,0.0,37
2026-07-12,VN,1-ALL_LOAD_FB,1.1,37
2026-07-12,VN,1-INTRO_FB_ENTRY_POINT_FINISH,4.4,37
2026-07-12,VN,1-INTRO_BUNDLE_FINISH,4.3,37
2026-07-12,VN,1-9403_BOOSTER_TRANSACTION_LOG,6.2,37
2026-07-12,VN,1-6012_USER_HAMMER_BALANCE,6.7,37
2026-07-12,VN,1-6030_USER_CITY_STATUS,6.8,37
2026-07-12,VN,1-2100_GAMEPLAY_START,8.8,37
2026-07-12,VN,1-6020_USER_CURRENT_LEVEL,6.8,37
2026-07-12,VN,1-INTRO_FB_SUBSCRIBE_BOT,3.6,37
2026-07-12,VN,1-INTRO_OBJECT_POOL_FINISH,5.0,37
2026-07-12,VN,1-INTRO_BUNDLE,3.5,37
2026-07-12,VN,1-6010_USER_GOLD_BALANCE,6.6,37
2026-07-12,VN,1-1000_LOGIN_COMPLETE,6.3,37
2026-07-12,VN,1-INTRO_FB_ENTRY_DATA,4.4,37
2026-07-12,VN,1-INTRO_SIGNED_PLAYER_INFO,3.5,37
2026-07-12,VN,1-1010_LOAD_COMPLETE,8.9,36
2026-07-12,VN,1-12002_INTRO_DIRECT_ENTRY_END,9.1,36
2026-07-12,VN,1-2110_TUTO_INGAME_INTRO,11.9,34
2026-07-12,VN,1-2141_TUTO_STEP_COMPLETE,18.5,32
2026-07-12,VN,1-12000_TEST_TOUCH,14.9,32
2026-07-12,VN,1-2150_GAMEPLAY_NRU_CARD_MATCH,25.6,27
2026-07-12,VN,1-9990_PLAY_FIRST_TOUCH,21.9,27
2026-07-12,VN,1-FIRST_LOAD_INTRO_FINISH_Android,2.5,22
2026-07-12,VN,1-FIRST_LOAD_INTRO_Android,2.5,22
2026-07-12,VN,1-2213_GAMEPLAY_DECK_BONUS,48.6,22
2026-07-12,VN,1-FIRST_LOAD_FB_Android,1.1,22
2026-07-12,VN,1-9402_HAMMER_TRANSACTION_LOG,49.2,22
2026-07-12,VN,1-FIRST_LOAD_INTRO_START_Android,2.5,22
2026-07-12,VN,1-2151_GAMEPLAY_NRU_MATCHES,49.8,22
2026-07-12,VN,1-2300_GAMEPLAY_FINISH,49.8,22
2026-07-12,VN,1-2210_GAMEPLAY_COMBO_REWARD,49.8,22
2026-07-12,VN,1-2400_FINISH_RESULT,52.0,21
2026-07-12,VN,1-2410_FINISH_RESULT_CLAIM,55.0,20
2026-07-12,VN,1-7180_BTN_DRAW_DECK,63.4,20
2026-07-12,VN,1-2111_TUTO_DECK_DRAW,59.0,20
2026-07-12,VN,1-2114_TUTO_PRE_LEVEL_POPUP,94.9,15
2026-07-12,VN,1-5700_LOBBY,91.5,15
2026-07-12,VN,1-2090_PRE_LEVEL_SHOW,94.3,15
2026-07-12,VN,1-2510_ENTRY_COST_PAY,71.3,13
2026-07-12,VN,1-2094_PRE_LEVEL_PLAY,71.3,13
2026-07-12,VN,1-9300_CLIENT_LOG,2.3,12
2026-07-12,VN,1-FIRST_LOAD_FB_iOS,0.9,11
2026-07-12,VN,1-FIRST_LOAD_INTRO_FINISH_iOS,2.0,11
2026-07-12,VN,1-FIRST_LOAD_INTRO_iOS,1.8,11
2026-07-12,VN,1-FIRST_LOAD_INTRO_START_iOS,1.8,11
2026-07-12,VN,1-3120_TOURNAMENT_CREATE_FAIL,113.2,10
2026-07-12,VN,1-3100_TOURNAMENT_CREATE,113.1,10
2026-07-12,VN,1-ALL_INTRO_DEBUG_ERROR_98,11.9,7
2026-07-12,VN,1-2116_TUTO_PLUS_CARD,104.3,7
2026-07-12,VN,1-2600_GIMMICK_FIRST_APPEAR,104.3,7
2026-07-12,VN,1-2212_GAMEPLAY_STREAK_STAR_EARN,158.9,7
2026-07-12,VN,1-2119_TUTO_STREAK,148.3,7
2026-07-12,VN,1-6111_IDLE_GOLD_COLLECT_SUCCESS,137.0,7
2026-07-12,VN,1-2610_GIMMICK_PLUS_CARD_MATCH,106.1,7
2026-07-12,VN,1-11001_GAMEPLAY_FINISH_5,182.7,7
2026-07-12,VN,1-ALL_INTRO_DEBUG_ERROR_PASS_AFTER_98,21.4,7
2026-07-12,VN,1-2211_GAMEPLAY_STREAK_METER_FILL,158.9,7
2026-07-12,VN,1-6110_IDLE_GOLD_COLLECT_TRY,136.9,7
2026-07-12,VN,1-5200_LEADERBOARD,190.3,6
2026-07-12,VN,1-2122_TUTO_BOOSTER_UNDO,312.5,4
2026-07-12,VN,1-2125_TUTO_BOOSTER_EXTRADECK,321.0,4
2026-07-12,VN,1-2124_TUTO_BOOSTER_WILDCARD,242.8,4
2026-07-12,VN,1-NETWORK_TIMEOUT_RETRY,11.5,4
2026-07-12,VN,1-FIRST_LOAD_INTRO_etc,2.0,4
2026-07-12,VN,1-FIRST_LOAD_FB_etc,1.3,4
2026-07-12,VN,1-8060_DAILY_CHECKIN_POPUP,228.0,4
2026-07-12,VN,1-11002_GAMEPLAY_FINISH_6,223.0,4
2026-07-12,VN,1-8120_COLLECTION_POPUP,281.8,4
2026-07-12,VN,1-8064_BTN_DAILY_CHECKIN_CLOSE,230.3,4
2026-07-12,VN,1-NETWORK_TIMEOUT,11.5,4
2026-07-12,VN,1-FIRST_INTRO_DEBUG_ERROR_98_Android,12.5,4
2026-07-12,VN,1-FIRST_INTRO_DEBUG_ERROR_PASS_AFTER_98_Android,27.5,4
2026-07-12,VN,1-11004_GAMEPLAY_FINISH_8,343.0,4
2026-07-12,VN,1-FIRST_LOAD_INTRO_START_etc,2.0,4
2026-07-12,VN,1-8062_DAILY_CHECKIN_CLAIM_SUCCESS,228.8,4
2026-07-12,VN,1-8061_DAILY_CHECKIN_CLAIM_TRY,228.8,4
2026-07-12,VN,1-FIRST_LOAD_INTRO_FINISH_etc,2.0,4
2026-07-12,VN,1-11003_GAMEPLAY_FINISH_7,273.8,4
2026-07-12,VN,1-2123_TUTO_BOOSTER_FIREWORKS,330.3,3
2026-07-12,VN,1-2127_TUTO_BETTING_2,381.0,3
2026-07-12,VN,1-2160_GAMEPLAY_ITEM_UNDO_TRY,283.0,3
2026-07-12,VN,1-8051_DAILY_WHEEL_SPIN_SUCCESS,367.7,3
2026-07-12,VN,1-12020_FRAME_DROP_LOG,200.0,3
2026-07-12,VN,1-8053_BTN_DAILY_WHEEL_CLOSE,368.3,3
2026-07-12,VN,1-2191_GAMEPLAY_ITEM_EXTRADECK_SUCCESS,380.0,3
2026-07-12,VN,1-8101_CITY_DECO_UPGRADE_TRY,276.7,3
2026-07-12,VN,1-2161_GAMEPLAY_ITEM_UNDO_SUCCESS,283.3,3
2026-07-12,VN,1-8050_DAILY_WHEEL_POPUP,359.0,3
2026-07-12,VN,1-11005_GAMEPLAY_FINISH_9,352.7,3
2026-07-12,VN,1-8105_BTN_CITY_DECO_CLOSE,280.3,3
2026-07-12,VN,1-8102_CITY_DECO_UPGRADE_SUCCESS,277.0,3
2026-07-12,VN,1-8100_CITY_DECO_POPUP,268.7,3
2026-07-12,VN,1-2091_PRE_LEVEL_BOOSTER_SELECT,332.0,3
2026-07-12,VN,1-2190_GAMEPLAY_ITEM_EXTRADECK_TRY,379.3,3
2026-07-12,VN,1-11006_GAMEPLAY_FINISH_10,481.7,3
2026-07-12,VN,1-2093_PRE_LEVEL_BETTING,383.3,3
2026-07-12,VN,1-FIRST_INTRO_DEBUG_ERROR_98_iOS,11.0,3
2026-07-12,VN,1-FIRST_INTRO_DEBUG_ERROR_PASS_AFTER_98_iOS,13.3,3
2026-07-12,VN,1-2092_PRE_LEVEL_BOOSTER_DESELECT,332.7,3
2026-07-12,VN,1-2180_GAMEPLAY_ITEM_WILDCARD_TRY,280.0,2
2026-07-12,VN,1-2220_GAMEPLAY_END_SURE,300.0,2
2026-07-12,VN,1-2181_GAMEPLAY_ITEM_WILDCARD_SUCCESS,280.0,2
2026-07-12,ZA,1-INTRO_FB_SUBSCRIBE_BOT,8.7,21
2026-07-12,ZA,1-INTRO_BUNDLE_FINISH,9.6,21
2026-07-12,ZA,1-INTRO_SIGNED_PLAYER_INFO,8.7,21
2026-07-12,ZA,1-INTRO_FB_START_FINISH,0.0,21
2026-07-12,ZA,1-INTRO_FB_FRIEND_FINISH,10.2,21
2026-07-12,ZA,1-INTRO_GAME_DATA_FINISH,10.8,21
2026-07-12,ZA,1-INTRO_FB_ENTRY_POINT_FINISH,9.6,21
2026-07-12,ZA,1-INTRO_BUNDLE,8.7,21
2026-07-12,ZA,1-INTRO_GAME_DATA,8.8,21
2026-07-12,ZA,1-ALL_LOAD_INTRO_FINISH,3.2,21
2026-07-12,ZA,1-ALL_LOAD_FB,1.8,21
2026-07-12,ZA,1-INTRO_SIGNED_PLAYER_INFO_FINISH,9.0,21
2026-07-12,ZA,1-INTRO_FB_SUBSCRIBE_BOT_FINISH,9.6,21
2026-07-12,ZA,1-6012_USER_HAMMER_BALANCE,13.3,21
2026-07-12,ZA,1-6011_USER_TICKET_BALANCE,13.3,21
2026-07-12,ZA,1-INTRO_FB_ENTRY_DATA_FINISH,10.8,21
2026-07-12,ZA,1-6010_USER_GOLD_BALANCE,13.2,21
2026-07-12,ZA,1-INTRO_OBJECT_POOL,9.7,21
2026-07-12,ZA,1-6030_USER_CITY_STATUS,13.4,21
2026-07-12,ZA,1-INTRO_LOGIN,12.0,21
2026-07-12,ZA,1-1000_LOGIN_COMPLETE,12.7,21
2026-07-12,ZA,1-9400_GOLD_TRANSACTION_LOG,12.7,21
2026-07-12,ZA,1-6020_USER_CURRENT_LEVEL,13.4,21
2026-07-12,ZA,1-6000_FRIEND_COUNT,10.2,21
2026-07-12,ZA,1-6040_SETTING_LANGUAGE,9.7,21
2026-07-12,ZA,1-ALL_LOAD_INTRO,3.1,21
2026-07-12,ZA,1-INTRO_FB_FRIEND,8.7,21
2026-07-12,ZA,1-INTRO_FB_ENTRY_POINT,8.7,21
2026-07-12,ZA,1-9403_BOOSTER_TRANSACTION_LOG,12.7,21
2026-07-12,ZA,1-INTRO_FB_ENTRY_DATA,9.6,21
2026-07-12,ZA,1-ALL_LOAD_INTRO_START,3.1,21
2026-07-12,ZA,1-FIRST_LOAD_INTRO_FINISH_Android,3.3,18
2026-07-12,ZA,1-FIRST_LOAD_INTRO_START_Android,3.3,18
2026-07-12,ZA,1-FIRST_LOAD_INTRO_Android,3.3,18
2026-07-12,ZA,1-FIRST_LOAD_FB_Android,1.9,18
2026-07-12,ZA,1-INTRO_OBJECT_POOL_FINISH,8.9,15
2026-07-12,ZA,1-12001_INTRO_DIRECT_ENTRY_START,11.7,14
2026-07-12,ZA,1-2100_GAMEPLAY_START,9.8,12
2026-07-12,ZA,1-12002_INTRO_DIRECT_ENTRY_END,9.9,12
2026-07-12,ZA,1-1010_LOAD_COMPLETE,9.8,12
2026-07-12,ZA,1-12000_TEST_TOUCH,13.3,12
2026-07-12,ZA,1-ALL_INTRO_DEBUG_ERROR_98,13.2,9
2026-07-12,ZA,1-2110_TUTO_INGAME_INTRO,13.0,9
2026-07-12,ZA,1-2141_TUTO_STEP_COMPLETE,42.6,9
2026-07-12,ZA,1-FIRST_INTRO_DEBUG_ERROR_98_Android,13.4,8
2026-07-12,ZA,1-NETWORK_TIMEOUT,12.3,4
2026-07-12,ZA,1-NETWORK_TIMEOUT_RETRY,12.5,4
2026-07-12,ZA,1-ALL_INTRO_DEBUG_ERROR_PASS_AFTER_98,16.0,3
2026-07-12,ZA,1-FIRST_INTRO_DEBUG_ERROR_PASS_AFTER_98_Android,16.0,3
2026-07-12,ZA,1-9990_PLAY_FIRST_TOUCH,141.0,2
2026-07-12,ZA,1-FIRST_LOAD_INTRO_START_iOS,1.5,2
2026-07-12,ZA,1-9300_CLIENT_LOG,29.5,2
2026-07-12,ZA,1-FIRST_LOAD_INTRO_iOS,1.5,2
2026-07-12,ZA,1-FIRST_LOAD_FB_iOS,0.5,2
2026-07-12,ZA,1-FIRST_LOAD_INTRO_FINISH_iOS,1.5,2
2026-07-12,ZM,1-6000_FRIEND_COUNT,12.0,3
2026-07-12,ZM,1-INTRO_FB_START_FINISH,0.0,3
2026-07-12,ZM,1-INTRO_SIGNED_PLAYER_INFO,10.3,3
2026-07-12,ZM,1-12001_INTRO_DIRECT_ENTRY_START,19.0,3
2026-07-12,ZM,1-9403_BOOSTER_TRANSACTION_LOG,17.7,3
2026-07-12,ZM,1-6030_USER_CITY_STATUS,18.3,3
2026-07-12,ZM,1-FIRST_LOAD_FB_Android,3.3,3
2026-07-12,ZM,1-FIRST_LOAD_INTRO_START_Android,9.7,3
2026-07-12,ZM,1-INTRO_FB_SUBSCRIBE_BOT_FINISH,13.3,3
2026-07-12,ZM,1-1000_LOGIN_COMPLETE,17.7,3
2026-07-12,ZM,1-6040_SETTING_LANGUAGE,12.3,3
2026-07-12,ZM,1-6011_USER_TICKET_BALANCE,18.3,3
2026-07-12,ZM,1-6012_USER_HAMMER_BALANCE,18.3,3
2026-07-12,ZM,1-ALL_LOAD_INTRO,9.7,3
2026-07-12,ZM,1-FIRST_LOAD_INTRO_Android,9.7,3
2026-07-12,ZM,1-ALL_LOAD_INTRO_START,10.0,3
2026-07-12,ZM,1-9400_GOLD_TRANSACTION_LOG,17.7,3
2026-07-12,ZM,1-INTRO_FB_ENTRY_DATA_FINISH,16.0,3
2026-07-12,ZM,1-INTRO_GAME_DATA,10.7,3
2026-07-12,ZM,1-INTRO_FB_ENTRY_POINT,10.3,3
2026-07-12,ZM,1-INTRO_FB_FRIEND,10.3,3
2026-07-12,ZM,1-INTRO_SIGNED_PLAYER_INFO_FINISH,11.0,3
2026-07-12,ZM,1-INTRO_GAME_DATA_FINISH,16.7,3
2026-07-12,ZM,1-INTRO_BUNDLE_FINISH,12.3,3
2026-07-12,ZM,1-INTRO_FB_ENTRY_DATA,13.3,3
2026-07-12,ZM,1-ALL_LOAD_FB,3.3,3
2026-07-12,ZM,1-INTRO_BUNDLE,10.3,3
2026-07-12,ZM,1-INTRO_FB_FRIEND_FINISH,12.0,3
2026-07-12,ZM,1-INTRO_FB_SUBSCRIBE_BOT,10.3,3
2026-07-12,ZM,1-FIRST_LOAD_INTRO_FINISH_Android,10.3,3
2026-07-12,ZM,1-6020_USER_CURRENT_LEVEL,18.3,3
2026-07-12,ZM,1-INTRO_OBJECT_POOL_FINISH,17.0,3
2026-07-12,ZM,1-INTRO_LOGIN,16.7,3
2026-07-12,ZM,1-6010_USER_GOLD_BALANCE,18.3,3
2026-07-12,ZM,1-ALL_LOAD_INTRO_FINISH,10.3,3
2026-07-12,ZM,1-INTRO_OBJECT_POOL,12.3,3
2026-07-12,ZM,1-INTRO_FB_ENTRY_POINT_FINISH,13.3,3
2026-07-12,ZM,1-FIRST_INTRO_DEBUG_ERROR_98_Android,22.0,2
2026-07-12,ZM,1-12000_TEST_TOUCH,32.0,2
2026-07-12,ZM,1-ALL_INTRO_DEBUG_ERROR_98,22.0,2
2026-07-12,ZM,1-12002_INTRO_DIRECT_ENTRY_END,25.0,2
2026-07-12,ZM,1-1010_LOAD_COMPLETE,25.0,2
2026-07-12,ZM,1-2100_GAMEPLAY_START,25.0,2
2026-07-12,ZW,1-FIRST_LOAD_INTRO_START_Android,1.5,2
2026-07-12,ZW,1-INTRO_GAME_DATA_FINISH,3.5,2
2026-07-12,ZW,1-INTRO_FB_SUBSCRIBE_BOT_FINISH,3.5,2
2026-07-12,ZW,1-FIRST_LOAD_INTRO_FINISH_Android,1.5,2
2026-07-12,ZW,1-9400_GOLD_TRANSACTION_LOG,4.5,2
2026-07-12,ZW,1-6020_USER_CURRENT_LEVEL,5.5,2
2026-07-12,ZW,1-INTRO_BUNDLE_FINISH,3.0,2
2026-07-12,ZW,1-INTRO_FB_ENTRY_DATA,3.5,2
2026-07-12,ZW,1-INTRO_FB_ENTRY_POINT,3.0,2
2026-07-12,ZW,1-INTRO_FB_FRIEND,3.0,2
2026-07-12,ZW,1-2141_TUTO_STEP_COMPLETE,14.5,2
2026-07-12,ZW,1-ALL_LOAD_FB,1.0,2
2026-07-12,ZW,1-INTRO_BUNDLE,3.0,2
2026-07-12,ZW,1-FIRST_LOAD_FB_Android,1.0,2
2026-07-12,ZW,1-6030_USER_CITY_STATUS,5.5,2
2026-07-12,ZW,1-1010_LOAD_COMPLETE,6.5,2
2026-07-12,ZW,1-INTRO_GAME_DATA,3.0,2
2026-07-12,ZW,1-12001_INTRO_DIRECT_ENTRY_START,5.5,2
2026-07-12,ZW,1-12002_INTRO_DIRECT_ENTRY_END,6.5,2
2026-07-12,ZW,1-1000_LOGIN_COMPLETE,4.5,2
2026-07-12,ZW,1-6010_USER_GOLD_BALANCE,5.5,2
2026-07-12,ZW,1-ALL_LOAD_INTRO_START,1.5,2
2026-07-12,ZW,1-6012_USER_HAMMER_BALANCE,5.5,2
2026-07-12,ZW,1-6011_USER_TICKET_BALANCE,5.5,2
2026-07-12,ZW,1-12000_TEST_TOUCH,6.5,2
2026-07-12,ZW,1-ALL_LOAD_INTRO_FINISH,1.5,2
2026-07-12,ZW,1-INTRO_FB_ENTRY_DATA_FINISH,4.0,2
2026-07-12,ZW,1-ALL_LOAD_INTRO,1.5,2
2026-07-12,ZW,1-6040_SETTING_LANGUAGE,3.0,2
2026-07-12,ZW,1-INTRO_FB_SUBSCRIBE_BOT,3.0,2
2026-07-12,ZW,1-2100_GAMEPLAY_START,6.5,2
2026-07-12,ZW,1-2110_TUTO_INGAME_INTRO,11.0,2
2026-07-12,ZW,1-INTRO_FB_FRIEND_FINISH,3.5,2
2026-07-12,ZW,1-INTRO_FB_ENTRY_POINT_FINISH,3.5,2
2026-07-12,ZW,1-INTRO_FB_START_FINISH,0.0,2
2026-07-12,ZW,1-9403_BOOSTER_TRANSACTION_LOG,4.5,2
2026-07-12,ZW,1-6000_FRIEND_COUNT,3.5,2
2026-07-12,ZW,1-INTRO_OBJECT_POOL,3.0,2
2026-07-12,ZW,1-INTRO_SIGNED_PLAYER_INFO,3.0,2
2026-07-12,ZW,1-FIRST_LOAD_INTRO_Android,1.5,2
2026-07-12,ZW,1-INTRO_LOGIN,4.0,2
2026-07-12,ZW,1-INTRO_OBJECT_POOL_FINISH,4.5,2
2026-07-12,ZW,1-INTRO_SIGNED_PLAYER_INFO_FINISH,3.5,2
2026-07-13,AR,1-12000_TEST_TOUCH,13.0,4
2026-07-13,AR,1-6012_USER_HAMMER_BALANCE,5.3,4
2026-07-13,AR,1-6030_USER_CITY_STATUS,5.5,4
2026-07-13,AR,1-9403_BOOSTER_TRANSACTION_LOG,5.0,4
2026-07-13,AR,1-6040_SETTING_LANGUAGE,3.0,4
2026-07-13,AR,1-ALL_LOAD_INTRO,2.3,4
2026-07-13,AR,1-ALL_LOAD_INTRO_START,2.3,4
2026-07-13,AR,1-INTRO_BUNDLE_FINISH,3.0,4
2026-07-13,AR,1-INTRO_FB_ENTRY_DATA,3.0,4
2026-07-13,AR,1-INTRO_FB_ENTRY_POINT,2.3,4
2026-07-13,AR,1-INTRO_FB_FRIEND,2.3,4
2026-07-13,AR,1-INTRO_LOGIN,4.3,4
2026-07-13,AR,1-INTRO_OBJECT_POOL_FINISH,3.3,4
2026-07-13,AR,1-INTRO_BUNDLE,2.3,4
2026-07-13,AR,1-6011_USER_TICKET_BALANCE,5.3,4
2026-07-13,AR,1-1010_LOAD_COMPLETE,8.0,4
2026-07-13,AR,1-12001_INTRO_DIRECT_ENTRY_START,5.5,4
2026-07-13,AR,1-12002_INTRO_DIRECT_ENTRY_END,8.0,4
2026-07-13,AR,1-2100_GAMEPLAY_START,8.0,4
2026-07-13,AR,1-2110_TUTO_INGAME_INTRO,10.0,4
2026-07-13,AR,1-ALL_LOAD_FB,1.0,4
2026-07-13,AR,1-ALL_LOAD_INTRO_FINISH,2.3,4
2026-07-13,AR,1-2141_TUTO_STEP_COMPLETE,14.8,4
2026-07-13,AR,1-6020_USER_CURRENT_LEVEL,5.3,4
2026-07-13,AR,1-INTRO_FB_ENTRY_POINT_FINISH,3.0,4
2026-07-13,AR,1-9400_GOLD_TRANSACTION_LOG,5.0,4
2026-07-13,AR,1-6000_FRIEND_COUNT,3.5,4
2026-07-13,AR,1-INTRO_FB_ENTRY_DATA_FINISH,3.8,4
2026-07-13,AR,1-INTRO_FB_SUBSCRIBE_BOT_FINISH,3.0,4
2026-07-13,AR,1-INTRO_GAME_DATA,2.3,4
2026-07-13,AR,1-INTRO_GAME_DATA_FINISH,3.5,4
2026-07-13,AR,1-INTRO_FB_FRIEND_FINISH,3.5,4
2026-07-13,AR,1-INTRO_FB_START_FINISH,0.0,4
2026-07-13,AR,1-INTRO_FB_SUBSCRIBE_BOT,2.3,4
2026-07-13,AR,1-INTRO_OBJECT_POOL,3.0,4
2026-07-13,AR,1-INTRO_SIGNED_PLAYER_INFO,2.3,4
2026-07-13,AR,1-INTRO_SIGNED_PLAYER_INFO_FINISH,2.5,4
2026-07-13,AR,1-1000_LOGIN_COMPLETE,5.0,4
2026-07-13,AR,1-6010_USER_GOLD_BALANCE,5.3,4
2026-07-13,AR,1-FIRST_LOAD_INTRO_Android,2.7,3
2026-07-13,AR,1-FIRST_LOAD_INTRO_START_Android,2.7,3
2026-07-13,AR,1-9990_PLAY_FIRST_TOUCH,18.7,3
2026-07-13,AR,1-2150_GAMEPLAY_NRU_CARD_MATCH,33.3,3
2026-07-13,AR,1-FIRST_LOAD_FB_Android,1.3,3
2026-07-13,AR,1-FIRST_LOAD_INTRO_FINISH_Android,2.7,3
2026-07-13,AR,1-2213_GAMEPLAY_DECK_BONUS,35.5,2
2026-07-13,AR,1-2410_FINISH_RESULT_CLAIM,40.5,2
2026-07-13,AR,1-2210_GAMEPLAY_COMBO_REWARD,37.5,2
2026-07-13,AR,1-2111_TUTO_DECK_DRAW,45.0,2
2026-07-13,AR,1-7180_BTN_DRAW_DECK,52.5,2
2026-07-13,AR,1-2151_GAMEPLAY_NRU_MATCHES,37.5,2
2026-07-13,AR,1-2400_FINISH_RESULT,38.5,2
2026-07-13,AR,1-2300_GAMEPLAY_FINISH,37.5,2
2026-07-13,AR,1-9402_HAMMER_TRANSACTION_LOG,36.5,2
2026-07-13,AU,1-FIRST_LOAD_FB_etc,0.0,3
2026-07-13,AU,1-9990_PLAY_FIRST_TOUCH,10.3,3
2026-07-13,AU,1-INTRO_BUNDLE,1.0,3
2026-07-13,AU,1-INTRO_FB_ENTRY_POINT_FINISH,1.3,3
2026-07-13,AU,1-INTRO_FB_FRIEND_FINISH,1.3,3
2026-07-13,AU,1-INTRO_FB_START_FINISH,0.0,3
2026-07-13,AU,1-INTRO_FB_SUBSCRIBE_BOT,1.0,3
2026-07-13,AU,1-INTRO_OBJECT_POOL,1.0,3
2026-07-13,AU,1-INTRO_SIGNED_PLAYER_INFO,1.0,3
2026-07-13,AU,1-INTRO_SIGNED_PLAYER_INFO_FINISH,1.0,3
2026-07-13,AU,1-ALL_LOAD_INTRO_FINISH,1.0,3
2026-07-13,AU,1-INTRO_GAME_DATA_FINISH,1.0,3
2026-07-13,AU,1-ALL_LOAD_FB,0.0,3
2026-07-13,AU,1-6012_USER_HAMMER_BALANCE,3.0,3
2026-07-13,AU,1-6011_USER_TICKET_BALANCE,3.0,3
2026-07-13,AU,1-6010_USER_GOLD_BALANCE,3.0,3
2026-07-13,AU,1-12000_TEST_TOUCH,8.7,3
2026-07-13,AU,1-INTRO_FB_SUBSCRIBE_BOT_FINISH,1.0,3
2026-07-13,AU,1-1010_LOAD_COMPLETE,3.7,3
2026-07-13,AU,1-INTRO_FB_ENTRY_DATA_FINISH,2.0,3
2026-07-13,AU,1-12001_INTRO_DIRECT_ENTRY_START,3.0,3
2026-07-13,AU,1-6000_FRIEND_COUNT,1.3,3
2026-07-13,AU,1-6040_SETTING_LANGUAGE,1.0,3
2026-07-13,AU,1-12002_INTRO_DIRECT_ENTRY_END,3.7,3
2026-07-13,AU,1-ALL_LOAD_INTRO,0.7,3
2026-07-13,AU,1-ALL_LOAD_INTRO_START,0.7,3
2026-07-13,AU,1-FIRST_LOAD_INTRO_FINISH_etc,0.7,3
2026-07-13,AU,1-FIRST_LOAD_INTRO_etc,0.7,3
2026-07-13,AU,1-INTRO_BUNDLE_FINISH,1.0,3
2026-07-13,AU,1-INTRO_FB_ENTRY_DATA,1.3,3
2026-07-13,AU,1-INTRO_FB_ENTRY_POINT,1.0,3
2026-07-13,AU,1-INTRO_FB_FRIEND,1.0,3
2026-07-13,AU,1-INTRO_LOGIN,2.0,3
2026-07-13,AU,1-INTRO_OBJECT_POOL_FINISH,1.3,3
2026-07-13,AU,1-1000_LOGIN_COMPLETE,2.7,3
2026-07-13,AU,1-2100_GAMEPLAY_START,3.7,3
2026-07-13,AU,1-2110_TUTO_INGAME_INTRO,5.7,3
2026-07-13,AU,1-6020_USER_CURRENT_LEVEL,3.0,3
2026-07-13,AU,1-6030_USER_CITY_STATUS,3.0,3
2026-07-13,AU,1-9400_GOLD_TRANSACTION_LOG,2.7,3
2026-07-13,AU,1-2141_TUTO_STEP_COMPLETE,9.0,3
2026-07-13,AU,1-9403_BOOSTER_TRANSACTION_LOG,2.7,3
2026-07-13,AU,1-2150_GAMEPLAY_NRU_CARD_MATCH,11.0,3
2026-07-13,AU,1-FIRST_LOAD_INTRO_START_etc,0.7,3
2026-07-13,AU,1-INTRO_GAME_DATA,1.0,3
2026-07-13,AU,1-11004_GAMEPLAY_FINISH_8,351.5,2
2026-07-13,AU,1-2111_TUTO_DECK_DRAW,27.0,2
2026-07-13,AU,1-8105_BTN_CITY_DECO_CLOSE,120.0,2
2026-07-13,AU,1-8100_CITY_DECO_POPUP,114.0,2
2026-07-13,AU,1-2122_TUTO_BOOSTER_UNDO,325.5,2
2026-07-13,AU,1-2211_GAMEPLAY_STREAK_METER_FILL,171.5,2
2026-07-13,AU,1-8101_CITY_DECO_UPGRADE_TRY,216.0,2
2026-07-13,AU,1-8061_DAILY_CHECKIN_CLAIM_TRY,250.0,2
2026-07-13,AU,1-6111_IDLE_GOLD_COLLECT_SUCCESS,141.0,2
2026-07-13,AU,1-2600_GIMMICK_FIRST_APPEAR,104.0,2
2026-07-13,AU,1-5200_LEADERBOARD,199.5,2
2026-07-13,AU,1-3120_TOURNAMENT_CREATE_FAIL,74.0,2
2026-07-13,AU,1-2510_ENTRY_COST_PAY,51.5,2
2026-07-13,AU,1-2400_FINISH_RESULT,21.0,2
2026-07-13,AU,1-9402_HAMMER_TRANSACTION_LOG,19.0,2
2026-07-13,AU,1-2300_GAMEPLAY_FINISH,20.0,2
2026-07-13,AU,1-2212_GAMEPLAY_STREAK_STAR_EARN,171.5,2
2026-07-13,AU,1-2119_TUTO_STREAK,161.0,2
2026-07-13,AU,1-2114_TUTO_PRE_LEVEL_POPUP,49.5,2
2026-07-13,AU,1-8062_DAILY_CHECKIN_CLAIM_SUCCESS,250.0,2
2026-07-13,AU,1-2151_GAMEPLAY_NRU_MATCHES,20.0,2
2026-07-13,AU,1-6110_IDLE_GOLD_COLLECT_TRY,141.0,2
2026-07-13,AU,1-3100_TOURNAMENT_CREATE,73.0,2
2026-07-13,AU,1-2410_FINISH_RESULT_CLAIM,23.0,2
2026-07-13,AU,1-11003_GAMEPLAY_FINISH_7,295.0,2
2026-07-13,AU,1-2213_GAMEPLAY_DECK_BONUS,19.0,2
2026-07-13,AU,1-11002_GAMEPLAY_FINISH_6,241.5,2
2026-07-13,AU,1-2090_PRE_LEVEL_SHOW,49.0,2
2026-07-13,AU,1-8120_COLLECTION_POPUP,303.5,2
2026-07-13,AU,1-8064_BTN_DAILY_CHECKIN_CLOSE,252.0,2
2026-07-13,AU,1-8060_DAILY_CHECKIN_POPUP,247.0,2
2026-07-13,AU,1-7180_BTN_DRAW_DECK,31.5,2
2026-07-13,AU,1-5700_LOBBY,47.0,2
2026-07-13,AU,1-2610_GIMMICK_PLUS_CARD_MATCH,109.0,2
2026-07-13,AU,1-2210_GAMEPLAY_COMBO_REWARD,20.0,2
2026-07-13,AU,1-2124_TUTO_BOOSTER_WILDCARD,271.5,2
2026-07-13,AU,1-2116_TUTO_PLUS_CARD,104.0,2
2026-07-13,AU,1-2094_PRE_LEVEL_PLAY,51.5,2
2026-07-13,AU,1-11001_GAMEPLAY_FINISH_5,191.0,2
2026-07-13,AU,1-8102_CITY_DECO_UPGRADE_SUCCESS,216.0,2
2026-07-13,BD,1-6010_USER_GOLD_BALANCE,6.0,3
2026-07-13,BD,1-INTRO_LOGIN,3.0,3
2026-07-13,BD,1-INTRO_SIGNED_PLAYER_INFO,1.7,3
2026-07-13,BD,1-INTRO_OBJECT_POOL,2.0,3
2026-07-13,BD,1-INTRO_FB_SUBSCRIBE_BOT,1.7,3
2026-07-13,BD,1-INTRO_FB_START_FINISH,0.0,3
2026-07-13,BD,1-INTRO_FB_FRIEND_FINISH,2.3,3
2026-07-13,BD,1-INTRO_FB_ENTRY_POINT_FINISH,2.3,3
2026-07-13,BD,1-INTRO_BUNDLE,1.7,3
2026-07-13,BD,1-ALL_LOAD_INTRO_FINISH,1.7,3
2026-07-13,BD,1-ALL_LOAD_FB,0.7,3
2026-07-13,BD,1-7180_BTN_DRAW_DECK,48.3,3
2026-07-13,BD,1-6012_USER_HAMMER_BALANCE,6.0,3
2026-07-13,BD,1-6011_USER_TICKET_BALANCE,6.0,3
2026-07-13,BD,1-INTRO_OBJECT_POOL_FINISH,2.7,3
2026-07-13,BD,1-2210_GAMEPLAY_COMBO_REWARD,35.0,3
2026-07-13,BD,1-2111_TUTO_DECK_DRAW,42.3,3
2026-07-13,BD,1-12000_TEST_TOUCH,10.0,3
2026-07-13,BD,1-1000_LOGIN_COMPLETE,6.0,3
2026-07-13,BD,1-INTRO_GAME_DATA_FINISH,2.7,3
2026-07-13,BD,1-INTRO_GAME_DATA,1.7,3
2026-07-13,BD,1-INTRO_FB_SUBSCRIBE_BOT_FINISH,2.3,3
2026-07-13,BD,1-INTRO_FB_ENTRY_DATA_FINISH,3.0,3
2026-07-13,BD,1-FIRST_LOAD_INTRO_FINISH_Android,1.7,3
2026-07-13,BD,1-9402_HAMMER_TRANSACTION_LOG,34.0,3
2026-07-13,BD,1-9400_GOLD_TRANSACTION_LOG,5.7,3
2026-07-13,BD,1-6020_USER_CURRENT_LEVEL,6.0,3
2026-07-13,BD,1-2151_GAMEPLAY_NRU_MATCHES,35.0,3
2026-07-13,BD,1-2141_TUTO_STEP_COMPLETE,12.3,3
2026-07-13,BD,1-1010_LOAD_COMPLETE,7.3,3
2026-07-13,BD,1-12001_INTRO_DIRECT_ENTRY_START,6.0,3
2026-07-13,BD,1-12002_INTRO_DIRECT_ENTRY_END,7.3,3
2026-07-13,BD,1-2100_GAMEPLAY_START,7.3,3
2026-07-13,BD,1-2110_TUTO_INGAME_INTRO,9.7,3
2026-07-13,BD,1-2300_GAMEPLAY_FINISH,35.0,3
2026-07-13,BD,1-2400_FINISH_RESULT,36.7,3
2026-07-13,BD,1-6030_USER_CITY_STATUS,6.0,3
2026-07-13,BD,1-9403_BOOSTER_TRANSACTION_LOG,5.7,3
2026-07-13,BD,1-9990_PLAY_FIRST_TOUCH,14.0,3
2026-07-13,BD,1-FIRST_LOAD_FB_Android,0.7,3
2026-07-13,BD,1-FIRST_LOAD_INTRO_Android,1.7,3
2026-07-13,BD,1-2150_GAMEPLAY_NRU_CARD_MATCH,17.0,3
2026-07-13,BD,1-2213_GAMEPLAY_DECK_BONUS,33.3,3
2026-07-13,BD,1-2410_FINISH_RESULT_CLAIM,38.3,3
2026-07-13,BD,1-6000_FRIEND_COUNT,2.3,3
2026-07-13,BD,1-6040_SETTING_LANGUAGE,2.0,3
2026-07-13,BD,1-ALL_LOAD_INTRO,1.7,3
2026-07-13,BD,1-ALL_LOAD_INTRO_START,1.7,3
2026-07-13,BD,1-FIRST_LOAD_INTRO_START_Android,1.7,3
2026-07-13,BD,1-INTRO_BUNDLE_FINISH,2.0,3
2026-07-13,BD,1-INTRO_FB_ENTRY_DATA,2.3,3
2026-07-13,BD,1-INTRO_FB_ENTRY_POINT,1.7,3
2026-07-13,BD,1-INTRO_FB_FRIEND,1.7,3
2026-07-13,BD,1-INTRO_SIGNED_PLAYER_INFO_FINISH,2.0,3
2026-07-13,BD,1-5700_LOBBY,81.5,2
2026-07-13,BE,1-INTRO_FB_ENTRY_POINT_FINISH,5.1,7
2026-07-13,BE,1-ALL_LOAD_FB,0.4,7
2026-07-13,BE,1-INTRO_GAME_DATA,4.4,7
2026-07-13,BE,1-INTRO_FB_FRIEND_FINISH,5.4,7
2026-07-13,BE,1-INTRO_FB_SUBSCRIBE_BOT_FINISH,5.3,7
2026-07-13,BE,1-9400_GOLD_TRANSACTION_LOG,6.3,7
2026-07-13,BE,1-INTRO_FB_ENTRY_DATA_FINISH,6.0,7
2026-07-13,BE,1-2150_GAMEPLAY_NRU_CARD_MATCH,16.1,7
2026-07-13,BE,1-6000_FRIEND_COUNT,5.4,7
2026-07-13,BE,1-6040_SETTING_LANGUAGE,4.4,7
2026-07-13,BE,1-6012_USER_HAMMER_BALANCE,6.6,7
2026-07-13,BE,1-ALL_LOAD_INTRO,1.4,7
2026-07-13,BE,1-ALL_LOAD_INTRO_START,1.4,7
2026-07-13,BE,1-6011_USER_TICKET_BALANCE,6.6,7
2026-07-13,BE,1-6010_USER_GOLD_BALANCE,6.6,7
2026-07-13,BE,1-INTRO_BUNDLE_FINISH,4.6,7
2026-07-13,BE,1-INTRO_FB_ENTRY_DATA,5.3,7
2026-07-13,BE,1-INTRO_FB_ENTRY_POINT,4.3,7
2026-07-13,BE,1-INTRO_FB_FRIEND,4.3,7
2026-07-13,BE,1-INTRO_LOGIN,6.1,7
2026-07-13,BE,1-INTRO_OBJECT_POOL_FINISH,5.3,7
2026-07-13,BE,1-INTRO_SIGNED_PLAYER_INFO_FINISH,4.9,7
2026-07-13,BE,1-9990_PLAY_FIRST_TOUCH,15.6,7
2026-07-13,BE,1-INTRO_BUNDLE,4.3,7
2026-07-13,BE,1-6020_USER_CURRENT_LEVEL,6.6,7
2026-07-13,BE,1-12000_TEST_TOUCH,14.0,7
2026-07-13,BE,1-INTRO_GAME_DATA_FINISH,5.1,7
2026-07-13,BE,1-9403_BOOSTER_TRANSACTION_LOG,6.3,7
2026-07-13,BE,1-2141_TUTO_STEP_COMPLETE,14.3,7
2026-07-13,BE,1-ALL_LOAD_INTRO_FINISH,1.4,7
2026-07-13,BE,1-1000_LOGIN_COMPLETE,6.6,7
2026-07-13,BE,1-6030_USER_CITY_STATUS,6.6,7
2026-07-13,BE,1-INTRO_SIGNED_PLAYER_INFO,4.3,7
2026-07-13,BE,1-INTRO_OBJECT_POOL,4.4,7
2026-07-13,BE,1-INTRO_FB_START_FINISH,0.0,7
2026-07-13,BE,1-INTRO_FB_SUBSCRIBE_BOT,4.3,7
2026-07-13,BE,1-1010_LOAD_COMPLETE,8.0,7
2026-07-13,BE,1-12001_INTRO_DIRECT_ENTRY_START,6.9,7
2026-07-13,BE,1-12002_INTRO_DIRECT_ENTRY_END,8.0,7
2026-07-13,BE,1-2100_GAMEPLAY_START,8.0,7
2026-07-13,BE,1-2110_TUTO_INGAME_INTRO,10.1,7
2026-07-13,BE,1-2123_TUTO_BOOSTER_FIREWORKS,362.5,6
2026-07-13,BE,1-2210_GAMEPLAY_COMBO_REWARD,25.0,6
2026-07-13,BE,1-2213_GAMEPLAY_DECK_BONUS,23.7,6
2026-07-13,BE,1-2410_FINISH_RESULT_CLAIM,27.2,6
2026-07-13,BE,1-3100_TOURNAMENT_CREATE,96.5,6
2026-07-13,BE,1-6110_IDLE_GOLD_COLLECT_TRY,131.2,6
2026-07-13,BE,1-5700_LOBBY,52.7,6
2026-07-13,BE,1-2610_GIMMICK_PLUS_CARD_MATCH,99.5,6
2026-07-13,BE,1-8062_DAILY_CHECKIN_CLAIM_SUCCESS,240.5,6
2026-07-13,BE,1-2600_GIMMICK_FIRST_APPEAR,97.7,6
2026-07-13,BE,1-2124_TUTO_BOOSTER_WILDCARD,249.8,6
2026-07-13,BE,1-2211_GAMEPLAY_STREAK_METER_FILL,163.8,6
2026-07-13,BE,1-2116_TUTO_PLUS_CARD,97.7,6
2026-07-13,BE,1-2111_TUTO_DECK_DRAW,31.2,6
2026-07-13,BE,1-2151_GAMEPLAY_NRU_MATCHES,25.0,6
2026-07-13,BE,1-2122_TUTO_BOOSTER_UNDO,304.2,6
2026-07-13,BE,1-11005_GAMEPLAY_FINISH_9,386.7,6
2026-07-13,BE,1-11004_GAMEPLAY_FINISH_8,328.0,6
2026-07-13,BE,1-8061_DAILY_CHECKIN_CLAIM_TRY,240.5,6
2026-07-13,BE,1-11001_GAMEPLAY_FINISH_5,184.7,6
2026-07-13,BE,1-11002_GAMEPLAY_FINISH_6,232.5,6
2026-07-13,BE,1-6111_IDLE_GOLD_COLLECT_SUCCESS,131.2,6
2026-07-13,BE,1-9402_HAMMER_TRANSACTION_LOG,24.0,6
2026-07-13,BE,1-5200_LEADERBOARD,193.8,6
2026-07-13,BE,1-3120_TOURNAMENT_CREATE_FAIL,97.2,6
2026-07-13,BE,1-2510_ENTRY_COST_PAY,59.2,6
2026-07-13,BE,1-2400_FINISH_RESULT,25.8,6
2026-07-13,BE,1-2300_GAMEPLAY_FINISH,25.0,6
2026-07-13,BE,1-2119_TUTO_STREAK,151.0,6
2026-07-13,BE,1-2114_TUTO_PRE_LEVEL_POPUP,55.3,6
2026-07-13,BE,1-2091_PRE_LEVEL_BOOSTER_SELECT,365.8,6
2026-07-13,BE,1-2090_PRE_LEVEL_SHOW,55.2,6
2026-07-13,BE,1-7180_BTN_DRAW_DECK,37.5,6
2026-07-13,BE,1-8060_DAILY_CHECKIN_POPUP,238.3,6
2026-07-13,BE,1-11003_GAMEPLAY_FINISH_7,276.8,6
2026-07-13,BE,1-8064_BTN_DAILY_CHECKIN_CLOSE,242.0,6
2026-07-13,BE,1-2212_GAMEPLAY_STREAK_STAR_EARN,163.8,6
2026-07-13,BE,1-8120_COLLECTION_POPUP,283.3,6
2026-07-13,BE,1-2094_PRE_LEVEL_PLAY,59.2,6
2026-07-13,BE,1-8101_CITY_DECO_UPGRADE_TRY,267.8,5
2026-07-13,BE,1-8051_DAILY_WHEEL_SPIN_SUCCESS,400.8,5
2026-07-13,BE,1-8053_BTN_DAILY_WHEEL_CLOSE,404.4,5
2026-07-13,BE,1-2170_GAMEPLAY_ITEM_FIREWORKS_TRY,422.2,5
2026-07-13,BE,1-8105_BTN_CITY_DECO_CLOSE,270.8,5
2026-07-13,BE,1-2171_GAMEPLAY_ITEM_FIREWORKS_SUCCESS,422.2,5
2026-07-13,BE,1-8102_CITY_DECO_UPGRADE_SUCCESS,267.8,5
2026-07-13,BE,1-8100_CITY_DECO_POPUP,263.6,5
2026-07-13,BE,1-8130_CITY_LIST_POPUP,272.6,5
2026-07-13,BE,1-FIRST_LOAD_INTRO_START_etc,1.0,5
2026-07-13,BE,1-FIRST_LOAD_INTRO_etc,1.0,5
2026-07-13,BE,1-FIRST_LOAD_INTRO_FINISH_etc,1.0,5
2026-07-13,BE,1-8050_DAILY_WHEEL_POPUP,392.2,5
2026-07-13,BE,1-FIRST_LOAD_FB_etc,0.2,5
2026-07-13,BE,1-11006_GAMEPLAY_FINISH_10,426.0,4
2026-07-13,BE,1-2093_PRE_LEVEL_BETTING,379.8,4
2026-07-13,BE,1-5105_BTN_DAILY_TASK_CLOSE,523.0,4
2026-07-13,BE,1-5100_DAILY_TASK,518.3,4
2026-07-13,BE,1-8131_CITY_LIST_SELECT,313.0,4
2026-07-13,BE,1-4200_RV_START,365.0,4
2026-07-13,BE,1-2127_TUTO_BETTING_2,376.8,4
2026-07-13,BE,1-2181_GAMEPLAY_ITEM_WILDCARD_SUCCESS,308.0,3
2026-07-13,BE,1-2180_GAMEPLAY_ITEM_WILDCARD_TRY,307.7,3
2026-07-13,BE,1-4220_RV_ERROR,361.0,3
2026-07-13,BE,1-5431_EVENT_CLEAR_RANKING_PLAY,557.5,2
2026-07-13,BE,1-5432_EVENT_CLEAR_RANKING_CLOSE,559.5,2
2026-07-13,BE,1-2160_GAMEPLAY_ITEM_UNDO_TRY,436.0,2
2026-07-13,BE,1-2092_PRE_LEVEL_BOOSTER_DESELECT,324.0,2
2026-07-13,BE,1-8110_RV_POPUP_GOLD_TRY,341.5,2
2026-07-13,BE,1-8121_COLLECTION_TAB_SWITCH,401.5,2
2026-07-13,BE,1-ALL_INTRO_DEBUG_ERROR_PASS_AFTER_98,19.5,2
2026-07-13,BE,1-2161_GAMEPLAY_ITEM_UNDO_SUCCESS,436.0,2
2026-07-13,BE,1-5430_EVENT_CLEAR_RANKING,555.0,2
2026-07-13,BE,1-ALL_INTRO_DEBUG_ERROR_98,11.5,2
2026-07-13,BE,1-5000_SHOP,143.5,2
2026-07-13,BE,1-2190_GAMEPLAY_ITEM_EXTRADECK_TRY,318.0,2
2026-07-13,BE,1-12020_FRAME_DROP_LOG,271.5,2
2026-07-13,BE,1-2191_GAMEPLAY_ITEM_EXTRADECK_SUCCESS,318.5,2
2026-07-13,BE,1-2125_TUTO_BOOSTER_EXTRADECK,315.0,2
2026-07-13,BE,1-8112_RV_POPUP_GOLD_FAIL,350.0,2
2026-07-13,BE,1-5004_BTN_SHOP_CLOSE,147.5,2
2026-07-13,BE,1-8900_RV_ERROR_BANNER_POPUP,350.0,2
2026-07-13,BR,1-ALL_LOAD_INTRO_START,3.4,8
2026-07-13,BR,1-INTRO_BUNDLE_FINISH,4.9,8
2026-07-13,BR,1-INTRO_FB_ENTRY_DATA,5.3,8
2026-07-13,BR,1-6020_USER_CURRENT_LEVEL,7.7,8
2026-07-13,BR,1-INTRO_FB_START_FINISH,0.0,8
2026-07-13,BR,1-6030_USER_CITY_STATUS,7.7,8
2026-07-13,BR,1-12001_INTRO_DIRECT_ENTRY_START,8.4,8
2026-07-13,BR,1-INTRO_LOGIN,6.6,8
2026-07-13,BR,1-INTRO_OBJECT_POOL_FINISH,6.9,8
2026-07-13,BR,1-INTRO_FB_ENTRY_DATA_FINISH,6.2,8
2026-07-13,BR,1-INTRO_FB_SUBSCRIBE_BOT_FINISH,5.4,8
2026-07-13,BR,1-INTRO_GAME_DATA,4.0,8
2026-07-13,BR,1-1000_LOGIN_COMPLETE,7.5,8
2026-07-13,BR,1-6010_USER_GOLD_BALANCE,7.7,8
2026-07-13,BR,1-6011_USER_TICKET_BALANCE,7.7,8
2026-07-13,BR,1-6012_USER_HAMMER_BALANCE,7.7,8
2026-07-13,BR,1-ALL_LOAD_FB,1.5,8
2026-07-13,BR,1-ALL_LOAD_INTRO_FINISH,3.5,8
2026-07-13,BR,1-INTRO_BUNDLE,3.8,8
2026-07-13,BR,1-INTRO_FB_ENTRY_POINT_FINISH,5.3,8
2026-07-13,BR,1-9400_GOLD_TRANSACTION_LOG,7.0,8
2026-07-13,BR,1-INTRO_FB_FRIEND_FINISH,4.5,8
2026-07-13,BR,1-INTRO_FB_SUBSCRIBE_BOT,3.9,8
2026-07-13,BR,1-INTRO_OBJECT_POOL,5.0,8
2026-07-13,BR,1-INTRO_SIGNED_PLAYER_INFO,3.9,8
2026-07-13,BR,1-INTRO_SIGNED_PLAYER_INFO_FINISH,4.5,8
2026-07-13,BR,1-ALL_LOAD_INTRO,3.4,8
2026-07-13,BR,1-9403_BOOSTER_TRANSACTION_LOG,7.1,8
2026-07-13,BR,1-6000_FRIEND_COUNT,4.5,8
2026-07-13,BR,1-6040_SETTING_LANGUAGE,5.3,8
2026-07-13,BR,1-INTRO_GAME_DATA_FINISH,6.1,8
2026-07-13,BR,1-INTRO_FB_FRIEND,3.9,8
2026-07-13,BR,1-INTRO_FB_ENTRY_POINT,3.9,8
2026-07-13,BR,1-2100_GAMEPLAY_START,9.6,7
2026-07-13,BR,1-12002_INTRO_DIRECT_ENTRY_END,9.7,7
2026-07-13,BR,1-1010_LOAD_COMPLETE,9.7,7
2026-07-13,BR,1-12000_TEST_TOUCH,15.5,6
2026-07-13,BR,1-2110_TUTO_INGAME_INTRO,12.5,6
2026-07-13,BR,1-FIRST_LOAD_FB_Android,2.4,5
2026-07-13,BR,1-FIRST_LOAD_INTRO_Android,4.4,5
2026-07-13,BR,1-FIRST_LOAD_INTRO_START_Android,4.6,5
2026-07-13,BR,1-FIRST_LOAD_INTRO_FINISH_Android,4.8,5
2026-07-13,BR,1-2141_TUTO_STEP_COMPLETE,23.2,5
2026-07-13,BR,1-2210_GAMEPLAY_COMBO_REWARD,54.0,4
2026-07-13,BR,1-9990_PLAY_FIRST_TOUCH,24.5,4
2026-07-13,BR,1-2410_FINISH_RESULT_CLAIM,59.0,4
2026-07-13,BR,1-2213_GAMEPLAY_DECK_BONUS,52.8,4
2026-07-13,BR,1-2150_GAMEPLAY_NRU_CARD_MATCH,34.0,4
2026-07-13,BR,1-2111_TUTO_DECK_DRAW,63.0,4
2026-07-13,BR,1-2151_GAMEPLAY_NRU_MATCHES,54.0,4
2026-07-13,BR,1-2300_GAMEPLAY_FINISH,54.0,4
2026-07-13,BR,1-2400_FINISH_RESULT,55.3,4
2026-07-13,BR,1-9402_HAMMER_TRANSACTION_LOG,53.0,4
2026-07-13,BR,1-FIRST_INTRO_DEBUG_ERROR_98_Android,15.3,3
2026-07-13,BR,1-ALL_INTRO_DEBUG_ERROR_98,15.3,3
2026-07-13,BR,1-5700_LOBBY,107.7,3
2026-07-13,BR,1-7180_BTN_DRAW_DECK,76.7,3
2026-07-13,BR,1-2510_ENTRY_COST_PAY,114.7,3
2026-07-13,BR,1-2114_TUTO_PRE_LEVEL_POPUP,110.7,3
2026-07-13,BR,1-2090_PRE_LEVEL_SHOW,110.3,3
2026-07-13,BR,1-2094_PRE_LEVEL_PLAY,114.7,3
2026-07-13,BR,1-11001_GAMEPLAY_FINISH_5,172.5,2
2026-07-13,BR,1-5100_DAILY_TASK,535.0,2
2026-07-13,BR,1-8060_DAILY_CHECKIN_POPUP,225.0,2
2026-07-13,BR,1-8064_BTN_DAILY_CHECKIN_CLOSE,228.0,2
2026-07-13,BR,1-FIRST_LOAD_FB_etc,0.0,2
2026-07-13,BR,1-FIRST_LOAD_INTRO_START_etc,1.0,2
2026-07-13,BR,1-8061_DAILY_CHECKIN_CLAIM_TRY,227.0,2
2026-07-13,BR,1-2127_TUTO_BETTING_2,410.0,2
2026-07-13,BR,1-FIRST_LOAD_INTRO_etc,1.0,2
2026-07-13,BR,1-FIRST_LOAD_INTRO_FINISH_etc,1.0,2
2026-07-13,BR,1-2124_TUTO_BOOSTER_WILDCARD,234.5,2
2026-07-13,BR,1-8101_CITY_DECO_UPGRADE_TRY,238.0,2
2026-07-13,BR,1-2116_TUTO_PLUS_CARD,89.0,2
2026-07-13,BR,1-2093_PRE_LEVEL_BETTING,413.0,2
2026-07-13,BR,1-11002_GAMEPLAY_FINISH_6,220.5,2
2026-07-13,BR,1-11006_GAMEPLAY_FINISH_10,451.0,2
2026-07-13,BR,1-11004_GAMEPLAY_FINISH_8,315.0,2
2026-07-13,BR,1-8050_DAILY_WHEEL_POPUP,388.5,2
2026-07-13,BR,1-11005_GAMEPLAY_FINISH_9,380.0,2
2026-07-13,BR,1-2122_TUTO_BOOSTER_UNDO,289.0,2
2026-07-13,BR,1-8120_COLLECTION_POPUP,265.0,2
2026-07-13,BR,1-ALL_INTRO_DEBUG_ERROR_PASS_AFTER_98,19.0,2
2026-07-13,BR,1-FIRST_INTRO_DEBUG_ERROR_PASS_AFTER_98_Android,19.0,2
2026-07-13,BR,1-6110_IDLE_GOLD_COLLECT_TRY,120.0,2
2026-07-13,BR,1-3100_TOURNAMENT_CREATE,76.0,2
2026-07-13,BR,1-2123_TUTO_BOOSTER_FIREWORKS,359.5,2
2026-07-13,BR,1-2170_GAMEPLAY_ITEM_FIREWORKS_TRY,372.5,2
2026-07-13,BR,1-2091_PRE_LEVEL_BOOSTER_SELECT,361.5,2
2026-07-13,BR,1-2171_GAMEPLAY_ITEM_FIREWORKS_SUCCESS,372.5,2
2026-07-13,BR,1-2211_GAMEPLAY_STREAK_METER_FILL,153.0,2
2026-07-13,BR,1-11003_GAMEPLAY_FINISH_7,259.0,2
2026-07-13,BR,1-5105_BTN_DAILY_TASK_CLOSE,545.5,2
2026-07-13,BR,1-2119_TUTO_STREAK,145.5,2
2026-07-13,BR,1-2212_GAMEPLAY_STREAK_STAR_EARN,153.0,2
2026-07-13,BR,1-8100_CITY_DECO_POPUP,235.5,2
2026-07-13,BR,1-3120_TOURNAMENT_CREATE_FAIL,76.5,2
2026-07-13,BR,1-8102_CITY_DECO_UPGRADE_SUCCESS,238.0,2
2026-07-13,BR,1-5200_LEADERBOARD,184.5,2
2026-07-13,BR,1-6111_IDLE_GOLD_COLLECT_SUCCESS,120.5,2
2026-07-13,BR,1-8105_BTN_CITY_DECO_CLOSE,243.0,2
2026-07-13,BR,1-8051_DAILY_WHEEL_SPIN_SUCCESS,397.0,2
2026-07-13,BR,1-8130_CITY_LIST_POPUP,243.0,2
2026-07-13,BR,1-8062_DAILY_CHECKIN_CLAIM_SUCCESS,227.0,2
2026-07-13,BR,1-2600_GIMMICK_FIRST_APPEAR,89.0,2
2026-07-13,BR,1-8053_BTN_DAILY_WHEEL_CLOSE,400.0,2
2026-07-13,BR,1-2610_GIMMICK_PLUS_CARD_MATCH,91.0,2
2026-07-13,CA,1-6012_USER_HAMMER_BALANCE,3.5,8
2026-07-13,CA,1-INTRO_OBJECT_POOL_FINISH,2.5,8
2026-07-13,CA,1-1000_LOGIN_COMPLETE,3.1,8
2026-07-13,CA,1-6011_USER_TICKET_BALANCE,3.5,8
2026-07-13,CA,1-INTRO_BUNDLE,1.1,8
2026-07-13,CA,1-INTRO_FB_ENTRY_POINT_FINISH,2.0,8
2026-07-13,CA,1-INTRO_FB_FRIEND_FINISH,2.0,8
2026-07-13,CA,1-INTRO_FB_START_FINISH,0.0,8
2026-07-13,CA,1-INTRO_FB_SUBSCRIBE_BOT,1.4,8
2026-07-13,CA,1-INTRO_OBJECT_POOL,2.3,8
2026-07-13,CA,1-INTRO_SIGNED_PLAYER_INFO,1.4,8
2026-07-13,CA,1-INTRO_SIGNED_PLAYER_INFO_FINISH,1.7,8
2026-07-13,CA,1-6010_USER_GOLD_BALANCE,3.5,8
2026-07-13,CA,1-INTRO_GAME_DATA_FINISH,2.6,8
2026-07-13,CA,1-ALL_LOAD_FB,0.5,8
2026-07-13,CA,1-INTRO_GAME_DATA,1.6,8
2026-07-13,CA,1-INTRO_FB_SUBSCRIBE_BOT_FINISH,2.1,8
2026-07-13,CA,1-2141_TUTO_STEP_COMPLETE,16.5,8
2026-07-13,CA,1-2150_GAMEPLAY_NRU_CARD_MATCH,38.8,8
2026-07-13,CA,1-INTRO_FB_ENTRY_DATA_FINISH,2.9,8
2026-07-13,CA,1-1010_LOAD_COMPLETE,4.9,8
2026-07-13,CA,1-12001_INTRO_DIRECT_ENTRY_START,3.7,8
2026-07-13,CA,1-12002_INTRO_DIRECT_ENTRY_END,4.9,8
2026-07-13,CA,1-2100_GAMEPLAY_START,4.9,8
2026-07-13,CA,1-2110_TUTO_INGAME_INTRO,6.9,8
2026-07-13,CA,1-6000_FRIEND_COUNT,2.0,8
2026-07-13,CA,1-9400_GOLD_TRANSACTION_LOG,3.0,8
2026-07-13,CA,1-12000_TEST_TOUCH,16.5,8
2026-07-13,CA,1-6040_SETTING_LANGUAGE,2.3,8
2026-07-13,CA,1-ALL_LOAD_INTRO,0.9,8
2026-07-13,CA,1-6030_USER_CITY_STATUS,3.5,8
2026-07-13,CA,1-ALL_LOAD_INTRO_START,0.9,8
2026-07-13,CA,1-INTRO_BUNDLE_FINISH,2.3,8
2026-07-13,CA,1-INTRO_FB_ENTRY_DATA,2.0,8
2026-07-13,CA,1-INTRO_FB_ENTRY_POINT,1.4,8
2026-07-13,CA,1-9403_BOOSTER_TRANSACTION_LOG,3.0,8
2026-07-13,CA,1-9990_PLAY_FIRST_TOUCH,27.5,8
2026-07-13,CA,1-INTRO_FB_FRIEND,1.4,8
2026-07-13,CA,1-INTRO_LOGIN,3.0,8
2026-07-13,CA,1-ALL_LOAD_INTRO_FINISH,1.0,8
2026-07-13,CA,1-6020_USER_CURRENT_LEVEL,3.5,8
2026-07-13,CA,1-2210_GAMEPLAY_COMBO_REWARD,27.1,7
2026-07-13,CA,1-2111_TUTO_DECK_DRAW,34.0,7
2026-07-13,CA,1-5700_LOBBY,59.9,7
2026-07-13,CA,1-2090_PRE_LEVEL_SHOW,62.3,7
2026-07-13,CA,1-2094_PRE_LEVEL_PLAY,64.3,7
2026-07-13,CA,1-2213_GAMEPLAY_DECK_BONUS,25.9,7
2026-07-13,CA,1-2410_FINISH_RESULT_CLAIM,30.6,7
2026-07-13,CA,1-2114_TUTO_PRE_LEVEL_POPUP,62.4,7
2026-07-13,CA,1-9402_HAMMER_TRANSACTION_LOG,26.1,7
2026-07-13,CA,1-3100_TOURNAMENT_CREATE,87.4,7
2026-07-13,CA,1-2300_GAMEPLAY_FINISH,27.1,7
2026-07-13,CA,1-2400_FINISH_RESULT,28.0,7
2026-07-13,CA,1-2510_ENTRY_COST_PAY,64.3,7
2026-07-13,CA,1-3120_TOURNAMENT_CREATE_FAIL,87.6,7
2026-07-13,CA,1-FIRST_LOAD_INTRO_FINISH_etc,1.1,7
2026-07-13,CA,1-FIRST_LOAD_INTRO_etc,1.0,7
2026-07-13,CA,1-FIRST_LOAD_INTRO_START_etc,1.0,7
2026-07-13,CA,1-7180_BTN_DRAW_DECK,40.7,7
2026-07-13,CA,1-FIRST_LOAD_FB_etc,0.6,7
2026-07-13,CA,1-2151_GAMEPLAY_NRU_MATCHES,27.1,7
2026-07-13,CA,1-8060_DAILY_CHECKIN_POPUP,272.8,5
2026-07-13,CA,1-8061_DAILY_CHECKIN_CLAIM_TRY,280.2,5
2026-07-13,CA,1-11001_GAMEPLAY_FINISH_5,202.6,5
2026-07-13,CA,1-2211_GAMEPLAY_STREAK_METER_FILL,180.0,5
2026-07-13,CA,1-2116_TUTO_PLUS_CARD,116.6,5
2026-07-13,CA,1-2124_TUTO_BOOSTER_WILDCARD,292.0,5
2026-07-13,CA,1-2600_GIMMICK_FIRST_APPEAR,116.6,5
2026-07-13,CA,1-2610_GIMMICK_PLUS_CARD_MATCH,122.6,5
2026-07-13,CA,1-11003_GAMEPLAY_FINISH_7,318.0,5
2026-07-13,CA,1-2119_TUTO_STREAK,171.2,5
2026-07-13,CA,1-2212_GAMEPLAY_STREAK_STAR_EARN,180.0,5
2026-07-13,CA,1-8062_DAILY_CHECKIN_CLAIM_SUCCESS,280.2,5
2026-07-13,CA,1-8064_BTN_DAILY_CHECKIN_CLOSE,281.4,5
2026-07-13,CA,1-11002_GAMEPLAY_FINISH_6,265.6,5
2026-07-13,CA,1-5200_LEADERBOARD,215.0,5
2026-07-13,CA,1-6110_IDLE_GOLD_COLLECT_TRY,162.8,5
2026-07-13,CA,1-6111_IDLE_GOLD_COLLECT_SUCCESS,162.8,5
2026-07-13,CA,1-2093_PRE_LEVEL_BETTING,435.5,4
2026-07-13,CA,1-8102_CITY_DECO_UPGRADE_SUCCESS,306.0,4
2026-07-13,CA,1-8120_COLLECTION_POPUP,282.5,4
2026-07-13,CA,1-8051_DAILY_WHEEL_SPIN_SUCCESS,417.8,4
2026-07-13,CA,1-8101_CITY_DECO_UPGRADE_TRY,305.5,4
2026-07-13,CA,1-8105_BTN_CITY_DECO_CLOSE,313.5,4
2026-07-13,CA,1-2091_PRE_LEVEL_BOOSTER_SELECT,369.5,4
2026-07-13,CA,1-8050_DAILY_WHEEL_POPUP,408.5,4
2026-07-13,CA,1-2123_TUTO_BOOSTER_FIREWORKS,367.3,4
2026-07-13,CA,1-8100_CITY_DECO_POPUP,303.3,4
2026-07-13,CA,1-2122_TUTO_BOOSTER_UNDO,304.5,4
2026-07-13,CA,1-11005_GAMEPLAY_FINISH_9,391.3,4
2026-07-13,CA,1-11004_GAMEPLAY_FINISH_8,330.5,4
2026-07-13,CA,1-2127_TUTO_BETTING_2,428.0,4
2026-07-13,CA,1-8130_CITY_LIST_POPUP,264.5,4
2026-07-13,CA,1-2125_TUTO_BOOSTER_EXTRADECK,286.3,3
2026-07-13,CA,1-2190_GAMEPLAY_ITEM_EXTRADECK_TRY,346.0,3
2026-07-13,CA,1-2191_GAMEPLAY_ITEM_EXTRADECK_SUCCESS,346.0,3
2026-07-13,CA,1-2170_GAMEPLAY_ITEM_FIREWORKS_TRY,362.7,3
2026-07-13,CA,1-2171_GAMEPLAY_ITEM_FIREWORKS_SUCCESS,362.7,3
2026-07-13,CA,1-11006_GAMEPLAY_FINISH_10,443.0,3
2026-07-13,CA,1-8053_BTN_DAILY_WHEEL_CLOSE,391.7,3
2026-07-13,CA,1-8131_CITY_LIST_SELECT,265.7,3
2026-07-13,CA,1-5430_EVENT_CLEAR_RANKING,517.0,2
2026-07-13,CA,1-2161_GAMEPLAY_ITEM_UNDO_SUCCESS,283.5,2
2026-07-13,CA,1-5105_BTN_DAILY_TASK_CLOSE,461.0,2
2026-07-13,CA,1-2511_ENTRY_COST_PAY_TICKET,453.5,2
2026-07-13,CA,1-2160_GAMEPLAY_ITEM_UNDO_TRY,283.5,2
2026-07-13,CA,1-5100_DAILY_TASK,458.5,2
2026-07-13,CA,1-5432_EVENT_CLEAR_RANKING_CLOSE,523.5,2
2026-07-13,CA,1-9401_TICKET_TRANSACTION_LOG,428.0,2
2026-07-13,DE,1-INTRO_LOGIN,3.4,8
2026-07-13,DE,1-INTRO_SIGNED_PLAYER_INFO_FINISH,1.9,8
2026-07-13,DE,1-6040_SETTING_LANGUAGE,2.0,8
2026-07-13,DE,1-INTRO_OBJECT_POOL_FINISH,2.3,8
2026-07-13,DE,1-1010_LOAD_COMPLETE,5.3,8
2026-07-13,DE,1-6030_USER_CITY_STATUS,3.8,8
2026-07-13,DE,1-2400_FINISH_RESULT,27.6,8
2026-07-13,DE,1-ALL_LOAD_INTRO,1.3,8
2026-07-13,DE,1-12001_INTRO_DIRECT_ENTRY_START,4.1,8
2026-07-13,DE,1-12002_INTRO_DIRECT_ENTRY_END,5.3,8
2026-07-13,DE,1-ALL_LOAD_INTRO_START,1.3,8
2026-07-13,DE,1-2100_GAMEPLAY_START,5.3,8
2026-07-13,DE,1-INTRO_BUNDLE_FINISH,2.0,8
2026-07-13,DE,1-INTRO_BUNDLE,1.5,8
2026-07-13,DE,1-2300_GAMEPLAY_FINISH,26.6,8
2026-07-13,DE,1-2141_TUTO_STEP_COMPLETE,14.4,8
2026-07-13,DE,1-2151_GAMEPLAY_NRU_MATCHES,26.6,8
2026-07-13,DE,1-INTRO_SIGNED_PLAYER_INFO,1.5,8
2026-07-13,DE,1-6010_USER_GOLD_BALANCE,3.6,8
2026-07-13,DE,1-9990_PLAY_FIRST_TOUCH,15.5,8
2026-07-13,DE,1-6011_USER_TICKET_BALANCE,3.6,8
2026-07-13,DE,1-INTRO_OBJECT_POOL,2.0,8
2026-07-13,DE,1-2213_GAMEPLAY_DECK_BONUS,25.5,8
2026-07-13,DE,1-6020_USER_CURRENT_LEVEL,3.6,8
2026-07-13,DE,1-INTRO_FB_ENTRY_POINT,1.5,8
2026-07-13,DE,1-2410_FINISH_RESULT_CLAIM,31.5,8
2026-07-13,DE,1-ALL_LOAD_INTRO_FINISH,1.4,8
2026-07-13,DE,1-INTRO_FB_FRIEND,1.5,8
2026-07-13,DE,1-ALL_LOAD_FB,0.5,8
2026-07-13,DE,1-9403_BOOSTER_TRANSACTION_LOG,3.5,8
2026-07-13,DE,1-INTRO_FB_ENTRY_POINT_FINISH,2.3,8
2026-07-13,DE,1-2210_GAMEPLAY_COMBO_REWARD,26.6,8
2026-07-13,DE,1-INTRO_FB_ENTRY_DATA,2.3,8
2026-07-13,DE,1-2110_TUTO_INGAME_INTRO,7.6,8
2026-07-13,DE,1-INTRO_GAME_DATA_FINISH,2.1,8
2026-07-13,DE,1-2111_TUTO_DECK_DRAW,35.5,8
2026-07-13,DE,1-12000_TEST_TOUCH,14.0,8
2026-07-13,DE,1-INTRO_GAME_DATA,1.6,8
2026-07-13,DE,1-INTRO_FB_SUBSCRIBE_BOT_FINISH,2.3,8
2026-07-13,DE,1-1000_LOGIN_COMPLETE,3.6,8
2026-07-13,DE,1-INTRO_FB_ENTRY_DATA_FINISH,2.9,8
2026-07-13,DE,1-6000_FRIEND_COUNT,2.6,8
2026-07-13,DE,1-INTRO_FB_SUBSCRIBE_BOT,1.5,8
2026-07-13,DE,1-9402_HAMMER_TRANSACTION_LOG,25.6,8
2026-07-13,DE,1-9400_GOLD_TRANSACTION_LOG,3.5,8
2026-07-13,DE,1-6012_USER_HAMMER_BALANCE,3.6,8
2026-07-13,DE,1-2150_GAMEPLAY_NRU_CARD_MATCH,16.1,8
2026-07-13,DE,1-INTRO_FB_FRIEND_FINISH,2.6,8
2026-07-13,DE,1-INTRO_FB_START_FINISH,0.0,8
2026-07-13,DE,1-6111_IDLE_GOLD_COLLECT_SUCCESS,159.3,7
2026-07-13,DE,1-2114_TUTO_PRE_LEVEL_POPUP,64.3,7
2026-07-13,DE,1-2600_GIMMICK_FIRST_APPEAR,122.7,7
2026-07-13,DE,1-2090_PRE_LEVEL_SHOW,63.9,7
2026-07-13,DE,1-5700_LOBBY,61.6,7
2026-07-13,DE,1-7180_BTN_DRAW_DECK,44.0,7
2026-07-13,DE,1-3100_TOURNAMENT_CREATE,92.6,7
2026-07-13,DE,1-6110_IDLE_GOLD_COLLECT_TRY,159.3,7
2026-07-13,DE,1-3120_TOURNAMENT_CREATE_FAIL,93.0,7
2026-07-13,DE,1-2094_PRE_LEVEL_PLAY,68.7,7
2026-07-13,DE,1-2510_ENTRY_COST_PAY,68.7,7
2026-07-13,DE,1-2610_GIMMICK_PLUS_CARD_MATCH,124.7,7
2026-07-13,DE,1-2116_TUTO_PLUS_CARD,122.7,7
2026-07-13,DE,1-2119_TUTO_STREAK,187.3,7
2026-07-13,DE,1-8120_COLLECTION_POPUP,338.8,6
2026-07-13,DE,1-2124_TUTO_BOOSTER_WILDCARD,300.5,6
2026-07-13,DE,1-8064_BTN_DAILY_CHECKIN_CLOSE,288.7,6
2026-07-13,DE,1-11002_GAMEPLAY_FINISH_6,275.0,6
2026-07-13,DE,1-8062_DAILY_CHECKIN_CLAIM_SUCCESS,287.3,6
2026-07-13,DE,1-11003_GAMEPLAY_FINISH_7,326.7,6
2026-07-13,DE,1-2122_TUTO_BOOSTER_UNDO,360.7,6
2026-07-13,DE,1-11001_GAMEPLAY_FINISH_5,221.2,6
2026-07-13,DE,1-8060_DAILY_CHECKIN_POPUP,282.0,6
2026-07-13,DE,1-8130_CITY_LIST_POPUP,256.8,6
2026-07-13,DE,1-5200_LEADERBOARD,234.0,6
2026-07-13,DE,1-8061_DAILY_CHECKIN_CLAIM_TRY,287.3,6
2026-07-13,DE,1-2212_GAMEPLAY_STREAK_STAR_EARN,199.7,6
2026-07-13,DE,1-2211_GAMEPLAY_STREAK_METER_FILL,199.7,6
2026-07-13,DE,1-FIRST_LOAD_INTRO_FINISH_etc,1.4,5
2026-07-13,DE,1-11004_GAMEPLAY_FINISH_8,337.0,5
2026-07-13,DE,1-FIRST_LOAD_FB_etc,0.6,5
2026-07-13,DE,1-FIRST_LOAD_INTRO_etc,1.2,5
2026-07-13,DE,1-FIRST_LOAD_INTRO_START_etc,1.2,5
2026-07-13,DE,1-8102_CITY_DECO_UPGRADE_SUCCESS,238.7,4
2026-07-13,DE,1-8100_CITY_DECO_POPUP,139.0,4
2026-07-13,DE,1-8105_BTN_CITY_DECO_CLOSE,143.0,4
2026-07-13,DE,1-8101_CITY_DECO_UPGRADE_TRY,238.7,4
2026-07-13,DE,1-FIRST_LOAD_INTRO_FINISH_Android,1.3,3
2026-07-13,DE,1-2125_TUTO_BOOSTER_EXTRADECK,345.7,3
2026-07-13,DE,1-2093_PRE_LEVEL_BETTING,450.3,3
2026-07-13,DE,1-2123_TUTO_BOOSTER_FIREWORKS,335.3,3
2026-07-13,DE,1-5000_SHOP,176.3,3
2026-07-13,DE,1-FIRST_LOAD_FB_Android,0.3,3
2026-07-13,DE,1-2127_TUTO_BETTING_2,448.7,3
2026-07-13,DE,1-FIRST_LOAD_INTRO_Android,1.3,3
2026-07-13,DE,1-8053_BTN_DAILY_WHEEL_CLOSE,435.0,3
2026-07-13,DE,1-2091_PRE_LEVEL_BOOSTER_SELECT,338.3,3
2026-07-13,DE,1-11005_GAMEPLAY_FINISH_9,372.0,3
2026-07-13,DE,1-5004_BTN_SHOP_CLOSE,180.0,3
2026-07-13,DE,1-8051_DAILY_WHEEL_SPIN_SUCCESS,408.0,3
2026-07-13,DE,1-8050_DAILY_WHEEL_POPUP,399.7,3
2026-07-13,DE,1-FIRST_LOAD_INTRO_START_Android,1.3,3
2026-07-13,DE,1-8020_SETTING_POPUP,71.5,2
2026-07-13,DE,1-8054_DAILY_WHEEL_AD_SPIN_TRY,433.5,2
2026-07-13,DE,1-2190_GAMEPLAY_ITEM_EXTRADECK_TRY,491.5,2
2026-07-13,DE,1-8121_COLLECTION_TAB_SWITCH,328.0,2
2026-07-13,DE,1-2092_PRE_LEVEL_BOOSTER_DESELECT,345.5,2
2026-07-13,DE,1-4200_RV_START,395.0,2
2026-07-13,DE,1-8131_CITY_LIST_SELECT,172.0,2
2026-07-13,DE,1-2191_GAMEPLAY_ITEM_EXTRADECK_SUCCESS,491.5,2
2026-07-13,DE,1-8025_BTN_SETTING_CLOSE,104.0,2
2026-07-13,DE,1-11006_GAMEPLAY_FINISH_10,441.5,2
2026-07-13,DE,1-5100_DAILY_TASK,521.5,2
2026-07-13,DE,1-5105_BTN_DAILY_TASK_CLOSE,525.5,2
2026-07-13,EG,1-ALL_LOAD_INTRO,51.3,3
2026-07-13,EG,1-6040_SETTING_LANGUAGE,54.0,3
2026-07-13,EG,1-6000_FRIEND_COUNT,52.3,3
2026-07-13,EG,1-2213_GAMEPLAY_DECK_BONUS,97.7,3
2026-07-13,EG,1-2150_GAMEPLAY_NRU_CARD_MATCH,83.7,3
2026-07-13,EG,1-ALL_LOAD_INTRO_START,51.7,3
2026-07-13,EG,1-FIRST_LOAD_INTRO_START_Android,51.7,3
2026-07-13,EG,1-INTRO_BUNDLE_FINISH,54.0,3
2026-07-13,EG,1-INTRO_FB_ENTRY_DATA,53.3,3
2026-07-13,EG,1-INTRO_FB_ENTRY_POINT,52.3,3
2026-07-13,EG,1-INTRO_FB_FRIEND,52.3,3
2026-07-13,EG,1-INTRO_LOGIN,55.7,3
2026-07-13,EG,1-INTRO_OBJECT_POOL_FINISH,55.3,3
2026-07-13,EG,1-INTRO_SIGNED_PLAYER_INFO_FINISH,52.3,3
2026-07-13,EG,1-INTRO_FB_START_FINISH,0.0,3
2026-07-13,EG,1-INTRO_FB_FRIEND_FINISH,52.3,3
2026-07-13,EG,1-INTRO_FB_ENTRY_POINT_FINISH,53.3,3
2026-07-13,EG,1-INTRO_BUNDLE,52.3,3
2026-07-13,EG,1-ALL_LOAD_INTRO_FINISH,52.3,3
2026-07-13,EG,1-ALL_LOAD_FB,16.7,3
2026-07-13,EG,1-12001_INTRO_DIRECT_ENTRY_START,57.0,3
2026-07-13,EG,1-6012_USER_HAMMER_BALANCE,57.0,3
2026-07-13,EG,1-6011_USER_TICKET_BALANCE,56.7,3
2026-07-13,EG,1-6010_USER_GOLD_BALANCE,56.7,3
2026-07-13,EG,1-2210_GAMEPLAY_COMBO_REWARD,99.0,3
2026-07-13,EG,1-12000_TEST_TOUCH,68.3,3
2026-07-13,EG,1-1000_LOGIN_COMPLETE,56.3,3
2026-07-13,EG,1-INTRO_GAME_DATA_FINISH,55.7,3
2026-07-13,EG,1-INTRO_GAME_DATA,52.3,3
2026-07-13,EG,1-INTRO_FB_SUBSCRIBE_BOT_FINISH,53.3,3
2026-07-13,EG,1-FIRST_LOAD_INTRO_Android,51.3,3
2026-07-13,EG,1-INTRO_FB_ENTRY_DATA_FINISH,53.7,3
2026-07-13,EG,1-FIRST_LOAD_INTRO_FINISH_Android,52.3,3
2026-07-13,EG,1-9402_HAMMER_TRANSACTION_LOG,98.0,3
2026-07-13,EG,1-9400_GOLD_TRANSACTION_LOG,55.7,3
2026-07-13,EG,1-1010_LOAD_COMPLETE,68.3,3
2026-07-13,EG,1-FIRST_LOAD_FB_Android,16.7,3
2026-07-13,EG,1-6020_USER_CURRENT_LEVEL,57.0,3
2026-07-13,EG,1-2151_GAMEPLAY_NRU_MATCHES,99.0,3
2026-07-13,EG,1-2141_TUTO_STEP_COMPLETE,79.3,3
2026-07-13,EG,1-9990_PLAY_FIRST_TOUCH,82.0,3
2026-07-13,EG,1-9403_BOOSTER_TRANSACTION_LOG,55.7,3
2026-07-13,EG,1-6030_USER_CITY_STATUS,57.0,3
2026-07-13,EG,1-2300_GAMEPLAY_FINISH,99.0,3
2026-07-13,EG,1-2110_TUTO_INGAME_INTRO,72.7,3
2026-07-13,EG,1-2100_GAMEPLAY_START,68.3,3
2026-07-13,EG,1-12002_INTRO_DIRECT_ENTRY_END,68.3,3
2026-07-13,EG,1-INTRO_SIGNED_PLAYER_INFO,52.3,3
2026-07-13,EG,1-INTRO_FB_SUBSCRIBE_BOT,52.3,3
2026-07-13,EG,1-INTRO_OBJECT_POOL,54.0,3
2026-07-13,EG,1-2400_FINISH_RESULT,44.5,2
2026-07-13,FR,1-ALL_LOAD_FB,0.2,10
2026-07-13,FR,1-INTRO_OBJECT_POOL,1.9,10
2026-07-13,FR,1-INTRO_FB_SUBSCRIBE_BOT,1.3,10
2026-07-13,FR,1-INTRO_FB_START_FINISH,0.0,10
2026-07-13,FR,1-6030_USER_CITY_STATUS,3.4,10
2026-07-13,FR,1-INTRO_SIGNED_PLAYER_INFO,1.2,10
2026-07-13,FR,1-INTRO_FB_FRIEND_FINISH,2.0,10
2026-07-13,FR,1-INTRO_FB_ENTRY_POINT_FINISH,2.0,10
2026-07-13,FR,1-1010_LOAD_COMPLETE,5.1,10
2026-07-13,FR,1-9403_BOOSTER_TRANSACTION_LOG,3.1,10
2026-07-13,FR,1-1000_LOGIN_COMPLETE,3.1,10
2026-07-13,FR,1-INTRO_BUNDLE,1.2,10
2026-07-13,FR,1-12002_INTRO_DIRECT_ENTRY_END,5.1,10
2026-07-13,FR,1-12001_INTRO_DIRECT_ENTRY_START,3.7,10
2026-07-13,FR,1-2100_GAMEPLAY_START,5.0,10
2026-07-13,FR,1-INTRO_GAME_DATA_FINISH,2.1,10
2026-07-13,FR,1-INTRO_GAME_DATA,1.5,10
2026-07-13,FR,1-INTRO_FB_SUBSCRIBE_BOT_FINISH,2.0,10
2026-07-13,FR,1-INTRO_FB_ENTRY_DATA_FINISH,2.7,10
2026-07-13,FR,1-INTRO_SIGNED_PLAYER_INFO_FINISH,1.6,10
2026-07-13,FR,1-9400_GOLD_TRANSACTION_LOG,3.1,10
2026-07-13,FR,1-6000_FRIEND_COUNT,2.0,10
2026-07-13,FR,1-6040_SETTING_LANGUAGE,1.9,10
2026-07-13,FR,1-ALL_LOAD_INTRO,1.1,10
2026-07-13,FR,1-6010_USER_GOLD_BALANCE,3.4,10
2026-07-13,FR,1-ALL_LOAD_INTRO_START,1.1,10
2026-07-13,FR,1-FIRST_LOAD_INTRO_FINISH_etc,1.1,10
2026-07-13,FR,1-FIRST_LOAD_INTRO_etc,1.1,10
2026-07-13,FR,1-6020_USER_CURRENT_LEVEL,3.4,10
2026-07-13,FR,1-FIRST_LOAD_INTRO_START_etc,1.1,10
2026-07-13,FR,1-INTRO_BUNDLE_FINISH,1.8,10
2026-07-13,FR,1-6011_USER_TICKET_BALANCE,3.4,10
2026-07-13,FR,1-INTRO_FB_ENTRY_DATA,2.0,10
2026-07-13,FR,1-INTRO_FB_ENTRY_POINT,1.2,10
2026-07-13,FR,1-FIRST_LOAD_FB_etc,0.2,10
2026-07-13,FR,1-INTRO_FB_FRIEND,1.2,10
2026-07-13,FR,1-INTRO_LOGIN,2.8,10
2026-07-13,FR,1-6012_USER_HAMMER_BALANCE,3.4,10
2026-07-13,FR,1-ALL_LOAD_INTRO_FINISH,1.1,10
2026-07-13,FR,1-INTRO_OBJECT_POOL_FINISH,2.0,10
2026-07-13,FR,1-2110_TUTO_INGAME_INTRO,6.9,10
2026-07-13,FR,1-5200_LEADERBOARD,193.1,8
2026-07-13,FR,1-2610_GIMMICK_PLUS_CARD_MATCH,109.9,8
2026-07-13,FR,1-6111_IDLE_GOLD_COLLECT_SUCCESS,140.5,8
2026-07-13,FR,1-11002_GAMEPLAY_FINISH_6,235.3,8
2026-07-13,FR,1-2122_TUTO_BOOSTER_UNDO,315.9,8
2026-07-13,FR,1-2114_TUTO_PRE_LEVEL_POPUP,58.4,8
2026-07-13,FR,1-8120_COLLECTION_POPUP,286.4,8
2026-07-13,FR,1-2141_TUTO_STEP_COMPLETE,12.0,8
2026-07-13,FR,1-8061_DAILY_CHECKIN_CLAIM_TRY,241.6,8
2026-07-13,FR,1-2151_GAMEPLAY_NRU_MATCHES,24.1,8
2026-07-13,FR,1-2111_TUTO_DECK_DRAW,31.4,8
2026-07-13,FR,1-8064_BTN_DAILY_CHECKIN_CLOSE,243.1,8
2026-07-13,FR,1-8060_DAILY_CHECKIN_POPUP,239.6,8
2026-07-13,FR,1-2211_GAMEPLAY_STREAK_METER_FILL,164.0,8
2026-07-13,FR,1-12000_TEST_TOUCH,10.6,8
2026-07-13,FR,1-9990_PLAY_FIRST_TOUCH,14.0,8
2026-07-13,FR,1-2600_GIMMICK_FIRST_APPEAR,107.9,8
2026-07-13,FR,1-2116_TUTO_PLUS_CARD,107.9,8
2026-07-13,FR,1-11001_GAMEPLAY_FINISH_5,186.0,8
2026-07-13,FR,1-8062_DAILY_CHECKIN_CLAIM_SUCCESS,241.6,8
2026-07-13,FR,1-3120_TOURNAMENT_CREATE_FAIL,84.5,8
2026-07-13,FR,1-2510_ENTRY_COST_PAY,61.3,8
2026-07-13,FR,1-2400_FINISH_RESULT,25.0,8
2026-07-13,FR,1-2124_TUTO_BOOSTER_WILDCARD,252.6,8
2026-07-13,FR,1-2300_GAMEPLAY_FINISH,24.1,8
2026-07-13,FR,1-6110_IDLE_GOLD_COLLECT_TRY,140.3,8
2026-07-13,FR,1-5700_LOBBY,55.5,8
2026-07-13,FR,1-2212_GAMEPLAY_STREAK_STAR_EARN,164.0,8
2026-07-13,FR,1-2210_GAMEPLAY_COMBO_REWARD,24.1,8
2026-07-13,FR,1-3100_TOURNAMENT_CREATE,84.4,8
2026-07-13,FR,1-2410_FINISH_RESULT_CLAIM,27.6,8
2026-07-13,FR,1-2119_TUTO_STREAK,155.0,8
2026-07-13,FR,1-2213_GAMEPLAY_DECK_BONUS,23.0,8
2026-07-13,FR,1-2150_GAMEPLAY_NRU_CARD_MATCH,14.8,8
2026-07-13,FR,1-2090_PRE_LEVEL_SHOW,58.3,8
2026-07-13,FR,1-9402_HAMMER_TRANSACTION_LOG,23.1,8
2026-07-13,FR,1-7180_BTN_DRAW_DECK,37.8,8
2026-07-13,FR,1-2094_PRE_LEVEL_PLAY,61.3,8
2026-07-13,FR,1-11003_GAMEPLAY_FINISH_7,279.1,8
2026-07-13,FR,1-11004_GAMEPLAY_FINISH_8,341.3,8
2026-07-13,FR,1-2123_TUTO_BOOSTER_FIREWORKS,365.4,7
2026-07-13,FR,1-2127_TUTO_BETTING_2,432.4,7
2026-07-13,FR,1-11005_GAMEPLAY_FINISH_9,393.6,7
2026-07-13,FR,1-8051_DAILY_WHEEL_SPIN_SUCCESS,414.3,7
2026-07-13,FR,1-8053_BTN_DAILY_WHEEL_CLOSE,419.6,7
2026-07-13,FR,1-8050_DAILY_WHEEL_POPUP,405.4,7
2026-07-13,FR,1-2093_PRE_LEVEL_BETTING,435.9,7
2026-07-13,FR,1-11006_GAMEPLAY_FINISH_10,489.6,7
2026-07-13,FR,1-2091_PRE_LEVEL_BOOSTER_SELECT,368.0,7
2026-07-13,FR,1-8105_BTN_CITY_DECO_CLOSE,219.2,6
2026-07-13,FR,1-8102_CITY_DECO_UPGRADE_SUCCESS,216.2,6
2026-07-13,FR,1-8100_CITY_DECO_POPUP,213.7,6
2026-07-13,FR,1-8101_CITY_DECO_UPGRADE_TRY,215.8,6
2026-07-13,FR,1-4200_RV_START,365.6,5
2026-07-13,FR,1-2171_GAMEPLAY_ITEM_FIREWORKS_SUCCESS,345.5,4
2026-07-13,FR,1-2125_TUTO_BOOSTER_EXTRADECK,450.0,4
2026-07-13,FR,1-5100_DAILY_TASK,530.3,4
2026-07-13,FR,1-8056_DAILY_WHEEL_AD_SPIN_FAIL,450.0,4
2026-07-13,FR,1-8054_DAILY_WHEEL_AD_SPIN_TRY,449.5,4
2026-07-13,FR,1-5105_BTN_DAILY_TASK_CLOSE,535.8,4
2026-07-13,FR,1-4220_RV_ERROR,354.0,4
2026-07-13,FR,1-2170_GAMEPLAY_ITEM_FIREWORKS_TRY,345.5,4
2026-07-13,FR,1-2180_GAMEPLAY_ITEM_WILDCARD_TRY,360.3,3
2026-07-13,FR,1-2191_GAMEPLAY_ITEM_EXTRADECK_SUCCESS,467.0,3
2026-07-13,FR,1-2092_PRE_LEVEL_BOOSTER_DESELECT,417.0,3
2026-07-13,FR,1-8900_RV_ERROR_BANNER_POPUP,311.7,3
2026-07-13,FR,1-2181_GAMEPLAY_ITEM_WILDCARD_SUCCESS,360.7,3
2026-07-13,FR,1-2190_GAMEPLAY_ITEM_EXTRADECK_TRY,466.7,3
2026-07-13,FR,1-2420_FINISH_RESULT_DOUBLE_CLAIM_TRY,418.7,3
2026-07-13,FR,1-2422_FINISH_RESULT_DOUBLE_CLAIM_FAIL,418.7,3
2026-07-13,FR,1-2160_GAMEPLAY_ITEM_UNDO_TRY,416.0,3
2026-07-13,FR,1-8110_RV_POPUP_GOLD_TRY,441.3,3
2026-07-13,FR,1-8130_CITY_LIST_POPUP,328.7,3
2026-07-13,FR,1-2161_GAMEPLAY_ITEM_UNDO_SUCCESS,416.0,3
2026-07-13,FR,1-8121_COLLECTION_TAB_SWITCH,292.0,3
2026-07-13,FR,1-LOAD_FB_etc,396.0,2
2026-07-13,FR,1-LOAD_INTRO_etc,397.0,2
2026-07-13,FR,1-8112_RV_POPUP_GOLD_FAIL,455.5,2
2026-07-13,FR,1-LOAD_INTRO_START_etc,397.0,2
2026-07-13,FR,1-8020_SETTING_POPUP,171.0,2
2026-07-13,FR,1-8131_CITY_LIST_SELECT,349.5,2
2026-07-13,FR,1-LOAD_INTRO_FINISH_etc,397.0,2
2026-07-13,FR,1-8025_BTN_SETTING_CLOSE,177.0,2
2026-07-13,GB,1-9400_GOLD_TRANSACTION_LOG,11.4,7
2026-07-13,GB,1-INTRO_FB_ENTRY_DATA_FINISH,8.4,7
2026-07-13,GB,1-INTRO_SIGNED_PLAYER_INFO_FINISH,7.0,7
2026-07-13,GB,1-INTRO_SIGNED_PLAYER_INFO,6.6,7
2026-07-13,GB,1-INTRO_OBJECT_POOL,7.4,7
2026-07-13,GB,1-INTRO_FB_ENTRY_POINT,6.6,7
2026-07-13,GB,1-INTRO_FB_SUBSCRIBE_BOT,6.6,7
2026-07-13,GB,1-INTRO_FB_START_FINISH,0.0,7
2026-07-13,GB,1-INTRO_FB_FRIEND_FINISH,7.6,7
2026-07-13,GB,1-INTRO_FB_ENTRY_POINT_FINISH,7.6,7
2026-07-13,GB,1-INTRO_BUNDLE,6.4,7
2026-07-13,GB,1-INTRO_LOGIN,11.0,7
2026-07-13,GB,1-INTRO_OBJECT_POOL_FINISH,9.3,7
2026-07-13,GB,1-ALL_LOAD_INTRO_FINISH,6.3,7
2026-07-13,GB,1-ALL_LOAD_FB,1.7,7
2026-07-13,GB,1-INTRO_FB_ENTRY_DATA,7.6,7
2026-07-13,GB,1-INTRO_FB_SUBSCRIBE_BOT_FINISH,7.6,7
2026-07-13,GB,1-6012_USER_HAMMER_BALANCE,11.9,7
2026-07-13,GB,1-INTRO_BUNDLE_FINISH,7.3,7
2026-07-13,GB,1-12001_INTRO_DIRECT_ENTRY_START,12.3,7
2026-07-13,GB,1-INTRO_GAME_DATA,6.7,7
2026-07-13,GB,1-INTRO_GAME_DATA_FINISH,10.3,7
2026-07-13,GB,1-ALL_LOAD_INTRO_START,6.3,7
2026-07-13,GB,1-ALL_LOAD_INTRO,6.3,7
2026-07-13,GB,1-6040_SETTING_LANGUAGE,7.4,7
2026-07-13,GB,1-6000_FRIEND_COUNT,7.6,7
2026-07-13,GB,1-6020_USER_CURRENT_LEVEL,11.9,7
2026-07-13,GB,1-1000_LOGIN_COMPLETE,11.6,7
2026-07-13,GB,1-6030_USER_CITY_STATUS,12.0,7
2026-07-13,GB,1-12000_TEST_TOUCH,22.6,7
2026-07-13,GB,1-INTRO_FB_FRIEND,6.6,7
2026-07-13,GB,1-6010_USER_GOLD_BALANCE,11.7,7
2026-07-13,GB,1-6011_USER_TICKET_BALANCE,11.7,7
2026-07-13,GB,1-9403_BOOSTER_TRANSACTION_LOG,11.4,7
2026-07-13,GB,1-2110_TUTO_INGAME_INTRO,6.5,6
2026-07-13,GB,1-2100_GAMEPLAY_START,4.3,6
2026-07-13,GB,1-12002_INTRO_DIRECT_ENTRY_END,4.5,6
2026-07-13,GB,1-2141_TUTO_STEP_COMPLETE,15.3,6
2026-07-13,GB,1-1010_LOAD_COMPLETE,4.5,6
2026-07-13,GB,1-9990_PLAY_FIRST_TOUCH,17.6,5
2026-07-13,GB,1-2090_PRE_LEVEL_SHOW,59.4,5
2026-07-13,GB,1-9402_HAMMER_TRANSACTION_LOG,25.8,5
2026-07-13,GB,1-2114_TUTO_PRE_LEVEL_POPUP,59.8,5
2026-07-13,GB,1-2300_GAMEPLAY_FINISH,27.0,5
2026-07-13,GB,1-5700_LOBBY,56.8,5
2026-07-13,GB,1-2400_FINISH_RESULT,28.0,5
2026-07-13,GB,1-2210_GAMEPLAY_COMBO_REWARD,27.0,5
2026-07-13,GB,1-2510_ENTRY_COST_PAY,61.6,5
2026-07-13,GB,1-2410_FINISH_RESULT_CLAIM,30.2,5
2026-07-13,GB,1-2111_TUTO_DECK_DRAW,34.0,5
2026-07-13,GB,1-2151_GAMEPLAY_NRU_MATCHES,26.8,5
2026-07-13,GB,1-2213_GAMEPLAY_DECK_BONUS,25.8,5
2026-07-13,GB,1-2150_GAMEPLAY_NRU_CARD_MATCH,18.8,5
2026-07-13,GB,1-7180_BTN_DRAW_DECK,38.6,5
2026-07-13,GB,1-2094_PRE_LEVEL_PLAY,61.6,5
2026-07-13,GB,1-8062_DAILY_CHECKIN_CLAIM_SUCCESS,244.5,4
2026-07-13,GB,1-3120_TOURNAMENT_CREATE_FAIL,79.8,4
2026-07-13,GB,1-5200_LEADERBOARD,195.0,4
2026-07-13,GB,1-11001_GAMEPLAY_FINISH_5,176.8,4
2026-07-13,GB,1-2600_GIMMICK_FIRST_APPEAR,95.8,4
2026-07-13,GB,1-6111_IDLE_GOLD_COLLECT_SUCCESS,128.5,4
2026-07-13,GB,1-2116_TUTO_PLUS_CARD,95.8,4
2026-07-13,GB,1-3100_TOURNAMENT_CREATE,79.5,4
2026-07-13,GB,1-2211_GAMEPLAY_STREAK_METER_FILL,155.8,4
2026-07-13,GB,1-2610_GIMMICK_PLUS_CARD_MATCH,97.8,4
2026-07-13,GB,1-6110_IDLE_GOLD_COLLECT_TRY,128.3,4
2026-07-13,GB,1-8100_CITY_DECO_POPUP,162.8,4
2026-07-13,GB,1-8061_DAILY_CHECKIN_CLAIM_TRY,244.5,4
2026-07-13,GB,1-2212_GAMEPLAY_STREAK_STAR_EARN,155.8,4
2026-07-13,GB,1-8102_CITY_DECO_UPGRADE_SUCCESS,164.8,4
2026-07-13,GB,1-11002_GAMEPLAY_FINISH_6,238.5,4
2026-07-13,GB,1-2119_TUTO_STREAK,147.3,4
2026-07-13,GB,1-8064_BTN_DAILY_CHECKIN_CLOSE,246.3,4
2026-07-13,GB,1-8101_CITY_DECO_UPGRADE_TRY,164.5,4
2026-07-13,GB,1-8060_DAILY_CHECKIN_POPUP,242.5,4
2026-07-13,GB,1-8105_BTN_CITY_DECO_CLOSE,166.3,4
2026-07-13,GB,1-FIRST_LOAD_INTRO_FINISH_Android,13.3,3
2026-07-13,GB,1-FIRST_LOAD_INTRO_etc,0.7,3
2026-07-13,GB,1-8050_DAILY_WHEEL_POPUP,465.3,3
2026-07-13,GB,1-2123_TUTO_BOOSTER_FIREWORKS,381.7,3
2026-07-13,GB,1-2091_PRE_LEVEL_BOOSTER_SELECT,383.7,3
2026-07-13,GB,1-2124_TUTO_BOOSTER_WILDCARD,273.0,3
2026-07-13,GB,1-2171_GAMEPLAY_ITEM_FIREWORKS_SUCCESS,396.7,3
2026-07-13,GB,1-2170_GAMEPLAY_ITEM_FIREWORKS_TRY,396.7,3
2026-07-13,GB,1-8053_BTN_DAILY_WHEEL_CLOSE,475.3,3
2026-07-13,GB,1-8051_DAILY_WHEEL_SPIN_SUCCESS,473.3,3
2026-07-13,GB,1-2122_TUTO_BOOSTER_UNDO,335.7,3
2026-07-13,GB,1-11005_GAMEPLAY_FINISH_9,405.3,3
2026-07-13,GB,1-11004_GAMEPLAY_FINISH_8,362.3,3
2026-07-13,GB,1-FIRST_LOAD_INTRO_START_Android,13.3,3
2026-07-13,GB,1-FIRST_LOAD_INTRO_FINISH_etc,0.7,3
2026-07-13,GB,1-11003_GAMEPLAY_FINISH_7,296.0,3
2026-07-13,GB,1-8120_COLLECTION_POPUP,310.0,3
2026-07-13,GB,1-FIRST_LOAD_FB_etc,0.3,3
2026-07-13,GB,1-FIRST_LOAD_INTRO_START_etc,0.7,3
2026-07-13,GB,1-FIRST_LOAD_FB_Android,3.3,3
2026-07-13,GB,1-FIRST_LOAD_INTRO_Android,13.3,3
2026-07-13,GB,1-11006_GAMEPLAY_FINISH_10,491.0,2
2026-07-13,GB,1-2127_TUTO_BETTING_2,439.5,2
2026-07-13,GB,1-2093_PRE_LEVEL_BETTING,441.5,2
2026-07-13,GR,1-6011_USER_TICKET_BALANCE,4.4,5
2026-07-13,GR,1-5700_LOBBY,51.8,5
2026-07-13,GR,1-2610_GIMMICK_PLUS_CARD_MATCH,99.2,5
2026-07-13,GR,1-6012_USER_HAMMER_BALANCE,4.4,5
2026-07-13,GR,1-2210_GAMEPLAY_COMBO_REWARD,25.6,5
2026-07-13,GR,1-2124_TUTO_BOOSTER_WILDCARD,232.2,5
2026-07-13,GR,1-2116_TUTO_PLUS_CARD,98.0,5
2026-07-13,GR,1-6111_IDLE_GOLD_COLLECT_SUCCESS,126.6,5
2026-07-13,GR,1-11001_GAMEPLAY_FINISH_5,165.6,5
2026-07-13,GR,1-1000_LOGIN_COMPLETE,4.2,5
2026-07-13,GR,1-7180_BTN_DRAW_DECK,37.0,5
2026-07-13,GR,1-8060_DAILY_CHECKIN_POPUP,221.2,5
2026-07-13,GR,1-1010_LOAD_COMPLETE,6.2,5
2026-07-13,GR,1-11003_GAMEPLAY_FINISH_7,254.6,5
2026-07-13,GR,1-12001_INTRO_DIRECT_ENTRY_START,4.6,5
2026-07-13,GR,1-12002_INTRO_DIRECT_ENTRY_END,6.4,5
2026-07-13,GR,1-2100_GAMEPLAY_START,6.2,5
2026-07-13,GR,1-2110_TUTO_INGAME_INTRO,8.0,5
2026-07-13,GR,1-2114_TUTO_PRE_LEVEL_POPUP,54.0,5
2026-07-13,GR,1-2119_TUTO_STREAK,140.6,5
2026-07-13,GR,1-2212_GAMEPLAY_STREAK_STAR_EARN,148.4,5
2026-07-13,GR,1-2300_GAMEPLAY_FINISH,25.6,5
2026-07-13,GR,1-8064_BTN_DAILY_CHECKIN_CLOSE,224.8,5
2026-07-13,GR,1-2400_FINISH_RESULT,26.6,5
2026-07-13,GR,1-8120_COLLECTION_POPUP,260.6,5
2026-07-13,GR,1-ALL_LOAD_FB,0.6,5
2026-07-13,GR,1-ALL_LOAD_INTRO_FINISH,2.0,5
2026-07-13,GR,1-INTRO_BUNDLE,2.0,5
2026-07-13,GR,1-INTRO_FB_ENTRY_POINT_FINISH,2.6,5
2026-07-13,GR,1-INTRO_FB_FRIEND_FINISH,3.0,5
2026-07-13,GR,1-INTRO_LOGIN,3.4,5
2026-07-13,GR,1-INTRO_FB_FRIEND,2.0,5
2026-07-13,GR,1-INTRO_FB_ENTRY_POINT,2.0,5
2026-07-13,GR,1-INTRO_FB_ENTRY_DATA,2.6,5
2026-07-13,GR,1-INTRO_BUNDLE_FINISH,2.4,5
2026-07-13,GR,1-ALL_LOAD_INTRO,1.6,5
2026-07-13,GR,1-6040_SETTING_LANGUAGE,2.6,5
2026-07-13,GR,1-2410_FINISH_RESULT_CLAIM,29.4,5
2026-07-13,GR,1-2213_GAMEPLAY_DECK_BONUS,24.4,5
2026-07-13,GR,1-2150_GAMEPLAY_NRU_CARD_MATCH,16.4,5
2026-07-13,GR,1-6000_FRIEND_COUNT,3.0,5
2026-07-13,GR,1-ALL_LOAD_INTRO_START,1.6,5
2026-07-13,GR,1-INTRO_OBJECT_POOL_FINISH,2.8,5
2026-07-13,GR,1-2123_TUTO_BOOSTER_FIREWORKS,335.2,5
2026-07-13,GR,1-11002_GAMEPLAY_FINISH_6,214.4,5
2026-07-13,GR,1-11004_GAMEPLAY_FINISH_8,306.8,5
2026-07-13,GR,1-11005_GAMEPLAY_FINISH_9,356.4,5
2026-07-13,GR,1-2122_TUTO_BOOSTER_UNDO,285.6,5
2026-07-13,GR,1-2141_TUTO_STEP_COMPLETE,15.0,5
2026-07-13,GR,1-2151_GAMEPLAY_NRU_MATCHES,25.6,5
2026-07-13,GR,1-2211_GAMEPLAY_STREAK_METER_FILL,148.4,5
2026-07-13,GR,1-2600_GIMMICK_FIRST_APPEAR,98.0,5
2026-07-13,GR,1-6020_USER_CURRENT_LEVEL,4.6,5
2026-07-13,GR,1-2111_TUTO_DECK_DRAW,32.8,5
2026-07-13,GR,1-6010_USER_GOLD_BALANCE,4.4,5
2026-07-13,GR,1-INTRO_SIGNED_PLAYER_INFO_FINISH,2.2,5
2026-07-13,GR,1-INTRO_SIGNED_PLAYER_INFO,2.0,5
2026-07-13,GR,1-INTRO_OBJECT_POOL,2.6,5
2026-07-13,GR,1-INTRO_FB_SUBSCRIBE_BOT,2.0,5
2026-07-13,GR,1-8062_DAILY_CHECKIN_CLAIM_SUCCESS,223.4,5
2026-07-13,GR,1-INTRO_FB_START_FINISH,0.0,5
2026-07-13,GR,1-9400_GOLD_TRANSACTION_LOG,4.0,5
2026-07-13,GR,1-9402_HAMMER_TRANSACTION_LOG,24.6,5
2026-07-13,GR,1-INTRO_FB_ENTRY_DATA_FINISH,3.0,5
2026-07-13,GR,1-INTRO_FB_SUBSCRIBE_BOT_FINISH,2.6,5
2026-07-13,GR,1-INTRO_GAME_DATA,2.0,5
2026-07-13,GR,1-INTRO_GAME_DATA_FINISH,3.2,5
2026-07-13,GR,1-9990_PLAY_FIRST_TOUCH,15.6,5
2026-07-13,GR,1-9403_BOOSTER_TRANSACTION_LOG,4.0,5
2026-07-13,GR,1-8061_DAILY_CHECKIN_CLAIM_TRY,223.4,5
2026-07-13,GR,1-3100_TOURNAMENT_CREATE,77.8,5
2026-07-13,GR,1-6110_IDLE_GOLD_COLLECT_TRY,126.6,5
2026-07-13,GR,1-2094_PRE_LEVEL_PLAY,56.4,5
2026-07-13,GR,1-2091_PRE_LEVEL_BOOSTER_SELECT,337.4,5
2026-07-13,GR,1-2090_PRE_LEVEL_SHOW,54.0,5
2026-07-13,GR,1-2510_ENTRY_COST_PAY,56.4,5
2026-07-13,GR,1-3120_TOURNAMENT_CREATE_FAIL,78.2,5
2026-07-13,GR,1-5200_LEADERBOARD,179.0,5
2026-07-13,GR,1-6030_USER_CITY_STATUS,4.6,5
2026-07-13,GR,1-12000_TEST_TOUCH,12.0,4
2026-07-13,GR,1-2127_TUTO_BETTING_2,392.5,4
2026-07-13,GR,1-2191_GAMEPLAY_ITEM_EXTRADECK_SUCCESS,489.3,4
2026-07-13,GR,1-8050_DAILY_WHEEL_POPUP,372.3,4
2026-07-13,GR,1-2170_GAMEPLAY_ITEM_FIREWORKS_TRY,379.3,4
2026-07-13,GR,1-2171_GAMEPLAY_ITEM_FIREWORKS_SUCCESS,379.3,4
2026-07-13,GR,1-8130_CITY_LIST_POPUP,241.2,4
2026-07-13,GR,1-2190_GAMEPLAY_ITEM_EXTRADECK_TRY,489.0,4
2026-07-13,GR,1-2125_TUTO_BOOSTER_EXTRADECK,427.3,4
2026-07-13,GR,1-2093_PRE_LEVEL_BETTING,394.8,4
2026-07-13,GR,1-11006_GAMEPLAY_FINISH_10,435.3,4
2026-07-13,GR,1-8053_BTN_DAILY_WHEEL_CLOSE,382.0,4
2026-07-13,GR,1-8051_DAILY_WHEEL_SPIN_SUCCESS,380.3,4
2026-07-13,GR,1-8100_CITY_DECO_POPUP,152.0,3
2026-07-13,GR,1-4200_RV_START,402.0,3
2026-07-13,GR,1-8101_CITY_DECO_UPGRADE_TRY,154.3,3
2026-07-13,GR,1-FIRST_LOAD_INTRO_FINISH_etc,1.3,3
2026-07-13,GR,1-FIRST_LOAD_INTRO_etc,1.3,3
2026-07-13,GR,1-FIRST_LOAD_INTRO_START_etc,1.3,3
2026-07-13,GR,1-FIRST_LOAD_FB_etc,0.3,3
2026-07-13,GR,1-8105_BTN_CITY_DECO_CLOSE,157.3,3
2026-07-13,GR,1-8102_CITY_DECO_UPGRADE_SUCCESS,154.3,3
2026-07-13,GR,1-4220_RV_ERROR,405.0,2
2026-07-13,GR,1-5004_BTN_SHOP_CLOSE,223.5,2
2026-07-13,GR,1-5000_SHOP,220.5,2
2026-07-13,GR,1-5430_EVENT_CLEAR_RANKING,539.5,2
2026-07-13,GR,1-8900_RV_ERROR_BANNER_POPUP,405.0,2
2026-07-13,GR,1-5100_DAILY_TASK,460.0,2
2026-07-13,GR,1-5432_EVENT_CLEAR_RANKING_CLOSE,542.0,2
2026-07-13,GR,1-8131_CITY_LIST_SELECT,208.0,2
2026-07-13,GR,1-2092_PRE_LEVEL_BOOSTER_DESELECT,296.0,2
2026-07-13,GR,1-2420_FINISH_RESULT_DOUBLE_CLAIM_TRY,449.0,2
2026-07-13,GR,1-5105_BTN_DAILY_TASK_CLOSE,462.0,2
2026-07-13,HU,1-2171_GAMEPLAY_ITEM_FIREWORKS_SUCCESS,366.7,3
2026-07-13,HU,1-INTRO_FB_ENTRY_POINT_FINISH,1.7,3
2026-07-13,HU,1-INTRO_SIGNED_PLAYER_INFO_FINISH,0.7,3
2026-07-13,HU,1-9990_PLAY_FIRST_TOUCH,11.7,3
2026-07-13,HU,1-9403_BOOSTER_TRANSACTION_LOG,3.0,3
2026-07-13,HU,1-8061_DAILY_CHECKIN_CLAIM_TRY,212.3,3
2026-07-13,HU,1-INTRO_SIGNED_PLAYER_INFO,0.7,3
2026-07-13,HU,1-INTRO_FB_SUBSCRIBE_BOT,0.7,3
2026-07-13,HU,1-INTRO_FB_START_FINISH,0.0,3
2026-07-13,HU,1-2151_GAMEPLAY_NRU_MATCHES,22.3,3
2026-07-13,HU,1-2170_GAMEPLAY_ITEM_FIREWORKS_TRY,366.7,3
2026-07-13,HU,1-8053_BTN_DAILY_WHEEL_CLOSE,412.3,3
2026-07-13,HU,1-8051_DAILY_WHEEL_SPIN_SUCCESS,408.7,3
2026-07-13,HU,1-6111_IDLE_GOLD_COLLECT_SUCCESS,125.0,3
2026-07-13,HU,1-6030_USER_CITY_STATUS,3.0,3
2026-07-13,HU,1-5200_LEADERBOARD,169.7,3
2026-07-13,HU,1-3120_TOURNAMENT_CREATE_FAIL,79.3,3
2026-07-13,HU,1-2510_ENTRY_COST_PAY,56.0,3
2026-07-13,HU,1-2400_FINISH_RESULT,23.3,3
2026-07-13,HU,1-2300_GAMEPLAY_FINISH,22.3,3
2026-07-13,HU,1-FIRST_LOAD_INTRO_START_etc,0.7,3
2026-07-13,HU,1-FIRST_LOAD_FB_etc,0.0,3
2026-07-13,HU,1-ALL_LOAD_INTRO_FINISH,0.7,3
2026-07-13,HU,1-ALL_LOAD_FB,0.0,3
2026-07-13,HU,1-8120_COLLECTION_POPUP,251.3,3
2026-07-13,HU,1-2212_GAMEPLAY_STREAK_STAR_EARN,142.3,3
2026-07-13,HU,1-2127_TUTO_BETTING_2,417.0,3
2026-07-13,HU,1-2119_TUTO_STREAK,134.7,3
2026-07-13,HU,1-2114_TUTO_PRE_LEVEL_POPUP,54.7,3
2026-07-13,HU,1-2110_TUTO_INGAME_INTRO,6.7,3
2026-07-13,HU,1-2100_GAMEPLAY_START,4.7,3
2026-07-13,HU,1-12020_FRAME_DROP_LOG,360.0,3
2026-07-13,HU,1-12002_INTRO_DIRECT_ENTRY_END,5.0,3
2026-07-13,HU,1-12001_INTRO_DIRECT_ENTRY_START,3.3,3
2026-07-13,HU,1-11003_GAMEPLAY_FINISH_7,245.7,3
2026-07-13,HU,1-1010_LOAD_COMPLETE,5.0,3
2026-07-13,HU,1-8064_BTN_DAILY_CHECKIN_CLOSE,213.7,3
2026-07-13,HU,1-8060_DAILY_CHECKIN_POPUP,210.3,3
2026-07-13,HU,1-7180_BTN_DRAW_DECK,33.3,3
2026-07-13,HU,1-6012_USER_HAMMER_BALANCE,3.0,3
2026-07-13,HU,1-6011_USER_TICKET_BALANCE,3.0,3
2026-07-13,HU,1-6010_USER_GOLD_BALANCE,3.0,3
2026-07-13,HU,1-5700_LOBBY,52.0,3
2026-07-13,HU,1-2610_GIMMICK_PLUS_CARD_MATCH,94.0,3
2026-07-13,HU,1-2210_GAMEPLAY_COMBO_REWARD,22.3,3
2026-07-13,HU,1-2125_TUTO_BOOSTER_EXTRADECK,383.7,3
2026-07-13,HU,1-2124_TUTO_BOOSTER_WILDCARD,220.3,3
2026-07-13,HU,1-2116_TUTO_PLUS_CARD,92.0,3
2026-07-13,HU,1-2111_TUTO_DECK_DRAW,28.7,3
2026-07-13,HU,1-2093_PRE_LEVEL_BETTING,419.3,3
2026-07-13,HU,1-12000_TEST_TOUCH,10.3,3
2026-07-13,HU,1-11006_GAMEPLAY_FINISH_10,476.7,3
2026-07-13,HU,1-11001_GAMEPLAY_FINISH_5,162.7,3
2026-07-13,HU,1-INTRO_OBJECT_POOL,1.0,3
2026-07-13,HU,1-1000_LOGIN_COMPLETE,3.0,3
2026-07-13,HU,1-11002_GAMEPLAY_FINISH_6,205.3,3
2026-07-13,HU,1-11004_GAMEPLAY_FINISH_8,299.0,3
2026-07-13,HU,1-11005_GAMEPLAY_FINISH_9,375.0,3
2026-07-13,HU,1-INTRO_GAME_DATA_FINISH,1.7,3
2026-07-13,HU,1-INTRO_GAME_DATA,0.7,3
2026-07-13,HU,1-INTRO_FB_SUBSCRIBE_BOT_FINISH,1.7,3
2026-07-13,HU,1-INTRO_FB_ENTRY_DATA_FINISH,3.0,3
2026-07-13,HU,1-9402_HAMMER_TRANSACTION_LOG,21.3,3
2026-07-13,HU,1-9400_GOLD_TRANSACTION_LOG,3.0,3
2026-07-13,HU,1-8131_CITY_LIST_SELECT,333.3,3
2026-07-13,HU,1-8130_CITY_LIST_POPUP,323.0,3
2026-07-13,HU,1-8062_DAILY_CHECKIN_CLAIM_SUCCESS,212.3,3
2026-07-13,HU,1-6020_USER_CURRENT_LEVEL,3.0,3
2026-07-13,HU,1-2600_GIMMICK_FIRST_APPEAR,92.0,3
2026-07-13,HU,1-2211_GAMEPLAY_STREAK_METER_FILL,142.3,3
2026-07-13,HU,1-2090_PRE_LEVEL_SHOW,54.7,3
2026-07-13,HU,1-2091_PRE_LEVEL_BOOSTER_SELECT,354.0,3
2026-07-13,HU,1-2094_PRE_LEVEL_PLAY,56.0,3
2026-07-13,HU,1-2123_TUTO_BOOSTER_FIREWORKS,352.3,3
2026-07-13,HU,1-2150_GAMEPLAY_NRU_CARD_MATCH,12.7,3
2026-07-13,HU,1-2213_GAMEPLAY_DECK_BONUS,21.0,3
2026-07-13,HU,1-2410_FINISH_RESULT_CLAIM,24.7,3
2026-07-13,HU,1-3100_TOURNAMENT_CREATE,79.3,3
2026-07-13,HU,1-6000_FRIEND_COUNT,1.7,3
2026-07-13,HU,1-6040_SETTING_LANGUAGE,1.0,3
2026-07-13,HU,1-6110_IDLE_GOLD_COLLECT_TRY,125.0,3
2026-07-13,HU,1-8050_DAILY_WHEEL_POPUP,400.7,3
2026-07-13,HU,1-ALL_LOAD_INTRO,0.7,3
2026-07-13,HU,1-ALL_LOAD_INTRO_START,0.7,3
2026-07-13,HU,1-FIRST_LOAD_INTRO_FINISH_etc,0.7,3
2026-07-13,HU,1-FIRST_LOAD_INTRO_etc,0.7,3
2026-07-13,HU,1-INTRO_BUNDLE_FINISH,1.0,3
2026-07-13,HU,1-INTRO_FB_ENTRY_DATA,1.7,3
2026-07-13,HU,1-INTRO_FB_ENTRY_POINT,0.7,3
2026-07-13,HU,1-INTRO_FB_FRIEND,0.7,3
2026-07-13,HU,1-INTRO_LOGIN,3.0,3
2026-07-13,HU,1-INTRO_OBJECT_POOL_FINISH,1.3,3
2026-07-13,HU,1-2122_TUTO_BOOSTER_UNDO,273.0,3
2026-07-13,HU,1-2141_TUTO_STEP_COMPLETE,10.3,3
2026-07-13,HU,1-INTRO_FB_FRIEND_FINISH,1.7,3
2026-07-13,HU,1-INTRO_BUNDLE,0.7,3
2026-07-13,HU,1-8101_CITY_DECO_UPGRADE_TRY,318.0,2
2026-07-13,HU,1-2191_GAMEPLAY_ITEM_EXTRADECK_SUCCESS,460.0,2
2026-07-13,HU,1-5100_DAILY_TASK,538.0,2
2026-07-13,HU,1-8105_BTN_CITY_DECO_CLOSE,324.5,2
2026-07-13,HU,1-8102_CITY_DECO_UPGRADE_SUCCESS,318.5,2
2026-07-13,HU,1-8100_CITY_DECO_POPUP,315.5,2
2026-07-13,HU,1-5105_BTN_DAILY_TASK_CLOSE,540.5,2
2026-07-13,HU,1-2190_GAMEPLAY_ITEM_EXTRADECK_TRY,460.0,2
2026-07-13,IN,1-INTRO_LOGIN,7.7,3
2026-07-13,IN,1-6000_FRIEND_COUNT,6.7,3
2026-07-13,IN,1-6040_SETTING_LANGUAGE,4.3,3
2026-07-13,IN,1-INTRO_FB_ENTRY_DATA,5.0,3
2026-07-13,IN,1-INTRO_BUNDLE_FINISH,4.0,3
2026-07-13,IN,1-ALL_LOAD_INTRO,3.3,3
2026-07-13,IN,1-ALL_LOAD_INTRO_START,3.3,3
2026-07-13,IN,1-2141_TUTO_STEP_COMPLETE,41.7,3
2026-07-13,IN,1-6020_USER_CURRENT_LEVEL,8.7,3
2026-07-13,IN,1-9400_GOLD_TRANSACTION_LOG,8.3,3
2026-07-13,IN,1-INTRO_FB_ENTRY_DATA_FINISH,5.7,3
2026-07-13,IN,1-INTRO_FB_SUBSCRIBE_BOT_FINISH,5.0,3
2026-07-13,IN,1-INTRO_GAME_DATA,3.7,3
2026-07-13,IN,1-INTRO_GAME_DATA_FINISH,4.7,3
2026-07-13,IN,1-INTRO_SIGNED_PLAYER_INFO_FINISH,4.0,3
2026-07-13,IN,1-INTRO_SIGNED_PLAYER_INFO,3.7,3
2026-07-13,IN,1-INTRO_OBJECT_POOL,4.3,3
2026-07-13,IN,1-INTRO_FB_SUBSCRIBE_BOT,3.7,3
2026-07-13,IN,1-INTRO_FB_START_FINISH,0.0,3
2026-07-13,IN,1-INTRO_FB_FRIEND_FINISH,6.7,3
2026-07-13,IN,1-INTRO_FB_FRIEND,3.7,3
2026-07-13,IN,1-1010_LOAD_COMPLETE,12.7,3
2026-07-13,IN,1-INTRO_FB_ENTRY_POINT,3.7,3
2026-07-13,IN,1-INTRO_FB_ENTRY_POINT_FINISH,5.0,3
2026-07-13,IN,1-12001_INTRO_DIRECT_ENTRY_START,9.0,3
2026-07-13,IN,1-12002_INTRO_DIRECT_ENTRY_END,12.7,3
2026-07-13,IN,1-2100_GAMEPLAY_START,12.3,3
2026-07-13,IN,1-2110_TUTO_INGAME_INTRO,16.7,3
2026-07-13,IN,1-INTRO_BUNDLE,3.7,3
2026-07-13,IN,1-ALL_LOAD_INTRO_FINISH,3.3,3
2026-07-13,IN,1-ALL_LOAD_FB,1.3,3
2026-07-13,IN,1-6012_USER_HAMMER_BALANCE,8.7,3
2026-07-13,IN,1-6011_USER_TICKET_BALANCE,8.7,3
2026-07-13,IN,1-6030_USER_CITY_STATUS,8.7,3
2026-07-13,IN,1-INTRO_OBJECT_POOL_FINISH,4.7,3
2026-07-13,IN,1-9403_BOOSTER_TRANSACTION_LOG,8.3,3
2026-07-13,IN,1-6010_USER_GOLD_BALANCE,8.7,3
2026-07-13,IN,1-12000_TEST_TOUCH,41.7,3
2026-07-13,IN,1-1000_LOGIN_COMPLETE,8.3,3
2026-07-13,IN,1-FIRST_LOAD_INTRO_Android,3.5,2
2026-07-13,IN,1-FIRST_LOAD_INTRO_START_Android,3.5,2
2026-07-13,IN,1-FIRST_LOAD_INTRO_FINISH_Android,3.5,2
2026-07-13,IN,1-9990_PLAY_FIRST_TOUCH,41.0,2
2026-07-13,IN,1-FIRST_LOAD_FB_Android,1.0,2
2026-07-13,IT,1-2141_TUTO_STEP_COMPLETE,10.8,5
2026-07-13,IT,1-INTRO_GAME_DATA_FINISH,2.4,5
2026-07-13,IT,1-9990_PLAY_FIRST_TOUCH,10.8,5
2026-07-13,IT,1-INTRO_GAME_DATA,1.8,5
2026-07-13,IT,1-INTRO_FB_ENTRY_DATA,2.2,5
2026-07-13,IT,1-INTRO_OBJECT_POOL_FINISH,3.2,5
2026-07-13,IT,1-2510_ENTRY_COST_PAY,87.4,5
2026-07-13,IT,1-6030_USER_CITY_STATUS,3.2,5
2026-07-13,IT,1-INTRO_FB_SUBSCRIBE_BOT_FINISH,2.2,5
2026-07-13,IT,1-INTRO_FB_ENTRY_DATA_FINISH,2.8,5
2026-07-13,IT,1-1010_LOAD_COMPLETE,4.8,5
2026-07-13,IT,1-12001_INTRO_DIRECT_ENTRY_START,3.6,5
2026-07-13,IT,1-12002_INTRO_DIRECT_ENTRY_END,5.0,5
2026-07-13,IT,1-2100_GAMEPLAY_START,4.8,5
2026-07-13,IT,1-2110_TUTO_INGAME_INTRO,7.2,5
2026-07-13,IT,1-2114_TUTO_PRE_LEVEL_POPUP,84.8,5
2026-07-13,IT,1-2300_GAMEPLAY_FINISH,19.8,5
2026-07-13,IT,1-2400_FINISH_RESULT,20.8,5
2026-07-13,IT,1-3120_TOURNAMENT_CREATE_FAIL,109.0,5
2026-07-13,IT,1-ALL_LOAD_INTRO,1.6,5
2026-07-13,IT,1-9403_BOOSTER_TRANSACTION_LOG,3.0,5
2026-07-13,IT,1-9402_HAMMER_TRANSACTION_LOG,18.8,5
2026-07-13,IT,1-INTRO_LOGIN,2.8,5
2026-07-13,IT,1-INTRO_FB_FRIEND,1.8,5
2026-07-13,IT,1-INTRO_FB_ENTRY_POINT,1.8,5
2026-07-13,IT,1-INTRO_BUNDLE_FINISH,2.0,5
2026-07-13,IT,1-9400_GOLD_TRANSACTION_LOG,3.0,5
2026-07-13,IT,1-ALL_LOAD_INTRO_START,1.6,5
2026-07-13,IT,1-6040_SETTING_LANGUAGE,2.0,5
2026-07-13,IT,1-6000_FRIEND_COUNT,2.2,5
2026-07-13,IT,1-3100_TOURNAMENT_CREATE,108.6,5
2026-07-13,IT,1-2410_FINISH_RESULT_CLAIM,54.6,5
2026-07-13,IT,1-1000_LOGIN_COMPLETE,3.0,5
2026-07-13,IT,1-2213_GAMEPLAY_DECK_BONUS,18.4,5
2026-07-13,IT,1-12000_TEST_TOUCH,10.4,5
2026-07-13,IT,1-2111_TUTO_DECK_DRAW,58.4,5
2026-07-13,IT,1-2210_GAMEPLAY_COMBO_REWARD,19.8,5
2026-07-13,IT,1-5700_LOBBY,81.8,5
2026-07-13,IT,1-6010_USER_GOLD_BALANCE,3.2,5
2026-07-13,IT,1-6011_USER_TICKET_BALANCE,3.2,5
2026-07-13,IT,1-6012_USER_HAMMER_BALANCE,3.2,5
2026-07-13,IT,1-7180_BTN_DRAW_DECK,64.2,5
2026-07-13,IT,1-2150_GAMEPLAY_NRU_CARD_MATCH,12.6,5
2026-07-13,IT,1-ALL_LOAD_FB,0.8,5
2026-07-13,IT,1-ALL_LOAD_INTRO_FINISH,1.8,5
2026-07-13,IT,1-INTRO_BUNDLE,1.8,5
2026-07-13,IT,1-INTRO_FB_ENTRY_POINT_FINISH,2.2,5
2026-07-13,IT,1-INTRO_FB_FRIEND_FINISH,2.2,5
2026-07-13,IT,1-INTRO_FB_START_FINISH,0.0,5
2026-07-13,IT,1-INTRO_FB_SUBSCRIBE_BOT,1.8,5
2026-07-13,IT,1-INTRO_OBJECT_POOL,2.0,5
2026-07-13,IT,1-2094_PRE_LEVEL_PLAY,87.4,5
2026-07-13,IT,1-INTRO_SIGNED_PLAYER_INFO,1.8,5
2026-07-13,IT,1-INTRO_SIGNED_PLAYER_INFO_FINISH,1.8,5
2026-07-13,IT,1-2090_PRE_LEVEL_SHOW,84.8,5
2026-07-13,IT,1-6020_USER_CURRENT_LEVEL,3.2,5
2026-07-13,IT,1-2151_GAMEPLAY_NRU_MATCHES,19.8,5
2026-07-13,IT,1-11001_GAMEPLAY_FINISH_5,225.3,4
2026-07-13,IT,1-6110_IDLE_GOLD_COLLECT_TRY,141.3,4
2026-07-13,IT,1-11002_GAMEPLAY_FINISH_6,278.5,4
2026-07-13,IT,1-2211_GAMEPLAY_STREAK_METER_FILL,202.5,4
2026-07-13,IT,1-2610_GIMMICK_PLUS_CARD_MATCH,109.3,4
2026-07-13,IT,1-2600_GIMMICK_FIRST_APPEAR,107.8,4
2026-07-13,IT,1-8062_DAILY_CHECKIN_CLAIM_SUCCESS,288.0,4
2026-07-13,IT,1-2116_TUTO_PLUS_CARD,107.8,4
2026-07-13,IT,1-8061_DAILY_CHECKIN_CLAIM_TRY,288.0,4
2026-07-13,IT,1-8060_DAILY_CHECKIN_POPUP,286.5,4
2026-07-13,IT,1-8064_BTN_DAILY_CHECKIN_CLOSE,289.8,4
2026-07-13,IT,1-8120_COLLECTION_POPUP,334.0,4
2026-07-13,IT,1-6111_IDLE_GOLD_COLLECT_SUCCESS,141.3,4
2026-07-13,IT,1-5200_LEADERBOARD,235.5,4
2026-07-13,IT,1-2124_TUTO_BOOSTER_WILDCARD,297.0,4
2026-07-13,IT,1-2212_GAMEPLAY_STREAK_STAR_EARN,202.5,4
2026-07-13,IT,1-2119_TUTO_STREAK,150.8,4
2026-07-13,IT,1-11003_GAMEPLAY_FINISH_7,323.3,4
2026-07-13,IT,1-11004_GAMEPLAY_FINISH_8,282.3,3
2026-07-13,IT,1-5105_BTN_DAILY_TASK_CLOSE,539.3,3
2026-07-13,IT,1-2125_TUTO_BOOSTER_EXTRADECK,510.3,3
2026-07-13,IT,1-FIRST_LOAD_INTRO_Android,2.3,3
2026-07-13,IT,1-FIRST_LOAD_FB_Android,1.3,3
2026-07-13,IT,1-8050_DAILY_WHEEL_POPUP,348.0,3
2026-07-13,IT,1-2127_TUTO_BETTING_2,375.0,3
2026-07-13,IT,1-11005_GAMEPLAY_FINISH_9,335.3,3
2026-07-13,IT,1-2191_GAMEPLAY_ITEM_EXTRADECK_SUCCESS,514.3,3
2026-07-13,IT,1-2122_TUTO_BOOSTER_UNDO,261.7,3
2026-07-13,IT,1-FIRST_LOAD_INTRO_FINISH_Android,2.7,3
2026-07-13,IT,1-2091_PRE_LEVEL_BOOSTER_SELECT,314.0,3
2026-07-13,IT,1-8051_DAILY_WHEEL_SPIN_SUCCESS,358.0,3
2026-07-13,IT,1-8053_BTN_DAILY_WHEEL_CLOSE,369.0,3
2026-07-13,IT,1-FIRST_LOAD_INTRO_START_Android,2.3,3
2026-07-13,IT,1-11006_GAMEPLAY_FINISH_10,421.3,3
2026-07-13,IT,1-2170_GAMEPLAY_ITEM_FIREWORKS_TRY,327.0,3
2026-07-13,IT,1-2123_TUTO_BOOSTER_FIREWORKS,312.0,3
2026-07-13,IT,1-2093_PRE_LEVEL_BETTING,377.0,3
2026-07-13,IT,1-2171_GAMEPLAY_ITEM_FIREWORKS_SUCCESS,327.0,3
2026-07-13,IT,1-2190_GAMEPLAY_ITEM_EXTRADECK_TRY,514.3,3
2026-07-13,IT,1-5100_DAILY_TASK,536.0,3
2026-07-13,IT,1-8105_BTN_CITY_DECO_CLOSE,245.5,2
2026-07-13,IT,1-4210_RV_FINISH,466.0,2
2026-07-13,IT,1-8100_CITY_DECO_POPUP,238.0,2
2026-07-13,IT,1-8102_CITY_DECO_UPGRADE_SUCCESS,301.5,2
2026-07-13,IT,1-8130_CITY_LIST_POPUP,306.5,2
2026-07-13,IT,1-FIRST_LOAD_INTRO_etc,0.0,2
2026-07-13,IT,1-4200_RV_START,440.5,2
2026-07-13,IT,1-8101_CITY_DECO_UPGRADE_TRY,301.0,2
2026-07-13,IT,1-FIRST_LOAD_FB_etc,0.0,2
2026-07-13,IT,1-FIRST_LOAD_INTRO_START_etc,0.5,2
2026-07-13,IT,1-FIRST_LOAD_INTRO_FINISH_etc,0.5,2
2026-07-13,MX,1-INTRO_FB_SUBSCRIBE_BOT,4.3,4
2026-07-13,MX,1-INTRO_OBJECT_POOL_FINISH,7.0,4
2026-07-13,MX,1-6030_USER_CITY_STATUS,8.5,4
2026-07-13,MX,1-INTRO_FB_ENTRY_POINT,4.3,4
2026-07-13,MX,1-INTRO_FB_ENTRY_DATA,5.0,4
2026-07-13,MX,1-INTRO_BUNDLE_FINISH,4.8,4
2026-07-13,MX,1-ALL_LOAD_INTRO,3.8,4
2026-07-13,MX,1-ALL_LOAD_INTRO_START,3.8,4
2026-07-13,MX,1-6010_USER_GOLD_BALANCE,8.3,4
2026-07-13,MX,1-6011_USER_TICKET_BALANCE,8.3,4
2026-07-13,MX,1-6012_USER_HAMMER_BALANCE,8.3,4
2026-07-13,MX,1-ALL_LOAD_FB,1.0,4
2026-07-13,MX,1-12000_TEST_TOUCH,13.0,4
2026-07-13,MX,1-1000_LOGIN_COMPLETE,8.0,4
2026-07-13,MX,1-ALL_LOAD_INTRO_FINISH,3.8,4
2026-07-13,MX,1-INTRO_BUNDLE,4.0,4
2026-07-13,MX,1-INTRO_FB_ENTRY_POINT_FINISH,5.0,4
2026-07-13,MX,1-INTRO_FB_FRIEND_FINISH,4.5,4
2026-07-13,MX,1-INTRO_FB_START_FINISH,0.0,4
2026-07-13,MX,1-INTRO_OBJECT_POOL,5.3,4
2026-07-13,MX,1-INTRO_SIGNED_PLAYER_INFO,4.3,4
2026-07-13,MX,1-INTRO_SIGNED_PLAYER_INFO_FINISH,4.5,4
2026-07-13,MX,1-6040_SETTING_LANGUAGE,5.3,4
2026-07-13,MX,1-6000_FRIEND_COUNT,4.5,4
2026-07-13,MX,1-INTRO_GAME_DATA_FINISH,7.3,4
2026-07-13,MX,1-INTRO_GAME_DATA,4.3,4
2026-07-13,MX,1-INTRO_FB_SUBSCRIBE_BOT_FINISH,5.0,4
2026-07-13,MX,1-INTRO_FB_ENTRY_DATA_FINISH,6.3,4
2026-07-13,MX,1-1010_LOAD_COMPLETE,12.5,4
2026-07-13,MX,1-12001_INTRO_DIRECT_ENTRY_START,8.8,4
2026-07-13,MX,1-12002_INTRO_DIRECT_ENTRY_END,12.5,4
2026-07-13,MX,1-2100_GAMEPLAY_START,12.5,4
2026-07-13,MX,1-INTRO_FB_FRIEND,4.3,4
2026-07-13,MX,1-INTRO_LOGIN,7.5,4
2026-07-13,MX,1-9403_BOOSTER_TRANSACTION_LOG,7.8,4
2026-07-13,MX,1-9400_GOLD_TRANSACTION_LOG,7.8,4
2026-07-13,MX,1-6020_USER_CURRENT_LEVEL,8.3,4
2026-07-13,MX,1-FIRST_LOAD_INTRO_FINISH_Android,4.3,3
2026-07-13,MX,1-FIRST_LOAD_INTRO_START_Android,4.3,3
2026-07-13,MX,1-2110_TUTO_INGAME_INTRO,11.7,3
2026-07-13,MX,1-FIRST_LOAD_FB_Android,1.3,3
2026-07-13,MX,1-FIRST_LOAD_INTRO_Android,4.3,3
2026-07-13,MX,1-ALL_INTRO_DEBUG_ERROR_PASS_AFTER_98,19.5,2
2026-07-13,MX,1-FIRST_INTRO_DEBUG_ERROR_PASS_AFTER_98_Android,19.5,2
2026-07-13,MX,1-ALL_INTRO_DEBUG_ERROR_98,13.5,2
2026-07-13,MX,1-FIRST_INTRO_DEBUG_ERROR_98_Android,13.5,2
2026-07-13,MX,1-2141_TUTO_STEP_COMPLETE,17.0,2
2026-07-13,NL,1-2150_GAMEPLAY_NRU_CARD_MATCH,9.0,6
2026-07-13,NL,1-2213_GAMEPLAY_DECK_BONUS,16.0,6
2026-07-13,NL,1-INTRO_FB_ENTRY_POINT_FINISH,0.8,6
2026-07-13,NL,1-2410_FINISH_RESULT_CLAIM,19.2,6
2026-07-13,NL,1-3100_TOURNAMENT_CREATE,63.2,6
2026-07-13,NL,1-6000_FRIEND_COUNT,1.7,6
2026-07-13,NL,1-FIRST_LOAD_INTRO_START_etc,0.7,6
2026-07-13,NL,1-INTRO_GAME_DATA_FINISH,0.8,6
2026-07-13,NL,1-INTRO_GAME_DATA,0.7,6
2026-07-13,NL,1-INTRO_FB_SUBSCRIBE_BOT_FINISH,1.0,6
2026-07-13,NL,1-INTRO_FB_ENTRY_DATA_FINISH,1.5,6
2026-07-13,NL,1-9402_HAMMER_TRANSACTION_LOG,16.0,6
2026-07-13,NL,1-9400_GOLD_TRANSACTION_LOG,1.8,6
2026-07-13,NL,1-6020_USER_CURRENT_LEVEL,1.8,6
2026-07-13,NL,1-2600_GIMMICK_FIRST_APPEAR,74.3,6
2026-07-13,NL,1-2211_GAMEPLAY_STREAK_METER_FILL,119.2,6
2026-07-13,NL,1-2151_GAMEPLAY_NRU_MATCHES,17.0,6
2026-07-13,NL,1-2141_TUTO_STEP_COMPLETE,7.7,6
2026-07-13,NL,1-6110_IDLE_GOLD_COLLECT_TRY,100.8,6
2026-07-13,NL,1-ALL_LOAD_INTRO,0.7,6
2026-07-13,NL,1-ALL_LOAD_INTRO_START,0.7,6
2026-07-13,NL,1-FIRST_LOAD_INTRO_FINISH_etc,0.7,6
2026-07-13,NL,1-ALL_LOAD_INTRO_FINISH,0.7,6
2026-07-13,NL,1-FIRST_LOAD_FB_etc,0.7,6
2026-07-13,NL,1-12000_TEST_TOUCH,6.5,6
2026-07-13,NL,1-INTRO_SIGNED_PLAYER_INFO_FINISH,1.0,6
2026-07-13,NL,1-FIRST_LOAD_INTRO_etc,0.7,6
2026-07-13,NL,1-INTRO_BUNDLE_FINISH,0.7,6
2026-07-13,NL,1-INTRO_FB_ENTRY_DATA,1.0,6
2026-07-13,NL,1-INTRO_FB_ENTRY_POINT,0.7,6
2026-07-13,NL,1-INTRO_SIGNED_PLAYER_INFO,0.7,6
2026-07-13,NL,1-INTRO_FB_FRIEND,0.7,6
2026-07-13,NL,1-INTRO_LOGIN,1.7,6
2026-07-13,NL,1-2094_PRE_LEVEL_PLAY,45.0,6
2026-07-13,NL,1-1000_LOGIN_COMPLETE,1.8,6
2026-07-13,NL,1-INTRO_FB_FRIEND_FINISH,1.7,6
2026-07-13,NL,1-ALL_LOAD_FB,0.7,6
2026-07-13,NL,1-7180_BTN_DRAW_DECK,27.8,6
2026-07-13,NL,1-1010_LOAD_COMPLETE,3.2,6
2026-07-13,NL,1-6012_USER_HAMMER_BALANCE,1.8,6
2026-07-13,NL,1-12001_INTRO_DIRECT_ENTRY_START,2.8,6
2026-07-13,NL,1-12002_INTRO_DIRECT_ENTRY_END,3.2,6
2026-07-13,NL,1-6011_USER_TICKET_BALANCE,1.8,6
2026-07-13,NL,1-2100_GAMEPLAY_START,3.2,6
2026-07-13,NL,1-2110_TUTO_INGAME_INTRO,5.2,6
2026-07-13,NL,1-6010_USER_GOLD_BALANCE,1.8,6
2026-07-13,NL,1-2114_TUTO_PRE_LEVEL_POPUP,43.8,6
2026-07-13,NL,1-2119_TUTO_STREAK,111.5,6
2026-07-13,NL,1-2212_GAMEPLAY_STREAK_STAR_EARN,119.2,6
2026-07-13,NL,1-2300_GAMEPLAY_FINISH,17.0,6
2026-07-13,NL,1-2400_FINISH_RESULT,17.8,6
2026-07-13,NL,1-INTRO_FB_START_FINISH,0.0,6
2026-07-13,NL,1-2510_ENTRY_COST_PAY,45.0,6
2026-07-13,NL,1-3120_TOURNAMENT_CREATE_FAIL,63.5,6
2026-07-13,NL,1-5200_LEADERBOARD,144.7,6
2026-07-13,NL,1-6030_USER_CITY_STATUS,1.8,6
2026-07-13,NL,1-6111_IDLE_GOLD_COLLECT_SUCCESS,101.5,6
2026-07-13,NL,1-5700_LOBBY,41.0,6
2026-07-13,NL,1-11001_GAMEPLAY_FINISH_5,137.8,6
2026-07-13,NL,1-2111_TUTO_DECK_DRAW,23.3,6
2026-07-13,NL,1-2116_TUTO_PLUS_CARD,74.3,6
2026-07-13,NL,1-6040_SETTING_LANGUAGE,0.7,6
2026-07-13,NL,1-9403_BOOSTER_TRANSACTION_LOG,1.8,6
2026-07-13,NL,1-9990_PLAY_FIRST_TOUCH,8.7,6
2026-07-13,NL,1-2610_GIMMICK_PLUS_CARD_MATCH,75.5,6
2026-07-13,NL,1-2210_GAMEPLAY_COMBO_REWARD,17.0,6
2026-07-13,NL,1-INTRO_BUNDLE,0.7,6
2026-07-13,NL,1-2090_PRE_LEVEL_SHOW,43.5,6
2026-07-13,NL,1-INTRO_OBJECT_POOL_FINISH,0.8,6
2026-07-13,NL,1-INTRO_FB_SUBSCRIBE_BOT,0.7,6
2026-07-13,NL,1-INTRO_OBJECT_POOL,0.7,6
2026-07-13,NL,1-2124_TUTO_BOOSTER_WILDCARD,204.4,5
2026-07-13,NL,1-8105_BTN_CITY_DECO_CLOSE,206.8,5
2026-07-13,NL,1-8064_BTN_DAILY_CHECKIN_CLOSE,194.0,5
2026-07-13,NL,1-11002_GAMEPLAY_FINISH_6,186.4,5
2026-07-13,NL,1-8062_DAILY_CHECKIN_CLAIM_SUCCESS,192.6,5
2026-07-13,NL,1-8060_DAILY_CHECKIN_POPUP,190.8,5
2026-07-13,NL,1-8100_CITY_DECO_POPUP,201.0,5
2026-07-13,NL,1-11003_GAMEPLAY_FINISH_7,226.6,5
2026-07-13,NL,1-8102_CITY_DECO_UPGRADE_SUCCESS,203.4,5
2026-07-13,NL,1-8061_DAILY_CHECKIN_CLAIM_TRY,192.6,5
2026-07-13,NL,1-8101_CITY_DECO_UPGRADE_TRY,203.0,5
2026-07-13,NL,1-5105_BTN_DAILY_TASK_CLOSE,511.8,4
2026-07-13,NL,1-5100_DAILY_TASK,503.5,4
2026-07-13,NL,1-8050_DAILY_WHEEL_POPUP,335.3,4
2026-07-13,NL,1-2125_TUTO_BOOSTER_EXTRADECK,342.8,4
2026-07-13,NL,1-8120_COLLECTION_POPUP,237.0,4
2026-07-13,NL,1-2091_PRE_LEVEL_BOOSTER_SELECT,309.5,4
2026-07-13,NL,1-11004_GAMEPLAY_FINISH_8,274.8,4
2026-07-13,NL,1-8053_BTN_DAILY_WHEEL_CLOSE,355.0,4
2026-07-13,NL,1-8051_DAILY_WHEEL_SPIN_SUCCESS,350.5,4
2026-07-13,NL,1-11005_GAMEPLAY_FINISH_9,328.3,4
2026-07-13,NL,1-2122_TUTO_BOOSTER_UNDO,255.5,4
2026-07-13,NL,1-2170_GAMEPLAY_ITEM_FIREWORKS_TRY,320.8,4
2026-07-13,NL,1-2093_PRE_LEVEL_BETTING,368.0,4
2026-07-13,NL,1-2123_TUTO_BOOSTER_FIREWORKS,307.5,4
2026-07-13,NL,1-2171_GAMEPLAY_ITEM_FIREWORKS_SUCCESS,320.8,4
2026-07-13,NL,1-2127_TUTO_BETTING_2,366.0,4
2026-07-13,NL,1-11006_GAMEPLAY_FINISH_10,412.3,4
2026-07-13,NL,1-8130_CITY_LIST_POPUP,298.0,4
2026-07-13,NL,1-2191_GAMEPLAY_ITEM_EXTRADECK_SUCCESS,427.0,3
2026-07-13,NL,1-8900_RV_ERROR_BANNER_POPUP,250.3,3
2026-07-13,NL,1-2190_GAMEPLAY_ITEM_EXTRADECK_TRY,426.7,3
2026-07-13,NL,1-4200_RV_START,250.3,3
2026-07-13,NL,1-5430_EVENT_CLEAR_RANKING,549.7,3
2026-07-13,NL,1-4220_RV_ERROR,250.3,3
2026-07-13,NL,1-2180_GAMEPLAY_ITEM_WILDCARD_TRY,353.3,3
2026-07-13,NL,1-2181_GAMEPLAY_ITEM_WILDCARD_SUCCESS,353.7,3
2026-07-13,NL,1-5004_BTN_SHOP_CLOSE,161.5,2
2026-07-13,NL,1-8110_RV_POPUP_GOLD_TRY,455.5,2
2026-07-13,NL,1-5432_EVENT_CLEAR_RANKING_CLOSE,528.5,2
2026-07-13,NL,1-5132_SHOP_AD_GOLD_FAIL,159.0,2
2026-07-13,NL,1-5130_SHOP_AD_GOLD_TRY,159.0,2
2026-07-13,NL,1-8131_CITY_LIST_SELECT,242.0,2
2026-07-13,NL,1-8112_RV_POPUP_GOLD_FAIL,455.5,2
2026-07-13,NL,1-5000_SHOP,155.0,2
2026-07-13,PE,1-6020_USER_CURRENT_LEVEL,4.0,3
2026-07-13,PE,1-2141_TUTO_STEP_COMPLETE,16.7,3
2026-07-13,PE,1-1010_LOAD_COMPLETE,5.7,3
2026-07-13,PE,1-ALL_LOAD_INTRO_START,2.3,3
2026-07-13,PE,1-FIRST_LOAD_INTRO_START_Android,2.3,3
2026-07-13,PE,1-INTRO_BUNDLE_FINISH,2.7,3
2026-07-13,PE,1-INTRO_FB_ENTRY_DATA,2.7,3
2026-07-13,PE,1-INTRO_FB_ENTRY_POINT,2.3,3
2026-07-13,PE,1-INTRO_FB_FRIEND,2.3,3
2026-07-13,PE,1-INTRO_LOGIN,3.3,3
2026-07-13,PE,1-INTRO_OBJECT_POOL_FINISH,3.3,3
2026-07-13,PE,1-9400_GOLD_TRANSACTION_LOG,3.7,3
2026-07-13,PE,1-12002_INTRO_DIRECT_ENTRY_END,5.7,3
2026-07-13,PE,1-INTRO_SIGNED_PLAYER_INFO_FINISH,2.3,3
2026-07-13,PE,1-ALL_LOAD_INTRO,2.3,3
2026-07-13,PE,1-6040_SETTING_LANGUAGE,2.7,3
2026-07-13,PE,1-INTRO_SIGNED_PLAYER_INFO,2.3,3
2026-07-13,PE,1-6000_FRIEND_COUNT,2.7,3
2026-07-13,PE,1-2100_GAMEPLAY_START,5.7,3
2026-07-13,PE,1-2110_TUTO_INGAME_INTRO,10.3,3
2026-07-13,PE,1-INTRO_OBJECT_POOL,2.7,3
2026-07-13,PE,1-INTRO_FB_SUBSCRIBE_BOT,2.3,3
2026-07-13,PE,1-INTRO_FB_START_FINISH,0.0,3
2026-07-13,PE,1-INTRO_FB_FRIEND_FINISH,2.7,3
2026-07-13,PE,1-INTRO_FB_ENTRY_POINT_FINISH,2.7,3
2026-07-13,PE,1-INTRO_BUNDLE,2.3,3
2026-07-13,PE,1-ALL_LOAD_INTRO_FINISH,2.3,3
2026-07-13,PE,1-ALL_LOAD_FB,1.0,3
2026-07-13,PE,1-6012_USER_HAMMER_BALANCE,4.0,3
2026-07-13,PE,1-6011_USER_TICKET_BALANCE,4.0,3
2026-07-13,PE,1-6030_USER_CITY_STATUS,4.0,3
2026-07-13,PE,1-6010_USER_GOLD_BALANCE,4.0,3
2026-07-13,PE,1-12000_TEST_TOUCH,4.0,3
2026-07-13,PE,1-1000_LOGIN_COMPLETE,3.7,3
2026-07-13,PE,1-INTRO_GAME_DATA_FINISH,3.3,3
2026-07-13,PE,1-INTRO_GAME_DATA,2.3,3
2026-07-13,PE,1-INTRO_FB_SUBSCRIBE_BOT_FINISH,2.7,3
2026-07-13,PE,1-9403_BOOSTER_TRANSACTION_LOG,3.7,3
2026-07-13,PE,1-INTRO_FB_ENTRY_DATA_FINISH,3.3,3
2026-07-13,PE,1-FIRST_LOAD_INTRO_FINISH_Android,2.3,3
2026-07-13,PE,1-FIRST_LOAD_FB_Android,1.0,3
2026-07-13,PE,1-FIRST_LOAD_INTRO_Android,2.3,3
2026-07-13,PE,1-12001_INTRO_DIRECT_ENTRY_START,4.0,3
2026-07-13,PL,1-11003_GAMEPLAY_FINISH_7,390.0,4
2026-07-13,PL,1-1000_LOGIN_COMPLETE,3.8,4
2026-07-13,PL,1-2150_GAMEPLAY_NRU_CARD_MATCH,13.5,4
2026-07-13,PL,1-2094_PRE_LEVEL_PLAY,61.5,4
2026-07-13,PL,1-2213_GAMEPLAY_DECK_BONUS,23.0,4
2026-07-13,PL,1-2410_FINISH_RESULT_CLAIM,27.8,4
2026-07-13,PL,1-3100_TOURNAMENT_CREATE,84.5,4
2026-07-13,PL,1-6000_FRIEND_COUNT,2.5,4
2026-07-13,PL,1-2090_PRE_LEVEL_SHOW,59.0,4
2026-07-13,PL,1-6040_SETTING_LANGUAGE,2.5,4
2026-07-13,PL,1-INTRO_SIGNED_PLAYER_INFO_FINISH,2.3,4
2026-07-13,PL,1-6110_IDLE_GOLD_COLLECT_TRY,194.0,4
2026-07-13,PL,1-INTRO_SIGNED_PLAYER_INFO,1.8,4
2026-07-13,PL,1-INTRO_OBJECT_POOL,2.5,4
2026-07-13,PL,1-INTRO_FB_SUBSCRIBE_BOT,2.0,4
2026-07-13,PL,1-ALL_LOAD_INTRO,1.3,4
2026-07-13,PL,1-ALL_LOAD_INTRO_START,1.3,4
2026-07-13,PL,1-FIRST_LOAD_INTRO_FINISH_etc,1.5,4
2026-07-13,PL,1-INTRO_FB_START_FINISH,0.0,4
2026-07-13,PL,1-FIRST_LOAD_INTRO_etc,1.3,4
2026-07-13,PL,1-INTRO_FB_FRIEND_FINISH,2.5,4
2026-07-13,PL,1-INTRO_BUNDLE_FINISH,2.3,4
2026-07-13,PL,1-INTRO_FB_ENTRY_POINT_FINISH,3.0,4
2026-07-13,PL,1-INTRO_BUNDLE,1.8,4
2026-07-13,PL,1-FIRST_LOAD_INTRO_START_etc,1.3,4
2026-07-13,PL,1-INTRO_FB_ENTRY_DATA,3.0,4
2026-07-13,PL,1-INTRO_FB_ENTRY_POINT,1.8,4
2026-07-13,PL,1-FIRST_LOAD_FB_etc,0.8,4
2026-07-13,PL,1-INTRO_FB_FRIEND,1.8,4
2026-07-13,PL,1-INTRO_LOGIN,3.5,4
2026-07-13,PL,1-ALL_LOAD_INTRO_FINISH,1.5,4
2026-07-13,PL,1-INTRO_OBJECT_POOL_FINISH,2.8,4
2026-07-13,PL,1-ALL_LOAD_FB,0.8,4
2026-07-13,PL,1-11001_GAMEPLAY_FINISH_5,282.3,4
2026-07-13,PL,1-8120_COLLECTION_POPUP,396.8,4
2026-07-13,PL,1-9990_PLAY_FIRST_TOUCH,12.5,4
2026-07-13,PL,1-8064_BTN_DAILY_CHECKIN_CLOSE,341.0,4
2026-07-13,PL,1-8060_DAILY_CHECKIN_POPUP,337.0,4
2026-07-13,PL,1-7180_BTN_DRAW_DECK,37.0,4
2026-07-13,PL,1-6012_USER_HAMMER_BALANCE,4.0,4
2026-07-13,PL,1-6011_USER_TICKET_BALANCE,4.0,4
2026-07-13,PL,1-9403_BOOSTER_TRANSACTION_LOG,3.8,4
2026-07-13,PL,1-6010_USER_GOLD_BALANCE,4.0,4
2026-07-13,PL,1-8101_CITY_DECO_UPGRADE_TRY,222.3,4
2026-07-13,PL,1-8061_DAILY_CHECKIN_CLAIM_TRY,339.5,4
2026-07-13,PL,1-6111_IDLE_GOLD_COLLECT_SUCCESS,194.3,4
2026-07-13,PL,1-6030_USER_CITY_STATUS,4.0,4
2026-07-13,PL,1-12000_TEST_TOUCH,11.5,4
2026-07-13,PL,1-2111_TUTO_DECK_DRAW,31.8,4
2026-07-13,PL,1-2116_TUTO_PLUS_CARD,161.0,4
2026-07-13,PL,1-5700_LOBBY,55.5,4
2026-07-13,PL,1-5200_LEADERBOARD,290.5,4
2026-07-13,PL,1-1010_LOAD_COMPLETE,6.3,4
2026-07-13,PL,1-3120_TOURNAMENT_CREATE_FAIL,85.0,4
2026-07-13,PL,1-2510_ENTRY_COST_PAY,61.5,4
2026-07-13,PL,1-2124_TUTO_BOOSTER_WILDCARD,359.8,4
2026-07-13,PL,1-INTRO_GAME_DATA_FINISH,3.0,4
2026-07-13,PL,1-INTRO_GAME_DATA,2.0,4
2026-07-13,PL,1-INTRO_FB_SUBSCRIBE_BOT_FINISH,3.0,4
2026-07-13,PL,1-2400_FINISH_RESULT,25.5,4
2026-07-13,PL,1-INTRO_FB_ENTRY_DATA_FINISH,3.5,4
2026-07-13,PL,1-9402_HAMMER_TRANSACTION_LOG,23.8,4
2026-07-13,PL,1-2300_GAMEPLAY_FINISH,24.8,4
2026-07-13,PL,1-9400_GOLD_TRANSACTION_LOG,3.8,4
2026-07-13,PL,1-8130_CITY_LIST_POPUP,297.5,4
2026-07-13,PL,1-2212_GAMEPLAY_STREAK_STAR_EARN,256.3,4
2026-07-13,PL,1-8105_BTN_CITY_DECO_CLOSE,225.8,4
2026-07-13,PL,1-8102_CITY_DECO_UPGRADE_SUCCESS,222.5,4
2026-07-13,PL,1-8100_CITY_DECO_POPUP,219.0,4
2026-07-13,PL,1-8062_DAILY_CHECKIN_CLAIM_SUCCESS,339.5,4
2026-07-13,PL,1-2119_TUTO_STREAK,244.0,4
2026-07-13,PL,1-6020_USER_CURRENT_LEVEL,4.0,4
2026-07-13,PL,1-2600_GIMMICK_FIRST_APPEAR,161.0,4
2026-07-13,PL,1-2610_GIMMICK_PLUS_CARD_MATCH,162.0,4
2026-07-13,PL,1-2211_GAMEPLAY_STREAK_METER_FILL,256.3,4
2026-07-13,PL,1-2151_GAMEPLAY_NRU_MATCHES,24.8,4
2026-07-13,PL,1-2114_TUTO_PRE_LEVEL_POPUP,59.3,4
2026-07-13,PL,1-2141_TUTO_STEP_COMPLETE,11.5,4
2026-07-13,PL,1-11002_GAMEPLAY_FINISH_6,331.0,4
2026-07-13,PL,1-2110_TUTO_INGAME_INTRO,8.8,4
2026-07-13,PL,1-2100_GAMEPLAY_START,6.3,4
2026-07-13,PL,1-12002_INTRO_DIRECT_ENTRY_END,6.3,4
2026-07-13,PL,1-2210_GAMEPLAY_COMBO_REWARD,24.8,4
2026-07-13,PL,1-12001_INTRO_DIRECT_ENTRY_START,4.8,4
2026-07-13,PL,1-2123_TUTO_BOOSTER_FIREWORKS,405.3,3
2026-07-13,PL,1-8051_DAILY_WHEEL_SPIN_SUCCESS,444.0,3
2026-07-13,PL,1-8053_BTN_DAILY_WHEEL_CLOSE,446.0,3
2026-07-13,PL,1-2091_PRE_LEVEL_BOOSTER_SELECT,407.3,3
2026-07-13,PL,1-8050_DAILY_WHEEL_POPUP,436.0,3
2026-07-13,PL,1-11004_GAMEPLAY_FINISH_8,376.7,3
2026-07-13,PL,1-11005_GAMEPLAY_FINISH_9,427.3,3
2026-07-13,PL,1-2122_TUTO_BOOSTER_UNDO,353.7,3
2026-07-13,PL,1-5430_EVENT_CLEAR_RANKING,565.0,2
2026-07-13,PL,1-5000_SHOP,311.5,2
2026-07-13,PL,1-5004_BTN_SHOP_CLOSE,425.0,2
2026-07-13,PL,1-5105_BTN_DAILY_TASK_CLOSE,518.5,2
2026-07-13,PL,1-2171_GAMEPLAY_ITEM_FIREWORKS_SUCCESS,347.0,2
2026-07-13,PL,1-2170_GAMEPLAY_ITEM_FIREWORKS_TRY,347.0,2
2026-07-13,PL,1-12020_FRAME_DROP_LOG,178.0,2
2026-07-13,PL,1-5432_EVENT_CLEAR_RANKING_CLOSE,569.5,2
2026-07-13,PL,1-11006_GAMEPLAY_FINISH_10,434.0,2
2026-07-13,PL,1-2093_PRE_LEVEL_BETTING,387.0,2
2026-07-13,PL,1-5100_DAILY_TASK,514.0,2
2026-07-13,PL,1-2127_TUTO_BETTING_2,384.5,2
2026-07-13,PT,1-INTRO_FB_FRIEND,1.0,2
2026-07-13,PT,1-FIRST_LOAD_FB_etc,0.5,2
2026-07-13,PT,1-9403_BOOSTER_TRANSACTION_LOG,4.0,2
2026-07-13,PT,1-2090_PRE_LEVEL_SHOW,57.0,2
2026-07-13,PT,1-2094_PRE_LEVEL_PLAY,59.5,2
2026-07-13,PT,1-INTRO_SIGNED_PLAYER_INFO_FINISH,1.0,2
2026-07-13,PT,1-9990_PLAY_FIRST_TOUCH,10.0,2
2026-07-13,PT,1-2150_GAMEPLAY_NRU_CARD_MATCH,11.0,2
2026-07-13,PT,1-2213_GAMEPLAY_DECK_BONUS,17.5,2
2026-07-13,PT,1-2410_FINISH_RESULT_CLAIM,22.0,2
2026-07-13,PT,1-3100_TOURNAMENT_CREATE,77.5,2
2026-07-13,PT,1-6000_FRIEND_COUNT,1.5,2
2026-07-13,PT,1-6040_SETTING_LANGUAGE,1.0,2
2026-07-13,PT,1-6110_IDLE_GOLD_COLLECT_TRY,117.0,2
2026-07-13,PT,1-INTRO_SIGNED_PLAYER_INFO,1.0,2
2026-07-13,PT,1-ALL_LOAD_INTRO,0.5,2
2026-07-13,PT,1-ALL_LOAD_INTRO_START,1.0,2
2026-07-13,PT,1-FIRST_LOAD_INTRO_FINISH_etc,1.0,2
2026-07-13,PT,1-FIRST_LOAD_INTRO_etc,0.5,2
2026-07-13,PT,1-INTRO_BUNDLE_FINISH,1.0,2
2026-07-13,PT,1-INTRO_FB_ENTRY_DATA,1.0,2
2026-07-13,PT,1-INTRO_FB_SUBSCRIBE_BOT,1.0,2
2026-07-13,PT,1-11002_GAMEPLAY_FINISH_6,206.0,2
2026-07-13,PT,1-2122_TUTO_BOOSTER_UNDO,271.5,2
2026-07-13,PT,1-2141_TUTO_STEP_COMPLETE,9.0,2
2026-07-13,PT,1-2151_GAMEPLAY_NRU_MATCHES,19.5,2
2026-07-13,PT,1-2211_GAMEPLAY_STREAK_METER_FILL,145.0,2
2026-07-13,PT,1-2600_GIMMICK_FIRST_APPEAR,88.5,2
2026-07-13,PT,1-6020_USER_CURRENT_LEVEL,4.5,2
2026-07-13,PT,1-ALL_LOAD_INTRO_FINISH,1.0,2
2026-07-13,PT,1-8060_DAILY_CHECKIN_POPUP,210.0,2
2026-07-13,PT,1-6010_USER_GOLD_BALANCE,4.0,2
2026-07-13,PT,1-INTRO_FB_START_FINISH,0.0,2
2026-07-13,PT,1-8062_DAILY_CHECKIN_CLAIM_SUCCESS,211.5,2
2026-07-13,PT,1-INTRO_FB_ENTRY_POINT,1.0,2
2026-07-13,PT,1-9400_GOLD_TRANSACTION_LOG,4.0,2
2026-07-13,PT,1-9402_HAMMER_TRANSACTION_LOG,18.0,2
2026-07-13,PT,1-INTRO_OBJECT_POOL,1.0,2
2026-07-13,PT,1-6111_IDLE_GOLD_COLLECT_SUCCESS,117.5,2
2026-07-13,PT,1-INTRO_FB_ENTRY_DATA_FINISH,1.5,2
2026-07-13,PT,1-INTRO_FB_SUBSCRIBE_BOT_FINISH,1.0,2
2026-07-13,PT,1-INTRO_GAME_DATA,1.0,2
2026-07-13,PT,1-INTRO_GAME_DATA_FINISH,3.5,2
2026-07-13,PT,1-1010_LOAD_COMPLETE,5.5,2
2026-07-13,PT,1-11003_GAMEPLAY_FINISH_7,245.0,2
2026-07-13,PT,1-12001_INTRO_DIRECT_ENTRY_START,4.5,2
2026-07-13,PT,1-12002_INTRO_DIRECT_ENTRY_END,5.5,2
2026-07-13,PT,1-2100_GAMEPLAY_START,5.5,2
2026-07-13,PT,1-2110_TUTO_INGAME_INTRO,7.0,2
2026-07-13,PT,1-8061_DAILY_CHECKIN_CLAIM_TRY,211.5,2
2026-07-13,PT,1-INTRO_FB_FRIEND_FINISH,1.5,2
2026-07-13,PT,1-2119_TUTO_STREAK,137.5,2
2026-07-13,PT,1-2212_GAMEPLAY_STREAK_STAR_EARN,145.0,2
2026-07-13,PT,1-INTRO_FB_ENTRY_POINT_FINISH,1.0,2
2026-07-13,PT,1-2300_GAMEPLAY_FINISH,19.5,2
2026-07-13,PT,1-1000_LOGIN_COMPLETE,4.0,2
2026-07-13,PT,1-11001_GAMEPLAY_FINISH_5,167.5,2
2026-07-13,PT,1-12000_TEST_TOUCH,9.0,2
2026-07-13,PT,1-2111_TUTO_DECK_DRAW,26.0,2
2026-07-13,PT,1-2400_FINISH_RESULT,20.0,2
2026-07-13,PT,1-2116_TUTO_PLUS_CARD,88.5,2
2026-07-13,PT,1-2124_TUTO_BOOSTER_WILDCARD,219.0,2
2026-07-13,PT,1-2210_GAMEPLAY_COMBO_REWARD,19.5,2
2026-07-13,PT,1-2610_GIMMICK_PLUS_CARD_MATCH,90.0,2
2026-07-13,PT,1-INTRO_LOGIN,3.5,2
2026-07-13,PT,1-6030_USER_CITY_STATUS,4.5,2
2026-07-13,PT,1-5200_LEADERBOARD,174.5,2
2026-07-13,PT,1-3120_TOURNAMENT_CREATE_FAIL,78.0,2
2026-07-13,PT,1-2510_ENTRY_COST_PAY,59.5,2
2026-07-13,PT,1-INTRO_BUNDLE,1.0,2
2026-07-13,PT,1-INTRO_OBJECT_POOL_FINISH,1.0,2
2026-07-13,PT,1-5700_LOBBY,55.0,2
2026-07-13,PT,1-6011_USER_TICKET_BALANCE,4.0,2
2026-07-13,PT,1-6012_USER_HAMMER_BALANCE,4.0,2
2026-07-13,PT,1-7180_BTN_DRAW_DECK,37.0,2
2026-07-13,PT,1-8064_BTN_DAILY_CHECKIN_CLOSE,213.5,2
2026-07-13,PT,1-8120_COLLECTION_POPUP,251.0,2
2026-07-13,PT,1-FIRST_LOAD_INTRO_START_etc,1.0,2
2026-07-13,PT,1-ALL_LOAD_FB,0.5,2
2026-07-13,PT,1-2114_TUTO_PRE_LEVEL_POPUP,57.5,2
2026-07-13,RO,1-6012_USER_HAMMER_BALANCE,8.0,3
2026-07-13,RO,1-INTRO_BUNDLE,3.3,3
2026-07-13,RO,1-7180_BTN_DRAW_DECK,45.0,3
2026-07-13,RO,1-8060_DAILY_CHECKIN_POPUP,264.0,3
2026-07-13,RO,1-9402_HAMMER_TRANSACTION_LOG,32.3,3
2026-07-13,RO,1-INTRO_FB_ENTRY_DATA_FINISH,6.3,3
2026-07-13,RO,1-6011_USER_TICKET_BALANCE,8.0,3
2026-07-13,RO,1-INTRO_FB_SUBSCRIBE_BOT_FINISH,6.0,3
2026-07-13,RO,1-INTRO_GAME_DATA_FINISH,6.3,3
2026-07-13,RO,1-8064_BTN_DAILY_CHECKIN_CLOSE,268.7,3
2026-07-13,RO,1-INTRO_OBJECT_POOL_FINISH,5.7,3
2026-07-13,RO,1-INTRO_LOGIN,6.7,3
2026-07-13,RO,1-INTRO_FB_FRIEND,3.3,3
2026-07-13,RO,1-INTRO_FB_ENTRY_POINT_FINISH,6.0,3
2026-07-13,RO,1-INTRO_FB_ENTRY_POINT,3.3,3
2026-07-13,RO,1-6010_USER_GOLD_BALANCE,7.7,3
2026-07-13,RO,1-INTRO_FB_ENTRY_DATA,6.0,3
2026-07-13,RO,1-INTRO_BUNDLE_FINISH,5.3,3
2026-07-13,RO,1-FIRST_LOAD_INTRO_etc,2.7,3
2026-07-13,RO,1-INTRO_GAME_DATA,4.3,3
2026-07-13,RO,1-INTRO_FB_FRIEND_FINISH,4.7,3
2026-07-13,RO,1-9400_GOLD_TRANSACTION_LOG,7.3,3
2026-07-13,RO,1-8062_DAILY_CHECKIN_CLAIM_SUCCESS,267.0,3
2026-07-13,RO,1-INTRO_FB_START_FINISH,0.0,3
2026-07-13,RO,1-5700_LOBBY,63.0,3
2026-07-13,RO,1-2122_TUTO_BOOSTER_UNDO,351.0,3
2026-07-13,RO,1-FIRST_LOAD_INTRO_FINISH_etc,2.7,3
2026-07-13,RO,1-8120_COLLECTION_POPUP,323.7,3
2026-07-13,RO,1-ALL_LOAD_INTRO_START,2.7,3
2026-07-13,RO,1-ALL_LOAD_INTRO,2.7,3
2026-07-13,RO,1-6110_IDLE_GOLD_COLLECT_TRY,155.0,3
2026-07-13,RO,1-INTRO_FB_SUBSCRIBE_BOT,3.3,3
2026-07-13,RO,1-6040_SETTING_LANGUAGE,5.7,3
2026-07-13,RO,1-2610_GIMMICK_PLUS_CARD_MATCH,116.0,3
2026-07-13,RO,1-6000_FRIEND_COUNT,4.7,3
2026-07-13,RO,1-1010_LOAD_COMPLETE,11.3,3
2026-07-13,RO,1-INTRO_OBJECT_POOL,5.7,3
2026-07-13,RO,1-11003_GAMEPLAY_FINISH_7,317.0,3
2026-07-13,RO,1-12001_INTRO_DIRECT_ENTRY_START,8.0,3
2026-07-13,RO,1-8061_DAILY_CHECKIN_CLAIM_TRY,267.0,3
2026-07-13,RO,1-8101_CITY_DECO_UPGRADE_TRY,325.7,3
2026-07-13,RO,1-9403_BOOSTER_TRANSACTION_LOG,7.3,3
2026-07-13,RO,1-2210_GAMEPLAY_COMBO_REWARD,33.0,3
2026-07-13,RO,1-12002_INTRO_DIRECT_ENTRY_END,11.3,3
2026-07-13,RO,1-9990_PLAY_FIRST_TOUCH,21.7,3
2026-07-13,RO,1-2100_GAMEPLAY_START,11.3,3
2026-07-13,RO,1-ALL_LOAD_FB,0.3,3
2026-07-13,RO,1-3100_TOURNAMENT_CREATE,90.7,3
2026-07-13,RO,1-2110_TUTO_INGAME_INTRO,13.7,3
2026-07-13,RO,1-2410_FINISH_RESULT_CLAIM,36.7,3
2026-07-13,RO,1-2213_GAMEPLAY_DECK_BONUS,32.0,3
2026-07-13,RO,1-2114_TUTO_PRE_LEVEL_POPUP,66.0,3
2026-07-13,RO,1-INTRO_SIGNED_PLAYER_INFO,3.3,3
2026-07-13,RO,1-2150_GAMEPLAY_NRU_CARD_MATCH,23.3,3
2026-07-13,RO,1-2123_TUTO_BOOSTER_FIREWORKS,406.3,3
2026-07-13,RO,1-8053_BTN_DAILY_WHEEL_CLOSE,454.0,3
2026-07-13,RO,1-1000_LOGIN_COMPLETE,7.3,3
2026-07-13,RO,1-8051_DAILY_WHEEL_SPIN_SUCCESS,450.7,3
2026-07-13,RO,1-2119_TUTO_STREAK,165.0,3
2026-07-13,RO,1-INTRO_SIGNED_PLAYER_INFO_FINISH,4.3,3
2026-07-13,RO,1-2212_GAMEPLAY_STREAK_STAR_EARN,174.7,3
2026-07-13,RO,1-6111_IDLE_GOLD_COLLECT_SUCCESS,155.0,3
2026-07-13,RO,1-6030_USER_CITY_STATUS,8.0,3
2026-07-13,RO,1-2300_GAMEPLAY_FINISH,33.0,3
2026-07-13,RO,1-2094_PRE_LEVEL_PLAY,69.3,3
2026-07-13,RO,1-2091_PRE_LEVEL_BOOSTER_SELECT,408.3,3
2026-07-13,RO,1-2090_PRE_LEVEL_SHOW,65.7,3
2026-07-13,RO,1-2124_TUTO_BOOSTER_WILDCARD,286.0,3
2026-07-13,RO,1-ALL_LOAD_INTRO_FINISH,2.7,3
2026-07-13,RO,1-5200_LEADERBOARD,211.7,3
2026-07-13,RO,1-11001_GAMEPLAY_FINISH_5,196.3,3
2026-07-13,RO,1-FIRST_LOAD_FB_etc,0.3,3
2026-07-13,RO,1-FIRST_LOAD_INTRO_START_etc,2.7,3
2026-07-13,RO,1-8105_BTN_CITY_DECO_CLOSE,333.3,3
2026-07-13,RO,1-2116_TUTO_PLUS_CARD,114.7,3
2026-07-13,RO,1-8102_CITY_DECO_UPGRADE_SUCCESS,326.0,3
2026-07-13,RO,1-8100_CITY_DECO_POPUP,322.3,3
2026-07-13,RO,1-6020_USER_CURRENT_LEVEL,8.0,3
2026-07-13,RO,1-2600_GIMMICK_FIRST_APPEAR,114.7,3
2026-07-13,RO,1-2211_GAMEPLAY_STREAK_METER_FILL,174.7,3
2026-07-13,RO,1-2171_GAMEPLAY_ITEM_FIREWORKS_SUCCESS,420.7,3
2026-07-13,RO,1-2170_GAMEPLAY_ITEM_FIREWORKS_TRY,420.7,3
2026-07-13,RO,1-2111_TUTO_DECK_DRAW,40.0,3
2026-07-13,RO,1-2151_GAMEPLAY_NRU_MATCHES,33.0,3
2026-07-13,RO,1-2141_TUTO_STEP_COMPLETE,21.7,3
2026-07-13,RO,1-11005_GAMEPLAY_FINISH_9,429.3,3
2026-07-13,RO,1-11004_GAMEPLAY_FINISH_8,377.3,3
2026-07-13,RO,1-11002_GAMEPLAY_FINISH_6,258.0,3
2026-07-13,RO,1-2400_FINISH_RESULT,34.7,3
2026-07-13,RO,1-12000_TEST_TOUCH,20.7,3
2026-07-13,RO,1-3120_TOURNAMENT_CREATE_FAIL,91.0,3
2026-07-13,RO,1-8050_DAILY_WHEEL_POPUP,442.3,3
2026-07-13,RO,1-2510_ENTRY_COST_PAY,69.3,3
2026-07-13,RO,1-2181_GAMEPLAY_ITEM_WILDCARD_SUCCESS,267.5,2
2026-07-13,RO,1-2180_GAMEPLAY_ITEM_WILDCARD_TRY,267.5,2
2026-07-13,RO,1-12020_FRAME_DROP_LOG,274.5,2
2026-07-13,RO,1-2127_TUTO_BETTING_2,475.5,2
2026-07-13,RO,1-11006_GAMEPLAY_FINISH_10,523.0,2
2026-07-13,RO,1-2093_PRE_LEVEL_BETTING,482.5,2
2026-07-13,SE,1-2124_TUTO_BOOSTER_WILDCARD,358.0,2
2026-07-13,SE,1-2116_TUTO_PLUS_CARD,102.5,2
2026-07-13,SE,1-INTRO_LOGIN,1.0,2
2026-07-13,SE,1-INTRO_FB_FRIEND,0.5,2
2026-07-13,SE,1-INTRO_FB_ENTRY_POINT,0.5,2
2026-07-13,SE,1-INTRO_FB_ENTRY_DATA,1.0,2
2026-07-13,SE,1-INTRO_BUNDLE_FINISH,0.5,2
2026-07-13,SE,1-FIRST_LOAD_INTRO_etc,0.5,2
2026-07-13,SE,1-FIRST_LOAD_INTRO_FINISH_etc,0.5,2
2026-07-13,SE,1-ALL_LOAD_INTRO_START,0.5,2
2026-07-13,SE,1-ALL_LOAD_INTRO,0.5,2
2026-07-13,SE,1-6110_IDLE_GOLD_COLLECT_TRY,145.5,2
2026-07-13,SE,1-6040_SETTING_LANGUAGE,0.5,2
2026-07-13,SE,1-6000_FRIEND_COUNT,0.5,2
2026-07-13,SE,1-3100_TOURNAMENT_CREATE,88.0,2
2026-07-13,SE,1-2410_FINISH_RESULT_CLAIM,30.5,2
2026-07-13,SE,1-2213_GAMEPLAY_DECK_BONUS,26.0,2
2026-07-13,SE,1-2150_GAMEPLAY_NRU_CARD_MATCH,15.5,2
2026-07-13,SE,1-2094_PRE_LEVEL_PLAY,63.5,2
2026-07-13,SE,1-2090_PRE_LEVEL_SHOW,60.0,2
2026-07-13,SE,1-2180_GAMEPLAY_ITEM_WILDCARD_TRY,365.5,2
2026-07-13,SE,1-2181_GAMEPLAY_ITEM_WILDCARD_SUCCESS,365.5,2
2026-07-13,SE,1-2210_GAMEPLAY_COMBO_REWARD,27.5,2
2026-07-13,SE,1-1000_LOGIN_COMPLETE,2.0,2
2026-07-13,SE,1-11001_GAMEPLAY_FINISH_5,285.5,2
2026-07-13,SE,1-12000_TEST_TOUCH,12.5,2
2026-07-13,SE,1-2610_GIMMICK_PLUS_CARD_MATCH,105.5,2
2026-07-13,SE,1-5700_LOBBY,58.0,2
2026-07-13,SE,1-6010_USER_GOLD_BALANCE,2.0,2
2026-07-13,SE,1-6011_USER_TICKET_BALANCE,2.0,2
2026-07-13,SE,1-6012_USER_HAMMER_BALANCE,2.0,2
2026-07-13,SE,1-7180_BTN_DRAW_DECK,41.0,2
2026-07-13,SE,1-8060_DAILY_CHECKIN_POPUP,342.0,2
2026-07-13,SE,1-2111_TUTO_DECK_DRAW,34.5,2
2026-07-13,SE,1-8064_BTN_DAILY_CHECKIN_CLOSE,345.5,2
2026-07-13,SE,1-8120_COLLECTION_POPUP,397.5,2
2026-07-13,SE,1-1010_LOAD_COMPLETE,3.0,2
2026-07-13,SE,1-11003_GAMEPLAY_FINISH_7,390.5,2
2026-07-13,SE,1-12001_INTRO_DIRECT_ENTRY_START,2.0,2
2026-07-13,SE,1-INTRO_FB_FRIEND_FINISH,0.5,2
2026-07-13,SE,1-INTRO_FB_ENTRY_POINT_FINISH,1.0,2
2026-07-13,SE,1-INTRO_BUNDLE,0.5,2
2026-07-13,SE,1-FIRST_LOAD_INTRO_START_etc,0.5,2
2026-07-13,SE,1-FIRST_LOAD_FB_etc,0.0,2
2026-07-13,SE,1-ALL_LOAD_INTRO_FINISH,0.5,2
2026-07-13,SE,1-12002_INTRO_DIRECT_ENTRY_END,3.0,2
2026-07-13,SE,1-2100_GAMEPLAY_START,3.0,2
2026-07-13,SE,1-2110_TUTO_INGAME_INTRO,4.0,2
2026-07-13,SE,1-2114_TUTO_PRE_LEVEL_POPUP,60.0,2
2026-07-13,SE,1-2119_TUTO_STREAK,245.5,2
2026-07-13,SE,1-2212_GAMEPLAY_STREAK_STAR_EARN,259.0,2
2026-07-13,SE,1-2300_GAMEPLAY_FINISH,27.5,2
2026-07-13,SE,1-11002_GAMEPLAY_FINISH_6,336.5,2
2026-07-13,SE,1-2122_TUTO_BOOSTER_UNDO,473.0,2
2026-07-13,SE,1-2141_TUTO_STEP_COMPLETE,13.0,2
2026-07-13,SE,1-2151_GAMEPLAY_NRU_MATCHES,27.5,2
2026-07-13,SE,1-2211_GAMEPLAY_STREAK_METER_FILL,259.0,2
2026-07-13,SE,1-2600_GIMMICK_FIRST_APPEAR,102.5,2
2026-07-13,SE,1-6020_USER_CURRENT_LEVEL,2.0,2
2026-07-13,SE,1-ALL_LOAD_FB,0.0,2
2026-07-13,SE,1-2400_FINISH_RESULT,28.0,2
2026-07-13,SE,1-INTRO_OBJECT_POOL_FINISH,0.5,2
2026-07-13,SE,1-2510_ENTRY_COST_PAY,63.5,2
2026-07-13,SE,1-3120_TOURNAMENT_CREATE_FAIL,88.0,2
2026-07-13,SE,1-5200_LEADERBOARD,293.5,2
2026-07-13,SE,1-6030_USER_CITY_STATUS,2.0,2
2026-07-13,SE,1-INTRO_FB_START_FINISH,0.0,2
2026-07-13,SE,1-6111_IDLE_GOLD_COLLECT_SUCCESS,145.5,2
2026-07-13,SE,1-INTRO_FB_SUBSCRIBE_BOT,0.5,2
2026-07-13,SE,1-8062_DAILY_CHECKIN_CLAIM_SUCCESS,344.5,2
2026-07-13,SE,1-8061_DAILY_CHECKIN_CLAIM_TRY,344.5,2
2026-07-13,SE,1-8100_CITY_DECO_POPUP,355.0,2
2026-07-13,SE,1-8102_CITY_DECO_UPGRADE_SUCCESS,358.0,2
2026-07-13,SE,1-8101_CITY_DECO_UPGRADE_TRY,358.0,2
2026-07-13,SE,1-8105_BTN_CITY_DECO_CLOSE,362.0,2
2026-07-13,SE,1-9400_GOLD_TRANSACTION_LOG,2.0,2
2026-07-13,SE,1-9403_BOOSTER_TRANSACTION_LOG,2.0,2
2026-07-13,SE,1-9402_HAMMER_TRANSACTION_LOG,26.5,2
2026-07-13,SE,1-INTRO_FB_ENTRY_DATA_FINISH,1.0,2
2026-07-13,SE,1-9990_PLAY_FIRST_TOUCH,15.0,2
2026-07-13,SE,1-INTRO_FB_SUBSCRIBE_BOT_FINISH,0.5,2
2026-07-13,SE,1-INTRO_GAME_DATA,0.5,2
2026-07-13,SE,1-INTRO_SIGNED_PLAYER_INFO_FINISH,0.5,2
2026-07-13,SE,1-INTRO_SIGNED_PLAYER_INFO,0.5,2
2026-07-13,SE,1-INTRO_OBJECT_POOL,0.5,2
2026-07-13,SE,1-INTRO_GAME_DATA_FINISH,0.5,2
2026-07-13,TH,1-ALL_LOAD_FB,0.7,3
2026-07-13,TH,1-1000_LOGIN_COMPLETE,5.0,3
2026-07-13,TH,1-6000_FRIEND_COUNT,3.7,3
2026-07-13,TH,1-6040_SETTING_LANGUAGE,2.7,3
2026-07-13,TH,1-ALL_LOAD_INTRO,1.3,3
2026-07-13,TH,1-ALL_LOAD_INTRO_START,1.3,3
2026-07-13,TH,1-INTRO_BUNDLE_FINISH,2.3,3
2026-07-13,TH,1-INTRO_FB_ENTRY_DATA,2.7,3
2026-07-13,TH,1-INTRO_FB_ENTRY_POINT,1.7,3
2026-07-13,TH,1-INTRO_FB_FRIEND,1.7,3
2026-07-13,TH,1-INTRO_LOGIN,4.3,3
2026-07-13,TH,1-INTRO_OBJECT_POOL_FINISH,3.0,3
2026-07-13,TH,1-6010_USER_GOLD_BALANCE,5.0,3
2026-07-13,TH,1-6011_USER_TICKET_BALANCE,5.0,3
2026-07-13,TH,1-6012_USER_HAMMER_BALANCE,5.0,3
2026-07-13,TH,1-INTRO_BUNDLE,1.7,3
2026-07-13,TH,1-INTRO_FB_ENTRY_POINT_FINISH,2.3,3
2026-07-13,TH,1-INTRO_FB_FRIEND_FINISH,3.7,3
2026-07-13,TH,1-INTRO_FB_START_FINISH,0.0,3
2026-07-13,TH,1-INTRO_FB_SUBSCRIBE_BOT,1.7,3
2026-07-13,TH,1-INTRO_OBJECT_POOL,2.3,3
2026-07-13,TH,1-INTRO_SIGNED_PLAYER_INFO,1.7,3
2026-07-13,TH,1-INTRO_SIGNED_PLAYER_INFO_FINISH,2.7,3
2026-07-13,TH,1-1010_LOAD_COMPLETE,8.3,3
2026-07-13,TH,1-12001_INTRO_DIRECT_ENTRY_START,5.7,3
2026-07-13,TH,1-12002_INTRO_DIRECT_ENTRY_END,8.3,3
2026-07-13,TH,1-ALL_LOAD_INTRO_FINISH,1.3,3
2026-07-13,TH,1-6020_USER_CURRENT_LEVEL,5.0,3
2026-07-13,TH,1-9400_GOLD_TRANSACTION_LOG,5.0,3
2026-07-13,TH,1-INTRO_FB_ENTRY_DATA_FINISH,3.0,3
2026-07-13,TH,1-INTRO_FB_SUBSCRIBE_BOT_FINISH,3.0,3
2026-07-13,TH,1-INTRO_GAME_DATA,1.7,3
2026-07-13,TH,1-INTRO_GAME_DATA_FINISH,3.0,3
2026-07-13,TH,1-9403_BOOSTER_TRANSACTION_LOG,5.0,3
2026-07-13,TH,1-6030_USER_CITY_STATUS,5.3,3
2026-07-13,TH,1-2110_TUTO_INGAME_INTRO,12.0,3
2026-07-13,TH,1-2100_GAMEPLAY_START,8.0,3
2026-07-13,TH,1-5700_LOBBY,55.5,2
2026-07-13,TH,1-2141_TUTO_STEP_COMPLETE,11.5,2
2026-07-13,TH,1-2210_GAMEPLAY_COMBO_REWARD,22.5,2
2026-07-13,TH,1-2610_GIMMICK_PLUS_CARD_MATCH,97.5,2
2026-07-13,TH,1-2116_TUTO_PLUS_CARD,94.0,2
2026-07-13,TH,1-7180_BTN_DRAW_DECK,34.5,2
2026-07-13,TH,1-8060_DAILY_CHECKIN_POPUP,241.5,2
2026-07-13,TH,1-8064_BTN_DAILY_CHECKIN_CLOSE,244.5,2
2026-07-13,TH,1-FIRST_LOAD_FB_iOS,0.0,2
2026-07-13,TH,1-FIRST_LOAD_INTRO_FINISH_iOS,0.5,2
2026-07-13,TH,1-11003_GAMEPLAY_FINISH_7,282.0,2
2026-07-13,TH,1-2111_TUTO_DECK_DRAW,29.0,2
2026-07-13,TH,1-12000_TEST_TOUCH,11.5,2
2026-07-13,TH,1-2114_TUTO_PRE_LEVEL_POPUP,59.0,2
2026-07-13,TH,1-2119_TUTO_STREAK,141.5,2
2026-07-13,TH,1-2212_GAMEPLAY_STREAK_STAR_EARN,153.5,2
2026-07-13,TH,1-2300_GAMEPLAY_FINISH,22.5,2
2026-07-13,TH,1-2400_FINISH_RESULT,23.5,2
2026-07-13,TH,1-3120_TOURNAMENT_CREATE_FAIL,82.0,2
2026-07-13,TH,1-5200_LEADERBOARD,183.0,2
2026-07-13,TH,1-6110_IDLE_GOLD_COLLECT_TRY,127.5,2
2026-07-13,TH,1-8061_DAILY_CHECKIN_CLAIM_TRY,242.5,2
2026-07-13,TH,1-3100_TOURNAMENT_CREATE,81.5,2
2026-07-13,TH,1-9990_PLAY_FIRST_TOUCH,12.5,2
2026-07-13,TH,1-2410_FINISH_RESULT_CLAIM,24.5,2
2026-07-13,TH,1-2213_GAMEPLAY_DECK_BONUS,21.5,2
2026-07-13,TH,1-2150_GAMEPLAY_NRU_CARD_MATCH,13.5,2
2026-07-13,TH,1-2094_PRE_LEVEL_PLAY,60.5,2
2026-07-13,TH,1-FIRST_LOAD_INTRO_iOS,0.5,2
2026-07-13,TH,1-FIRST_LOAD_INTRO_START_iOS,0.5,2
2026-07-13,TH,1-9402_HAMMER_TRANSACTION_LOG,21.5,2
2026-07-13,TH,1-2090_PRE_LEVEL_SHOW,59.0,2
2026-07-13,TH,1-9300_CLIENT_LOG,0.5,2
2026-07-13,TH,1-8062_DAILY_CHECKIN_CLAIM_SUCCESS,242.5,2
2026-07-13,TH,1-11001_GAMEPLAY_FINISH_5,175.5,2
2026-07-13,TH,1-6111_IDLE_GOLD_COLLECT_SUCCESS,128.0,2
2026-07-13,TH,1-2510_ENTRY_COST_PAY,60.5,2
2026-07-13,TH,1-2600_GIMMICK_FIRST_APPEAR,94.0,2
2026-07-13,TH,1-11002_GAMEPLAY_FINISH_6,237.0,2
2026-07-13,TH,1-2211_GAMEPLAY_STREAK_METER_FILL,153.5,2
2026-07-13,TH,1-8120_COLLECTION_POPUP,287.5,2
2026-07-13,TH,1-2151_GAMEPLAY_NRU_MATCHES,22.5,2
2026-07-13,TH,1-2124_TUTO_BOOSTER_WILDCARD,250.0,2
2026-07-13,US,1-ALL_LOAD_INTRO,2.1,34
2026-07-13,US,1-6030_USER_CITY_STATUS,6.3,34
2026-07-13,US,1-INTRO_SIGNED_PLAYER_INFO,2.3,34
2026-07-13,US,1-INTRO_OBJECT_POOL,3.4,34
2026-07-13,US,1-INTRO_FB_SUBSCRIBE_BOT,2.3,34
2026-07-13,US,1-INTRO_FB_START_FINISH,0.0,34
2026-07-13,US,1-INTRO_FB_FRIEND_FINISH,3.2,34
2026-07-13,US,1-ALL_LOAD_INTRO_START,2.1,34
2026-07-13,US,1-9400_GOLD_TRANSACTION_LOG,5.9,34
2026-07-13,US,1-INTRO_BUNDLE_FINISH,3.4,34
2026-07-13,US,1-6020_USER_CURRENT_LEVEL,6.3,34
2026-07-13,US,1-INTRO_FB_ENTRY_DATA,3.5,34
2026-07-13,US,1-6040_SETTING_LANGUAGE,3.4,34
2026-07-13,US,1-6000_FRIEND_COUNT,3.3,34
2026-07-13,US,1-ALL_LOAD_FB,0.8,34
2026-07-13,US,1-INTRO_FB_ENTRY_POINT,2.3,34
2026-07-13,US,1-INTRO_FB_FRIEND,2.3,34
2026-07-13,US,1-6012_USER_HAMMER_BALANCE,6.3,34
2026-07-13,US,1-INTRO_FB_ENTRY_POINT_FINISH,3.5,34
2026-07-13,US,1-INTRO_BUNDLE,2.3,34
2026-07-13,US,1-6010_USER_GOLD_BALANCE,6.2,34
2026-07-13,US,1-6011_USER_TICKET_BALANCE,6.2,34
2026-07-13,US,1-INTRO_LOGIN,5.6,34
2026-07-13,US,1-INTRO_SIGNED_PLAYER_INFO_FINISH,2.5,34
2026-07-13,US,1-INTRO_FB_ENTRY_DATA_FINISH,5.1,34
2026-07-13,US,1-INTRO_FB_SUBSCRIBE_BOT_FINISH,3.6,34
2026-07-13,US,1-ALL_LOAD_INTRO_FINISH,2.2,34
2026-07-13,US,1-INTRO_GAME_DATA,2.4,34
2026-07-13,US,1-9403_BOOSTER_TRANSACTION_LOG,5.9,34
2026-07-13,US,1-INTRO_GAME_DATA_FINISH,3.7,34
2026-07-13,US,1-1000_LOGIN_COMPLETE,5.9,34
2026-07-13,US,1-INTRO_OBJECT_POOL_FINISH,3.9,33
2026-07-13,US,1-2100_GAMEPLAY_START,8.4,33
2026-07-13,US,1-2110_TUTO_INGAME_INTRO,10.6,33
2026-07-13,US,1-12002_INTRO_DIRECT_ENTRY_END,8.4,33
2026-07-13,US,1-12001_INTRO_DIRECT_ENTRY_START,6.7,33
2026-07-13,US,1-1010_LOAD_COMPLETE,8.4,33
2026-07-13,US,1-2141_TUTO_STEP_COMPLETE,31.3,32
2026-07-13,US,1-12000_TEST_TOUCH,26.5,31
2026-07-13,US,1-2150_GAMEPLAY_NRU_CARD_MATCH,26.7,30
2026-07-13,US,1-9990_PLAY_FIRST_TOUCH,19.0,30
2026-07-13,US,1-2300_GAMEPLAY_FINISH,30.9,29
2026-07-13,US,1-2410_FINISH_RESULT_CLAIM,35.8,29
2026-07-13,US,1-2151_GAMEPLAY_NRU_MATCHES,30.9,29
2026-07-13,US,1-2400_FINISH_RESULT,33.6,29
2026-07-13,US,1-2111_TUTO_DECK_DRAW,41.1,29
2026-07-13,US,1-2213_GAMEPLAY_DECK_BONUS,29.5,29
2026-07-13,US,1-9402_HAMMER_TRANSACTION_LOG,32.8,29
2026-07-13,US,1-2210_GAMEPLAY_COMBO_REWARD,30.9,29
2026-07-13,US,1-7180_BTN_DRAW_DECK,47.0,28
2026-07-13,US,1-2094_PRE_LEVEL_PLAY,75.4,27
2026-07-13,US,1-2090_PRE_LEVEL_SHOW,72.4,27
2026-07-13,US,1-2510_ENTRY_COST_PAY,75.4,27
2026-07-13,US,1-5700_LOBBY,64.6,27
2026-07-13,US,1-3100_TOURNAMENT_CREATE,99.0,26
2026-07-13,US,1-2114_TUTO_PRE_LEVEL_POPUP,65.9,26
2026-07-13,US,1-3120_TOURNAMENT_CREATE_FAIL,99.3,26
2026-07-13,US,1-2116_TUTO_PLUS_CARD,115.7,26
2026-07-13,US,1-2610_GIMMICK_PLUS_CARD_MATCH,118.5,26
2026-07-13,US,1-6111_IDLE_GOLD_COLLECT_SUCCESS,150.7,26
2026-07-13,US,1-6110_IDLE_GOLD_COLLECT_TRY,150.2,26
2026-07-13,US,1-2600_GIMMICK_FIRST_APPEAR,115.7,26
2026-07-13,US,1-2212_GAMEPLAY_STREAK_STAR_EARN,188.0,24
2026-07-13,US,1-2211_GAMEPLAY_STREAK_METER_FILL,188.0,24
2026-07-13,US,1-11001_GAMEPLAY_FINISH_5,210.4,24
2026-07-13,US,1-2119_TUTO_STREAK,176.0,24
2026-07-13,US,1-5200_LEADERBOARD,215.4,23
2026-07-13,US,1-8060_DAILY_CHECKIN_POPUP,258.4,21
2026-07-13,US,1-11002_GAMEPLAY_FINISH_6,254.1,21
2026-07-13,US,1-8064_BTN_DAILY_CHECKIN_CLOSE,262.8,21
2026-07-13,US,1-11003_GAMEPLAY_FINISH_7,302.4,21
2026-07-13,US,1-8062_DAILY_CHECKIN_CLAIM_SUCCESS,261.0,21
2026-07-13,US,1-8061_DAILY_CHECKIN_CLAIM_TRY,261.0,21
2026-07-13,US,1-2124_TUTO_BOOSTER_WILDCARD,275.5,21
2026-07-13,US,1-8120_COLLECTION_POPUP,313.9,20
2026-07-13,US,1-FIRST_LOAD_INTRO_START_etc,2.8,20
2026-07-13,US,1-FIRST_LOAD_FB_etc,1.0,20
2026-07-13,US,1-FIRST_LOAD_INTRO_etc,2.8,20
2026-07-13,US,1-FIRST_LOAD_INTRO_FINISH_etc,2.8,20
2026-07-13,US,1-8100_CITY_DECO_POPUP,226.3,19
2026-07-13,US,1-8105_BTN_CITY_DECO_CLOSE,233.2,19
2026-07-13,US,1-2122_TUTO_BOOSTER_UNDO,309.5,18
2026-07-13,US,1-11004_GAMEPLAY_FINISH_8,335.3,18
2026-07-13,US,1-8102_CITY_DECO_UPGRADE_SUCCESS,222.6,18
2026-07-13,US,1-8101_CITY_DECO_UPGRADE_TRY,222.4,18
2026-07-13,US,1-11005_GAMEPLAY_FINISH_9,407.9,15
2026-07-13,US,1-2123_TUTO_BOOSTER_FIREWORKS,383.3,15
2026-07-13,US,1-2091_PRE_LEVEL_BOOSTER_SELECT,386.1,15
2026-07-13,US,1-2171_GAMEPLAY_ITEM_FIREWORKS_SUCCESS,394.4,14
2026-07-13,US,1-8130_CITY_LIST_POPUP,268.7,14
2026-07-13,US,1-2170_GAMEPLAY_ITEM_FIREWORKS_TRY,394.4,14
2026-07-13,US,1-8050_DAILY_WHEEL_POPUP,403.2,11
2026-07-13,US,1-2125_TUTO_BOOSTER_EXTRADECK,413.7,10
2026-07-13,US,1-2127_TUTO_BETTING_2,399.7,10
2026-07-13,US,1-8051_DAILY_WHEEL_SPIN_SUCCESS,392.1,10
2026-07-13,US,1-11006_GAMEPLAY_FINISH_10,448.8,10
2026-07-13,US,1-2093_PRE_LEVEL_BETTING,402.1,10
2026-07-13,US,1-8053_BTN_DAILY_WHEEL_CLOSE,381.7,9
2026-07-13,US,1-2180_GAMEPLAY_ITEM_WILDCARD_TRY,298.9,9
2026-07-13,US,1-2181_GAMEPLAY_ITEM_WILDCARD_SUCCESS,298.9,9
2026-07-13,US,1-5100_DAILY_TASK,517.0,8
2026-07-13,US,1-NETWORK_TIMEOUT,32.4,8
2026-07-13,US,1-4200_RV_START,410.0,8
2026-07-13,US,1-NETWORK_TIMEOUT_RETRY,32.4,8
2026-07-13,US,1-9300_CLIENT_LOG,0.4,8
2026-07-13,US,1-5105_BTN_DAILY_TASK_CLOSE,513.3,7
2026-07-13,US,1-FIRST_LOAD_INTRO_FINISH_iOS,0.4,7
2026-07-13,US,1-FIRST_LOAD_FB_iOS,0.3,7
2026-07-13,US,1-FIRST_LOAD_INTRO_START_iOS,0.4,7
2026-07-13,US,1-12020_FRAME_DROP_LOG,280.7,7
2026-07-13,US,1-FIRST_LOAD_INTRO_iOS,0.4,7
2026-07-13,US,1-FIRST_LOAD_INTRO_FINISH_Android,2.2,6
2026-07-13,US,1-8025_BTN_SETTING_CLOSE,162.5,6
2026-07-13,US,1-2190_GAMEPLAY_ITEM_EXTRADECK_TRY,435.8,6
2026-07-13,US,1-8020_SETTING_POPUP,158.8,6
2026-07-13,US,1-2191_GAMEPLAY_ITEM_EXTRADECK_SUCCESS,435.8,6
2026-07-13,US,1-FIRST_LOAD_INTRO_Android,1.7,6
2026-07-13,US,1-ALL_INTRO_DEBUG_ERROR_98,15.7,6
2026-07-13,US,1-FIRST_LOAD_FB_Android,0.7,6
2026-07-13,US,1-FIRST_LOAD_INTRO_START_Android,1.7,6
2026-07-13,US,1-8021_BTN_SETTING_MUSIC,106.8,5
2026-07-13,US,1-5430_EVENT_CLEAR_RANKING,551.6,5
2026-07-13,US,1-ALL_INTRO_DEBUG_ERROR_PASS_AFTER_98,32.0,5
2026-07-13,US,1-FIRST_INTRO_DEBUG_ERROR_98_etc,16.6,5
2026-07-13,US,1-FIRST_INTRO_DEBUG_ERROR_PASS_AFTER_98_etc,32.0,5
2026-07-13,US,1-5432_EVENT_CLEAR_RANKING_CLOSE,556.0,5
2026-07-13,US,1-5004_BTN_SHOP_CLOSE,217.5,4
2026-07-13,US,1-8131_CITY_LIST_SELECT,255.0,4
2026-07-13,US,1-2161_GAMEPLAY_ITEM_UNDO_SUCCESS,333.5,4
2026-07-13,US,1-8022_BTN_SETTING_SOUND,101.8,4
2026-07-13,US,1-2160_GAMEPLAY_ITEM_UNDO_TRY,333.5,4
2026-07-13,US,1-4210_RV_FINISH,369.5,4
2026-07-13,US,1-5000_SHOP,176.3,4
2026-07-13,US,1-8121_COLLECTION_TAB_SWITCH,312.7,3
2026-07-13,US,1-2420_FINISH_RESULT_DOUBLE_CLAIM_TRY,471.7,3
2026-07-13,US,1-2130_TUTO_GIMMICK_RUNNER,586.5,2
2026-07-13,US,1-LOAD_INTRO_START_etc,270.5,2
2026-07-13,US,1-LOAD_INTRO_FINISH_etc,270.5,2
2026-07-13,US,1-9100_SERVER_ERROR,276.5,2
2026-07-13,US,1-5130_SHOP_AD_GOLD_TRY,206.5,2
2026-07-13,US,1-5131_SHOP_AD_GOLD_SUCCESS,256.5,2
2026-07-13,US,1-LOAD_INTRO_etc,270.5,2
2026-07-13,US,1-LOAD_FB_etc,270.5,2
2026-07-13,US,1-8110_RV_POPUP_GOLD_TRY,400.5,2
2026-07-13,VN,1-1010_LOAD_COMPLETE,10.0,2
2026-07-13,VN,1-12001_INTRO_DIRECT_ENTRY_START,5.5,2
2026-07-13,VN,1-6000_FRIEND_COUNT,2.5,2
2026-07-13,VN,1-6040_SETTING_LANGUAGE,3.0,2
2026-07-13,VN,1-ALL_LOAD_INTRO,1.5,2
2026-07-13,VN,1-ALL_LOAD_INTRO_START,1.5,2
2026-07-13,VN,1-12002_INTRO_DIRECT_ENTRY_END,10.5,2
2026-07-13,VN,1-INTRO_GAME_DATA_FINISH,4.0,2
2026-07-13,VN,1-2100_GAMEPLAY_START,10.0,2
2026-07-13,VN,1-INTRO_GAME_DATA,2.5,2
2026-07-13,VN,1-INTRO_FB_SUBSCRIBE_BOT_FINISH,3.0,2
2026-07-13,VN,1-2110_TUTO_INGAME_INTRO,13.0,2
2026-07-13,VN,1-INTRO_FB_ENTRY_DATA_FINISH,3.5,2
2026-07-13,VN,1-INTRO_BUNDLE_FINISH,2.5,2
2026-07-13,VN,1-9400_GOLD_TRANSACTION_LOG,4.5,2
2026-07-13,VN,1-6030_USER_CITY_STATUS,5.5,2
2026-07-13,VN,1-6020_USER_CURRENT_LEVEL,5.5,2
2026-07-13,VN,1-9403_BOOSTER_TRANSACTION_LOG,4.5,2
2026-07-13,VN,1-INTRO_SIGNED_PLAYER_INFO_FINISH,2.5,2
2026-07-13,VN,1-INTRO_SIGNED_PLAYER_INFO,2.5,2
2026-07-13,VN,1-INTRO_OBJECT_POOL,3.0,2
2026-07-13,VN,1-INTRO_FB_SUBSCRIBE_BOT,2.5,2
2026-07-13,VN,1-INTRO_FB_ENTRY_DATA,3.0,2
2026-07-13,VN,1-INTRO_FB_START_FINISH,0.0,2
2026-07-13,VN,1-INTRO_FB_FRIEND_FINISH,2.5,2
2026-07-13,VN,1-INTRO_FB_ENTRY_POINT,2.5,2
2026-07-13,VN,1-INTRO_FB_FRIEND,2.5,2
2026-07-13,VN,1-INTRO_LOGIN,4.0,2
2026-07-13,VN,1-INTRO_OBJECT_POOL_FINISH,3.5,2
2026-07-13,VN,1-INTRO_FB_ENTRY_POINT_FINISH,3.0,2
2026-07-13,VN,1-INTRO_BUNDLE,2.5,2
2026-07-13,VN,1-6011_USER_TICKET_BALANCE,5.0,2
2026-07-13,VN,1-6010_USER_GOLD_BALANCE,5.0,2
2026-07-13,VN,1-12000_TEST_TOUCH,5.0,2
2026-07-13,VN,1-1000_LOGIN_COMPLETE,4.5,2
2026-07-13,VN,1-ALL_LOAD_INTRO_FINISH,2.0,2
2026-07-13,VN,1-6012_USER_HAMMER_BALANCE,5.0,2
2026-07-13,VN,1-ALL_LOAD_FB,0.5,2
