label,media_url,payload,notification_title_English,notification_body_English,notification_title_Arabic,notification_body_Arabic,notification_title_Spanish,notification_body_Spanish,notification_title_Portuguese,notification_body_Portuguese,notification_title_Indonesian,notification_body_Indonesian,notification_title_Russian,notification_body_Russian,notification_title_French,notification_body_French,notification_title_Thai,notification_body_Thai
20260501,https://d26ml67612e64s.cloudfront.net/block_blast/image/TOURNAMENT_END_MSG.jpg,"{""social"":""A2U_BETA"",""type"":""20260501""}",Your puzzle board is waiting. Come match those blocks.,Your puzzle board is waiting. Come match those blocks.,لوحة الألغاز الخاصة بك تنتظر. تعال وطابق تلك القطع.,لوحة الألغاز الخاصة بك تنتظر. تعال وطابق تلك القطع.,Tu tablero de rompecabezas está esperando. Ven a combinar esos bloques.,Tu tablero de rompecabezas está esperando. Ven a combinar esos bloques.,Seu tabuleiro de quebra-cabeça está esperando. Venha combinar esses blocos.,Seu tabuleiro de quebra-cabeça está esperando. Venha combinar esses blocos.,Papan puzzlemu menunggu. Ayo padukan blok-blok itu.,Papan puzzlemu menunggu. Ayo padukan blok-blok itu.,Твоя головоломка ждёт. Приходи и сопоставляй эти блоки.,Твоя головоломка ждёт. Приходи и сопоставляй эти блоки.,Ton tableau de puzzle t'attend. Viens assortir ces blocs.,Ton tableau de puzzle t'attend. Viens assortir ces blocs.,กระดานปริศนาของคุณกำลังรอ มาจับคู่บล็อกเหล่านั้นกันเถอะ,กระดานปริศนาของคุณกำลังรอ มาจับคู่บล็อกเหล่านั้นกันเถอะ
20260503,https://d26ml67612e64s.cloudfront.net/block_blast/image/TOURNAMENT_END_MSG.jpg,"{""social"":""A2U_BETA"",""type"":""20260503""}",Ready for today's block challenge? Let's play.,Ready for today's block challenge? Let's play.,مستعد لتحدي القطع اليوم؟ هيا نلعب.,مستعد لتحدي القطع اليوم؟ هيا نلعب.,¿Listo para el desafío de bloques de hoy? Juguemos.,¿Listo para el desafío de bloques de hoy? Juguemos.,Pronto para o desafio de blocos de hoje? Vamos jogar.,Pronto para o desafio de blocos de hoje? Vamos jogar.,Siap untuk tantangan blok hari ini? Ayo main.,Siap untuk tantangan blok hari ini? Ayo main.,Готов к сегодняшнему испытанию блоками? Давай играть.,Готов к сегодняшнему испытанию блоками? Давай играть.,Prêt pour le défi de blocs d'aujourd'hui? Jouons.,Prêt pour le défi de blocs d'aujourd'hui? Jouons.,พร้อมสำหรับความท้าทายบล็อกวันนี้แล้วหรือยัง? มาเล่นกันเถอะ,พร้อมสำหรับความท้าทายบล็อกวันนี้แล้วหรือยัง? มาเล่นกันเถอะ
20260504,https://d26ml67612e64s.cloudfront.net/block_blast/image/TOURNAMENT_END_MSG.jpg,"{""social"":""A2U_BETA"",""type"":""20260504""}","Clear lines, score big. Start your daily puzzle now.","Clear lines, score big. Start your daily puzzle now.",امسح الخطوط، احرز نقاطاً كبيرة. ابدأ لغزك اليومي الآن.,امسح الخطوط، احرز نقاطاً كبيرة. ابدأ لغزك اليومي الآن.,"Borra líneas, anota en grande. Comienza tu puzzle diario ahora.","Borra líneas, anota en grande. Comienza tu puzzle diario ahora.","Limpe linhas, pontue alto. Comece seu puzzle diário agora.","Limpe linhas, pontue alto. Comece seu puzzle diário agora.","Hapus garis, skor besar. Mulai puzzle harianmu sekarang.","Hapus garis, skor besar. Mulai puzzle harianmu sekarang.","Очищай линии, зарабатывай много. Начни свою ежедневную головоломку сейчас.","Очищай линии, зарабатывай много. Начни свою ежедневную головоломку сейчас.","Efface des lignes, marque gros. Commence ton puzzle quotidien maintenant.","Efface des lignes, marque gros. Commence ton puzzle quotidien maintenant.",ล้างเส้น ทำคะแนนสูง เริ่มปริศนาประจำวันของคุณเดี๋ยวนี้,ล้างเส้น ทำคะแนนสูง เริ่มปริศนาประจำวันของคุณเดี๋ยวนี้
20260505,https://d26ml67612e64s.cloudfront.net/block_blast/image/TOURNAMENT_END_MSG.jpg,"{""social"":""A2U_BETA"",""type"":""20260505""}","New blocks, new challenges. Play Puzzle Block Master today.","New blocks, new challenges. Play Puzzle Block Master today.",قطع جديدة، تحديات جديدة. العب ماستر بلوك بازل اليوم.,قطع جديدة، تحديات جديدة. العب ماستر بلوك بازل اليوم.,"Nuevos bloques, nuevos desafíos. Juega Puzzle Block Master hoy.","Nuevos bloques, nuevos desafíos. Juega Puzzle Block Master hoy.","Novos blocos, novos desafios. Jogue Puzzle Block Master hoje.","Novos blocos, novos desafios. Jogue Puzzle Block Master hoje.","Blok baru, tantangan baru. Main Puzzle Block Master hari ini.","Blok baru, tantangan baru. Main Puzzle Block Master hari ini.","Новые блоки, новые испытания. Играй в Puzzle Block Master сегодня.","Новые блоки, новые испытания. Играй в Puzzle Block Master сегодня.","Nouveaux blocs, nouveaux défis. Joue à Puzzle Block Master aujourd'hui.","Nouveaux blocs, nouveaux défis. Joue à Puzzle Block Master aujourd'hui.",บล็อกใหม่ ความท้าทายใหม่ เล่น Puzzle Block Master วันนี้,บล็อกใหม่ ความท้าทายใหม่ เล่น Puzzle Block Master วันนี้
20260506,https://d26ml67612e64s.cloudfront.net/block_blast/image/TOURNAMENT_END_MSG.jpg,"{""social"":""A2U_BETA"",""type"":""20260506""}",Your brain needs a puzzle break. Come play now.,Your brain needs a puzzle break. Come play now.,عقلك يحتاج لاستراحة ألغاز. تعال والعب الآن.,عقلك يحتاج لاستراحة ألغاز. تعال والعب الآن.,Tu cerebro necesita un descanso de puzzles. Ven a jugar ahora.,Tu cerebro necesita un descanso de puzzles. Ven a jugar ahora.,Seu cérebro precisa de uma pausa para puzzles. Venha jogar agora.,Seu cérebro precisa de uma pausa para puzzles. Venha jogar agora.,Otakmu butuh istirahat puzzle. Ayo main sekarang.,Otakmu butuh istirahat puzzle. Ayo main sekarang.,Твоему мозгу нужна головоломка. Заходи играть сейчас.,Твоему мозгу нужна головоломка. Заходи играть сейчас.,Ton cerveau a besoin d'une pause puzzle. Viens jouer maintenant.,Ton cerveau a besoin d'une pause puzzle. Viens jouer maintenant.,สมองของคุณต้องการพักปริศนา มาเล่นเดี๋ยวนี้,สมองของคุณต้องการพักปริศนา มาเล่นเดี๋ยวนี้
20260507,https://d26ml67612e64s.cloudfront.net/block_blast/image/TOURNAMENT_END_MSG.jpg,"{""social"":""A2U_BETA"",""type"":""20260507""}","Stack, match, and clear. Today's puzzle awaits.","Stack, match, and clear. Today's puzzle awaits.",كدّس، طابق، وامسح. لغزك اليوم بانتظارك.,كدّس، طابق، وامسح. لغزك اليوم بانتظارك.,"Apila, combina y borra. Tu puzzle de hoy te espera.","Apila, combina y borra. Tu puzzle de hoy te espera.","Empilhe, combine e limpe. Seu puzzle de hoje aguarda.","Empilhe, combine e limpe. Seu puzzle de hoje aguarda.","Tumpuk, padukan, dan hapus. Puzzle hari ini menanti.","Tumpuk, padukan, dan hapus. Puzzle hari ini menanti.","Складывай, сопоставляй и очищай. Твоя головоломка на сегодня ждёт.","Складывай, сопоставляй и очищай. Твоя головоломка на сегодня ждёт.","Empile, assortis et efface. Ton puzzle d'aujourd'hui t'attend.","Empile, assortis et efface. Ton puzzle d'aujourd'hui t'attend.",เรียง จับคู่ และล้าง ปริศนาวันนี้รออยู่,เรียง จับคู่ และล้าง ปริศนาวันนี้รออยู่
20260508,https://d26ml67612e64s.cloudfront.net/block_blast/image/TOURNAMENT_END_MSG.jpg,"{""social"":""A2U_BETA"",""type"":""20260508""}",How many lines can you clear today? Find out now.,How many lines can you clear today? Find out now.,كم خطاً يمكنك مسحه اليوم؟ اكتشف الآن.,كم خطاً يمكنك مسحه اليوم؟ اكتشف الآن.,¿Cuántas líneas puedes borrar hoy? Descúbrelo ahora.,¿Cuántas líneas puedes borrar hoy? Descúbrelo ahora.,Quantas linhas você pode limpar hoje? Descubra agora.,Quantas linhas você pode limpar hoje? Descubra agora.,Berapa banyak garis yang bisa kamu hapus hari ini? Cari tahu sekarang.,Berapa banyak garis yang bisa kamu hapus hari ini? Cari tahu sekarang.,Сколько линий ты можешь очистить сегодня? Узнай сейчас.,Сколько линий ты можешь очистить сегодня? Узнай сейчас.,Combien de lignes peux-tu effacer aujourd'hui? Découvre-le maintenant.,Combien de lignes peux-tu effacer aujourd'hui? Découvre-le maintenant.,วันนี้คุณจะล้างได้กี่เส้น? มาดูกันเดี๋ยวนี้,วันนี้คุณจะล้างได้กี่เส้น? มาดูกันเดี๋ยวนี้
20260510,https://d26ml67612e64s.cloudfront.net/block_blast/image/TOURNAMENT_END_MSG.jpg,"{""social"":""A2U_BETA"",""type"":""20260510""}",Daily block fun is calling. Come play your favorite puzzle.,Daily block fun is calling. Come play your favorite puzzle.,متعة القطع اليومية تناديك. تعال والعب لغزك المفضل.,متعة القطع اليومية تناديك. تعال والعب لغزك المفضل.,La diversión diaria de bloques te llama. Ven a jugar tu puzzle favorito.,La diversión diaria de bloques te llama. Ven a jugar tu puzzle favorito.,A diversão diária de blocos está chamando. Venha jogar seu puzzle favorito.,A diversão diária de blocos está chamando. Venha jogar seu puzzle favorito.,Keseruan blok harian memanggilmu. Ayo main puzzle favoritmu.,Keseruan blok harian memanggilmu. Ayo main puzzle favoritmu.,Ежедневное веселье с блоками зовёт. Заходи играть в свою любимую головоломку.,Ежедневное веселье с блоками зовёт. Заходи играть в свою любимую головоломку.,Le plaisir quotidien des blocs t'appelle. Viens jouer à ton puzzle préféré.,Le plaisir quotidien des blocs t'appelle. Viens jouer à ton puzzle préféré.,ความสนุกบล็อกประจำวันกำลังเรียกหา มาเล่นปริศนาโปรดของคุณ,ความสนุกบล็อกประจำวันกำลังเรียกหา มาเล่นปริศนาโปรดของคุณ
20260511,https://d26ml67612e64s.cloudfront.net/block_blast/image/TOURNAMENT_END_MSG.jpg,"{""social"":""A2U_BETA"",""type"":""20260511""}",Master the board today. Your blocks are ready.,Master the board today. Your blocks are ready.,أتقن اللوحة اليوم. قطعك جاهزة.,أتقن اللوحة اليوم. قطعك جاهزة.,Domina el tablero hoy. Tus bloques están listos.,Domina el tablero hoy. Tus bloques están listos.,Domine o tabuleiro hoje. Seus blocos estão prontos.,Domine o tabuleiro hoje. Seus blocos estão prontos.,Kuasai papan hari ini. Blokmu sudah siap.,Kuasai papan hari ini. Blokmu sudah siap.,Освой доску сегодня. Твои блоки готовы.,Освой доску сегодня. Твои блоки готовы.,Maîtrise le tableau aujourd'hui. Tes blocs sont prêts.,Maîtrise le tableau aujourd'hui. Tes blocs sont prêts.,มาเชี่ยวชาญกระดานวันนี้ บล็อกของคุณพร้อมแล้ว,มาเชี่ยวชาญกระดานวันนี้ บล็อกของคุณพร้อมแล้ว
20260512,https://d26ml67612e64s.cloudfront.net/block_blast/image/TOURNAMENT_END_MSG.jpg,"{""social"":""A2U_BETA"",""type"":""20260512""}",Take a puzzle break and clear the board today.,Take a puzzle break and clear the board today.,خذ استراحة ألغاز وامسح اللوحة اليوم.,خذ استراحة ألغاز وامسح اللوحة اليوم.,Toma un descanso de puzzles y despeja el tablero hoy.,Toma un descanso de puzzles y despeja el tablero hoy.,Faça uma pausa para puzzles e limpe o tabuleiro hoje.,Faça uma pausa para puzzles e limpe o tabuleiro hoje.,Istirahat puzzle dan bersihkan papan hari ini.,Istirahat puzzle dan bersihkan papan hari ini.,Сделай перерыв на головоломку и очисти доску сегодня.,Сделай перерыв на головоломку и очисти доску сегодня.,Prends une pause puzzle et vide le tableau aujourd'hui.,Prends une pause puzzle et vide le tableau aujourd'hui.,พักปริศนาและล้างกระดานวันนี้,พักปริศนาและล้างกระดานวันนี้
20260513,https://d26ml67612e64s.cloudfront.net/block_blast/image/TOURNAMENT_END_MSG.jpg,"{""social"":""A2U_BETA"",""type"":""20260513""}",Your next high score is waiting. Come play now.,Your next high score is waiting. Come play now.,أعلى نتيجة تاليه لك تنتظرك. تعال والعب الآن.,أعلى نتيجة تاليه لك تنتظرك. تعال والعب الآن.,Tu próxima puntuación alta está esperando. Ven a jugar ahora.,Tu próxima puntuación alta está esperando. Ven a jugar ahora.,Sua próxima pontuação alta está esperando. Venha jogar agora.,Sua próxima pontuação alta está esperando. Venha jogar agora.,Skor tertinggi berikutnya menunggumu. Ayo main sekarang.,Skor tertinggi berikutnya menunggumu. Ayo main sekarang.,Твой следующий рекорд ждёт. Заходи играть сейчас.,Твой следующий рекорд ждёт. Заходи играть сейчас.,Ton prochain score élevé t'attend. Viens jouer maintenant.,Ton prochain score élevé t'attend. Viens jouer maintenant.,คะแนนสูงถัดไปของคุณกำลังรอ มาเล่นเดี๋ยวนี้,คะแนนสูงถัดไปของคุณกำลังรอ มาเล่นเดี๋ยวนี้
20260514,https://d26ml67612e64s.cloudfront.net/block_blast/image/TOURNAMENT_END_MSG.jpg,"{""social"":""A2U_BETA"",""type"":""20260514""}",Relax with some block-matching fun today.,Relax with some block-matching fun today.,استرخ مع بعض متعة مطابقة القطع اليوم.,استرخ مع بعض متعة مطابقة القطع اليوم.,Relájate con algo de diversión combinando bloques hoy.,Relájate con algo de diversión combinando bloques hoy.,Relaxe com alguma diversão combinando blocos hoje.,Relaxe com alguma diversão combinando blocos hoje.,Santai dengan keseruan mencocokkan blok hari ini.,Santai dengan keseruan mencocokkan blok hari ini.,Расслабься с весёлым сопоставлением блоков сегодня.,Расслабься с весёлым сопоставлением блоков сегодня.,Détends-toi avec du plaisir d'assortiment de blocs aujourd'hui.,Détends-toi avec du plaisir d'assortiment de blocs aujourd'hui.,ผ่อนคลายกับความสนุกในการจับคู่บล็อกวันนี้,ผ่อนคลายกับความสนุกในการจับคู่บล็อกวันนี้
20260515,https://d26ml67612e64s.cloudfront.net/block_blast/image/TOURNAMENT_END_MSG.jpg,"{""social"":""A2U_BETA"",""type"":""20260515""}",Challenge yourself with fresh puzzles right now.,Challenge yourself with fresh puzzles right now.,تحدى نفسك بألغاز جديدة الآن.,تحدى نفسك بألغاز جديدة الآن.,Desafíate con puzzles frescos ahora mismo.,Desafíate con puzzles frescos ahora mismo.,Desafie-se com puzzles frescos agora mesmo.,Desafie-se com puzzles frescos agora mesmo.,Tantang dirimu dengan puzzle segar sekarang juga.,Tantang dirimu dengan puzzle segar sekarang juga.,Брось себе вызов со свежими головоломками прямо сейчас.,Брось себе вызов со свежими головоломками прямо сейчас.,Défie-toi avec des puzzles frais dès maintenant.,Défie-toi avec des puzzles frais dès maintenant.,ท้าทายตัวเองด้วยปริศนาใหม่ตอนนี้เลย,ท้าทายตัวเองด้วยปริศนาใหม่ตอนนี้เลย
20260517,https://d26ml67612e64s.cloudfront.net/block_blast/image/TOURNAMENT_END_MSG.jpg,"{""social"":""A2U_BETA"",""type"":""20260517""}",Fill those lines and feel the satisfaction. Play today.,Fill those lines and feel the satisfaction. Play today.,املأ تلك الخطوط واشعر بالرضا. العب اليوم.,املأ تلك الخطوط واشعر بالرضا. العب اليوم.,Llena esas líneas y siente la satisfacción. Juega hoy.,Llena esas líneas y siente la satisfacción. Juega hoy.,Preencha essas linhas e sinta a satisfação. Jogue hoje.,Preencha essas linhas e sinta a satisfação. Jogue hoje.,Isi garis-garis itu dan rasakan kepuasannya. Main hari ini.,Isi garis-garis itu dan rasakan kepuasannya. Main hari ini.,Заполни эти линии и почувствуй удовлетворение. Играй сегодня.,Заполни эти линии и почувствуй удовлетворение. Играй сегодня.,Remplis ces lignes et ressens la satisfaction. Joue aujourd'hui.,Remplis ces lignes et ressens la satisfaction. Joue aujourd'hui.,เติมเส้นเหล่านั้นและรู้สึกถึงความพึงพอใจ เล่นวันนี้,เติมเส้นเหล่านั้นและรู้สึกถึงความพึงพอใจ เล่นวันนี้
20260518,https://d26ml67612e64s.cloudfront.net/block_blast/image/TOURNAMENT_END_MSG.jpg,"{""social"":""A2U_BETA"",""type"":""20260518""}",Perfect time for a quick puzzle session.,Perfect time for a quick puzzle session.,الوقت المثالي لجلسة ألغاز سريعة.,الوقت المثالي لجلسة ألغاز سريعة.,Momento perfecto para una sesión rápida de puzzles.,Momento perfecto para una sesión rápida de puzzles.,Momento perfeito para uma sessão rápida de puzzles.,Momento perfeito para uma sessão rápida de puzzles.,Waktu sempurna untuk sesi puzzle cepat.,Waktu sempurna untuk sesi puzzle cepat.,Идеальное время для быстрой головоломки.,Идеальное время для быстрой головоломки.,Moment parfait pour une session de puzzle rapide.,Moment parfait pour une session de puzzle rapide.,เวลาที่สมบูรณ์แบบสำหรับช่วงปริศนาสั้นๆ,เวลาที่สมบูรณ์แบบสำหรับช่วงปริศนาสั้นๆ
20260519,https://d26ml67612e64s.cloudfront.net/block_blast/image/TOURNAMENT_END_MSG.jpg,"{""social"":""A2U_BETA"",""type"":""20260519""}",Your blocks won't arrange themselves. Jump in now.,Your blocks won't arrange themselves. Jump in now.,قطعك لن ترتب نفسها. اقفز للداخل الآن.,قطعك لن ترتب نفسها. اقفز للداخل الآن.,Tus bloques no se organizarán solos. Salta ahora.,Tus bloques no se organizarán solos. Salta ahora.,Seus blocos não vão se organizar sozinhos. Pule agora.,Seus blocos não vão se organizar sozinhos. Pule agora.,Blokmu tidak akan mengatur dirinya sendiri. Lompat sekarang.,Blokmu tidak akan mengatur dirinya sendiri. Lompat sekarang.,Твои блоки не расставятся сами. Заходи сейчас.,Твои блоки не расставятся сами. Заходи сейчас.,Tes blocs ne s'arrangeront pas tout seuls. Saute maintenant.,Tes blocs ne s'arrangeront pas tout seuls. Saute maintenant.,บล็อกของคุณจะไม่จัดเรียงตัวเอง กระโดดเข้ามาเดี๋ยวนี้,บล็อกของคุณจะไม่จัดเรียงตัวเอง กระโดดเข้ามาเดี๋ยวนี้
20260520,https://d26ml67612e64s.cloudfront.net/block_blast/image/TOURNAMENT_END_MSG.jpg,"{""social"":""A2U_BETA"",""type"":""20260520""}",Beat your best score today. Start playing now.,Beat your best score today. Start playing now.,اهزم أفضل نتيجة لك اليوم. ابدأ اللعب الآن.,اهزم أفضل نتيجة لك اليوم. ابدأ اللعب الآن.,Supera tu mejor puntuación hoy. Empieza a jugar ahora.,Supera tu mejor puntuación hoy. Empieza a jugar ahora.,Bata sua melhor pontuação hoje. Comece a jogar agora.,Bata sua melhor pontuação hoje. Comece a jogar agora.,Kalahkan skor terbaikmu hari ini. Mulai main sekarang.,Kalahkan skor terbaikmu hari ini. Mulai main sekarang.,Побей свой лучший результат сегодня. Начни играть сейчас.,Побей свой лучший результат сегодня. Начни играть сейчас.,Bats ton meilleur score aujourd'hui. Commence à jouer maintenant.,Bats ton meilleur score aujourd'hui. Commence à jouer maintenant.,เอาชนะคะแนนที่ดีที่สุดของคุณวันนี้ เริ่มเล่นเดี๋ยวนี้,เอาชนะคะแนนที่ดีที่สุดของคุณวันนี้ เริ่มเล่นเดี๋ยวนี้
20260521,https://d26ml67612e64s.cloudfront.net/block_blast/image/TOURNAMENT_END_MSG.jpg,"{""social"":""A2U_BETA"",""type"":""20260521""}",A few minutes of puzzle fun awaits you.,A few minutes of puzzle fun awaits you.,بضع دقائق من متعة الألغاز تنتظرك.,بضع دقائق من متعة الألغاز تنتظرك.,Unos minutos de diversión con puzzles te esperan.,Unos minutos de diversión con puzzles te esperan.,Alguns minutos de diversão com puzzles aguardam você.,Alguns minutos de diversão com puzzles aguardam você.,Beberapa menit keseruan puzzle menantimu.,Beberapa menit keseruan puzzle menantimu.,Несколько минут головоломки ждут тебя.,Несколько минут головоломки ждут тебя.,Quelques minutes de plaisir puzzle t'attendent.,Quelques minutes de plaisir puzzle t'attendent.,ความสนุกปริศนาไม่กี่นาทีรอคุณอยู่,ความสนุกปริศนาไม่กี่นาทีรอคุณอยู่
20260522,https://d26ml67612e64s.cloudfront.net/block_blast/image/TOURNAMENT_END_MSG.jpg,"{""social"":""A2U_BETA"",""type"":""20260522""}",Keep your mind sharp with today's block challenge.,Keep your mind sharp with today's block challenge.,حافظ على حدة ذهنك مع تحدي القطع اليوم.,حافظ على حدة ذهنك مع تحدي القطع اليوم.,Mantén tu mente aguda con el desafío de bloques de hoy.,Mantén tu mente aguda con el desafío de bloques de hoy.,Mantenha sua mente afiada com o desafio de blocos de hoje.,Mantenha sua mente afiada com o desafio de blocos de hoje.,Jaga ketajaman pikiranmu dengan tantangan blok hari ini.,Jaga ketajaman pikiranmu dengan tantangan blok hari ini.,Держи свой ум острым с сегодняшним испытанием блоками.,Держи свой ум острым с сегодняшним испытанием блоками.,Garde ton esprit vif avec le défi de blocs d'aujourd'hui.,Garde ton esprit vif avec le défi de blocs d'aujourd'hui.,รักษาสมองของคุณให้แหลมคมด้วยความท้าทายบล็อกวันนี้,รักษาสมองของคุณให้แหลมคมด้วยความท้าทายบล็อกวันนี้
20260524,https://d26ml67612e64s.cloudfront.net/block_blast/image/TOURNAMENT_END_MSG.jpg,"{""social"":""A2U_BETA"",""type"":""20260524""}",Time to clear some lines. Jump in and play today.,Time to clear some lines. Jump in and play today.,حان وقت مسح بعض الخطوط. اقفز والعب اليوم.,حان وقت مسح بعض الخطوط. اقفز والعب اليوم.,Hora de borrar algunas líneas. Salta y juega hoy.,Hora de borrar algunas líneas. Salta y juega hoy.,Hora de limpar algumas linhas. Pule e jogue hoje.,Hora de limpar algumas linhas. Pule e jogue hoje.,Waktunya hapus beberapa garis. Lompat dan main hari ini.,Waktunya hapus beberapa garis. Lompat dan main hari ini.,Время очистить несколько линий. Заходи и играй сегодня.,Время очистить несколько линий. Заходи и играй сегодня.,Il est temps d'effacer quelques lignes. Saute et joue aujourd'hui.,Il est temps d'effacer quelques lignes. Saute et joue aujourd'hui.,ถึงเวลาล้างบางเส้นแล้ว กระโดดเข้ามาเล่นวันนี้,ถึงเวลาล้างบางเส้นแล้ว กระโดดเข้ามาเล่นวันนี้
20260525,https://d26ml67612e64s.cloudfront.net/block_blast/image/TOURNAMENT_END_MSG.jpg,"{""social"":""A2U_BETA"",""type"":""20260525""}",Your puzzle board is waiting. Come match those blocks.,Your puzzle board is waiting. Come match those blocks.,لوحة الألغاز الخاصة بك تنتظر. تعال وطابق تلك القطع.,لوحة الألغاز الخاصة بك تنتظر. تعال وطابق تلك القطع.,Tu tablero de rompecabezas está esperando. Ven a combinar esos bloques.,Tu tablero de rompecabezas está esperando. Ven a combinar esos bloques.,Seu tabuleiro de quebra-cabeça está esperando. Venha combinar esses blocos.,Seu tabuleiro de quebra-cabeça está esperando. Venha combinar esses blocos.,Papan puzzlemu menunggu. Ayo padukan blok-blok itu.,Papan puzzlemu menunggu. Ayo padukan blok-blok itu.,Твоя головоломка ждёт. Приходи и сопоставляй эти блоки.,Твоя головоломка ждёт. Приходи и сопоставляй эти блоки.,Ton tableau de puzzle t'attend. Viens assortir ces blocs.,Ton tableau de puzzle t'attend. Viens assortir ces blocs.,กระดานปริศนาของคุณกำลังรอ มาจับคู่บล็อกเหล่านั้นกันเถอะ,กระดานปริศนาของคุณกำลังรอ มาจับคู่บล็อกเหล่านั้นกันเถอะ
20260526,https://d26ml67612e64s.cloudfront.net/block_blast/image/TOURNAMENT_END_MSG.jpg,"{""social"":""A2U_BETA"",""type"":""20260526""}",Ready for today's block challenge? Let's play.,Ready for today's block challenge? Let's play.,مستعد لتحدي القطع اليوم؟ هيا نلعب.,مستعد لتحدي القطع اليوم؟ هيا نلعب.,¿Listo para el desafío de bloques de hoy? Juguemos.,¿Listo para el desafío de bloques de hoy? Juguemos.,Pronto para o desafio de blocos de hoje? Vamos jogar.,Pronto para o desafio de blocos de hoje? Vamos jogar.,Siap untuk tantangan blok hari ini? Ayo main.,Siap untuk tantangan blok hari ini? Ayo main.,Готов к сегодняшнему испытанию блоками? Давай играть.,Готов к сегодняшнему испытанию блоками? Давай играть.,Prêt pour le défi de blocs d'aujourd'hui? Jouons.,Prêt pour le défi de blocs d'aujourd'hui? Jouons.,พร้อมสำหรับความท้าทายบล็อกวันนี้แล้วหรือยัง? มาเล่นกันเถอะ,พร้อมสำหรับความท้าทายบล็อกวันนี้แล้วหรือยัง? มาเล่นกันเถอะ
20260527,https://d26ml67612e64s.cloudfront.net/block_blast/image/TOURNAMENT_END_MSG.jpg,"{""social"":""A2U_BETA"",""type"":""20260527""}","Clear lines, score big. Start your daily puzzle now.","Clear lines, score big. Start your daily puzzle now.",امسح الخطوط، احرز نقاطاً كبيرة. ابدأ لغزك اليومي الآن.,امسح الخطوط، احرز نقاطاً كبيرة. ابدأ لغزك اليومي الآن.,"Borra líneas, anota en grande. Comienza tu puzzle diario ahora.","Borra líneas, anota en grande. Comienza tu puzzle diario ahora.","Limpe linhas, pontue alto. Comece seu puzzle diário agora.","Limpe linhas, pontue alto. Comece seu puzzle diário agora.","Hapus garis, skor besar. Mulai puzzle harianmu sekarang.","Hapus garis, skor besar. Mulai puzzle harianmu sekarang.","Очищай линии, зарабатывай много. Начни свою ежедневную головоломку сейчас.","Очищай линии, зарабатывай много. Начни свою ежедневную головоломку сейчас.","Efface des lignes, marque gros. Commence ton puzzle quotidien maintenant.","Efface des lignes, marque gros. Commence ton puzzle quotidien maintenant.",ล้างเส้น ทำคะแนนสูง เริ่มปริศนาประจำวันของคุณเดี๋ยวนี้,ล้างเส้น ทำคะแนนสูง เริ่มปริศนาประจำวันของคุณเดี๋ยวนี้
20260528,https://d26ml67612e64s.cloudfront.net/block_blast/image/TOURNAMENT_END_MSG.jpg,"{""social"":""A2U_BETA"",""type"":""20260528""}","New blocks, new challenges. Play Puzzle Block Master today.","New blocks, new challenges. Play Puzzle Block Master today.",قطع جديدة، تحديات جديدة. العب ماستر بلوك بازل اليوم.,قطع جديدة، تحديات جديدة. العب ماستر بلوك بازل اليوم.,"Nuevos bloques, nuevos desafíos. Juega Puzzle Block Master hoy.","Nuevos bloques, nuevos desafíos. Juega Puzzle Block Master hoy.","Novos blocos, novos desafios. Jogue Puzzle Block Master hoje.","Novos blocos, novos desafios. Jogue Puzzle Block Master hoje.","Blok baru, tantangan baru. Main Puzzle Block Master hari ini.","Blok baru, tantangan baru. Main Puzzle Block Master hari ini.","Новые блоки, новые испытания. Играй в Puzzle Block Master сегодня.","Новые блоки, новые испытания. Играй в Puzzle Block Master сегодня.","Nouveaux blocs, nouveaux défis. Joue à Puzzle Block Master aujourd'hui.","Nouveaux blocs, nouveaux défis. Joue à Puzzle Block Master aujourd'hui.",บล็อกใหม่ ความท้าทายใหม่ เล่น Puzzle Block Master วันนี้,บล็อกใหม่ ความท้าทายใหม่ เล่น Puzzle Block Master วันนี้
20260529,https://d26ml67612e64s.cloudfront.net/block_blast/image/TOURNAMENT_END_MSG.jpg,"{""social"":""A2U_BETA"",""type"":""20260529""}",Your brain needs a puzzle break. Come play now.,Your brain needs a puzzle break. Come play now.,عقلك يحتاج لاستراحة ألغاز. تعال والعب الآن.,عقلك يحتاج لاستراحة ألغاز. تعال والعب الآن.,Tu cerebro necesita un descanso de puzzles. Ven a jugar ahora.,Tu cerebro necesita un descanso de puzzles. Ven a jugar ahora.,Seu cérebro precisa de uma pausa para puzzles. Venha jogar agora.,Seu cérebro precisa de uma pausa para puzzles. Venha jogar agora.,Otakmu butuh istirahat puzzle. Ayo main sekarang.,Otakmu butuh istirahat puzzle. Ayo main sekarang.,Твоему мозгу нужна головоломка. Заходи играть сейчас.,Твоему мозгу нужна головоломка. Заходи играть сейчас.,Ton cerveau a besoin d'une pause puzzle. Viens jouer maintenant.,Ton cerveau a besoin d'une pause puzzle. Viens jouer maintenant.,สมองของคุณต้องการพักปริศนา มาเล่นเดี๋ยวนี้,สมองของคุณต้องการพักปริศนา มาเล่นเดี๋ยวนี้
20260531,https://d26ml67612e64s.cloudfront.net/block_blast/image/TOURNAMENT_END_MSG.jpg,"{""social"":""A2U_BETA"",""type"":""20260531""}","Stack, match, and clear. Today's puzzle awaits.","Stack, match, and clear. Today's puzzle awaits.",كدّس، طابق، وامسح. لغزك اليوم بانتظارك.,كدّس، طابق، وامسح. لغزك اليوم بانتظارك.,"Apila, combina y borra. Tu puzzle de hoy te espera.","Apila, combina y borra. Tu puzzle de hoy te espera.","Empilhe, combine e limpe. Seu puzzle de hoje aguarda.","Empilhe, combine e limpe. Seu puzzle de hoje aguarda.","Tumpuk, padukan, dan hapus. Puzzle hari ini menanti.","Tumpuk, padukan, dan hapus. Puzzle hari ini menanti.","Складывай, сопоставляй и очищай. Твоя головоломка на сегодня ждёт.","Складывай, сопоставляй и очищай. Твоя головоломка на сегодня ждёт.","Empile, assortis et efface. Ton puzzle d'aujourd'hui t'attend.","Empile, assortis et efface. Ton puzzle d'aujourd'hui t'attend.",เรียง จับคู่ และล้าง ปริศนาวันนี้รออยู่,เรียง จับคู่ และล้าง ปริศนาวันนี้รออยู่
20260601,https://d26ml67612e64s.cloudfront.net/block_blast/image/TOURNAMENT_END_MSG.jpg,"{""social"":""A2U_BETA"",""type"":""20260601""}",How many lines can you clear today? Find out now.,How many lines can you clear today? Find out now.,كم خطاً يمكنك مسحه اليوم؟ اكتشف الآن.,كم خطاً يمكنك مسحه اليوم؟ اكتشف الآن.,¿Cuántas líneas puedes borrar hoy? Descúbrelo ahora.,¿Cuántas líneas puedes borrar hoy? Descúbrelo ahora.,Quantas linhas você pode limpar hoje? Descubra agora.,Quantas linhas você pode limpar hoje? Descubra agora.,Berapa banyak garis yang bisa kamu hapus hari ini? Cari tahu sekarang.,Berapa banyak garis yang bisa kamu hapus hari ini? Cari tahu sekarang.,Сколько линий ты можешь очистить сегодня? Узнай сейчас.,Сколько линий ты можешь очистить сегодня? Узнай сейчас.,Combien de lignes peux-tu effacer aujourd'hui? Découvre-le maintenant.,Combien de lignes peux-tu effacer aujourd'hui? Découvre-le maintenant.,วันนี้คุณจะล้างได้กี่เส้น? มาดูกันเดี๋ยวนี้,วันนี้คุณจะล้างได้กี่เส้น? มาดูกันเดี๋ยวนี้
20260602,https://d26ml67612e64s.cloudfront.net/block_blast/image/TOURNAMENT_END_MSG.jpg,"{""social"":""A2U_BETA"",""type"":""20260602""}",Daily block fun is calling. Come play your favorite puzzle.,Daily block fun is calling. Come play your favorite puzzle.,متعة القطع اليومية تناديك. تعال والعب لغزك المفضل.,متعة القطع اليومية تناديك. تعال والعب لغزك المفضل.,La diversión diaria de bloques te llama. Ven a jugar tu puzzle favorito.,La diversión diaria de bloques te llama. Ven a jugar tu puzzle favorito.,A diversão diária de blocos está chamando. Venha jogar seu puzzle favorito.,A diversão diária de blocos está chamando. Venha jogar seu puzzle favorito.,Keseruan blok harian memanggilmu. Ayo main puzzle favoritmu.,Keseruan blok harian memanggilmu. Ayo main puzzle favoritmu.,Ежедневное веселье с блоками зовёт. Заходи играть в свою любимую головоломку.,Ежедневное веселье с блоками зовёт. Заходи играть в свою любимую головоломку.,Le plaisir quotidien des blocs t'appelle. Viens jouer à ton puzzle préféré.,Le plaisir quotidien des blocs t'appelle. Viens jouer à ton puzzle préféré.,ความสนุกบล็อกประจำวันกำลังเรียกหา มาเล่นปริศนาโปรดของคุณ,ความสนุกบล็อกประจำวันกำลังเรียกหา มาเล่นปริศนาโปรดของคุณ
20260603,https://d26ml67612e64s.cloudfront.net/block_blast/image/TOURNAMENT_END_MSG.jpg,"{""social"":""A2U_BETA"",""type"":""20260603""}",Master the board today. Your blocks are ready.,Master the board today. Your blocks are ready.,أتقن اللوحة اليوم. قطعك جاهزة.,أتقن اللوحة اليوم. قطعك جاهزة.,Domina el tablero hoy. Tus bloques están listos.,Domina el tablero hoy. Tus bloques están listos.,Domine o tabuleiro hoje. Seus blocos estão prontos.,Domine o tabuleiro hoje. Seus blocos estão prontos.,Kuasai papan hari ini. Blokmu sudah siap.,Kuasai papan hari ini. Blokmu sudah siap.,Освой доску сегодня. Твои блоки готовы.,Освой доску сегодня. Твои блоки готовы.,Maîtrise le tableau aujourd'hui. Tes blocs sont prêts.,Maîtrise le tableau aujourd'hui. Tes blocs sont prêts.,มาเชี่ยวชาญกระดานวันนี้ บล็อกของคุณพร้อมแล้ว,มาเชี่ยวชาญกระดานวันนี้ บล็อกของคุณพร้อมแล้ว
20260604,https://d26ml67612e64s.cloudfront.net/block_blast/image/TOURNAMENT_END_MSG.jpg,"{""social"":""A2U_BETA"",""type"":""20260604""}",Take a puzzle break and clear the board today.,Take a puzzle break and clear the board today.,خذ استراحة ألغاز وامسح اللوحة اليوم.,خذ استراحة ألغاز وامسح اللوحة اليوم.,Toma un descanso de puzzles y despeja el tablero hoy.,Toma un descanso de puzzles y despeja el tablero hoy.,Faça uma pausa para puzzles e limpe o tabuleiro hoje.,Faça uma pausa para puzzles e limpe o tabuleiro hoje.,Istirahat puzzle dan bersihkan papan hari ini.,Istirahat puzzle dan bersihkan papan hari ini.,Сделай перерыв на головоломку и очисти доску сегодня.,Сделай перерыв на головоломку и очисти доску сегодня.,Prends une pause puzzle et vide le tableau aujourd'hui.,Prends une pause puzzle et vide le tableau aujourd'hui.,พักปริศนาและล้างกระดานวันนี้,พักปริศนาและล้างกระดานวันนี้
20260605,https://d26ml67612e64s.cloudfront.net/block_blast/image/TOURNAMENT_END_MSG.jpg,"{""social"":""A2U_BETA"",""type"":""20260605""}",Your next high score is waiting. Come play now.,Your next high score is waiting. Come play now.,أعلى نتيجة تاليه لك تنتظرك. تعال والعب الآن.,أعلى نتيجة تاليه لك تنتظرك. تعال والعب الآن.,Tu próxima puntuación alta está esperando. Ven a jugar ahora.,Tu próxima puntuación alta está esperando. Ven a jugar ahora.,Sua próxima pontuação alta está esperando. Venha jogar agora.,Sua próxima pontuação alta está esperando. Venha jogar agora.,Skor tertinggi berikutnya menunggumu. Ayo main sekarang.,Skor tertinggi berikutnya menunggumu. Ayo main sekarang.,Твой следующий рекорд ждёт. Заходи играть сейчас.,Твой следующий рекорд ждёт. Заходи играть сейчас.,Ton prochain score élevé t'attend. Viens jouer maintenant.,Ton prochain score élevé t'attend. Viens jouer maintenant.,คะแนนสูงถัดไปของคุณกำลังรอ มาเล่นเดี๋ยวนี้,คะแนนสูงถัดไปของคุณกำลังรอ มาเล่นเดี๋ยวนี้
20260607,https://d26ml67612e64s.cloudfront.net/block_blast/image/TOURNAMENT_END_MSG.jpg,"{""social"":""A2U_BETA"",""type"":""20260607""}",Relax with some block-matching fun today.,Relax with some block-matching fun today.,استرخ مع بعض متعة مطابقة القطع اليوم.,استرخ مع بعض متعة مطابقة القطع اليوم.,Relájate con algo de diversión combinando bloques hoy.,Relájate con algo de diversión combinando bloques hoy.,Relaxe com alguma diversão combinando blocos hoje.,Relaxe com alguma diversão combinando blocos hoje.,Santai dengan keseruan mencocokkan blok hari ini.,Santai dengan keseruan mencocokkan blok hari ini.,Расслабься с весёлым сопоставлением блоков сегодня.,Расслабься с весёлым сопоставлением блоков сегодня.,Détends-toi avec du plaisir d'assortiment de blocs aujourd'hui.,Détends-toi avec du plaisir d'assortiment de blocs aujourd'hui.,ผ่อนคลายกับความสนุกในการจับคู่บล็อกวันนี้,ผ่อนคลายกับความสนุกในการจับคู่บล็อกวันนี้
20260608,https://d26ml67612e64s.cloudfront.net/block_blast/image/TOURNAMENT_END_MSG.jpg,"{""social"":""A2U_BETA"",""type"":""20260608""}",Challenge yourself with fresh puzzles right now.,Challenge yourself with fresh puzzles right now.,تحدى نفسك بألغاز جديدة الآن.,تحدى نفسك بألغاز جديدة الآن.,Desafíate con puzzles frescos ahora mismo.,Desafíate con puzzles frescos ahora mismo.,Desafie-se com puzzles frescos agora mesmo.,Desafie-se com puzzles frescos agora mesmo.,Tantang dirimu dengan puzzle segar sekarang juga.,Tantang dirimu dengan puzzle segar sekarang juga.,Брось себе вызов со свежими головоломками прямо сейчас.,Брось себе вызов со свежими головоломками прямо сейчас.,Défie-toi avec des puzzles frais dès maintenant.,Défie-toi avec des puzzles frais dès maintenant.,ท้าทายตัวเองด้วยปริศนาใหม่ตอนนี้เลย,ท้าทายตัวเองด้วยปริศนาใหม่ตอนนี้เลย
20260609,https://d26ml67612e64s.cloudfront.net/block_blast/image/TOURNAMENT_END_MSG.jpg,"{""social"":""A2U_BETA"",""type"":""20260609""}",Fill those lines and feel the satisfaction. Play today.,Fill those lines and feel the satisfaction. Play today.,املأ تلك الخطوط واشعر بالرضا. العب اليوم.,املأ تلك الخطوط واشعر بالرضا. العب اليوم.,Llena esas líneas y siente la satisfacción. Juega hoy.,Llena esas líneas y siente la satisfacción. Juega hoy.,Preencha essas linhas e sinta a satisfação. Jogue hoje.,Preencha essas linhas e sinta a satisfação. Jogue hoje.,Isi garis-garis itu dan rasakan kepuasannya. Main hari ini.,Isi garis-garis itu dan rasakan kepuasannya. Main hari ini.,Заполни эти линии и почувствуй удовлетворение. Играй сегодня.,Заполни эти линии и почувствуй удовлетворение. Играй сегодня.,Remplis ces lignes et ressens la satisfaction. Joue aujourd'hui.,Remplis ces lignes et ressens la satisfaction. Joue aujourd'hui.,เติมเส้นเหล่านั้นและรู้สึกถึงความพึงพอใจ เล่นวันนี้,เติมเส้นเหล่านั้นและรู้สึกถึงความพึงพอใจ เล่นวันนี้
20260610,https://d26ml67612e64s.cloudfront.net/block_blast/image/TOURNAMENT_END_MSG.jpg,"{""social"":""A2U_BETA"",""type"":""20260610""}",Perfect time for a quick puzzle session.,Perfect time for a quick puzzle session.,الوقت المثالي لجلسة ألغاز سريعة.,الوقت المثالي لجلسة ألغاز سريعة.,Momento perfecto para una sesión rápida de puzzles.,Momento perfecto para una sesión rápida de puzzles.,Momento perfeito para uma sessão rápida de puzzles.,Momento perfeito para uma sessão rápida de puzzles.,Waktu sempurna untuk sesi puzzle cepat.,Waktu sempurna untuk sesi puzzle cepat.,Идеальное время для быстрой головоломки.,Идеальное время для быстрой головоломки.,Moment parfait pour une session de puzzle rapide.,Moment parfait pour une session de puzzle rapide.,เวลาที่สมบูรณ์แบบสำหรับช่วงปริศนาสั้นๆ,เวลาที่สมบูรณ์แบบสำหรับช่วงปริศนาสั้นๆ
20260611,https://d26ml67612e64s.cloudfront.net/block_blast/image/TOURNAMENT_END_MSG.jpg,"{""social"":""A2U_BETA"",""type"":""20260611""}",Your blocks won't arrange themselves. Jump in now.,Your blocks won't arrange themselves. Jump in now.,قطعك لن ترتب نفسها. اقفز للداخل الآن.,قطعك لن ترتب نفسها. اقفز للداخل الآن.,Tus bloques no se organizarán solos. Salta ahora.,Tus bloques no se organizarán solos. Salta ahora.,Seus blocos não vão se organizar sozinhos. Pule agora.,Seus blocos não vão se organizar sozinhos. Pule agora.,Blokmu tidak akan mengatur dirinya sendiri. Lompat sekarang.,Blokmu tidak akan mengatur dirinya sendiri. Lompat sekarang.,Твои блоки не расставятся сами. Заходи сейчас.,Твои блоки не расставятся сами. Заходи сейчас.,Tes blocs ne s'arrangeront pas tout seuls. Saute maintenant.,Tes blocs ne s'arrangeront pas tout seuls. Saute maintenant.,บล็อกของคุณจะไม่จัดเรียงตัวเอง กระโดดเข้ามาเดี๋ยวนี้,บล็อกของคุณจะไม่จัดเรียงตัวเอง กระโดดเข้ามาเดี๋ยวนี้
20260612,https://d26ml67612e64s.cloudfront.net/block_blast/image/TOURNAMENT_END_MSG.jpg,"{""social"":""A2U_BETA"",""type"":""20260612""}",Beat your best score today. Start playing now.,Beat your best score today. Start playing now.,اهزم أفضل نتيجة لك اليوم. ابدأ اللعب الآن.,اهزم أفضل نتيجة لك اليوم. ابدأ اللعب الآن.,Supera tu mejor puntuación hoy. Empieza a jugar ahora.,Supera tu mejor puntuación hoy. Empieza a jugar ahora.,Bata sua melhor pontuação hoje. Comece a jogar agora.,Bata sua melhor pontuação hoje. Comece a jogar agora.,Kalahkan skor terbaikmu hari ini. Mulai main sekarang.,Kalahkan skor terbaikmu hari ini. Mulai main sekarang.,Побей свой лучший результат сегодня. Начни играть сейчас.,Побей свой лучший результат сегодня. Начни играть сейчас.,Bats ton meilleur score aujourd'hui. Commence à jouer maintenant.,Bats ton meilleur score aujourd'hui. Commence à jouer maintenant.,เอาชนะคะแนนที่ดีที่สุดของคุณวันนี้ เริ่มเล่นเดี๋ยวนี้,เอาชนะคะแนนที่ดีที่สุดของคุณวันนี้ เริ่มเล่นเดี๋ยวนี้
20260614,https://d26ml67612e64s.cloudfront.net/block_blast/image/TOURNAMENT_END_MSG.jpg,"{""social"":""A2U_BETA"",""type"":""20260614""}",A few minutes of puzzle fun awaits you.,A few minutes of puzzle fun awaits you.,بضع دقائق من متعة الألغاز تنتظرك.,بضع دقائق من متعة الألغاز تنتظرك.,Unos minutos de diversión con puzzles te esperan.,Unos minutos de diversión con puzzles te esperan.,Alguns minutos de diversão com puzzles aguardam você.,Alguns minutos de diversão com puzzles aguardam você.,Beberapa menit keseruan puzzle menantimu.,Beberapa menit keseruan puzzle menantimu.,Несколько минут головоломки ждут тебя.,Несколько минут головоломки ждут тебя.,Quelques minutes de plaisir puzzle t'attendent.,Quelques minutes de plaisir puzzle t'attendent.,ความสนุกปริศนาไม่กี่นาทีรอคุณอยู่,ความสนุกปริศนาไม่กี่นาทีรอคุณอยู่
20260615,https://d26ml67612e64s.cloudfront.net/block_blast/image/TOURNAMENT_END_MSG.jpg,"{""social"":""A2U_BETA"",""type"":""20260615""}",Keep your mind sharp with today's block challenge.,Keep your mind sharp with today's block challenge.,حافظ على حدة ذهنك مع تحدي القطع اليوم.,حافظ على حدة ذهنك مع تحدي القطع اليوم.,Mantén tu mente aguda con el desafío de bloques de hoy.,Mantén tu mente aguda con el desafío de bloques de hoy.,Mantenha sua mente afiada com o desafio de blocos de hoje.,Mantenha sua mente afiada com o desafio de blocos de hoje.,Jaga ketajaman pikiranmu dengan tantangan blok hari ini.,Jaga ketajaman pikiranmu dengan tantangan blok hari ini.,Держи свой ум острым с сегодняшним испытанием блоками.,Держи свой ум острым с сегодняшним испытанием блоками.,Garde ton esprit vif avec le défi de blocs d'aujourd'hui.,Garde ton esprit vif avec le défi de blocs d'aujourd'hui.,รักษาสมองของคุณให้แหลมคมด้วยความท้าทายบล็อกวันนี้,รักษาสมองของคุณให้แหลมคมด้วยความท้าทายบล็อกวันนี้
20260616,https://d26ml67612e64s.cloudfront.net/block_blast/image/TOURNAMENT_END_MSG.jpg,"{""social"":""A2U_BETA"",""type"":""20260616""}",Time to clear some lines. Jump in and play today.,Time to clear some lines. Jump in and play today.,حان وقت مسح بعض الخطوط. اقفز والعب اليوم.,حان وقت مسح بعض الخطوط. اقفز والعب اليوم.,Hora de borrar algunas líneas. Salta y juega hoy.,Hora de borrar algunas líneas. Salta y juega hoy.,Hora de limpar algumas linhas. Pule e jogue hoje.,Hora de limpar algumas linhas. Pule e jogue hoje.,Waktunya hapus beberapa garis. Lompat dan main hari ini.,Waktunya hapus beberapa garis. Lompat dan main hari ini.,Время очистить несколько линий. Заходи и играй сегодня.,Время очистить несколько линий. Заходи и играй сегодня.,Il est temps d'effacer quelques lignes. Saute et joue aujourd'hui.,Il est temps d'effacer quelques lignes. Saute et joue aujourd'hui.,ถึงเวลาล้างบางเส้นแล้ว กระโดดเข้ามาเล่นวันนี้,ถึงเวลาล้างบางเส้นแล้ว กระโดดเข้ามาเล่นวันนี้
20260617,https://d26ml67612e64s.cloudfront.net/block_blast/image/TOURNAMENT_END_MSG.jpg,"{""social"":""A2U_BETA"",""type"":""20260617""}",Your puzzle board is waiting. Come match those blocks.,Your puzzle board is waiting. Come match those blocks.,لوحة الألغاز الخاصة بك تنتظر. تعال وطابق تلك القطع.,لوحة الألغاز الخاصة بك تنتظر. تعال وطابق تلك القطع.,Tu tablero de rompecabezas está esperando. Ven a combinar esos bloques.,Tu tablero de rompecabezas está esperando. Ven a combinar esos bloques.,Seu tabuleiro de quebra-cabeça está esperando. Venha combinar esses blocos.,Seu tabuleiro de quebra-cabeça está esperando. Venha combinar esses blocos.,Papan puzzlemu menunggu. Ayo padukan blok-blok itu.,Papan puzzlemu menunggu. Ayo padukan blok-blok itu.,Твоя головоломка ждёт. Приходи и сопоставляй эти блоки.,Твоя головоломка ждёт. Приходи и сопоставляй эти блоки.,Ton tableau de puzzle t'attend. Viens assortir ces blocs.,Ton tableau de puzzle t'attend. Viens assortir ces blocs.,กระดานปริศนาของคุณกำลังรอ มาจับคู่บล็อกเหล่านั้นกันเถอะ,กระดานปริศนาของคุณกำลังรอ มาจับคู่บล็อกเหล่านั้นกันเถอะ
20260618,https://d26ml67612e64s.cloudfront.net/block_blast/image/TOURNAMENT_END_MSG.jpg,"{""social"":""A2U_BETA"",""type"":""20260618""}",Ready for today's block challenge? Let's play.,Ready for today's block challenge? Let's play.,مستعد لتحدي القطع اليوم؟ هيا نلعب.,مستعد لتحدي القطع اليوم؟ هيا نلعب.,¿Listo para el desafío de bloques de hoy? Juguemos.,¿Listo para el desafío de bloques de hoy? Juguemos.,Pronto para o desafio de blocos de hoje? Vamos jogar.,Pronto para o desafio de blocos de hoje? Vamos jogar.,Siap untuk tantangan blok hari ini? Ayo main.,Siap untuk tantangan blok hari ini? Ayo main.,Готов к сегодняшнему испытанию блоками? Давай играть.,Готов к сегодняшнему испытанию блоками? Давай играть.,Prêt pour le défi de blocs d'aujourd'hui? Jouons.,Prêt pour le défi de blocs d'aujourd'hui? Jouons.,พร้อมสำหรับความท้าทายบล็อกวันนี้แล้วหรือยัง? มาเล่นกันเถอะ,พร้อมสำหรับความท้าทายบล็อกวันนี้แล้วหรือยัง? มาเล่นกันเถอะ
20260619,https://d26ml67612e64s.cloudfront.net/block_blast/image/TOURNAMENT_END_MSG.jpg,"{""social"":""A2U_BETA"",""type"":""20260619""}","Clear lines, score big. Start your daily puzzle now.","Clear lines, score big. Start your daily puzzle now.",امسح الخطوط، احرز نقاطاً كبيرة. ابدأ لغزك اليومي الآن.,امسح الخطوط، احرز نقاطاً كبيرة. ابدأ لغزك اليومي الآن.,"Borra líneas, anota en grande. Comienza tu puzzle diario ahora.","Borra líneas, anota en grande. Comienza tu puzzle diario ahora.","Limpe linhas, pontue alto. Comece seu puzzle diário agora.","Limpe linhas, pontue alto. Comece seu puzzle diário agora.","Hapus garis, skor besar. Mulai puzzle harianmu sekarang.","Hapus garis, skor besar. Mulai puzzle harianmu sekarang.","Очищай линии, зарабатывай много. Начни свою ежедневную головоломку сейчас.","Очищай линии, зарабатывай много. Начни свою ежедневную головоломку сейчас.","Efface des lignes, marque gros. Commence ton puzzle quotidien maintenant.","Efface des lignes, marque gros. Commence ton puzzle quotidien maintenant.",ล้างเส้น ทำคะแนนสูง เริ่มปริศนาประจำวันของคุณเดี๋ยวนี้,ล้างเส้น ทำคะแนนสูง เริ่มปริศนาประจำวันของคุณเดี๋ยวนี้
20260621,https://d26ml67612e64s.cloudfront.net/block_blast/image/TOURNAMENT_END_MSG.jpg,"{""social"":""A2U_BETA"",""type"":""20260621""}","New blocks, new challenges. Play Puzzle Block Master today.","New blocks, new challenges. Play Puzzle Block Master today.",قطع جديدة، تحديات جديدة. العب ماستر بلوك بازل اليوم.,قطع جديدة، تحديات جديدة. العب ماستر بلوك بازل اليوم.,"Nuevos bloques, nuevos desafíos. Juega Puzzle Block Master hoy.","Nuevos bloques, nuevos desafíos. Juega Puzzle Block Master hoy.","Novos blocos, novos desafios. Jogue Puzzle Block Master hoje.","Novos blocos, novos desafios. Jogue Puzzle Block Master hoje.","Blok baru, tantangan baru. Main Puzzle Block Master hari ini.","Blok baru, tantangan baru. Main Puzzle Block Master hari ini.","Новые блоки, новые испытания. Играй в Puzzle Block Master сегодня.","Новые блоки, новые испытания. Играй в Puzzle Block Master сегодня.","Nouveaux blocs, nouveaux défis. Joue à Puzzle Block Master aujourd'hui.","Nouveaux blocs, nouveaux défis. Joue à Puzzle Block Master aujourd'hui.",บล็อกใหม่ ความท้าทายใหม่ เล่น Puzzle Block Master วันนี้,บล็อกใหม่ ความท้าทายใหม่ เล่น Puzzle Block Master วันนี้
20260622,https://d26ml67612e64s.cloudfront.net/block_blast/image/TOURNAMENT_END_MSG.jpg,"{""social"":""A2U_BETA"",""type"":""20260622""}",Your brain needs a puzzle break. Come play now.,Your brain needs a puzzle break. Come play now.,عقلك يحتاج لاستراحة ألغاز. تعال والعب الآن.,عقلك يحتاج لاستراحة ألغاز. تعال والعب الآن.,Tu cerebro necesita un descanso de puzzles. Ven a jugar ahora.,Tu cerebro necesita un descanso de puzzles. Ven a jugar ahora.,Seu cérebro precisa de uma pausa para puzzles. Venha jogar agora.,Seu cérebro precisa de uma pausa para puzzles. Venha jogar agora.,Otakmu butuh istirahat puzzle. Ayo main sekarang.,Otakmu butuh istirahat puzzle. Ayo main sekarang.,Твоему мозгу нужна головоломка. Заходи играть сейчас.,Твоему мозгу нужна головоломка. Заходи играть сейчас.,Ton cerveau a besoin d'une pause puzzle. Viens jouer maintenant.,Ton cerveau a besoin d'une pause puzzle. Viens jouer maintenant.,สมองของคุณต้องการพักปริศนา มาเล่นเดี๋ยวนี้,สมองของคุณต้องการพักปริศนา มาเล่นเดี๋ยวนี้
20260623,https://d26ml67612e64s.cloudfront.net/block_blast/image/TOURNAMENT_END_MSG.jpg,"{""social"":""A2U_BETA"",""type"":""20260623""}","Stack, match, and clear. Today's puzzle awaits.","Stack, match, and clear. Today's puzzle awaits.",كدّس، طابق، وامسح. لغزك اليوم بانتظارك.,كدّس، طابق، وامسح. لغزك اليوم بانتظارك.,"Apila, combina y borra. Tu puzzle de hoy te espera.","Apila, combina y borra. Tu puzzle de hoy te espera.","Empilhe, combine e limpe. Seu puzzle de hoje aguarda.","Empilhe, combine e limpe. Seu puzzle de hoje aguarda.","Tumpuk, padukan, dan hapus. Puzzle hari ini menanti.","Tumpuk, padukan, dan hapus. Puzzle hari ini menanti.","Складывай, сопоставляй и очищай. Твоя головоломка на сегодня ждёт.","Складывай, сопоставляй и очищай. Твоя головоломка на сегодня ждёт.","Empile, assortis et efface. Ton puzzle d'aujourd'hui t'attend.","Empile, assortis et efface. Ton puzzle d'aujourd'hui t'attend.",เรียง จับคู่ และล้าง ปริศนาวันนี้รออยู่,เรียง จับคู่ และล้าง ปริศนาวันนี้รออยู่
20260624,https://d26ml67612e64s.cloudfront.net/block_blast/image/TOURNAMENT_END_MSG.jpg,"{""social"":""A2U_BETA"",""type"":""20260624""}",How many lines can you clear today? Find out now.,How many lines can you clear today? Find out now.,كم خطاً يمكنك مسحه اليوم؟ اكتشف الآن.,كم خطاً يمكنك مسحه اليوم؟ اكتشف الآن.,¿Cuántas líneas puedes borrar hoy? Descúbrelo ahora.,¿Cuántas líneas puedes borrar hoy? Descúbrelo ahora.,Quantas linhas você pode limpar hoje? Descubra agora.,Quantas linhas você pode limpar hoje? Descubra agora.,Berapa banyak garis yang bisa kamu hapus hari ini? Cari tahu sekarang.,Berapa banyak garis yang bisa kamu hapus hari ini? Cari tahu sekarang.,Сколько линий ты можешь очистить сегодня? Узнай сейчас.,Сколько линий ты можешь очистить сегодня? Узнай сейчас.,Combien de lignes peux-tu effacer aujourd'hui? Découvre-le maintenant.,Combien de lignes peux-tu effacer aujourd'hui? Découvre-le maintenant.,วันนี้คุณจะล้างได้กี่เส้น? มาดูกันเดี๋ยวนี้,วันนี้คุณจะล้างได้กี่เส้น? มาดูกันเดี๋ยวนี้
20260625,https://d26ml67612e64s.cloudfront.net/block_blast/image/TOURNAMENT_END_MSG.jpg,"{""social"":""A2U_BETA"",""type"":""20260625""}",Daily block fun is calling. Come play your favorite puzzle.,Daily block fun is calling. Come play your favorite puzzle.,متعة القطع اليومية تناديك. تعال والعب لغزك المفضل.,متعة القطع اليومية تناديك. تعال والعب لغزك المفضل.,La diversión diaria de bloques te llama. Ven a jugar tu puzzle favorito.,La diversión diaria de bloques te llama. Ven a jugar tu puzzle favorito.,A diversão diária de blocos está chamando. Venha jogar seu puzzle favorito.,A diversão diária de blocos está chamando. Venha jogar seu puzzle favorito.,Keseruan blok harian memanggilmu. Ayo main puzzle favoritmu.,Keseruan blok harian memanggilmu. Ayo main puzzle favoritmu.,Ежедневное веселье с блоками зовёт. Заходи играть в свою любимую головоломку.,Ежедневное веселье с блоками зовёт. Заходи играть в свою любимую головоломку.,Le plaisir quotidien des blocs t'appelle. Viens jouer à ton puzzle préféré.,Le plaisir quotidien des blocs t'appelle. Viens jouer à ton puzzle préféré.,ความสนุกบล็อกประจำวันกำลังเรียกหา มาเล่นปริศนาโปรดของคุณ,ความสนุกบล็อกประจำวันกำลังเรียกหา มาเล่นปริศนาโปรดของคุณ
20260626,https://d26ml67612e64s.cloudfront.net/block_blast/image/TOURNAMENT_END_MSG.jpg,"{""social"":""A2U_BETA"",""type"":""20260626""}",Master the board today. Your blocks are ready.,Master the board today. Your blocks are ready.,أتقن اللوحة اليوم. قطعك جاهزة.,أتقن اللوحة اليوم. قطعك جاهزة.,Domina el tablero hoy. Tus bloques están listos.,Domina el tablero hoy. Tus bloques están listos.,Domine o tabuleiro hoje. Seus blocos estão prontos.,Domine o tabuleiro hoje. Seus blocos estão prontos.,Kuasai papan hari ini. Blokmu sudah siap.,Kuasai papan hari ini. Blokmu sudah siap.,Освой доску сегодня. Твои блоки готовы.,Освой доску сегодня. Твои блоки готовы.,Maîtrise le tableau aujourd'hui. Tes blocs sont prêts.,Maîtrise le tableau aujourd'hui. Tes blocs sont prêts.,มาเชี่ยวชาญกระดานวันนี้ บล็อกของคุณพร้อมแล้ว,มาเชี่ยวชาญกระดานวันนี้ บล็อกของคุณพร้อมแล้ว
20260628,https://d26ml67612e64s.cloudfront.net/block_blast/image/TOURNAMENT_END_MSG.jpg,"{""social"":""A2U_BETA"",""type"":""20260628""}",Take a puzzle break and clear the board today.,Take a puzzle break and clear the board today.,خذ استراحة ألغاز وامسح اللوحة اليوم.,خذ استراحة ألغاز وامسح اللوحة اليوم.,Toma un descanso de puzzles y despeja el tablero hoy.,Toma un descanso de puzzles y despeja el tablero hoy.,Faça uma pausa para puzzles e limpe o tabuleiro hoje.,Faça uma pausa para puzzles e limpe o tabuleiro hoje.,Istirahat puzzle dan bersihkan papan hari ini.,Istirahat puzzle dan bersihkan papan hari ini.,Сделай перерыв на головоломку и очисти доску сегодня.,Сделай перерыв на головоломку и очисти доску сегодня.,Prends une pause puzzle et vide le tableau aujourd'hui.,Prends une pause puzzle et vide le tableau aujourd'hui.,พักปริศนาและล้างกระดานวันนี้,พักปริศนาและล้างกระดานวันนี้
20260629,https://d26ml67612e64s.cloudfront.net/block_blast/image/TOURNAMENT_END_MSG.jpg,"{""social"":""A2U_BETA"",""type"":""20260629""}",Your next high score is waiting. Come play now.,Your next high score is waiting. Come play now.,أعلى نتيجة تاليه لك تنتظرك. تعال والعب الآن.,أعلى نتيجة تاليه لك تنتظرك. تعال والعب الآن.,Tu próxima puntuación alta está esperando. Ven a jugar ahora.,Tu próxima puntuación alta está esperando. Ven a jugar ahora.,Sua próxima pontuação alta está esperando. Venha jogar agora.,Sua próxima pontuação alta está esperando. Venha jogar agora.,Skor tertinggi berikutnya menunggumu. Ayo main sekarang.,Skor tertinggi berikutnya menunggumu. Ayo main sekarang.,Твой следующий рекорд ждёт. Заходи играть сейчас.,Твой следующий рекорд ждёт. Заходи играть сейчас.,Ton prochain score élevé t'attend. Viens jouer maintenant.,Ton prochain score élevé t'attend. Viens jouer maintenant.,คะแนนสูงถัดไปของคุณกำลังรอ มาเล่นเดี๋ยวนี้,คะแนนสูงถัดไปของคุณกำลังรอ มาเล่นเดี๋ยวนี้
20260630,https://d26ml67612e64s.cloudfront.net/block_blast/image/TOURNAMENT_END_MSG.jpg,"{""social"":""A2U_BETA"",""type"":""20260630""}",Relax with some block-matching fun today.,Relax with some block-matching fun today.,استرخ مع بعض متعة مطابقة القطع اليوم.,استرخ مع بعض متعة مطابقة القطع اليوم.,Relájate con algo de diversión combinando bloques hoy.,Relájate con algo de diversión combinando bloques hoy.,Relaxe com alguma diversão combinando blocos hoje.,Relaxe com alguma diversão combinando blocos hoje.,Santai dengan keseruan mencocokkan blok hari ini.,Santai dengan keseruan mencocokkan blok hari ini.,Расслабься с весёлым сопоставлением блоков сегодня.,Расслабься с весёлым сопоставлением блоков сегодня.,Détends-toi avec du plaisir d'assortiment de blocs aujourd'hui.,Détends-toi avec du plaisir d'assortiment de blocs aujourd'hui.,ผ่อนคลายกับความสนุกในการจับคู่บล็อกวันนี้,ผ่อนคลายกับความสนุกในการจับคู่บล็อกวันนี้
20260701,https://d26ml67612e64s.cloudfront.net/block_blast/image/TOURNAMENT_END_MSG.jpg,"{""social"":""A2U_BETA"",""type"":""20260701""}",Challenge yourself with fresh puzzles right now.,Challenge yourself with fresh puzzles right now.,تحدى نفسك بألغاز جديدة الآن.,تحدى نفسك بألغاز جديدة الآن.,Desafíate con puzzles frescos ahora mismo.,Desafíate con puzzles frescos ahora mismo.,Desafie-se com puzzles frescos agora mesmo.,Desafie-se com puzzles frescos agora mesmo.,Tantang dirimu dengan puzzle segar sekarang juga.,Tantang dirimu dengan puzzle segar sekarang juga.,Брось себе вызов со свежими головоломками прямо сейчас.,Брось себе вызов со свежими головоломками прямо сейчас.,Défie-toi avec des puzzles frais dès maintenant.,Défie-toi avec des puzzles frais dès maintenant.,ท้าทายตัวเองด้วยปริศนาใหม่ตอนนี้เลย,ท้าทายตัวเองด้วยปริศนาใหม่ตอนนี้เลย
20260702,https://d26ml67612e64s.cloudfront.net/block_blast/image/TOURNAMENT_END_MSG.jpg,"{""social"":""A2U_BETA"",""type"":""20260702""}",Your puzzle board is waiting. Come match those blocks.,Your puzzle board is waiting. Come match those blocks.,لوحة الألغاز الخاصة بك تنتظر. تعال وطابق تلك القطع.,لوحة الألغاز الخاصة بك تنتظر. تعال وطابق تلك القطع.,Tu tablero de rompecabezas está esperando. Ven a combinar esos bloques.,Tu tablero de rompecabezas está esperando. Ven a combinar esos bloques.,Seu tabuleiro de quebra-cabeça está esperando. Venha combinar esses blocos.,Seu tabuleiro de quebra-cabeça está esperando. Venha combinar esses blocos.,Papan puzzlemu menunggu. Ayo padukan blok-blok itu.,Papan puzzlemu menunggu. Ayo padukan blok-blok itu.,Твоя головоломка ждёт. Приходи и сопоставляй эти блоки.,Твоя головоломка ждёт. Приходи и сопоставляй эти блоки.,Ton tableau de puzzle t'attend. Viens assortir ces blocs.,Ton tableau de puzzle t'attend. Viens assortir ces blocs.,กระดานปริศนาของคุณกำลังรอ มาจับคู่บล็อกเหล่านั้นกันเถอะ,กระดานปริศนาของคุณกำลังรอ มาจับคู่บล็อกเหล่านั้นกันเถอะ
20260703,https://d26ml67612e64s.cloudfront.net/block_blast/image/TOURNAMENT_END_MSG.jpg,"{""social"":""A2U_BETA"",""type"":""20260703""}",Ready for today's block challenge? Let's play.,Ready for today's block challenge? Let's play.,مستعد لتحدي القطع اليوم؟ هيا نلعب.,مستعد لتحدي القطع اليوم؟ هيا نلعب.,¿Listo para el desafío de bloques de hoy? Juguemos.,¿Listo para el desafío de bloques de hoy? Juguemos.,Pronto para o desafio de blocos de hoje? Vamos jogar.,Pronto para o desafio de blocos de hoje? Vamos jogar.,Siap untuk tantangan blok hari ini? Ayo main.,Siap untuk tantangan blok hari ini? Ayo main.,Готов к сегодняшнему испытанию блоками? Давай играть.,Готов к сегодняшнему испытанию блоками? Давай играть.,Prêt pour le défi de blocs d'aujourd'hui? Jouons.,Prêt pour le défi de blocs d'aujourd'hui? Jouons.,พร้อมสำหรับความท้าทายบล็อกวันนี้แล้วหรือยัง? มาเล่นกันเถอะ,พร้อมสำหรับความท้าทายบล็อกวันนี้แล้วหรือยัง? มาเล่นกันเถอะ
20260705,https://d26ml67612e64s.cloudfront.net/block_blast/image/TOURNAMENT_END_MSG.jpg,"{""social"":""A2U_BETA"",""type"":""20260705""}","Clear lines, score big. Start your daily puzzle now.","Clear lines, score big. Start your daily puzzle now.",امسح الخطوط، احرز نقاطاً كبيرة. ابدأ لغزك اليومي الآن.,امسح الخطوط، احرز نقاطاً كبيرة. ابدأ لغزك اليومي الآن.,"Borra líneas, anota en grande. Comienza tu puzzle diario ahora.","Borra líneas, anota en grande. Comienza tu puzzle diario ahora.","Limpe linhas, pontue alto. Comece seu puzzle diário agora.","Limpe linhas, pontue alto. Comece seu puzzle diário agora.","Hapus garis, skor besar. Mulai puzzle harianmu sekarang.","Hapus garis, skor besar. Mulai puzzle harianmu sekarang.","Очищай линии, зарабатывай много. Начни свою ежедневную головоломку сейчас.","Очищай линии, зарабатывай много. Начни свою ежедневную головоломку сейчас.","Efface des lignes, marque gros. Commence ton puzzle quotidien maintenant.","Efface des lignes, marque gros. Commence ton puzzle quotidien maintenant.",ล้างเส้น ทำคะแนนสูง เริ่มปริศนาประจำวันของคุณเดี๋ยวนี้,ล้างเส้น ทำคะแนนสูง เริ่มปริศนาประจำวันของคุณเดี๋ยวนี้
20260706,https://d26ml67612e64s.cloudfront.net/block_blast/image/TOURNAMENT_END_MSG.jpg,"{""social"":""A2U_BETA"",""type"":""20260706""}","New blocks, new challenges. Play Puzzle Block Master today.","New blocks, new challenges. Play Puzzle Block Master today.",قطع جديدة، تحديات جديدة. العب ماستر بلوك بازل اليوم.,قطع جديدة، تحديات جديدة. العب ماستر بلوك بازل اليوم.,"Nuevos bloques, nuevos desafíos. Juega Puzzle Block Master hoy.","Nuevos bloques, nuevos desafíos. Juega Puzzle Block Master hoy.","Novos blocos, novos desafios. Jogue Puzzle Block Master hoje.","Novos blocos, novos desafios. Jogue Puzzle Block Master hoje.","Blok baru, tantangan baru. Main Puzzle Block Master hari ini.","Blok baru, tantangan baru. Main Puzzle Block Master hari ini.","Новые блоки, новые испытания. Играй в Puzzle Block Master сегодня.","Новые блоки, новые испытания. Играй в Puzzle Block Master сегодня.","Nouveaux blocs, nouveaux défis. Joue à Puzzle Block Master aujourd'hui.","Nouveaux blocs, nouveaux défis. Joue à Puzzle Block Master aujourd'hui.",บล็อกใหม่ ความท้าทายใหม่ เล่น Puzzle Block Master วันนี้,บล็อกใหม่ ความท้าทายใหม่ เล่น Puzzle Block Master วันนี้
20260707,https://d26ml67612e64s.cloudfront.net/block_blast/image/TOURNAMENT_END_MSG.jpg,"{""social"":""A2U_BETA"",""type"":""20260707""}",Your brain needs a puzzle break. Come play now.,Your brain needs a puzzle break. Come play now.,عقلك يحتاج لاستراحة ألغاز. تعال والعب الآن.,عقلك يحتاج لاستراحة ألغاز. تعال والعب الآن.,Tu cerebro necesita un descanso de puzzles. Ven a jugar ahora.,Tu cerebro necesita un descanso de puzzles. Ven a jugar ahora.,Seu cérebro precisa de uma pausa para puzzles. Venha jogar agora.,Seu cérebro precisa de uma pausa para puzzles. Venha jogar agora.,Otakmu butuh istirahat puzzle. Ayo main sekarang.,Otakmu butuh istirahat puzzle. Ayo main sekarang.,Твоему мозгу нужна головоломка. Заходи играть сейчас.,Твоему мозгу нужна головоломка. Заходи играть сейчас.,Ton cerveau a besoin d'une pause puzzle. Viens jouer maintenant.,Ton cerveau a besoin d'une pause puzzle. Viens jouer maintenant.,สมองของคุณต้องการพักปริศนา มาเล่นเดี๋ยวนี้,สมองของคุณต้องการพักปริศนา มาเล่นเดี๋ยวนี้
20260708,https://d26ml67612e64s.cloudfront.net/block_blast/image/TOURNAMENT_END_MSG.jpg,"{""social"":""A2U_BETA"",""type"":""20260708""}","Stack, match, and clear. Today's puzzle awaits.","Stack, match, and clear. Today's puzzle awaits.",كدّس، طابق، وامسح. لغزك اليوم بانتظارك.,كدّس، طابق، وامسح. لغزك اليوم بانتظارك.,"Apila, combina y borra. Tu puzzle de hoy te espera.","Apila, combina y borra. Tu puzzle de hoy te espera.","Empilhe, combine e limpe. Seu puzzle de hoje aguarda.","Empilhe, combine e limpe. Seu puzzle de hoje aguarda.","Tumpuk, padukan, dan hapus. Puzzle hari ini menanti.","Tumpuk, padukan, dan hapus. Puzzle hari ini menanti.","Складывай, сопоставляй и очищай. Твоя головоломка на сегодня ждёт.","Складывай, сопоставляй и очищай. Твоя головоломка на сегодня ждёт.","Empile, assortis et efface. Ton puzzle d'aujourd'hui t'attend.","Empile, assortis et efface. Ton puzzle d'aujourd'hui t'attend.",เรียง จับคู่ และล้าง ปริศนาวันนี้รออยู่,เรียง จับคู่ และล้าง ปริศนาวันนี้รออยู่
20260709,https://d26ml67612e64s.cloudfront.net/block_blast/image/TOURNAMENT_END_MSG.jpg,"{""social"":""A2U_BETA"",""type"":""20260709""}",How many lines can you clear today? Find out now.,How many lines can you clear today? Find out now.,كم خطاً يمكنك مسحه اليوم؟ اكتشف الآن.,كم خطاً يمكنك مسحه اليوم؟ اكتشف الآن.,¿Cuántas líneas puedes borrar hoy? Descúbrelo ahora.,¿Cuántas líneas puedes borrar hoy? Descúbrelo ahora.,Quantas linhas você pode limpar hoje? Descubra agora.,Quantas linhas você pode limpar hoje? Descubra agora.,Berapa banyak garis yang bisa kamu hapus hari ini? Cari tahu sekarang.,Berapa banyak garis yang bisa kamu hapus hari ini? Cari tahu sekarang.,Сколько линий ты можешь очистить сегодня? Узнай сейчас.,Сколько линий ты можешь очистить сегодня? Узнай сейчас.,Combien de lignes peux-tu effacer aujourd'hui? Découvre-le maintenant.,Combien de lignes peux-tu effacer aujourd'hui? Découvre-le maintenant.,วันนี้คุณจะล้างได้กี่เส้น? มาดูกันเดี๋ยวนี้,วันนี้คุณจะล้างได้กี่เส้น? มาดูกันเดี๋ยวนี้
20260710,https://d26ml67612e64s.cloudfront.net/block_blast/image/TOURNAMENT_END_MSG.jpg,"{""social"":""A2U_BETA"",""type"":""20260710""}",Daily block fun is calling. Come play your favorite puzzle.,Daily block fun is calling. Come play your favorite puzzle.,متعة القطع اليومية تناديك. تعال والعب لغزك المفضل.,متعة القطع اليومية تناديك. تعال والعب لغزك المفضل.,La diversión diaria de bloques te llama. Ven a jugar tu puzzle favorito.,La diversión diaria de bloques te llama. Ven a jugar tu puzzle favorito.,A diversão diária de blocos está chamando. Venha jogar seu puzzle favorito.,A diversão diária de blocos está chamando. Venha jogar seu puzzle favorito.,Keseruan blok harian memanggilmu. Ayo main puzzle favoritmu.,Keseruan blok harian memanggilmu. Ayo main puzzle favoritmu.,Ежедневное веселье с блоками зовёт. Заходи играть в свою любимую головоломку.,Ежедневное веселье с блоками зовёт. Заходи играть в свою любимую головоломку.,Le plaisir quotidien des blocs t'appelle. Viens jouer à ton puzzle préféré.,Le plaisir quotidien des blocs t'appelle. Viens jouer à ton puzzle préféré.,ความสนุกบล็อกประจำวันกำลังเรียกหา มาเล่นปริศนาโปรดของคุณ,ความสนุกบล็อกประจำวันกำลังเรียกหา มาเล่นปริศนาโปรดของคุณ
20260712,https://d26ml67612e64s.cloudfront.net/block_blast/image/TOURNAMENT_END_MSG.jpg,"{""social"":""A2U_BETA"",""type"":""20260712""}",Master the board today. Your blocks are ready.,Master the board today. Your blocks are ready.,أتقن اللوحة اليوم. قطعك جاهزة.,أتقن اللوحة اليوم. قطعك جاهزة.,Domina el tablero hoy. Tus bloques están listos.,Domina el tablero hoy. Tus bloques están listos.,Domine o tabuleiro hoje. Seus blocos estão prontos.,Domine o tabuleiro hoje. Seus blocos estão prontos.,Kuasai papan hari ini. Blokmu sudah siap.,Kuasai papan hari ini. Blokmu sudah siap.,Освой доску сегодня. Твои блоки готовы.,Освой доску сегодня. Твои блоки готовы.,Maîtrise le tableau aujourd'hui. Tes blocs sont prêts.,Maîtrise le tableau aujourd'hui. Tes blocs sont prêts.,มาเชี่ยวชาญกระดานวันนี้ บล็อกของคุณพร้อมแล้ว,มาเชี่ยวชาญกระดานวันนี้ บล็อกของคุณพร้อมแล้ว
20260713,https://d26ml67612e64s.cloudfront.net/block_blast/image/TOURNAMENT_END_MSG.jpg,"{""social"":""A2U_BETA"",""type"":""20260713""}",Take a puzzle break and clear the board today.,Take a puzzle break and clear the board today.,خذ استراحة ألغاز وامسح اللوحة اليوم.,خذ استراحة ألغاز وامسح اللوحة اليوم.,Toma un descanso de puzzles y despeja el tablero hoy.,Toma un descanso de puzzles y despeja el tablero hoy.,Faça uma pausa para puzzles e limpe o tabuleiro hoje.,Faça uma pausa para puzzles e limpe o tabuleiro hoje.,Istirahat puzzle dan bersihkan papan hari ini.,Istirahat puzzle dan bersihkan papan hari ini.,Сделай перерыв на головоломку и очисти доску сегодня.,Сделай перерыв на головоломку и очисти доску сегодня.,Prends une pause puzzle et vide le tableau aujourd'hui.,Prends une pause puzzle et vide le tableau aujourd'hui.,พักปริศนาและล้างกระดานวันนี้,พักปริศนาและล้างกระดานวันนี้
20260714,https://d26ml67612e64s.cloudfront.net/block_blast/image/TOURNAMENT_END_MSG.jpg,"{""social"":""A2U_BETA"",""type"":""20260714""}",Your next high score is waiting. Come play now.,Your next high score is waiting. Come play now.,أعلى نتيجة تاليه لك تنتظرك. تعال والعب الآن.,أعلى نتيجة تاليه لك تنتظرك. تعال والعب الآن.,Tu próxima puntuación alta está esperando. Ven a jugar ahora.,Tu próxima puntuación alta está esperando. Ven a jugar ahora.,Sua próxima pontuação alta está esperando. Venha jogar agora.,Sua próxima pontuação alta está esperando. Venha jogar agora.,Skor tertinggi berikutnya menunggumu. Ayo main sekarang.,Skor tertinggi berikutnya menunggumu. Ayo main sekarang.,Твой следующий рекорд ждёт. Заходи играть сейчас.,Твой следующий рекорд ждёт. Заходи играть сейчас.,Ton prochain score élevé t'attend. Viens jouer maintenant.,Ton prochain score élevé t'attend. Viens jouer maintenant.,คะแนนสูงถัดไปของคุณกำลังรอ มาเล่นเดี๋ยวนี้,คะแนนสูงถัดไปของคุณกำลังรอ มาเล่นเดี๋ยวนี้
20260715,https://d26ml67612e64s.cloudfront.net/block_blast/image/TOURNAMENT_END_MSG.jpg,"{""social"":""A2U_BETA"",""type"":""20260715""}",Relax with some block-matching fun today.,Relax with some block-matching fun today.,استرخ مع بعض متعة مطابقة القطع اليوم.,استرخ مع بعض متعة مطابقة القطع اليوم.,Relájate con algo de diversión combinando bloques hoy.,Relájate con algo de diversión combinando bloques hoy.,Relaxe com alguma diversão combinando blocos hoje.,Relaxe com alguma diversão combinando blocos hoje.,Santai dengan keseruan mencocokkan blok hari ini.,Santai dengan keseruan mencocokkan blok hari ini.,Расслабься с весёлым сопоставлением блоков сегодня.,Расслабься с весёлым сопоставлением блоков сегодня.,Détends-toi avec du plaisir d'assortiment de blocs aujourd'hui.,Détends-toi avec du plaisir d'assortiment de blocs aujourd'hui.,ผ่อนคลายกับความสนุกในการจับคู่บล็อกวันนี้,ผ่อนคลายกับความสนุกในการจับคู่บล็อกวันนี้
20260716,https://d26ml67612e64s.cloudfront.net/block_blast/image/TOURNAMENT_END_MSG.jpg,"{""social"":""A2U_BETA"",""type"":""20260716""}",Challenge yourself with fresh puzzles right now.,Challenge yourself with fresh puzzles right now.,تحدى نفسك بألغاز جديدة الآن.,تحدى نفسك بألغاز جديدة الآن.,Desafíate con puzzles frescos ahora mismo.,Desafíate con puzzles frescos ahora mismo.,Desafie-se com puzzles frescos agora mesmo.,Desafie-se com puzzles frescos agora mesmo.,Tantang dirimu dengan puzzle segar sekarang juga.,Tantang dirimu dengan puzzle segar sekarang juga.,Брось себе вызов со свежими головоломками прямо сейчас.,Брось себе вызов со свежими головоломками прямо сейчас.,Défie-toi avec des puzzles frais dès maintenant.,Défie-toi avec des puzzles frais dès maintenant.,ท้าทายตัวเองด้วยปริศนาใหม่ตอนนี้เลย,ท้าทายตัวเองด้วยปริศนาใหม่ตอนนี้เลย
20260717,https://d26ml67612e64s.cloudfront.net/block_blast/image/TOURNAMENT_END_MSG.jpg,"{""social"":""A2U_BETA"",""type"":""20260717""}",Fill those lines and feel the satisfaction. Play today.,Fill those lines and feel the satisfaction. Play today.,املأ تلك الخطوط واشعر بالرضا. العب اليوم.,املأ تلك الخطوط واشعر بالرضا. العب اليوم.,Llena esas líneas y siente la satisfacción. Juega hoy.,Llena esas líneas y siente la satisfacción. Juega hoy.,Preencha essas linhas e sinta a satisfação. Jogue hoje.,Preencha essas linhas e sinta a satisfação. Jogue hoje.,Isi garis-garis itu dan rasakan kepuasannya. Main hari ini.,Isi garis-garis itu dan rasakan kepuasannya. Main hari ini.,Заполни эти линии и почувствуй удовлетворение. Играй сегодня.,Заполни эти линии и почувствуй удовлетворение. Играй сегодня.,Remplis ces lignes et ressens la satisfaction. Joue aujourd'hui.,Remplis ces lignes et ressens la satisfaction. Joue aujourd'hui.,เติมเส้นเหล่านั้นและรู้สึกถึงความพึงพอใจ เล่นวันนี้,เติมเส้นเหล่านั้นและรู้สึกถึงความพึงพอใจ เล่นวันนี้
20260719,https://d26ml67612e64s.cloudfront.net/block_blast/image/TOURNAMENT_END_MSG.jpg,"{""social"":""A2U_BETA"",""type"":""20260719""}",Perfect time for a quick puzzle session.,Perfect time for a quick puzzle session.,الوقت المثالي لجلسة ألغاز سريعة.,الوقت المثالي لجلسة ألغاز سريعة.,Momento perfecto para una sesión rápida de puzzles.,Momento perfecto para una sesión rápida de puzzles.,Momento perfeito para uma sessão rápida de puzzles.,Momento perfeito para uma sessão rápida de puzzles.,Waktu sempurna untuk sesi puzzle cepat.,Waktu sempurna untuk sesi puzzle cepat.,Идеальное время для быстрой головоломки.,Идеальное время для быстрой головоломки.,Moment parfait pour une session de puzzle rapide.,Moment parfait pour une session de puzzle rapide.,เวลาที่สมบูรณ์แบบสำหรับช่วงปริศนาสั้นๆ,เวลาที่สมบูรณ์แบบสำหรับช่วงปริศนาสั้นๆ
20260720,https://d26ml67612e64s.cloudfront.net/block_blast/image/TOURNAMENT_END_MSG.jpg,"{""social"":""A2U_BETA"",""type"":""20260720""}",Your blocks won't arrange themselves. Jump in now.,Your blocks won't arrange themselves. Jump in now.,قطعك لن ترتب نفسها. اقفز للداخل الآن.,قطعك لن ترتب نفسها. اقفز للداخل الآن.,Tus bloques no se organizarán solos. Salta ahora.,Tus bloques no se organizarán solos. Salta ahora.,Seus blocos não vão se organizar sozinhos. Pule agora.,Seus blocos não vão se organizar sozinhos. Pule agora.,Blokmu tidak akan mengatur dirinya sendiri. Lompat sekarang.,Blokmu tidak akan mengatur dirinya sendiri. Lompat sekarang.,Твои блоки не расставятся сами. Заходи сейчас.,Твои блоки не расставятся сами. Заходи сейчас.,Tes blocs ne s'arrangeront pas tout seuls. Saute maintenant.,Tes blocs ne s'arrangeront pas tout seuls. Saute maintenant.,บล็อกของคุณจะไม่จัดเรียงตัวเอง กระโดดเข้ามาเดี๋ยวนี้,บล็อกของคุณจะไม่จัดเรียงตัวเอง กระโดดเข้ามาเดี๋ยวนี้
20260721,https://d26ml67612e64s.cloudfront.net/block_blast/image/TOURNAMENT_END_MSG.jpg,"{""social"":""A2U_BETA"",""type"":""20260721""}",Beat your best score today. Start playing now.,Beat your best score today. Start playing now.,اهزم أفضل نتيجة لك اليوم. ابدأ اللعب الآن.,اهزم أفضل نتيجة لك اليوم. ابدأ اللعب الآن.,Supera tu mejor puntuación hoy. Empieza a jugar ahora.,Supera tu mejor puntuación hoy. Empieza a jugar ahora.,Bata sua melhor pontuação hoje. Comece a jogar agora.,Bata sua melhor pontuação hoje. Comece a jogar agora.,Kalahkan skor terbaikmu hari ini. Mulai main sekarang.,Kalahkan skor terbaikmu hari ini. Mulai main sekarang.,Побей свой лучший результат сегодня. Начни играть сейчас.,Побей свой лучший результат сегодня. Начни играть сейчас.,Bats ton meilleur score aujourd'hui. Commence à jouer maintenant.,Bats ton meilleur score aujourd'hui. Commence à jouer maintenant.,เอาชนะคะแนนที่ดีที่สุดของคุณวันนี้ เริ่มเล่นเดี๋ยวนี้,เอาชนะคะแนนที่ดีที่สุดของคุณวันนี้ เริ่มเล่นเดี๋ยวนี้
20260722,https://d26ml67612e64s.cloudfront.net/block_blast/image/TOURNAMENT_END_MSG.jpg,"{""social"":""A2U_BETA"",""type"":""20260722""}",A few minutes of puzzle fun awaits you.,A few minutes of puzzle fun awaits you.,بضع دقائق من متعة الألغاز تنتظرك.,بضع دقائق من متعة الألغاز تنتظرك.,Unos minutos de diversión con puzzles te esperan.,Unos minutos de diversión con puzzles te esperan.,Alguns minutos de diversão com puzzles aguardam você.,Alguns minutos de diversão com puzzles aguardam você.,Beberapa menit keseruan puzzle menantimu.,Beberapa menit keseruan puzzle menantimu.,Несколько минут головоломки ждут тебя.,Несколько минут головоломки ждут тебя.,Quelques minutes de plaisir puzzle t'attendent.,Quelques minutes de plaisir puzzle t'attendent.,ความสนุกปริศนาไม่กี่นาทีรอคุณอยู่,ความสนุกปริศนาไม่กี่นาทีรอคุณอยู่
20260723,https://d26ml67612e64s.cloudfront.net/block_blast/image/TOURNAMENT_END_MSG.jpg,"{""social"":""A2U_BETA"",""type"":""20260723""}",Keep your mind sharp with today's block challenge.,Keep your mind sharp with today's block challenge.,حافظ على حدة ذهنك مع تحدي القطع اليوم.,حافظ على حدة ذهنك مع تحدي القطع اليوم.,Mantén tu mente aguda con el desafío de bloques de hoy.,Mantén tu mente aguda con el desafío de bloques de hoy.,Mantenha sua mente afiada com o desafio de blocos de hoje.,Mantenha sua mente afiada com o desafio de blocos de hoje.,Jaga ketajaman pikiranmu dengan tantangan blok hari ini.,Jaga ketajaman pikiranmu dengan tantangan blok hari ini.,Держи свой ум острым с сегодняшним испытанием блоками.,Держи свой ум острым с сегодняшним испытанием блоками.,Garde ton esprit vif avec le défi de blocs d'aujourd'hui.,Garde ton esprit vif avec le défi de blocs d'aujourd'hui.,รักษาสมองของคุณให้แหลมคมด้วยความท้าทายบล็อกวันนี้,รักษาสมองของคุณให้แหลมคมด้วยความท้าทายบล็อกวันนี้
20260724,https://d26ml67612e64s.cloudfront.net/block_blast/image/TOURNAMENT_END_MSG.jpg,"{""social"":""A2U_BETA"",""type"":""20260724""}",Time to clear some lines. Jump in and play today.,Time to clear some lines. Jump in and play today.,حان وقت مسح بعض الخطوط. اقفز والعب اليوم.,حان وقت مسح بعض الخطوط. اقفز والعب اليوم.,Hora de borrar algunas líneas. Salta y juega hoy.,Hora de borrar algunas líneas. Salta y juega hoy.,Hora de limpar algumas linhas. Pule e jogue hoje.,Hora de limpar algumas linhas. Pule e jogue hoje.,Waktunya hapus beberapa garis. Lompat dan main hari ini.,Waktunya hapus beberapa garis. Lompat dan main hari ini.,Время очистить несколько линий. Заходи и играй сегодня.,Время очистить несколько линий. Заходи и играй сегодня.,Il est temps d'effacer quelques lignes. Saute et joue aujourd'hui.,Il est temps d'effacer quelques lignes. Saute et joue aujourd'hui.,ถึงเวลาล้างบางเส้นแล้ว กระโดดเข้ามาเล่นวันนี้,ถึงเวลาล้างบางเส้นแล้ว กระโดดเข้ามาเล่นวันนี้
20260726,https://d26ml67612e64s.cloudfront.net/block_blast/image/TOURNAMENT_END_MSG.jpg,"{""social"":""A2U_BETA"",""type"":""20260726""}",Your puzzle board is waiting. Come match those blocks.,Your puzzle board is waiting. Come match those blocks.,لوحة الألغاز الخاصة بك تنتظر. تعال وطابق تلك القطع.,لوحة الألغاز الخاصة بك تنتظر. تعال وطابق تلك القطع.,Tu tablero de rompecabezas está esperando. Ven a combinar esos bloques.,Tu tablero de rompecabezas está esperando. Ven a combinar esos bloques.,Seu tabuleiro de quebra-cabeça está esperando. Venha combinar esses blocos.,Seu tabuleiro de quebra-cabeça está esperando. Venha combinar esses blocos.,Papan puzzlemu menunggu. Ayo padukan blok-blok itu.,Papan puzzlemu menunggu. Ayo padukan blok-blok itu.,Твоя головоломка ждёт. Приходи и сопоставляй эти блоки.,Твоя головоломка ждёт. Приходи и сопоставляй эти блоки.,Ton tableau de puzzle t'attend. Viens assortir ces blocs.,Ton tableau de puzzle t'attend. Viens assortir ces blocs.,กระดานปริศนาของคุณกำลังรอ มาจับคู่บล็อกเหล่านั้นกันเถอะ,กระดานปริศนาของคุณกำลังรอ มาจับคู่บล็อกเหล่านั้นกันเถอะ
20260727,https://d26ml67612e64s.cloudfront.net/block_blast/image/TOURNAMENT_END_MSG.jpg,"{""social"":""A2U_BETA"",""type"":""20260727""}",Ready for today's block challenge? Let's play.,Ready for today's block challenge? Let's play.,مستعد لتحدي القطع اليوم؟ هيا نلعب.,مستعد لتحدي القطع اليوم؟ هيا نلعب.,¿Listo para el desafío de bloques de hoy? Juguemos.,¿Listo para el desafío de bloques de hoy? Juguemos.,Pronto para o desafio de blocos de hoje? Vamos jogar.,Pronto para o desafio de blocos de hoje? Vamos jogar.,Siap untuk tantangan blok hari ini? Ayo main.,Siap untuk tantangan blok hari ini? Ayo main.,Готов к сегодняшнему испытанию блоками? Давай играть.,Готов к сегодняшнему испытанию блоками? Давай играть.,Prêt pour le défi de blocs d'aujourd'hui? Jouons.,Prêt pour le défi de blocs d'aujourd'hui? Jouons.,พร้อมสำหรับความท้าทายบล็อกวันนี้แล้วหรือยัง? มาเล่นกันเถอะ,พร้อมสำหรับความท้าทายบล็อกวันนี้แล้วหรือยัง? มาเล่นกันเถอะ
20260728,https://d26ml67612e64s.cloudfront.net/block_blast/image/TOURNAMENT_END_MSG.jpg,"{""social"":""A2U_BETA"",""type"":""20260728""}","Clear lines, score big. Start your daily puzzle now.","Clear lines, score big. Start your daily puzzle now.",امسح الخطوط، احرز نقاطاً كبيرة. ابدأ لغزك اليومي الآن.,امسح الخطوط، احرز نقاطاً كبيرة. ابدأ لغزك اليومي الآن.,"Borra líneas, anota en grande. Comienza tu puzzle diario ahora.","Borra líneas, anota en grande. Comienza tu puzzle diario ahora.","Limpe linhas, pontue alto. Comece seu puzzle diário agora.","Limpe linhas, pontue alto. Comece seu puzzle diário agora.","Hapus garis, skor besar. Mulai puzzle harianmu sekarang.","Hapus garis, skor besar. Mulai puzzle harianmu sekarang.","Очищай линии, зарабатывай много. Начни свою ежедневную головоломку сейчас.","Очищай линии, зарабатывай много. Начни свою ежедневную головоломку сейчас.","Efface des lignes, marque gros. Commence ton puzzle quotidien maintenant.","Efface des lignes, marque gros. Commence ton puzzle quotidien maintenant.",ล้างเส้น ทำคะแนนสูง เริ่มปริศนาประจำวันของคุณเดี๋ยวนี้,ล้างเส้น ทำคะแนนสูง เริ่มปริศนาประจำวันของคุณเดี๋ยวนี้
20260729,https://d26ml67612e64s.cloudfront.net/block_blast/image/TOURNAMENT_END_MSG.jpg,"{""social"":""A2U_BETA"",""type"":""20260729""}","New blocks, new challenges. Play Puzzle Block Master today.","New blocks, new challenges. Play Puzzle Block Master today.",قطع جديدة، تحديات جديدة. العب ماستر بلوك بازل اليوم.,قطع جديدة، تحديات جديدة. العب ماستر بلوك بازل اليوم.,"Nuevos bloques, nuevos desafíos. Juega Puzzle Block Master hoy.","Nuevos bloques, nuevos desafíos. Juega Puzzle Block Master hoy.","Novos blocos, novos desafios. Jogue Puzzle Block Master hoje.","Novos blocos, novos desafios. Jogue Puzzle Block Master hoje.","Blok baru, tantangan baru. Main Puzzle Block Master hari ini.","Blok baru, tantangan baru. Main Puzzle Block Master hari ini.","Новые блоки, новые испытания. Играй в Puzzle Block Master сегодня.","Новые блоки, новые испытания. Играй в Puzzle Block Master сегодня.","Nouveaux blocs, nouveaux défis. Joue à Puzzle Block Master aujourd'hui.","Nouveaux blocs, nouveaux défis. Joue à Puzzle Block Master aujourd'hui.",บล็อกใหม่ ความท้าทายใหม่ เล่น Puzzle Block Master วันนี้,บล็อกใหม่ ความท้าทายใหม่ เล่น Puzzle Block Master วันนี้
20260730,https://d26ml67612e64s.cloudfront.net/block_blast/image/TOURNAMENT_END_MSG.jpg,"{""social"":""A2U_BETA"",""type"":""20260730""}",Your brain needs a puzzle break. Come play now.,Your brain needs a puzzle break. Come play now.,عقلك يحتاج لاستراحة ألغاز. تعال والعب الآن.,عقلك يحتاج لاستراحة ألغاز. تعال والعب الآن.,Tu cerebro necesita un descanso de puzzles. Ven a jugar ahora.,Tu cerebro necesita un descanso de puzzles. Ven a jugar ahora.,Seu cérebro precisa de uma pausa para puzzles. Venha jogar agora.,Seu cérebro precisa de uma pausa para puzzles. Venha jogar agora.,Otakmu butuh istirahat puzzle. Ayo main sekarang.,Otakmu butuh istirahat puzzle. Ayo main sekarang.,Твоему мозгу нужна головоломка. Заходи играть сейчас.,Твоему мозгу нужна головоломка. Заходи играть сейчас.,Ton cerveau a besoin d'une pause puzzle. Viens jouer maintenant.,Ton cerveau a besoin d'une pause puzzle. Viens jouer maintenant.,สมองของคุณต้องการพักปริศนา มาเล่นเดี๋ยวนี้,สมองของคุณต้องการพักปริศนา มาเล่นเดี๋ยวนี้
20260731,https://d26ml67612e64s.cloudfront.net/block_blast/image/TOURNAMENT_END_MSG.jpg,"{""social"":""A2U_BETA"",""type"":""20260731""}","Stack, match, and clear. Today's puzzle awaits.","Stack, match, and clear. Today's puzzle awaits.",كدّس، طابق، وامسح. لغزك اليوم بانتظارك.,كدّس، طابق، وامسح. لغزك اليوم بانتظارك.,"Apila, combina y borra. Tu puzzle de hoy te espera.","Apila, combina y borra. Tu puzzle de hoy te espera.","Empilhe, combine e limpe. Seu puzzle de hoje aguarda.","Empilhe, combine e limpe. Seu puzzle de hoje aguarda.","Tumpuk, padukan, dan hapus. Puzzle hari ini menanti.","Tumpuk, padukan, dan hapus. Puzzle hari ini menanti.","Складывай, сопоставляй и очищай. Твоя головоломка на сегодня ждёт.","Складывай, сопоставляй и очищай. Твоя головоломка на сегодня ждёт.","Empile, assortis et efface. Ton puzzle d'aujourd'hui t'attend.","Empile, assortis et efface. Ton puzzle d'aujourd'hui t'attend.",เรียง จับคู่ และล้าง ปริศนาวันนี้รออยู่,เรียง จับคู่ และล้าง ปริศนาวันนี้รออยู่
20260802,https://d26ml67612e64s.cloudfront.net/block_blast/image/TOURNAMENT_END_MSG.jpg,"{""social"":""A2U_BETA"",""type"":""20260802""}",How many lines can you clear today? Find out now.,How many lines can you clear today? Find out now.,كم خطاً يمكنك مسحه اليوم؟ اكتشف الآن.,كم خطاً يمكنك مسحه اليوم؟ اكتشف الآن.,¿Cuántas líneas puedes borrar hoy? Descúbrelo ahora.,¿Cuántas líneas puedes borrar hoy? Descúbrelo ahora.,Quantas linhas você pode limpar hoje? Descubra agora.,Quantas linhas você pode limpar hoje? Descubra agora.,Berapa banyak garis yang bisa kamu hapus hari ini? Cari tahu sekarang.,Berapa banyak garis yang bisa kamu hapus hari ini? Cari tahu sekarang.,Сколько линий ты можешь очистить сегодня? Узнай сейчас.,Сколько линий ты можешь очистить сегодня? Узнай сейчас.,Combien de lignes peux-tu effacer aujourd'hui? Découvre-le maintenant.,Combien de lignes peux-tu effacer aujourd'hui? Découvre-le maintenant.,วันนี้คุณจะล้างได้กี่เส้น? มาดูกันเดี๋ยวนี้,วันนี้คุณจะล้างได้กี่เส้น? มาดูกันเดี๋ยวนี้
20260803,https://d26ml67612e64s.cloudfront.net/block_blast/image/TOURNAMENT_END_MSG.jpg,"{""social"":""A2U_BETA"",""type"":""20260803""}",Daily block fun is calling. Come play your favorite puzzle.,Daily block fun is calling. Come play your favorite puzzle.,متعة القطع اليومية تناديك. تعال والعب لغزك المفضل.,متعة القطع اليومية تناديك. تعال والعب لغزك المفضل.,La diversión diaria de bloques te llama. Ven a jugar tu puzzle favorito.,La diversión diaria de bloques te llama. Ven a jugar tu puzzle favorito.,A diversão diária de blocos está chamando. Venha jogar seu puzzle favorito.,A diversão diária de blocos está chamando. Venha jogar seu puzzle favorito.,Keseruan blok harian memanggilmu. Ayo main puzzle favoritmu.,Keseruan blok harian memanggilmu. Ayo main puzzle favoritmu.,Ежедневное веселье с блоками зовёт. Заходи играть в свою любимую головоломку.,Ежедневное веселье с блоками зовёт. Заходи играть в свою любимую головоломку.,Le plaisir quotidien des blocs t'appelle. Viens jouer à ton puzzle préféré.,Le plaisir quotidien des blocs t'appelle. Viens jouer à ton puzzle préféré.,ความสนุกบล็อกประจำวันกำลังเรียกหา มาเล่นปริศนาโปรดของคุณ,ความสนุกบล็อกประจำวันกำลังเรียกหา มาเล่นปริศนาโปรดของคุณ
20260804,https://d26ml67612e64s.cloudfront.net/block_blast/image/TOURNAMENT_END_MSG.jpg,"{""social"":""A2U_BETA"",""type"":""20260804""}",Master the board today. Your blocks are ready.,Master the board today. Your blocks are ready.,أتقن اللوحة اليوم. قطعك جاهزة.,أتقن اللوحة اليوم. قطعك جاهزة.,Domina el tablero hoy. Tus bloques están listos.,Domina el tablero hoy. Tus bloques están listos.,Domine o tabuleiro hoje. Seus blocos estão prontos.,Domine o tabuleiro hoje. Seus blocos estão prontos.,Kuasai papan hari ini. Blokmu sudah siap.,Kuasai papan hari ini. Blokmu sudah siap.,Освой доску сегодня. Твои блоки готовы.,Освой доску сегодня. Твои блоки готовы.,Maîtrise le tableau aujourd'hui. Tes blocs sont prêts.,Maîtrise le tableau aujourd'hui. Tes blocs sont prêts.,มาเชี่ยวชาญกระดานวันนี้ บล็อกของคุณพร้อมแล้ว,มาเชี่ยวชาญกระดานวันนี้ บล็อกของคุณพร้อมแล้ว
20260805,https://d26ml67612e64s.cloudfront.net/block_blast/image/TOURNAMENT_END_MSG.jpg,"{""social"":""A2U_BETA"",""type"":""20260805""}",Take a puzzle break and clear the board today.,Take a puzzle break and clear the board today.,خذ استراحة ألغاز وامسح اللوحة اليوم.,خذ استراحة ألغاز وامسح اللوحة اليوم.,Toma un descanso de puzzles y despeja el tablero hoy.,Toma un descanso de puzzles y despeja el tablero hoy.,Faça uma pausa para puzzles e limpe o tabuleiro hoje.,Faça uma pausa para puzzles e limpe o tabuleiro hoje.,Istirahat puzzle dan bersihkan papan hari ini.,Istirahat puzzle dan bersihkan papan hari ini.,Сделай перерыв на головоломку и очисти доску сегодня.,Сделай перерыв на головоломку и очисти доску сегодня.,Prends une pause puzzle et vide le tableau aujourd'hui.,Prends une pause puzzle et vide le tableau aujourd'hui.,พักปริศนาและล้างกระดานวันนี้,พักปริศนาและล้างกระดานวันนี้
20260806,https://d26ml67612e64s.cloudfront.net/block_blast/image/TOURNAMENT_END_MSG.jpg,"{""social"":""A2U_BETA"",""type"":""20260806""}",Your next high score is waiting. Come play now.,Your next high score is waiting. Come play now.,أعلى نتيجة تاليه لك تنتظرك. تعال والعب الآن.,أعلى نتيجة تاليه لك تنتظرك. تعال والعب الآن.,Tu próxima puntuación alta está esperando. Ven a jugar ahora.,Tu próxima puntuación alta está esperando. Ven a jugar ahora.,Sua próxima pontuação alta está esperando. Venha jogar agora.,Sua próxima pontuação alta está esperando. Venha jogar agora.,Skor tertinggi berikutnya menunggumu. Ayo main sekarang.,Skor tertinggi berikutnya menunggumu. Ayo main sekarang.,Твой следующий рекорд ждёт. Заходи играть сейчас.,Твой следующий рекорд ждёт. Заходи играть сейчас.,Ton prochain score élevé t'attend. Viens jouer maintenant.,Ton prochain score élevé t'attend. Viens jouer maintenant.,คะแนนสูงถัดไปของคุณกำลังรอ มาเล่นเดี๋ยวนี้,คะแนนสูงถัดไปของคุณกำลังรอ มาเล่นเดี๋ยวนี้
20260807,https://d26ml67612e64s.cloudfront.net/block_blast/image/TOURNAMENT_END_MSG.jpg,"{""social"":""A2U_BETA"",""type"":""20260807""}",Relax with some block-matching fun today.,Relax with some block-matching fun today.,استرخ مع بعض متعة مطابقة القطع اليوم.,استرخ مع بعض متعة مطابقة القطع اليوم.,Relájate con algo de diversión combinando bloques hoy.,Relájate con algo de diversión combinando bloques hoy.,Relaxe com alguma diversão combinando blocos hoje.,Relaxe com alguma diversão combinando blocos hoje.,Santai dengan keseruan mencocokkan blok hari ini.,Santai dengan keseruan mencocokkan blok hari ini.,Расслабься с весёлым сопоставлением блоков сегодня.,Расслабься с весёлым сопоставлением блоков сегодня.,Détends-toi avec du plaisir d'assortiment de blocs aujourd'hui.,Détends-toi avec du plaisir d'assortiment de blocs aujourd'hui.,ผ่อนคลายกับความสนุกในการจับคู่บล็อกวันนี้,ผ่อนคลายกับความสนุกในการจับคู่บล็อกวันนี้
20260809,https://d26ml67612e64s.cloudfront.net/block_blast/image/TOURNAMENT_END_MSG.jpg,"{""social"":""A2U_BETA"",""type"":""20260809""}",Challenge yourself with fresh puzzles right now.,Challenge yourself with fresh puzzles right now.,تحدى نفسك بألغاز جديدة الآن.,تحدى نفسك بألغاز جديدة الآن.,Desafíate con puzzles frescos ahora mismo.,Desafíate con puzzles frescos ahora mismo.,Desafie-se com puzzles frescos agora mesmo.,Desafie-se com puzzles frescos agora mesmo.,Tantang dirimu dengan puzzle segar sekarang juga.,Tantang dirimu dengan puzzle segar sekarang juga.,Брось себе вызов со свежими головоломками прямо сейчас.,Брось себе вызов со свежими головоломками прямо сейчас.,Défie-toi avec des puzzles frais dès maintenant.,Défie-toi avec des puzzles frais dès maintenant.,ท้าทายตัวเองด้วยปริศนาใหม่ตอนนี้เลย,ท้าทายตัวเองด้วยปริศนาใหม่ตอนนี้เลย
20260810,https://d26ml67612e64s.cloudfront.net/block_blast/image/TOURNAMENT_END_MSG.jpg,"{""social"":""A2U_BETA"",""type"":""20260810""}",Fill those lines and feel the satisfaction. Play today.,Fill those lines and feel the satisfaction. Play today.,املأ تلك الخطوط واشعر بالرضا. العب اليوم.,املأ تلك الخطوط واشعر بالرضا. العب اليوم.,Llena esas líneas y siente la satisfacción. Juega hoy.,Llena esas líneas y siente la satisfacción. Juega hoy.,Preencha essas linhas e sinta a satisfação. Jogue hoje.,Preencha essas linhas e sinta a satisfação. Jogue hoje.,Isi garis-garis itu dan rasakan kepuasannya. Main hari ini.,Isi garis-garis itu dan rasakan kepuasannya. Main hari ini.,Заполни эти линии и почувствуй удовлетворение. Играй сегодня.,Заполни эти линии и почувствуй удовлетворение. Играй сегодня.,Remplis ces lignes et ressens la satisfaction. Joue aujourd'hui.,Remplis ces lignes et ressens la satisfaction. Joue aujourd'hui.,เติมเส้นเหล่านั้นและรู้สึกถึงความพึงพอใจ เล่นวันนี้,เติมเส้นเหล่านั้นและรู้สึกถึงความพึงพอใจ เล่นวันนี้
20260811,https://d26ml67612e64s.cloudfront.net/block_blast/image/TOURNAMENT_END_MSG.jpg,"{""social"":""A2U_BETA"",""type"":""20260811""}",Perfect time for a quick puzzle session.,Perfect time for a quick puzzle session.,الوقت المثالي لجلسة ألغاز سريعة.,الوقت المثالي لجلسة ألغاز سريعة.,Momento perfecto para una sesión rápida de puzzles.,Momento perfecto para una sesión rápida de puzzles.,Momento perfeito para uma sessão rápida de puzzles.,Momento perfeito para uma sessão rápida de puzzles.,Waktu sempurna untuk sesi puzzle cepat.,Waktu sempurna untuk sesi puzzle cepat.,Идеальное время для быстрой головоломки.,Идеальное время для быстрой головоломки.,Moment parfait pour une session de puzzle rapide.,Moment parfait pour une session de puzzle rapide.,เวลาที่สมบูรณ์แบบสำหรับช่วงปริศนาสั้นๆ,เวลาที่สมบูรณ์แบบสำหรับช่วงปริศนาสั้นๆ
20260812,https://d26ml67612e64s.cloudfront.net/block_blast/image/TOURNAMENT_END_MSG.jpg,"{""social"":""A2U_BETA"",""type"":""20260812""}",Your blocks won't arrange themselves. Jump in now.,Your blocks won't arrange themselves. Jump in now.,قطعك لن ترتب نفسها. اقفز للداخل الآن.,قطعك لن ترتب نفسها. اقفز للداخل الآن.,Tus bloques no se organizarán solos. Salta ahora.,Tus bloques no se organizarán solos. Salta ahora.,Seus blocos não vão se organizar sozinhos. Pule agora.,Seus blocos não vão se organizar sozinhos. Pule agora.,Blokmu tidak akan mengatur dirinya sendiri. Lompat sekarang.,Blokmu tidak akan mengatur dirinya sendiri. Lompat sekarang.,Твои блоки не расставятся сами. Заходи сейчас.,Твои блоки не расставятся сами. Заходи сейчас.,Tes blocs ne s'arrangeront pas tout seuls. Saute maintenant.,Tes blocs ne s'arrangeront pas tout seuls. Saute maintenant.,บล็อกของคุณจะไม่จัดเรียงตัวเอง กระโดดเข้ามาเดี๋ยวนี้,บล็อกของคุณจะไม่จัดเรียงตัวเอง กระโดดเข้ามาเดี๋ยวนี้
20260813,https://d26ml67612e64s.cloudfront.net/block_blast/image/TOURNAMENT_END_MSG.jpg,"{""social"":""A2U_BETA"",""type"":""20260813""}",Beat your best score today. Start playing now.,Beat your best score today. Start playing now.,اهزم أفضل نتيجة لك اليوم. ابدأ اللعب الآن.,اهزم أفضل نتيجة لك اليوم. ابدأ اللعب الآن.,Supera tu mejor puntuación hoy. Empieza a jugar ahora.,Supera tu mejor puntuación hoy. Empieza a jugar ahora.,Bata sua melhor pontuação hoje. Comece a jogar agora.,Bata sua melhor pontuação hoje. Comece a jogar agora.,Kalahkan skor terbaikmu hari ini. Mulai main sekarang.,Kalahkan skor terbaikmu hari ini. Mulai main sekarang.,Побей свой лучший результат сегодня. Начни играть сейчас.,Побей свой лучший результат сегодня. Начни играть сейчас.,Bats ton meilleur score aujourd'hui. Commence à jouer maintenant.,Bats ton meilleur score aujourd'hui. Commence à jouer maintenant.,เอาชนะคะแนนที่ดีที่สุดของคุณวันนี้ เริ่มเล่นเดี๋ยวนี้,เอาชนะคะแนนที่ดีที่สุดของคุณวันนี้ เริ่มเล่นเดี๋ยวนี้
20260814,https://d26ml67612e64s.cloudfront.net/block_blast/image/TOURNAMENT_END_MSG.jpg,"{""social"":""A2U_BETA"",""type"":""20260814""}",A few minutes of puzzle fun awaits you.,A few minutes of puzzle fun awaits you.,بضع دقائق من متعة الألغاز تنتظرك.,بضع دقائق من متعة الألغاز تنتظرك.,Unos minutos de diversión con puzzles te esperan.,Unos minutos de diversión con puzzles te esperan.,Alguns minutos de diversão com puzzles aguardam você.,Alguns minutos de diversão com puzzles aguardam você.,Beberapa menit keseruan puzzle menantimu.,Beberapa menit keseruan puzzle menantimu.,Несколько минут головоломки ждут тебя.,Несколько минут головоломки ждут тебя.,Quelques minutes de plaisir puzzle t'attendent.,Quelques minutes de plaisir puzzle t'attendent.,ความสนุกปริศนาไม่กี่นาทีรอคุณอยู่,ความสนุกปริศนาไม่กี่นาทีรอคุณอยู่
20260816,https://d26ml67612e64s.cloudfront.net/block_blast/image/TOURNAMENT_END_MSG.jpg,"{""social"":""A2U_BETA"",""type"":""20260816""}",Keep your mind sharp with today's block challenge.,Keep your mind sharp with today's block challenge.,حافظ على حدة ذهنك مع تحدي القطع اليوم.,حافظ على حدة ذهنك مع تحدي القطع اليوم.,Mantén tu mente aguda con el desafío de bloques de hoy.,Mantén tu mente aguda con el desafío de bloques de hoy.,Mantenha sua mente afiada com o desafio de blocos de hoje.,Mantenha sua mente afiada com o desafio de blocos de hoje.,Jaga ketajaman pikiranmu dengan tantangan blok hari ini.,Jaga ketajaman pikiranmu dengan tantangan blok hari ini.,Держи свой ум острым с сегодняшним испытанием блоками.,Держи свой ум острым с сегодняшним испытанием блоками.,Garde ton esprit vif avec le défi de blocs d'aujourd'hui.,Garde ton esprit vif avec le défi de blocs d'aujourd'hui.,รักษาสมองของคุณให้แหลมคมด้วยความท้าทายบล็อกวันนี้,รักษาสมองของคุณให้แหลมคมด้วยความท้าทายบล็อกวันนี้
20260817,https://d26ml67612e64s.cloudfront.net/block_blast/image/TOURNAMENT_END_MSG.jpg,"{""social"":""A2U_BETA"",""type"":""20260817""}",Time to clear some lines. Jump in and play today.,Time to clear some lines. Jump in and play today.,حان وقت مسح بعض الخطوط. اقفز والعب اليوم.,حان وقت مسح بعض الخطوط. اقفز والعب اليوم.,Hora de borrar algunas líneas. Salta y juega hoy.,Hora de borrar algunas líneas. Salta y juega hoy.,Hora de limpar algumas linhas. Pule e jogue hoje.,Hora de limpar algumas linhas. Pule e jogue hoje.,Waktunya hapus beberapa garis. Lompat dan main hari ini.,Waktunya hapus beberapa garis. Lompat dan main hari ini.,Время очистить несколько линий. Заходи и играй сегодня.,Время очистить несколько линий. Заходи и играй сегодня.,Il est temps d'effacer quelques lignes. Saute et joue aujourd'hui.,Il est temps d'effacer quelques lignes. Saute et joue aujourd'hui.,ถึงเวลาล้างบางเส้นแล้ว กระโดดเข้ามาเล่นวันนี้,ถึงเวลาล้างบางเส้นแล้ว กระโดดเข้ามาเล่นวันนี้
20260818,https://d26ml67612e64s.cloudfront.net/block_blast/image/TOURNAMENT_END_MSG.jpg,"{""social"":""A2U_BETA"",""type"":""20260818""}",Your puzzle board is waiting. Come match those blocks.,Your puzzle board is waiting. Come match those blocks.,لوحة الألغاز الخاصة بك تنتظر. تعال وطابق تلك القطع.,لوحة الألغاز الخاصة بك تنتظر. تعال وطابق تلك القطع.,Tu tablero de rompecabezas está esperando. Ven a combinar esos bloques.,Tu tablero de rompecabezas está esperando. Ven a combinar esos bloques.,Seu tabuleiro de quebra-cabeça está esperando. Venha combinar esses blocos.,Seu tabuleiro de quebra-cabeça está esperando. Venha combinar esses blocos.,Papan puzzlemu menunggu. Ayo padukan blok-blok itu.,Papan puzzlemu menunggu. Ayo padukan blok-blok itu.,Твоя головоломка ждёт. Приходи и сопоставляй эти блоки.,Твоя головоломка ждёт. Приходи и сопоставляй эти блоки.,Ton tableau de puzzle t'attend. Viens assortir ces blocs.,Ton tableau de puzzle t'attend. Viens assortir ces blocs.,กระดานปริศนาของคุณกำลังรอ มาจับคู่บล็อกเหล่านั้นกันเถอะ,กระดานปริศนาของคุณกำลังรอ มาจับคู่บล็อกเหล่านั้นกันเถอะ
20260819,https://d26ml67612e64s.cloudfront.net/block_blast/image/TOURNAMENT_END_MSG.jpg,"{""social"":""A2U_BETA"",""type"":""20260819""}",Ready for today's block challenge? Let's play.,Ready for today's block challenge? Let's play.,مستعد لتحدي القطع اليوم؟ هيا نلعب.,مستعد لتحدي القطع اليوم؟ هيا نلعب.,¿Listo para el desafío de bloques de hoy? Juguemos.,¿Listo para el desafío de bloques de hoy? Juguemos.,Pronto para o desafio de blocos de hoje? Vamos jogar.,Pronto para o desafio de blocos de hoje? Vamos jogar.,Siap untuk tantangan blok hari ini? Ayo main.,Siap untuk tantangan blok hari ini? Ayo main.,Готов к сегодняшнему испытанию блоками? Давай играть.,Готов к сегодняшнему испытанию блоками? Давай играть.,Prêt pour le défi de blocs d'aujourd'hui? Jouons.,Prêt pour le défi de blocs d'aujourd'hui? Jouons.,พร้อมสำหรับความท้าทายบล็อกวันนี้แล้วหรือยัง? มาเล่นกันเถอะ,พร้อมสำหรับความท้าทายบล็อกวันนี้แล้วหรือยัง? มาเล่นกันเถอะ
20260820,https://d26ml67612e64s.cloudfront.net/block_blast/image/TOURNAMENT_END_MSG.jpg,"{""social"":""A2U_BETA"",""type"":""20260820""}","Clear lines, score big. Start your daily puzzle now.","Clear lines, score big. Start your daily puzzle now.",امسح الخطوط، احرز نقاطاً كبيرة. ابدأ لغزك اليومي الآن.,امسح الخطوط، احرز نقاطاً كبيرة. ابدأ لغزك اليومي الآن.,"Borra líneas, anota en grande. Comienza tu puzzle diario ahora.","Borra líneas, anota en grande. Comienza tu puzzle diario ahora.","Limpe linhas, pontue alto. Comece seu puzzle diário agora.","Limpe linhas, pontue alto. Comece seu puzzle diário agora.","Hapus garis, skor besar. Mulai puzzle harianmu sekarang.","Hapus garis, skor besar. Mulai puzzle harianmu sekarang.","Очищай линии, зарабатывай много. Начни свою ежедневную головоломку сейчас.","Очищай линии, зарабатывай много. Начни свою ежедневную головоломку сейчас.","Efface des lignes, marque gros. Commence ton puzzle quotidien maintenant.","Efface des lignes, marque gros. Commence ton puzzle quotidien maintenant.",ล้างเส้น ทำคะแนนสูง เริ่มปริศนาประจำวันของคุณเดี๋ยวนี้,ล้างเส้น ทำคะแนนสูง เริ่มปริศนาประจำวันของคุณเดี๋ยวนี้
20260821,https://d26ml67612e64s.cloudfront.net/block_blast/image/TOURNAMENT_END_MSG.jpg,"{""social"":""A2U_BETA"",""type"":""20260821""}","New blocks, new challenges. Play Puzzle Block Master today.","New blocks, new challenges. Play Puzzle Block Master today.",قطع جديدة، تحديات جديدة. العب ماستر بلوك بازل اليوم.,قطع جديدة، تحديات جديدة. العب ماستر بلوك بازل اليوم.,"Nuevos bloques, nuevos desafíos. Juega Puzzle Block Master hoy.","Nuevos bloques, nuevos desafíos. Juega Puzzle Block Master hoy.","Novos blocos, novos desafios. Jogue Puzzle Block Master hoje.","Novos blocos, novos desafios. Jogue Puzzle Block Master hoje.","Blok baru, tantangan baru. Main Puzzle Block Master hari ini.","Blok baru, tantangan baru. Main Puzzle Block Master hari ini.","Новые блоки, новые испытания. Играй в Puzzle Block Master сегодня.","Новые блоки, новые испытания. Играй в Puzzle Block Master сегодня.","Nouveaux blocs, nouveaux défis. Joue à Puzzle Block Master aujourd'hui.","Nouveaux blocs, nouveaux défis. Joue à Puzzle Block Master aujourd'hui.",บล็อกใหม่ ความท้าทายใหม่ เล่น Puzzle Block Master วันนี้,บล็อกใหม่ ความท้าทายใหม่ เล่น Puzzle Block Master วันนี้
20260823,https://d26ml67612e64s.cloudfront.net/block_blast/image/TOURNAMENT_END_MSG.jpg,"{""social"":""A2U_BETA"",""type"":""20260823""}",Your brain needs a puzzle break. Come play now.,Your brain needs a puzzle break. Come play now.,عقلك يحتاج لاستراحة ألغاز. تعال والعب الآن.,عقلك يحتاج لاستراحة ألغاز. تعال والعب الآن.,Tu cerebro necesita un descanso de puzzles. Ven a jugar ahora.,Tu cerebro necesita un descanso de puzzles. Ven a jugar ahora.,Seu cérebro precisa de uma pausa para puzzles. Venha jogar agora.,Seu cérebro precisa de uma pausa para puzzles. Venha jogar agora.,Otakmu butuh istirahat puzzle. Ayo main sekarang.,Otakmu butuh istirahat puzzle. Ayo main sekarang.,Твоему мозгу нужна головоломка. Заходи играть сейчас.,Твоему мозгу нужна головоломка. Заходи играть сейчас.,Ton cerveau a besoin d'une pause puzzle. Viens jouer maintenant.,Ton cerveau a besoin d'une pause puzzle. Viens jouer maintenant.,สมองของคุณต้องการพักปริศนา มาเล่นเดี๋ยวนี้,สมองของคุณต้องการพักปริศนา มาเล่นเดี๋ยวนี้
20260824,https://d26ml67612e64s.cloudfront.net/block_blast/image/TOURNAMENT_END_MSG.jpg,"{""social"":""A2U_BETA"",""type"":""20260824""}","Stack, match, and clear. Today's puzzle awaits.","Stack, match, and clear. Today's puzzle awaits.",كدّس، طابق، وامسح. لغزك اليوم بانتظارك.,كدّس، طابق، وامسح. لغزك اليوم بانتظارك.,"Apila, combina y borra. Tu puzzle de hoy te espera.","Apila, combina y borra. Tu puzzle de hoy te espera.","Empilhe, combine e limpe. Seu puzzle de hoje aguarda.","Empilhe, combine e limpe. Seu puzzle de hoje aguarda.","Tumpuk, padukan, dan hapus. Puzzle hari ini menanti.","Tumpuk, padukan, dan hapus. Puzzle hari ini menanti.","Складывай, сопоставляй и очищай. Твоя головоломка на сегодня ждёт.","Складывай, сопоставляй и очищай. Твоя головоломка на сегодня ждёт.","Empile, assortis et efface. Ton puzzle d'aujourd'hui t'attend.","Empile, assortis et efface. Ton puzzle d'aujourd'hui t'attend.",เรียง จับคู่ และล้าง ปริศนาวันนี้รออยู่,เรียง จับคู่ และล้าง ปริศนาวันนี้รออยู่
20260825,https://d26ml67612e64s.cloudfront.net/block_blast/image/TOURNAMENT_END_MSG.jpg,"{""social"":""A2U_BETA"",""type"":""20260825""}",How many lines can you clear today? Find out now.,How many lines can you clear today? Find out now.,كم خطاً يمكنك مسحه اليوم؟ اكتشف الآن.,كم خطاً يمكنك مسحه اليوم؟ اكتشف الآن.,¿Cuántas líneas puedes borrar hoy? Descúbrelo ahora.,¿Cuántas líneas puedes borrar hoy? Descúbrelo ahora.,Quantas linhas você pode limpar hoje? Descubra agora.,Quantas linhas você pode limpar hoje? Descubra agora.,Berapa banyak garis yang bisa kamu hapus hari ini? Cari tahu sekarang.,Berapa banyak garis yang bisa kamu hapus hari ini? Cari tahu sekarang.,Сколько линий ты можешь очистить сегодня? Узнай сейчас.,Сколько линий ты можешь очистить сегодня? Узнай сейчас.,Combien de lignes peux-tu effacer aujourd'hui? Découvre-le maintenant.,Combien de lignes peux-tu effacer aujourd'hui? Découvre-le maintenant.,วันนี้คุณจะล้างได้กี่เส้น? มาดูกันเดี๋ยวนี้,วันนี้คุณจะล้างได้กี่เส้น? มาดูกันเดี๋ยวนี้
20260826,https://d26ml67612e64s.cloudfront.net/block_blast/image/TOURNAMENT_END_MSG.jpg,"{""social"":""A2U_BETA"",""type"":""20260826""}",Daily block fun is calling. Come play your favorite puzzle.,Daily block fun is calling. Come play your favorite puzzle.,متعة القطع اليومية تناديك. تعال والعب لغزك المفضل.,متعة القطع اليومية تناديك. تعال والعب لغزك المفضل.,La diversión diaria de bloques te llama. Ven a jugar tu puzzle favorito.,La diversión diaria de bloques te llama. Ven a jugar tu puzzle favorito.,A diversão diária de blocos está chamando. Venha jogar seu puzzle favorito.,A diversão diária de blocos está chamando. Venha jogar seu puzzle favorito.,Keseruan blok harian memanggilmu. Ayo main puzzle favoritmu.,Keseruan blok harian memanggilmu. Ayo main puzzle favoritmu.,Ежедневное веселье с блоками зовёт. Заходи играть в свою любимую головоломку.,Ежедневное веселье с блоками зовёт. Заходи играть в свою любимую головоломку.,Le plaisir quotidien des blocs t'appelle. Viens jouer à ton puzzle préféré.,Le plaisir quotidien des blocs t'appelle. Viens jouer à ton puzzle préféré.,ความสนุกบล็อกประจำวันกำลังเรียกหา มาเล่นปริศนาโปรดของคุณ,ความสนุกบล็อกประจำวันกำลังเรียกหา มาเล่นปริศนาโปรดของคุณ
20260827,https://d26ml67612e64s.cloudfront.net/block_blast/image/TOURNAMENT_END_MSG.jpg,"{""social"":""A2U_BETA"",""type"":""20260827""}",Master the board today. Your blocks are ready.,Master the board today. Your blocks are ready.,أتقن اللوحة اليوم. قطعك جاهزة.,أتقن اللوحة اليوم. قطعك جاهزة.,Domina el tablero hoy. Tus bloques están listos.,Domina el tablero hoy. Tus bloques están listos.,Domine o tabuleiro hoje. Seus blocos estão prontos.,Domine o tabuleiro hoje. Seus blocos estão prontos.,Kuasai papan hari ini. Blokmu sudah siap.,Kuasai papan hari ini. Blokmu sudah siap.,Освой доску сегодня. Твои блоки готовы.,Освой доску сегодня. Твои блоки готовы.,Maîtrise le tableau aujourd'hui. Tes blocs sont prêts.,Maîtrise le tableau aujourd'hui. Tes blocs sont prêts.,มาเชี่ยวชาญกระดานวันนี้ บล็อกของคุณพร้อมแล้ว,มาเชี่ยวชาญกระดานวันนี้ บล็อกของคุณพร้อมแล้ว
20260828,https://d26ml67612e64s.cloudfront.net/block_blast/image/TOURNAMENT_END_MSG.jpg,"{""social"":""A2U_BETA"",""type"":""20260828""}",Take a puzzle break and clear the board today.,Take a puzzle break and clear the board today.,خذ استراحة ألغاز وامسح اللوحة اليوم.,خذ استراحة ألغاز وامسح اللوحة اليوم.,Toma un descanso de puzzles y despeja el tablero hoy.,Toma un descanso de puzzles y despeja el tablero hoy.,Faça uma pausa para puzzles e limpe o tabuleiro hoje.,Faça uma pausa para puzzles e limpe o tabuleiro hoje.,Istirahat puzzle dan bersihkan papan hari ini.,Istirahat puzzle dan bersihkan papan hari ini.,Сделай перерыв на головоломку и очисти доску сегодня.,Сделай перерыв на головоломку и очисти доску сегодня.,Prends une pause puzzle et vide le tableau aujourd'hui.,Prends une pause puzzle et vide le tableau aujourd'hui.,พักปริศนาและล้างกระดานวันนี้,พักปริศนาและล้างกระดานวันนี้
20260830,https://d26ml67612e64s.cloudfront.net/block_blast/image/TOURNAMENT_END_MSG.jpg,"{""social"":""A2U_BETA"",""type"":""20260830""}",Your next high score is waiting. Come play now.,Your next high score is waiting. Come play now.,أعلى نتيجة تاليه لك تنتظرك. تعال والعب الآن.,أعلى نتيجة تاليه لك تنتظرك. تعال والعب الآن.,Tu próxima puntuación alta está esperando. Ven a jugar ahora.,Tu próxima puntuación alta está esperando. Ven a jugar ahora.,Sua próxima pontuação alta está esperando. Venha jogar agora.,Sua próxima pontuação alta está esperando. Venha jogar agora.,Skor tertinggi berikutnya menunggumu. Ayo main sekarang.,Skor tertinggi berikutnya menunggumu. Ayo main sekarang.,Твой следующий рекорд ждёт. Заходи играть сейчас.,Твой следующий рекорд ждёт. Заходи играть сейчас.,Ton prochain score élevé t'attend. Viens jouer maintenant.,Ton prochain score élevé t'attend. Viens jouer maintenant.,คะแนนสูงถัดไปของคุณกำลังรอ มาเล่นเดี๋ยวนี้,คะแนนสูงถัดไปของคุณกำลังรอ มาเล่นเดี๋ยวนี้
20260831,https://d26ml67612e64s.cloudfront.net/block_blast/image/TOURNAMENT_END_MSG.jpg,"{""social"":""A2U_BETA"",""type"":""20260831""}",Relax with some block-matching fun today.,Relax with some block-matching fun today.,استرخ مع بعض متعة مطابقة القطع اليوم.,استرخ مع بعض متعة مطابقة القطع اليوم.,Relájate con algo de diversión combinando bloques hoy.,Relájate con algo de diversión combinando bloques hoy.,Relaxe com alguma diversão combinando blocos hoje.,Relaxe com alguma diversão combinando blocos hoje.,Santai dengan keseruan mencocokkan blok hari ini.,Santai dengan keseruan mencocokkan blok hari ini.,Расслабься с весёлым сопоставлением блоков сегодня.,Расслабься с весёлым сопоставлением блоков сегодня.,Détends-toi avec du plaisir d'assortiment de blocs aujourd'hui.,Détends-toi avec du plaisir d'assortiment de blocs aujourd'hui.,ผ่อนคลายกับความสนุกในการจับคู่บล็อกวันนี้,ผ่อนคลายกับความสนุกในการจับคู่บล็อกวันนี้
20260901,https://d26ml67612e64s.cloudfront.net/block_blast/image/TOURNAMENT_END_MSG.jpg,"{""social"":""A2U_BETA"",""type"":""20260901""}",Challenge yourself with fresh puzzles right now.,Challenge yourself with fresh puzzles right now.,تحدى نفسك بألغاز جديدة الآن.,تحدى نفسك بألغاز جديدة الآن.,Desafíate con puzzles frescos ahora mismo.,Desafíate con puzzles frescos ahora mismo.,Desafie-se com puzzles frescos agora mesmo.,Desafie-se com puzzles frescos agora mesmo.,Tantang dirimu dengan puzzle segar sekarang juga.,Tantang dirimu dengan puzzle segar sekarang juga.,Брось себе вызов со свежими головоломками прямо сейчас.,Брось себе вызов со свежими головоломками прямо сейчас.,Défie-toi avec des puzzles frais dès maintenant.,Défie-toi avec des puzzles frais dès maintenant.,ท้าทายตัวเองด้วยปริศนาใหม่ตอนนี้เลย,ท้าทายตัวเองด้วยปริศนาใหม่ตอนนี้เลย
20260902,https://d26ml67612e64s.cloudfront.net/block_blast/image/TOURNAMENT_END_MSG.jpg,"{""social"":""A2U_BETA"",""type"":""20260902""}",Your puzzle board is waiting. Come match those blocks.,Your puzzle board is waiting. Come match those blocks.,لوحة الألغاز الخاصة بك تنتظر. تعال وطابق تلك القطع.,لوحة الألغاز الخاصة بك تنتظر. تعال وطابق تلك القطع.,Tu tablero de rompecabezas está esperando. Ven a combinar esos bloques.,Tu tablero de rompecabezas está esperando. Ven a combinar esos bloques.,Seu tabuleiro de quebra-cabeça está esperando. Venha combinar esses blocos.,Seu tabuleiro de quebra-cabeça está esperando. Venha combinar esses blocos.,Papan puzzlemu menunggu. Ayo padukan blok-blok itu.,Papan puzzlemu menunggu. Ayo padukan blok-blok itu.,Твоя головоломка ждёт. Приходи и сопоставляй эти блоки.,Твоя головоломка ждёт. Приходи и сопоставляй эти блоки.,Ton tableau de puzzle t'attend. Viens assortir ces blocs.,Ton tableau de puzzle t'attend. Viens assortir ces blocs.,กระดานปริศนาของคุณกำลังรอ มาจับคู่บล็อกเหล่านั้นกันเถอะ,กระดานปริศนาของคุณกำลังรอ มาจับคู่บล็อกเหล่านั้นกันเถอะ
20260903,https://d26ml67612e64s.cloudfront.net/block_blast/image/TOURNAMENT_END_MSG.jpg,"{""social"":""A2U_BETA"",""type"":""20260903""}",Ready for today's block challenge? Let's play.,Ready for today's block challenge? Let's play.,مستعد لتحدي القطع اليوم؟ هيا نلعب.,مستعد لتحدي القطع اليوم؟ هيا نلعب.,¿Listo para el desafío de bloques de hoy? Juguemos.,¿Listo para el desafío de bloques de hoy? Juguemos.,Pronto para o desafio de blocos de hoje? Vamos jogar.,Pronto para o desafio de blocos de hoje? Vamos jogar.,Siap untuk tantangan blok hari ini? Ayo main.,Siap untuk tantangan blok hari ini? Ayo main.,Готов к сегодняшнему испытанию блоками? Давай играть.,Готов к сегодняшнему испытанию блоками? Давай играть.,Prêt pour le défi de blocs d'aujourd'hui? Jouons.,Prêt pour le défi de blocs d'aujourd'hui? Jouons.,พร้อมสำหรับความท้าทายบล็อกวันนี้แล้วหรือยัง? มาเล่นกันเถอะ,พร้อมสำหรับความท้าทายบล็อกวันนี้แล้วหรือยัง? มาเล่นกันเถอะ
20260904,https://d26ml67612e64s.cloudfront.net/block_blast/image/TOURNAMENT_END_MSG.jpg,"{""social"":""A2U_BETA"",""type"":""20260904""}","Clear lines, score big. Start your daily puzzle now.","Clear lines, score big. Start your daily puzzle now.",امسح الخطوط، احرز نقاطاً كبيرة. ابدأ لغزك اليومي الآن.,امسح الخطوط، احرز نقاطاً كبيرة. ابدأ لغزك اليومي الآن.,"Borra líneas, anota en grande. Comienza tu puzzle diario ahora.","Borra líneas, anota en grande. Comienza tu puzzle diario ahora.","Limpe linhas, pontue alto. Comece seu puzzle diário agora.","Limpe linhas, pontue alto. Comece seu puzzle diário agora.","Hapus garis, skor besar. Mulai puzzle harianmu sekarang.","Hapus garis, skor besar. Mulai puzzle harianmu sekarang.","Очищай линии, зарабатывай много. Начни свою ежедневную головоломку сейчас.","Очищай линии, зарабатывай много. Начни свою ежедневную головоломку сейчас.","Efface des lignes, marque gros. Commence ton puzzle quotidien maintenant.","Efface des lignes, marque gros. Commence ton puzzle quotidien maintenant.",ล้างเส้น ทำคะแนนสูง เริ่มปริศนาประจำวันของคุณเดี๋ยวนี้,ล้างเส้น ทำคะแนนสูง เริ่มปริศนาประจำวันของคุณเดี๋ยวนี้
20260906,https://d26ml67612e64s.cloudfront.net/block_blast/image/TOURNAMENT_END_MSG.jpg,"{""social"":""A2U_BETA"",""type"":""20260906""}","New blocks, new challenges. Play Puzzle Block Master today.","New blocks, new challenges. Play Puzzle Block Master today.",قطع جديدة، تحديات جديدة. العب ماستر بلوك بازل اليوم.,قطع جديدة، تحديات جديدة. العب ماستر بلوك بازل اليوم.,"Nuevos bloques, nuevos desafíos. Juega Puzzle Block Master hoy.","Nuevos bloques, nuevos desafíos. Juega Puzzle Block Master hoy.","Novos blocos, novos desafios. Jogue Puzzle Block Master hoje.","Novos blocos, novos desafios. Jogue Puzzle Block Master hoje.","Blok baru, tantangan baru. Main Puzzle Block Master hari ini.","Blok baru, tantangan baru. Main Puzzle Block Master hari ini.","Новые блоки, новые испытания. Играй в Puzzle Block Master сегодня.","Новые блоки, новые испытания. Играй в Puzzle Block Master сегодня.","Nouveaux blocs, nouveaux défis. Joue à Puzzle Block Master aujourd'hui.","Nouveaux blocs, nouveaux défis. Joue à Puzzle Block Master aujourd'hui.",บล็อกใหม่ ความท้าทายใหม่ เล่น Puzzle Block Master วันนี้,บล็อกใหม่ ความท้าทายใหม่ เล่น Puzzle Block Master วันนี้
20260907,https://d26ml67612e64s.cloudfront.net/block_blast/image/TOURNAMENT_END_MSG.jpg,"{""social"":""A2U_BETA"",""type"":""20260907""}",Your brain needs a puzzle break. Come play now.,Your brain needs a puzzle break. Come play now.,عقلك يحتاج لاستراحة ألغاز. تعال والعب الآن.,عقلك يحتاج لاستراحة ألغاز. تعال والعب الآن.,Tu cerebro necesita un descanso de puzzles. Ven a jugar ahora.,Tu cerebro necesita un descanso de puzzles. Ven a jugar ahora.,Seu cérebro precisa de uma pausa para puzzles. Venha jogar agora.,Seu cérebro precisa de uma pausa para puzzles. Venha jogar agora.,Otakmu butuh istirahat puzzle. Ayo main sekarang.,Otakmu butuh istirahat puzzle. Ayo main sekarang.,Твоему мозгу нужна головоломка. Заходи играть сейчас.,Твоему мозгу нужна головоломка. Заходи играть сейчас.,Ton cerveau a besoin d'une pause puzzle. Viens jouer maintenant.,Ton cerveau a besoin d'une pause puzzle. Viens jouer maintenant.,สมองของคุณต้องการพักปริศนา มาเล่นเดี๋ยวนี้,สมองของคุณต้องการพักปริศนา มาเล่นเดี๋ยวนี้
20260908,https://d26ml67612e64s.cloudfront.net/block_blast/image/TOURNAMENT_END_MSG.jpg,"{""social"":""A2U_BETA"",""type"":""20260908""}","Stack, match, and clear. Today's puzzle awaits.","Stack, match, and clear. Today's puzzle awaits.",كدّس، طابق، وامسح. لغزك اليوم بانتظارك.,كدّس، طابق، وامسح. لغزك اليوم بانتظارك.,"Apila, combina y borra. Tu puzzle de hoy te espera.","Apila, combina y borra. Tu puzzle de hoy te espera.","Empilhe, combine e limpe. Seu puzzle de hoje aguarda.","Empilhe, combine e limpe. Seu puzzle de hoje aguarda.","Tumpuk, padukan, dan hapus. Puzzle hari ini menanti.","Tumpuk, padukan, dan hapus. Puzzle hari ini menanti.","Складывай, сопоставляй и очищай. Твоя головоломка на сегодня ждёт.","Складывай, сопоставляй и очищай. Твоя головоломка на сегодня ждёт.","Empile, assortis et efface. Ton puzzle d'aujourd'hui t'attend.","Empile, assortis et efface. Ton puzzle d'aujourd'hui t'attend.",เรียง จับคู่ และล้าง ปริศนาวันนี้รออยู่,เรียง จับคู่ และล้าง ปริศนาวันนี้รออยู่
20260909,https://d26ml67612e64s.cloudfront.net/block_blast/image/TOURNAMENT_END_MSG.jpg,"{""social"":""A2U_BETA"",""type"":""20260909""}",How many lines can you clear today? Find out now.,How many lines can you clear today? Find out now.,كم خطاً يمكنك مسحه اليوم؟ اكتشف الآن.,كم خطاً يمكنك مسحه اليوم؟ اكتشف الآن.,¿Cuántas líneas puedes borrar hoy? Descúbrelo ahora.,¿Cuántas líneas puedes borrar hoy? Descúbrelo ahora.,Quantas linhas você pode limpar hoje? Descubra agora.,Quantas linhas você pode limpar hoje? Descubra agora.,Berapa banyak garis yang bisa kamu hapus hari ini? Cari tahu sekarang.,Berapa banyak garis yang bisa kamu hapus hari ini? Cari tahu sekarang.,Сколько линий ты можешь очистить сегодня? Узнай сейчас.,Сколько линий ты можешь очистить сегодня? Узнай сейчас.,Combien de lignes peux-tu effacer aujourd'hui? Découvre-le maintenant.,Combien de lignes peux-tu effacer aujourd'hui? Découvre-le maintenant.,วันนี้คุณจะล้างได้กี่เส้น? มาดูกันเดี๋ยวนี้,วันนี้คุณจะล้างได้กี่เส้น? มาดูกันเดี๋ยวนี้
20260910,https://d26ml67612e64s.cloudfront.net/block_blast/image/TOURNAMENT_END_MSG.jpg,"{""social"":""A2U_BETA"",""type"":""20260910""}",Daily block fun is calling. Come play your favorite puzzle.,Daily block fun is calling. Come play your favorite puzzle.,متعة القطع اليومية تناديك. تعال والعب لغزك المفضل.,متعة القطع اليومية تناديك. تعال والعب لغزك المفضل.,La diversión diaria de bloques te llama. Ven a jugar tu puzzle favorito.,La diversión diaria de bloques te llama. Ven a jugar tu puzzle favorito.,A diversão diária de blocos está chamando. Venha jogar seu puzzle favorito.,A diversão diária de blocos está chamando. Venha jogar seu puzzle favorito.,Keseruan blok harian memanggilmu. Ayo main puzzle favoritmu.,Keseruan blok harian memanggilmu. Ayo main puzzle favoritmu.,Ежедневное веселье с блоками зовёт. Заходи играть в свою любимую головоломку.,Ежедневное веселье с блоками зовёт. Заходи играть в свою любимую головоломку.,Le plaisir quotidien des blocs t'appelle. Viens jouer à ton puzzle préféré.,Le plaisir quotidien des blocs t'appelle. Viens jouer à ton puzzle préféré.,ความสนุกบล็อกประจำวันกำลังเรียกหา มาเล่นปริศนาโปรดของคุณ,ความสนุกบล็อกประจำวันกำลังเรียกหา มาเล่นปริศนาโปรดของคุณ
20260911,https://d26ml67612e64s.cloudfront.net/block_blast/image/TOURNAMENT_END_MSG.jpg,"{""social"":""A2U_BETA"",""type"":""20260911""}",Master the board today. Your blocks are ready.,Master the board today. Your blocks are ready.,أتقن اللوحة اليوم. قطعك جاهزة.,أتقن اللوحة اليوم. قطعك جاهزة.,Domina el tablero hoy. Tus bloques están listos.,Domina el tablero hoy. Tus bloques están listos.,Domine o tabuleiro hoje. Seus blocos estão prontos.,Domine o tabuleiro hoje. Seus blocos estão prontos.,Kuasai papan hari ini. Blokmu sudah siap.,Kuasai papan hari ini. Blokmu sudah siap.,Освой доску сегодня. Твои блоки готовы.,Освой доску сегодня. Твои блоки готовы.,Maîtrise le tableau aujourd'hui. Tes blocs sont prêts.,Maîtrise le tableau aujourd'hui. Tes blocs sont prêts.,มาเชี่ยวชาญกระดานวันนี้ บล็อกของคุณพร้อมแล้ว,มาเชี่ยวชาญกระดานวันนี้ บล็อกของคุณพร้อมแล้ว
20260913,https://d26ml67612e64s.cloudfront.net/block_blast/image/TOURNAMENT_END_MSG.jpg,"{""social"":""A2U_BETA"",""type"":""20260913""}",Take a puzzle break and clear the board today.,Take a puzzle break and clear the board today.,خذ استراحة ألغاز وامسح اللوحة اليوم.,خذ استراحة ألغاز وامسح اللوحة اليوم.,Toma un descanso de puzzles y despeja el tablero hoy.,Toma un descanso de puzzles y despeja el tablero hoy.,Faça uma pausa para puzzles e limpe o tabuleiro hoje.,Faça uma pausa para puzzles e limpe o tabuleiro hoje.,Istirahat puzzle dan bersihkan papan hari ini.,Istirahat puzzle dan bersihkan papan hari ini.,Сделай перерыв на головоломку и очисти доску сегодня.,Сделай перерыв на головоломку и очисти доску сегодня.,Prends une pause puzzle et vide le tableau aujourd'hui.,Prends une pause puzzle et vide le tableau aujourd'hui.,พักปริศนาและล้างกระดานวันนี้,พักปริศนาและล้างกระดานวันนี้
20260914,https://d26ml67612e64s.cloudfront.net/block_blast/image/TOURNAMENT_END_MSG.jpg,"{""social"":""A2U_BETA"",""type"":""20260914""}",Your next high score is waiting. Come play now.,Your next high score is waiting. Come play now.,أعلى نتيجة تاليه لك تنتظرك. تعال والعب الآن.,أعلى نتيجة تاليه لك تنتظرك. تعال والعب الآن.,Tu próxima puntuación alta está esperando. Ven a jugar ahora.,Tu próxima puntuación alta está esperando. Ven a jugar ahora.,Sua próxima pontuação alta está esperando. Venha jogar agora.,Sua próxima pontuação alta está esperando. Venha jogar agora.,Skor tertinggi berikutnya menunggumu. Ayo main sekarang.,Skor tertinggi berikutnya menunggumu. Ayo main sekarang.,Твой следующий рекорд ждёт. Заходи играть сейчас.,Твой следующий рекорд ждёт. Заходи играть сейчас.,Ton prochain score élevé t'attend. Viens jouer maintenant.,Ton prochain score élevé t'attend. Viens jouer maintenant.,คะแนนสูงถัดไปของคุณกำลังรอ มาเล่นเดี๋ยวนี้,คะแนนสูงถัดไปของคุณกำลังรอ มาเล่นเดี๋ยวนี้
20260915,https://d26ml67612e64s.cloudfront.net/block_blast/image/TOURNAMENT_END_MSG.jpg,"{""social"":""A2U_BETA"",""type"":""20260915""}",Relax with some block-matching fun today.,Relax with some block-matching fun today.,استرخ مع بعض متعة مطابقة القطع اليوم.,استرخ مع بعض متعة مطابقة القطع اليوم.,Relájate con algo de diversión combinando bloques hoy.,Relájate con algo de diversión combinando bloques hoy.,Relaxe com alguma diversão combinando blocos hoje.,Relaxe com alguma diversão combinando blocos hoje.,Santai dengan keseruan mencocokkan blok hari ini.,Santai dengan keseruan mencocokkan blok hari ini.,Расслабься с весёлым сопоставлением блоков сегодня.,Расслабься с весёлым сопоставлением блоков сегодня.,Détends-toi avec du plaisir d'assortiment de blocs aujourd'hui.,Détends-toi avec du plaisir d'assortiment de blocs aujourd'hui.,ผ่อนคลายกับความสนุกในการจับคู่บล็อกวันนี้,ผ่อนคลายกับความสนุกในการจับคู่บล็อกวันนี้
20260916,https://d26ml67612e64s.cloudfront.net/block_blast/image/TOURNAMENT_END_MSG.jpg,"{""social"":""A2U_BETA"",""type"":""20260916""}",Challenge yourself with fresh puzzles right now.,Challenge yourself with fresh puzzles right now.,تحدى نفسك بألغاز جديدة الآن.,تحدى نفسك بألغاز جديدة الآن.,Desafíate con puzzles frescos ahora mismo.,Desafíate con puzzles frescos ahora mismo.,Desafie-se com puzzles frescos agora mesmo.,Desafie-se com puzzles frescos agora mesmo.,Tantang dirimu dengan puzzle segar sekarang juga.,Tantang dirimu dengan puzzle segar sekarang juga.,Брось себе вызов со свежими головоломками прямо сейчас.,Брось себе вызов со свежими головоломками прямо сейчас.,Défie-toi avec des puzzles frais dès maintenant.,Défie-toi avec des puzzles frais dès maintenant.,ท้าทายตัวเองด้วยปริศนาใหม่ตอนนี้เลย,ท้าทายตัวเองด้วยปริศนาใหม่ตอนนี้เลย
20260917,https://d26ml67612e64s.cloudfront.net/block_blast/image/TOURNAMENT_END_MSG.jpg,"{""social"":""A2U_BETA"",""type"":""20260917""}",Fill those lines and feel the satisfaction. Play today.,Fill those lines and feel the satisfaction. Play today.,املأ تلك الخطوط واشعر بالرضا. العب اليوم.,املأ تلك الخطوط واشعر بالرضا. العب اليوم.,Llena esas líneas y siente la satisfacción. Juega hoy.,Llena esas líneas y siente la satisfacción. Juega hoy.,Preencha essas linhas e sinta a satisfação. Jogue hoje.,Preencha essas linhas e sinta a satisfação. Jogue hoje.,Isi garis-garis itu dan rasakan kepuasannya. Main hari ini.,Isi garis-garis itu dan rasakan kepuasannya. Main hari ini.,Заполни эти линии и почувствуй удовлетворение. Играй сегодня.,Заполни эти линии и почувствуй удовлетворение. Играй сегодня.,Remplis ces lignes et ressens la satisfaction. Joue aujourd'hui.,Remplis ces lignes et ressens la satisfaction. Joue aujourd'hui.,เติมเส้นเหล่านั้นและรู้สึกถึงความพึงพอใจ เล่นวันนี้,เติมเส้นเหล่านั้นและรู้สึกถึงความพึงพอใจ เล่นวันนี้
20260918,https://d26ml67612e64s.cloudfront.net/block_blast/image/TOURNAMENT_END_MSG.jpg,"{""social"":""A2U_BETA"",""type"":""20260918""}",Perfect time for a quick puzzle session.,Perfect time for a quick puzzle session.,الوقت المثالي لجلسة ألغاز سريعة.,الوقت المثالي لجلسة ألغاز سريعة.,Momento perfecto para una sesión rápida de puzzles.,Momento perfecto para una sesión rápida de puzzles.,Momento perfeito para uma sessão rápida de puzzles.,Momento perfeito para uma sessão rápida de puzzles.,Waktu sempurna untuk sesi puzzle cepat.,Waktu sempurna untuk sesi puzzle cepat.,Идеальное время для быстрой головоломки.,Идеальное время для быстрой головоломки.,Moment parfait pour une session de puzzle rapide.,Moment parfait pour une session de puzzle rapide.,เวลาที่สมบูรณ์แบบสำหรับช่วงปริศนาสั้นๆ,เวลาที่สมบูรณ์แบบสำหรับช่วงปริศนาสั้นๆ
20260920,https://d26ml67612e64s.cloudfront.net/block_blast/image/TOURNAMENT_END_MSG.jpg,"{""social"":""A2U_BETA"",""type"":""20260920""}",Your blocks won't arrange themselves. Jump in now.,Your blocks won't arrange themselves. Jump in now.,قطعك لن ترتب نفسها. اقفز للداخل الآن.,قطعك لن ترتب نفسها. اقفز للداخل الآن.,Tus bloques no se organizarán solos. Salta ahora.,Tus bloques no se organizarán solos. Salta ahora.,Seus blocos não vão se organizar sozinhos. Pule agora.,Seus blocos não vão se organizar sozinhos. Pule agora.,Blokmu tidak akan mengatur dirinya sendiri. Lompat sekarang.,Blokmu tidak akan mengatur dirinya sendiri. Lompat sekarang.,Твои блоки не расставятся сами. Заходи сейчас.,Твои блоки не расставятся сами. Заходи сейчас.,Tes blocs ne s'arrangeront pas tout seuls. Saute maintenant.,Tes blocs ne s'arrangeront pas tout seuls. Saute maintenant.,บล็อกของคุณจะไม่จัดเรียงตัวเอง กระโดดเข้ามาเดี๋ยวนี้,บล็อกของคุณจะไม่จัดเรียงตัวเอง กระโดดเข้ามาเดี๋ยวนี้
20260921,https://d26ml67612e64s.cloudfront.net/block_blast/image/TOURNAMENT_END_MSG.jpg,"{""social"":""A2U_BETA"",""type"":""20260921""}",Beat your best score today. Start playing now.,Beat your best score today. Start playing now.,اهزم أفضل نتيجة لك اليوم. ابدأ اللعب الآن.,اهزم أفضل نتيجة لك اليوم. ابدأ اللعب الآن.,Supera tu mejor puntuación hoy. Empieza a jugar ahora.,Supera tu mejor puntuación hoy. Empieza a jugar ahora.,Bata sua melhor pontuação hoje. Comece a jogar agora.,Bata sua melhor pontuação hoje. Comece a jogar agora.,Kalahkan skor terbaikmu hari ini. Mulai main sekarang.,Kalahkan skor terbaikmu hari ini. Mulai main sekarang.,Побей свой лучший результат сегодня. Начни играть сейчас.,Побей свой лучший результат сегодня. Начни играть сейчас.,Bats ton meilleur score aujourd'hui. Commence à jouer maintenant.,Bats ton meilleur score aujourd'hui. Commence à jouer maintenant.,เอาชนะคะแนนที่ดีที่สุดของคุณวันนี้ เริ่มเล่นเดี๋ยวนี้,เอาชนะคะแนนที่ดีที่สุดของคุณวันนี้ เริ่มเล่นเดี๋ยวนี้
20260922,https://d26ml67612e64s.cloudfront.net/block_blast/image/TOURNAMENT_END_MSG.jpg,"{""social"":""A2U_BETA"",""type"":""20260922""}",A few minutes of puzzle fun awaits you.,A few minutes of puzzle fun awaits you.,بضع دقائق من متعة الألغاز تنتظرك.,بضع دقائق من متعة الألغاز تنتظرك.,Unos minutos de diversión con puzzles te esperan.,Unos minutos de diversión con puzzles te esperan.,Alguns minutos de diversão com puzzles aguardam você.,Alguns minutos de diversão com puzzles aguardam você.,Beberapa menit keseruan puzzle menantimu.,Beberapa menit keseruan puzzle menantimu.,Несколько минут головоломки ждут тебя.,Несколько минут головоломки ждут тебя.,Quelques minutes de plaisir puzzle t'attendent.,Quelques minutes de plaisir puzzle t'attendent.,ความสนุกปริศนาไม่กี่นาทีรอคุณอยู่,ความสนุกปริศนาไม่กี่นาทีรอคุณอยู่
20260923,https://d26ml67612e64s.cloudfront.net/block_blast/image/TOURNAMENT_END_MSG.jpg,"{""social"":""A2U_BETA"",""type"":""20260923""}",Keep your mind sharp with today's block challenge.,Keep your mind sharp with today's block challenge.,حافظ على حدة ذهنك مع تحدي القطع اليوم.,حافظ على حدة ذهنك مع تحدي القطع اليوم.,Mantén tu mente aguda con el desafío de bloques de hoy.,Mantén tu mente aguda con el desafío de bloques de hoy.,Mantenha sua mente afiada com o desafio de blocos de hoje.,Mantenha sua mente afiada com o desafio de blocos de hoje.,Jaga ketajaman pikiranmu dengan tantangan blok hari ini.,Jaga ketajaman pikiranmu dengan tantangan blok hari ini.,Держи свой ум острым с сегодняшним испытанием блоками.,Держи свой ум острым с сегодняшним испытанием блоками.,Garde ton esprit vif avec le défi de blocs d'aujourd'hui.,Garde ton esprit vif avec le défi de blocs d'aujourd'hui.,รักษาสมองของคุณให้แหลมคมด้วยความท้าทายบล็อกวันนี้,รักษาสมองของคุณให้แหลมคมด้วยความท้าทายบล็อกวันนี้
20260924,https://d26ml67612e64s.cloudfront.net/block_blast/image/TOURNAMENT_END_MSG.jpg,"{""social"":""A2U_BETA"",""type"":""20260924""}",Time to clear some lines. Jump in and play today.,Time to clear some lines. Jump in and play today.,حان وقت مسح بعض الخطوط. اقفز والعب اليوم.,حان وقت مسح بعض الخطوط. اقفز والعب اليوم.,Hora de borrar algunas líneas. Salta y juega hoy.,Hora de borrar algunas líneas. Salta y juega hoy.,Hora de limpar algumas linhas. Pule e jogue hoje.,Hora de limpar algumas linhas. Pule e jogue hoje.,Waktunya hapus beberapa garis. Lompat dan main hari ini.,Waktunya hapus beberapa garis. Lompat dan main hari ini.,Время очистить несколько линий. Заходи и играй сегодня.,Время очистить несколько линий. Заходи и играй сегодня.,Il est temps d'effacer quelques lignes. Saute et joue aujourd'hui.,Il est temps d'effacer quelques lignes. Saute et joue aujourd'hui.,ถึงเวลาล้างบางเส้นแล้ว กระโดดเข้ามาเล่นวันนี้,ถึงเวลาล้างบางเส้นแล้ว กระโดดเข้ามาเล่นวันนี้
20260925,https://d26ml67612e64s.cloudfront.net/block_blast/image/TOURNAMENT_END_MSG.jpg,"{""social"":""A2U_BETA"",""type"":""20260925""}",Your puzzle board is waiting. Come match those blocks.,Your puzzle board is waiting. Come match those blocks.,لوحة الألغاز الخاصة بك تنتظر. تعال وطابق تلك القطع.,لوحة الألغاز الخاصة بك تنتظر. تعال وطابق تلك القطع.,Tu tablero de rompecabezas está esperando. Ven a combinar esos bloques.,Tu tablero de rompecabezas está esperando. Ven a combinar esos bloques.,Seu tabuleiro de quebra-cabeça está esperando. Venha combinar esses blocos.,Seu tabuleiro de quebra-cabeça está esperando. Venha combinar esses blocos.,Papan puzzlemu menunggu. Ayo padukan blok-blok itu.,Papan puzzlemu menunggu. Ayo padukan blok-blok itu.,Твоя головоломка ждёт. Приходи и сопоставляй эти блоки.,Твоя головоломка ждёт. Приходи и сопоставляй эти блоки.,Ton tableau de puzzle t'attend. Viens assortir ces blocs.,Ton tableau de puzzle t'attend. Viens assortir ces blocs.,กระดานปริศนาของคุณกำลังรอ มาจับคู่บล็อกเหล่านั้นกันเถอะ,กระดานปริศนาของคุณกำลังรอ มาจับคู่บล็อกเหล่านั้นกันเถอะ
20260927,https://d26ml67612e64s.cloudfront.net/block_blast/image/TOURNAMENT_END_MSG.jpg,"{""social"":""A2U_BETA"",""type"":""20260927""}",Ready for today's block challenge? Let's play.,Ready for today's block challenge? Let's play.,مستعد لتحدي القطع اليوم؟ هيا نلعب.,مستعد لتحدي القطع اليوم؟ هيا نلعب.,¿Listo para el desafío de bloques de hoy? Juguemos.,¿Listo para el desafío de bloques de hoy? Juguemos.,Pronto para o desafio de blocos de hoje? Vamos jogar.,Pronto para o desafio de blocos de hoje? Vamos jogar.,Siap untuk tantangan blok hari ini? Ayo main.,Siap untuk tantangan blok hari ini? Ayo main.,Готов к сегодняшнему испытанию блоками? Давай играть.,Готов к сегодняшнему испытанию блоками? Давай играть.,Prêt pour le défi de blocs d'aujourd'hui? Jouons.,Prêt pour le défi de blocs d'aujourd'hui? Jouons.,พร้อมสำหรับความท้าทายบล็อกวันนี้แล้วหรือยัง? มาเล่นกันเถอะ,พร้อมสำหรับความท้าทายบล็อกวันนี้แล้วหรือยัง? มาเล่นกันเถอะ
20260928,https://d26ml67612e64s.cloudfront.net/block_blast/image/TOURNAMENT_END_MSG.jpg,"{""social"":""A2U_BETA"",""type"":""20260928""}","Clear lines, score big. Start your daily puzzle now.","Clear lines, score big. Start your daily puzzle now.",امسح الخطوط، احرز نقاطاً كبيرة. ابدأ لغزك اليومي الآن.,امسح الخطوط، احرز نقاطاً كبيرة. ابدأ لغزك اليومي الآن.,"Borra líneas, anota en grande. Comienza tu puzzle diario ahora.","Borra líneas, anota en grande. Comienza tu puzzle diario ahora.","Limpe linhas, pontue alto. Comece seu puzzle diário agora.","Limpe linhas, pontue alto. Comece seu puzzle diário agora.","Hapus garis, skor besar. Mulai puzzle harianmu sekarang.","Hapus garis, skor besar. Mulai puzzle harianmu sekarang.","Очищай линии, зарабатывай много. Начни свою ежедневную головоломку сейчас.","Очищай линии, зарабатывай много. Начни свою ежедневную головоломку сейчас.","Efface des lignes, marque gros. Commence ton puzzle quotidien maintenant.","Efface des lignes, marque gros. Commence ton puzzle quotidien maintenant.",ล้างเส้น ทำคะแนนสูง เริ่มปริศนาประจำวันของคุณเดี๋ยวนี้,ล้างเส้น ทำคะแนนสูง เริ่มปริศนาประจำวันของคุณเดี๋ยวนี้
20260929,https://d26ml67612e64s.cloudfront.net/block_blast/image/TOURNAMENT_END_MSG.jpg,"{""social"":""A2U_BETA"",""type"":""20260929""}","New blocks, new challenges. Play Puzzle Block Master today.","New blocks, new challenges. Play Puzzle Block Master today.",قطع جديدة، تحديات جديدة. العب ماستر بلوك بازل اليوم.,قطع جديدة، تحديات جديدة. العب ماستر بلوك بازل اليوم.,"Nuevos bloques, nuevos desafíos. Juega Puzzle Block Master hoy.","Nuevos bloques, nuevos desafíos. Juega Puzzle Block Master hoy.","Novos blocos, novos desafios. Jogue Puzzle Block Master hoje.","Novos blocos, novos desafios. Jogue Puzzle Block Master hoje.","Blok baru, tantangan baru. Main Puzzle Block Master hari ini.","Blok baru, tantangan baru. Main Puzzle Block Master hari ini.","Новые блоки, новые испытания. Играй в Puzzle Block Master сегодня.","Новые блоки, новые испытания. Играй в Puzzle Block Master сегодня.","Nouveaux blocs, nouveaux défis. Joue à Puzzle Block Master aujourd'hui.","Nouveaux blocs, nouveaux défis. Joue à Puzzle Block Master aujourd'hui.",บล็อกใหม่ ความท้าทายใหม่ เล่น Puzzle Block Master วันนี้,บล็อกใหม่ ความท้าทายใหม่ เล่น Puzzle Block Master วันนี้
20260930,https://d26ml67612e64s.cloudfront.net/block_blast/image/TOURNAMENT_END_MSG.jpg,"{""social"":""A2U_BETA"",""type"":""20260930""}",Your brain needs a puzzle break. Come play now.,Your brain needs a puzzle break. Come play now.,عقلك يحتاج لاستراحة ألغاز. تعال والعب الآن.,عقلك يحتاج لاستراحة ألغاز. تعال والعب الآن.,Tu cerebro necesita un descanso de puzzles. Ven a jugar ahora.,Tu cerebro necesita un descanso de puzzles. Ven a jugar ahora.,Seu cérebro precisa de uma pausa para puzzles. Venha jogar agora.,Seu cérebro precisa de uma pausa para puzzles. Venha jogar agora.,Otakmu butuh istirahat puzzle. Ayo main sekarang.,Otakmu butuh istirahat puzzle. Ayo main sekarang.,Твоему мозгу нужна головоломка. Заходи играть сейчас.,Твоему мозгу нужна головоломка. Заходи играть сейчас.,Ton cerveau a besoin d'une pause puzzle. Viens jouer maintenant.,Ton cerveau a besoin d'une pause puzzle. Viens jouer maintenant.,สมองของคุณต้องการพักปริศนา มาเล่นเดี๋ยวนี้,สมองของคุณต้องการพักปริศนา มาเล่นเดี๋ยวนี้
20261001,https://d26ml67612e64s.cloudfront.net/block_blast/image/TOURNAMENT_END_MSG.jpg,"{""social"":""A2U_BETA"",""type"":""20261001""}","Stack, match, and clear. Today's puzzle awaits.","Stack, match, and clear. Today's puzzle awaits.",كدّس، طابق، وامسح. لغزك اليوم بانتظارك.,كدّس، طابق، وامسح. لغزك اليوم بانتظارك.,"Apila, combina y borra. Tu puzzle de hoy te espera.","Apila, combina y borra. Tu puzzle de hoy te espera.","Empilhe, combine e limpe. Seu puzzle de hoje aguarda.","Empilhe, combine e limpe. Seu puzzle de hoje aguarda.","Tumpuk, padukan, dan hapus. Puzzle hari ini menanti.","Tumpuk, padukan, dan hapus. Puzzle hari ini menanti.","Складывай, сопоставляй и очищай. Твоя головоломка на сегодня ждёт.","Складывай, сопоставляй и очищай. Твоя головоломка на сегодня ждёт.","Empile, assortis et efface. Ton puzzle d'aujourd'hui t'attend.","Empile, assortis et efface. Ton puzzle d'aujourd'hui t'attend.",เรียง จับคู่ และล้าง ปริศนาวันนี้รออยู่,เรียง จับคู่ และล้าง ปริศนาวันนี้รออยู่
20261002,https://d26ml67612e64s.cloudfront.net/block_blast/image/TOURNAMENT_END_MSG.jpg,"{""social"":""A2U_BETA"",""type"":""20261002""}",How many lines can you clear today? Find out now.,How many lines can you clear today? Find out now.,كم خطاً يمكنك مسحه اليوم؟ اكتشف الآن.,كم خطاً يمكنك مسحه اليوم؟ اكتشف الآن.,¿Cuántas líneas puedes borrar hoy? Descúbrelo ahora.,¿Cuántas líneas puedes borrar hoy? Descúbrelo ahora.,Quantas linhas você pode limpar hoje? Descubra agora.,Quantas linhas você pode limpar hoje? Descubra agora.,Berapa banyak garis yang bisa kamu hapus hari ini? Cari tahu sekarang.,Berapa banyak garis yang bisa kamu hapus hari ini? Cari tahu sekarang.,Сколько линий ты можешь очистить сегодня? Узнай сейчас.,Сколько линий ты можешь очистить сегодня? Узнай сейчас.,Combien de lignes peux-tu effacer aujourd'hui? Découvre-le maintenant.,Combien de lignes peux-tu effacer aujourd'hui? Découvre-le maintenant.,วันนี้คุณจะล้างได้กี่เส้น? มาดูกันเดี๋ยวนี้,วันนี้คุณจะล้างได้กี่เส้น? มาดูกันเดี๋ยวนี้
20261004,https://d26ml67612e64s.cloudfront.net/block_blast/image/TOURNAMENT_END_MSG.jpg,"{""social"":""A2U_BETA"",""type"":""20261004""}",Daily block fun is calling. Come play your favorite puzzle.,Daily block fun is calling. Come play your favorite puzzle.,متعة القطع اليومية تناديك. تعال والعب لغزك المفضل.,متعة القطع اليومية تناديك. تعال والعب لغزك المفضل.,La diversión diaria de bloques te llama. Ven a jugar tu puzzle favorito.,La diversión diaria de bloques te llama. Ven a jugar tu puzzle favorito.,A diversão diária de blocos está chamando. Venha jogar seu puzzle favorito.,A diversão diária de blocos está chamando. Venha jogar seu puzzle favorito.,Keseruan blok harian memanggilmu. Ayo main puzzle favoritmu.,Keseruan blok harian memanggilmu. Ayo main puzzle favoritmu.,Ежедневное веселье с блоками зовёт. Заходи играть в свою любимую головоломку.,Ежедневное веселье с блоками зовёт. Заходи играть в свою любимую головоломку.,Le plaisir quotidien des blocs t'appelle. Viens jouer à ton puzzle préféré.,Le plaisir quotidien des blocs t'appelle. Viens jouer à ton puzzle préféré.,ความสนุกบล็อกประจำวันกำลังเรียกหา มาเล่นปริศนาโปรดของคุณ,ความสนุกบล็อกประจำวันกำลังเรียกหา มาเล่นปริศนาโปรดของคุณ
20261005,https://d26ml67612e64s.cloudfront.net/block_blast/image/TOURNAMENT_END_MSG.jpg,"{""social"":""A2U_BETA"",""type"":""20261005""}",Master the board today. Your blocks are ready.,Master the board today. Your blocks are ready.,أتقن اللوحة اليوم. قطعك جاهزة.,أتقن اللوحة اليوم. قطعك جاهزة.,Domina el tablero hoy. Tus bloques están listos.,Domina el tablero hoy. Tus bloques están listos.,Domine o tabuleiro hoje. Seus blocos estão prontos.,Domine o tabuleiro hoje. Seus blocos estão prontos.,Kuasai papan hari ini. Blokmu sudah siap.,Kuasai papan hari ini. Blokmu sudah siap.,Освой доску сегодня. Твои блоки готовы.,Освой доску сегодня. Твои блоки готовы.,Maîtrise le tableau aujourd'hui. Tes blocs sont prêts.,Maîtrise le tableau aujourd'hui. Tes blocs sont prêts.,มาเชี่ยวชาญกระดานวันนี้ บล็อกของคุณพร้อมแล้ว,มาเชี่ยวชาญกระดานวันนี้ บล็อกของคุณพร้อมแล้ว
20261006,https://d26ml67612e64s.cloudfront.net/block_blast/image/TOURNAMENT_END_MSG.jpg,"{""social"":""A2U_BETA"",""type"":""20261006""}",Take a puzzle break and clear the board today.,Take a puzzle break and clear the board today.,خذ استراحة ألغاز وامسح اللوحة اليوم.,خذ استراحة ألغاز وامسح اللوحة اليوم.,Toma un descanso de puzzles y despeja el tablero hoy.,Toma un descanso de puzzles y despeja el tablero hoy.,Faça uma pausa para puzzles e limpe o tabuleiro hoje.,Faça uma pausa para puzzles e limpe o tabuleiro hoje.,Istirahat puzzle dan bersihkan papan hari ini.,Istirahat puzzle dan bersihkan papan hari ini.,Сделай перерыв на головоломку и очисти доску сегодня.,Сделай перерыв на головоломку и очисти доску сегодня.,Prends une pause puzzle et vide le tableau aujourd'hui.,Prends une pause puzzle et vide le tableau aujourd'hui.,พักปริศนาและล้างกระดานวันนี้,พักปริศนาและล้างกระดานวันนี้
20261007,https://d26ml67612e64s.cloudfront.net/block_blast/image/TOURNAMENT_END_MSG.jpg,"{""social"":""A2U_BETA"",""type"":""20261007""}",Your next high score is waiting. Come play now.,Your next high score is waiting. Come play now.,أعلى نتيجة تاليه لك تنتظرك. تعال والعب الآن.,أعلى نتيجة تاليه لك تنتظرك. تعال والعب الآن.,Tu próxima puntuación alta está esperando. Ven a jugar ahora.,Tu próxima puntuación alta está esperando. Ven a jugar ahora.,Sua próxima pontuação alta está esperando. Venha jogar agora.,Sua próxima pontuação alta está esperando. Venha jogar agora.,Skor tertinggi berikutnya menunggumu. Ayo main sekarang.,Skor tertinggi berikutnya menunggumu. Ayo main sekarang.,Твой следующий рекорд ждёт. Заходи играть сейчас.,Твой следующий рекорд ждёт. Заходи играть сейчас.,Ton prochain score élevé t'attend. Viens jouer maintenant.,Ton prochain score élevé t'attend. Viens jouer maintenant.,คะแนนสูงถัดไปของคุณกำลังรอ มาเล่นเดี๋ยวนี้,คะแนนสูงถัดไปของคุณกำลังรอ มาเล่นเดี๋ยวนี้
20261008,https://d26ml67612e64s.cloudfront.net/block_blast/image/TOURNAMENT_END_MSG.jpg,"{""social"":""A2U_BETA"",""type"":""20261008""}",Relax with some block-matching fun today.,Relax with some block-matching fun today.,استرخ مع بعض متعة مطابقة القطع اليوم.,استرخ مع بعض متعة مطابقة القطع اليوم.,Relájate con algo de diversión combinando bloques hoy.,Relájate con algo de diversión combinando bloques hoy.,Relaxe com alguma diversão combinando blocos hoje.,Relaxe com alguma diversão combinando blocos hoje.,Santai dengan keseruan mencocokkan blok hari ini.,Santai dengan keseruan mencocokkan blok hari ini.,Расслабься с весёлым сопоставлением блоков сегодня.,Расслабься с весёлым сопоставлением блоков сегодня.,Détends-toi avec du plaisir d'assortiment de blocs aujourd'hui.,Détends-toi avec du plaisir d'assortiment de blocs aujourd'hui.,ผ่อนคลายกับความสนุกในการจับคู่บล็อกวันนี้,ผ่อนคลายกับความสนุกในการจับคู่บล็อกวันนี้
20261009,https://d26ml67612e64s.cloudfront.net/block_blast/image/TOURNAMENT_END_MSG.jpg,"{""social"":""A2U_BETA"",""type"":""20261009""}",Challenge yourself with fresh puzzles right now.,Challenge yourself with fresh puzzles right now.,تحدى نفسك بألغاز جديدة الآن.,تحدى نفسك بألغاز جديدة الآن.,Desafíate con puzzles frescos ahora mismo.,Desafíate con puzzles frescos ahora mismo.,Desafie-se com puzzles frescos agora mesmo.,Desafie-se com puzzles frescos agora mesmo.,Tantang dirimu dengan puzzle segar sekarang juga.,Tantang dirimu dengan puzzle segar sekarang juga.,Брось себе вызов со свежими головоломками прямо сейчас.,Брось себе вызов со свежими головоломками прямо сейчас.,Défie-toi avec des puzzles frais dès maintenant.,Défie-toi avec des puzzles frais dès maintenant.,ท้าทายตัวเองด้วยปริศนาใหม่ตอนนี้เลย,ท้าทายตัวเองด้วยปริศนาใหม่ตอนนี้เลย
20261011,https://d26ml67612e64s.cloudfront.net/block_blast/image/TOURNAMENT_END_MSG.jpg,"{""social"":""A2U_BETA"",""type"":""20261011""}",Fill those lines and feel the satisfaction. Play today.,Fill those lines and feel the satisfaction. Play today.,املأ تلك الخطوط واشعر بالرضا. العب اليوم.,املأ تلك الخطوط واشعر بالرضا. العب اليوم.,Llena esas líneas y siente la satisfacción. Juega hoy.,Llena esas líneas y siente la satisfacción. Juega hoy.,Preencha essas linhas e sinta a satisfação. Jogue hoje.,Preencha essas linhas e sinta a satisfação. Jogue hoje.,Isi garis-garis itu dan rasakan kepuasannya. Main hari ini.,Isi garis-garis itu dan rasakan kepuasannya. Main hari ini.,Заполни эти линии и почувствуй удовлетворение. Играй сегодня.,Заполни эти линии и почувствуй удовлетворение. Играй сегодня.,Remplis ces lignes et ressens la satisfaction. Joue aujourd'hui.,Remplis ces lignes et ressens la satisfaction. Joue aujourd'hui.,เติมเส้นเหล่านั้นและรู้สึกถึงความพึงพอใจ เล่นวันนี้,เติมเส้นเหล่านั้นและรู้สึกถึงความพึงพอใจ เล่นวันนี้
20261012,https://d26ml67612e64s.cloudfront.net/block_blast/image/TOURNAMENT_END_MSG.jpg,"{""social"":""A2U_BETA"",""type"":""20261012""}",Perfect time for a quick puzzle session.,Perfect time for a quick puzzle session.,الوقت المثالي لجلسة ألغاز سريعة.,الوقت المثالي لجلسة ألغاز سريعة.,Momento perfecto para una sesión rápida de puzzles.,Momento perfecto para una sesión rápida de puzzles.,Momento perfeito para uma sessão rápida de puzzles.,Momento perfeito para uma sessão rápida de puzzles.,Waktu sempurna untuk sesi puzzle cepat.,Waktu sempurna untuk sesi puzzle cepat.,Идеальное время для быстрой головоломки.,Идеальное время для быстрой головоломки.,Moment parfait pour une session de puzzle rapide.,Moment parfait pour une session de puzzle rapide.,เวลาที่สมบูรณ์แบบสำหรับช่วงปริศนาสั้นๆ,เวลาที่สมบูรณ์แบบสำหรับช่วงปริศนาสั้นๆ
20261013,https://d26ml67612e64s.cloudfront.net/block_blast/image/TOURNAMENT_END_MSG.jpg,"{""social"":""A2U_BETA"",""type"":""20261013""}",Your blocks won't arrange themselves. Jump in now.,Your blocks won't arrange themselves. Jump in now.,قطعك لن ترتب نفسها. اقفز للداخل الآن.,قطعك لن ترتب نفسها. اقفز للداخل الآن.,Tus bloques no se organizarán solos. Salta ahora.,Tus bloques no se organizarán solos. Salta ahora.,Seus blocos não vão se organizar sozinhos. Pule agora.,Seus blocos não vão se organizar sozinhos. Pule agora.,Blokmu tidak akan mengatur dirinya sendiri. Lompat sekarang.,Blokmu tidak akan mengatur dirinya sendiri. Lompat sekarang.,Твои блоки не расставятся сами. Заходи сейчас.,Твои блоки не расставятся сами. Заходи сейчас.,Tes blocs ne s'arrangeront pas tout seuls. Saute maintenant.,Tes blocs ne s'arrangeront pas tout seuls. Saute maintenant.,บล็อกของคุณจะไม่จัดเรียงตัวเอง กระโดดเข้ามาเดี๋ยวนี้,บล็อกของคุณจะไม่จัดเรียงตัวเอง กระโดดเข้ามาเดี๋ยวนี้
20261014,https://d26ml67612e64s.cloudfront.net/block_blast/image/TOURNAMENT_END_MSG.jpg,"{""social"":""A2U_BETA"",""type"":""20261014""}",Beat your best score today. Start playing now.,Beat your best score today. Start playing now.,اهزم أفضل نتيجة لك اليوم. ابدأ اللعب الآن.,اهزم أفضل نتيجة لك اليوم. ابدأ اللعب الآن.,Supera tu mejor puntuación hoy. Empieza a jugar ahora.,Supera tu mejor puntuación hoy. Empieza a jugar ahora.,Bata sua melhor pontuação hoje. Comece a jogar agora.,Bata sua melhor pontuação hoje. Comece a jogar agora.,Kalahkan skor terbaikmu hari ini. Mulai main sekarang.,Kalahkan skor terbaikmu hari ini. Mulai main sekarang.,Побей свой лучший результат сегодня. Начни играть сейчас.,Побей свой лучший результат сегодня. Начни играть сейчас.,Bats ton meilleur score aujourd'hui. Commence à jouer maintenant.,Bats ton meilleur score aujourd'hui. Commence à jouer maintenant.,เอาชนะคะแนนที่ดีที่สุดของคุณวันนี้ เริ่มเล่นเดี๋ยวนี้,เอาชนะคะแนนที่ดีที่สุดของคุณวันนี้ เริ่มเล่นเดี๋ยวนี้
20261015,https://d26ml67612e64s.cloudfront.net/block_blast/image/TOURNAMENT_END_MSG.jpg,"{""social"":""A2U_BETA"",""type"":""20261015""}",A few minutes of puzzle fun awaits you.,A few minutes of puzzle fun awaits you.,بضع دقائق من متعة الألغاز تنتظرك.,بضع دقائق من متعة الألغاز تنتظرك.,Unos minutos de diversión con puzzles te esperan.,Unos minutos de diversión con puzzles te esperan.,Alguns minutos de diversão com puzzles aguardam você.,Alguns minutos de diversão com puzzles aguardam você.,Beberapa menit keseruan puzzle menantimu.,Beberapa menit keseruan puzzle menantimu.,Несколько минут головоломки ждут тебя.,Несколько минут головоломки ждут тебя.,Quelques minutes de plaisir puzzle t'attendent.,Quelques minutes de plaisir puzzle t'attendent.,ความสนุกปริศนาไม่กี่นาทีรอคุณอยู่,ความสนุกปริศนาไม่กี่นาทีรอคุณอยู่
20261016,https://d26ml67612e64s.cloudfront.net/block_blast/image/TOURNAMENT_END_MSG.jpg,"{""social"":""A2U_BETA"",""type"":""20261016""}",Keep your mind sharp with today's block challenge.,Keep your mind sharp with today's block challenge.,حافظ على حدة ذهنك مع تحدي القطع اليوم.,حافظ على حدة ذهنك مع تحدي القطع اليوم.,Mantén tu mente aguda con el desafío de bloques de hoy.,Mantén tu mente aguda con el desafío de bloques de hoy.,Mantenha sua mente afiada com o desafio de blocos de hoje.,Mantenha sua mente afiada com o desafio de blocos de hoje.,Jaga ketajaman pikiranmu dengan tantangan blok hari ini.,Jaga ketajaman pikiranmu dengan tantangan blok hari ini.,Держи свой ум острым с сегодняшним испытанием блоками.,Держи свой ум острым с сегодняшним испытанием блоками.,Garde ton esprit vif avec le défi de blocs d'aujourd'hui.,Garde ton esprit vif avec le défi de blocs d'aujourd'hui.,รักษาสมองของคุณให้แหลมคมด้วยความท้าทายบล็อกวันนี้,รักษาสมองของคุณให้แหลมคมด้วยความท้าทายบล็อกวันนี้
20261018,https://d26ml67612e64s.cloudfront.net/block_blast/image/TOURNAMENT_END_MSG.jpg,"{""social"":""A2U_BETA"",""type"":""20261018""}",Time to clear some lines. Jump in and play today.,Time to clear some lines. Jump in and play today.,حان وقت مسح بعض الخطوط. اقفز والعب اليوم.,حان وقت مسح بعض الخطوط. اقفز والعب اليوم.,Hora de borrar algunas líneas. Salta y juega hoy.,Hora de borrar algunas líneas. Salta y juega hoy.,Hora de limpar algumas linhas. Pule e jogue hoje.,Hora de limpar algumas linhas. Pule e jogue hoje.,Waktunya hapus beberapa garis. Lompat dan main hari ini.,Waktunya hapus beberapa garis. Lompat dan main hari ini.,Время очистить несколько линий. Заходи и играй сегодня.,Время очистить несколько линий. Заходи и играй сегодня.,Il est temps d'effacer quelques lignes. Saute et joue aujourd'hui.,Il est temps d'effacer quelques lignes. Saute et joue aujourd'hui.,ถึงเวลาล้างบางเส้นแล้ว กระโดดเข้ามาเล่นวันนี้,ถึงเวลาล้างบางเส้นแล้ว กระโดดเข้ามาเล่นวันนี้
20261019,https://d26ml67612e64s.cloudfront.net/block_blast/image/TOURNAMENT_END_MSG.jpg,"{""social"":""A2U_BETA"",""type"":""20261019""}",Your puzzle board is waiting. Come match those blocks.,Your puzzle board is waiting. Come match those blocks.,لوحة الألغاز الخاصة بك تنتظر. تعال وطابق تلك القطع.,لوحة الألغاز الخاصة بك تنتظر. تعال وطابق تلك القطع.,Tu tablero de rompecabezas está esperando. Ven a combinar esos bloques.,Tu tablero de rompecabezas está esperando. Ven a combinar esos bloques.,Seu tabuleiro de quebra-cabeça está esperando. Venha combinar esses blocos.,Seu tabuleiro de quebra-cabeça está esperando. Venha combinar esses blocos.,Papan puzzlemu menunggu. Ayo padukan blok-blok itu.,Papan puzzlemu menunggu. Ayo padukan blok-blok itu.,Твоя головоломка ждёт. Приходи и сопоставляй эти блоки.,Твоя головоломка ждёт. Приходи и сопоставляй эти блоки.,Ton tableau de puzzle t'attend. Viens assortir ces blocs.,Ton tableau de puzzle t'attend. Viens assortir ces blocs.,กระดานปริศนาของคุณกำลังรอ มาจับคู่บล็อกเหล่านั้นกันเถอะ,กระดานปริศนาของคุณกำลังรอ มาจับคู่บล็อกเหล่านั้นกันเถอะ
20261020,https://d26ml67612e64s.cloudfront.net/block_blast/image/TOURNAMENT_END_MSG.jpg,"{""social"":""A2U_BETA"",""type"":""20261020""}",Ready for today's block challenge? Let's play.,Ready for today's block challenge? Let's play.,مستعد لتحدي القطع اليوم؟ هيا نلعب.,مستعد لتحدي القطع اليوم؟ هيا نلعب.,¿Listo para el desafío de bloques de hoy? Juguemos.,¿Listo para el desafío de bloques de hoy? Juguemos.,Pronto para o desafio de blocos de hoje? Vamos jogar.,Pronto para o desafio de blocos de hoje? Vamos jogar.,Siap untuk tantangan blok hari ini? Ayo main.,Siap untuk tantangan blok hari ini? Ayo main.,Готов к сегодняшнему испытанию блоками? Давай играть.,Готов к сегодняшнему испытанию блоками? Давай играть.,Prêt pour le défi de blocs d'aujourd'hui? Jouons.,Prêt pour le défi de blocs d'aujourd'hui? Jouons.,พร้อมสำหรับความท้าทายบล็อกวันนี้แล้วหรือยัง? มาเล่นกันเถอะ,พร้อมสำหรับความท้าทายบล็อกวันนี้แล้วหรือยัง? มาเล่นกันเถอะ
20261021,https://d26ml67612e64s.cloudfront.net/block_blast/image/TOURNAMENT_END_MSG.jpg,"{""social"":""A2U_BETA"",""type"":""20261021""}","Clear lines, score big. Start your daily puzzle now.","Clear lines, score big. Start your daily puzzle now.",امسح الخطوط، احرز نقاطاً كبيرة. ابدأ لغزك اليومي الآن.,امسح الخطوط، احرز نقاطاً كبيرة. ابدأ لغزك اليومي الآن.,"Borra líneas, anota en grande. Comienza tu puzzle diario ahora.","Borra líneas, anota en grande. Comienza tu puzzle diario ahora.","Limpe linhas, pontue alto. Comece seu puzzle diário agora.","Limpe linhas, pontue alto. Comece seu puzzle diário agora.","Hapus garis, skor besar. Mulai puzzle harianmu sekarang.","Hapus garis, skor besar. Mulai puzzle harianmu sekarang.","Очищай линии, зарабатывай много. Начни свою ежедневную головоломку сейчас.","Очищай линии, зарабатывай много. Начни свою ежедневную головоломку сейчас.","Efface des lignes, marque gros. Commence ton puzzle quotidien maintenant.","Efface des lignes, marque gros. Commence ton puzzle quotidien maintenant.",ล้างเส้น ทำคะแนนสูง เริ่มปริศนาประจำวันของคุณเดี๋ยวนี้,ล้างเส้น ทำคะแนนสูง เริ่มปริศนาประจำวันของคุณเดี๋ยวนี้
20261022,https://d26ml67612e64s.cloudfront.net/block_blast/image/TOURNAMENT_END_MSG.jpg,"{""social"":""A2U_BETA"",""type"":""20261022""}","New blocks, new challenges. Play Puzzle Block Master today.","New blocks, new challenges. Play Puzzle Block Master today.",قطع جديدة، تحديات جديدة. العب ماستر بلوك بازل اليوم.,قطع جديدة، تحديات جديدة. العب ماستر بلوك بازل اليوم.,"Nuevos bloques, nuevos desafíos. Juega Puzzle Block Master hoy.","Nuevos bloques, nuevos desafíos. Juega Puzzle Block Master hoy.","Novos blocos, novos desafios. Jogue Puzzle Block Master hoje.","Novos blocos, novos desafios. Jogue Puzzle Block Master hoje.","Blok baru, tantangan baru. Main Puzzle Block Master hari ini.","Blok baru, tantangan baru. Main Puzzle Block Master hari ini.","Новые блоки, новые испытания. Играй в Puzzle Block Master сегодня.","Новые блоки, новые испытания. Играй в Puzzle Block Master сегодня.","Nouveaux blocs, nouveaux défis. Joue à Puzzle Block Master aujourd'hui.","Nouveaux blocs, nouveaux défis. Joue à Puzzle Block Master aujourd'hui.",บล็อกใหม่ ความท้าทายใหม่ เล่น Puzzle Block Master วันนี้,บล็อกใหม่ ความท้าทายใหม่ เล่น Puzzle Block Master วันนี้
20261023,https://d26ml67612e64s.cloudfront.net/block_blast/image/TOURNAMENT_END_MSG.jpg,"{""social"":""A2U_BETA"",""type"":""20261023""}",Your brain needs a puzzle break. Come play now.,Your brain needs a puzzle break. Come play now.,عقلك يحتاج لاستراحة ألغاز. تعال والعب الآن.,عقلك يحتاج لاستراحة ألغاز. تعال والعب الآن.,Tu cerebro necesita un descanso de puzzles. Ven a jugar ahora.,Tu cerebro necesita un descanso de puzzles. Ven a jugar ahora.,Seu cérebro precisa de uma pausa para puzzles. Venha jogar agora.,Seu cérebro precisa de uma pausa para puzzles. Venha jogar agora.,Otakmu butuh istirahat puzzle. Ayo main sekarang.,Otakmu butuh istirahat puzzle. Ayo main sekarang.,Твоему мозгу нужна головоломка. Заходи играть сейчас.,Твоему мозгу нужна головоломка. Заходи играть сейчас.,Ton cerveau a besoin d'une pause puzzle. Viens jouer maintenant.,Ton cerveau a besoin d'une pause puzzle. Viens jouer maintenant.,สมองของคุณต้องการพักปริศนา มาเล่นเดี๋ยวนี้,สมองของคุณต้องการพักปริศนา มาเล่นเดี๋ยวนี้
20261025,https://d26ml67612e64s.cloudfront.net/block_blast/image/TOURNAMENT_END_MSG.jpg,"{""social"":""A2U_BETA"",""type"":""20261025""}","Stack, match, and clear. Today's puzzle awaits.","Stack, match, and clear. Today's puzzle awaits.",كدّس، طابق، وامسح. لغزك اليوم بانتظارك.,كدّس، طابق، وامسح. لغزك اليوم بانتظارك.,"Apila, combina y borra. Tu puzzle de hoy te espera.","Apila, combina y borra. Tu puzzle de hoy te espera.","Empilhe, combine e limpe. Seu puzzle de hoje aguarda.","Empilhe, combine e limpe. Seu puzzle de hoje aguarda.","Tumpuk, padukan, dan hapus. Puzzle hari ini menanti.","Tumpuk, padukan, dan hapus. Puzzle hari ini menanti.","Складывай, сопоставляй и очищай. Твоя головоломка на сегодня ждёт.","Складывай, сопоставляй и очищай. Твоя головоломка на сегодня ждёт.","Empile, assortis et efface. Ton puzzle d'aujourd'hui t'attend.","Empile, assortis et efface. Ton puzzle d'aujourd'hui t'attend.",เรียง จับคู่ และล้าง ปริศนาวันนี้รออยู่,เรียง จับคู่ และล้าง ปริศนาวันนี้รออยู่
20261026,https://d26ml67612e64s.cloudfront.net/block_blast/image/TOURNAMENT_END_MSG.jpg,"{""social"":""A2U_BETA"",""type"":""20261026""}",How many lines can you clear today? Find out now.,How many lines can you clear today? Find out now.,كم خطاً يمكنك مسحه اليوم؟ اكتشف الآن.,كم خطاً يمكنك مسحه اليوم؟ اكتشف الآن.,¿Cuántas líneas puedes borrar hoy? Descúbrelo ahora.,¿Cuántas líneas puedes borrar hoy? Descúbrelo ahora.,Quantas linhas você pode limpar hoje? Descubra agora.,Quantas linhas você pode limpar hoje? Descubra agora.,Berapa banyak garis yang bisa kamu hapus hari ini? Cari tahu sekarang.,Berapa banyak garis yang bisa kamu hapus hari ini? Cari tahu sekarang.,Сколько линий ты можешь очистить сегодня? Узнай сейчас.,Сколько линий ты можешь очистить сегодня? Узнай сейчас.,Combien de lignes peux-tu effacer aujourd'hui? Découvre-le maintenant.,Combien de lignes peux-tu effacer aujourd'hui? Découvre-le maintenant.,วันนี้คุณจะล้างได้กี่เส้น? มาดูกันเดี๋ยวนี้,วันนี้คุณจะล้างได้กี่เส้น? มาดูกันเดี๋ยวนี้
20261027,https://d26ml67612e64s.cloudfront.net/block_blast/image/TOURNAMENT_END_MSG.jpg,"{""social"":""A2U_BETA"",""type"":""20261027""}",Daily block fun is calling. Come play your favorite puzzle.,Daily block fun is calling. Come play your favorite puzzle.,متعة القطع اليومية تناديك. تعال والعب لغزك المفضل.,متعة القطع اليومية تناديك. تعال والعب لغزك المفضل.,La diversión diaria de bloques te llama. Ven a jugar tu puzzle favorito.,La diversión diaria de bloques te llama. Ven a jugar tu puzzle favorito.,A diversão diária de blocos está chamando. Venha jogar seu puzzle favorito.,A diversão diária de blocos está chamando. Venha jogar seu puzzle favorito.,Keseruan blok harian memanggilmu. Ayo main puzzle favoritmu.,Keseruan blok harian memanggilmu. Ayo main puzzle favoritmu.,Ежедневное веселье с блоками зовёт. Заходи играть в свою любимую головоломку.,Ежедневное веселье с блоками зовёт. Заходи играть в свою любимую головоломку.,Le plaisir quotidien des blocs t'appelle. Viens jouer à ton puzzle préféré.,Le plaisir quotidien des blocs t'appelle. Viens jouer à ton puzzle préféré.,ความสนุกบล็อกประจำวันกำลังเรียกหา มาเล่นปริศนาโปรดของคุณ,ความสนุกบล็อกประจำวันกำลังเรียกหา มาเล่นปริศนาโปรดของคุณ
20261028,https://d26ml67612e64s.cloudfront.net/block_blast/image/TOURNAMENT_END_MSG.jpg,"{""social"":""A2U_BETA"",""type"":""20261028""}",Master the board today. Your blocks are ready.,Master the board today. Your blocks are ready.,أتقن اللوحة اليوم. قطعك جاهزة.,أتقن اللوحة اليوم. قطعك جاهزة.,Domina el tablero hoy. Tus bloques están listos.,Domina el tablero hoy. Tus bloques están listos.,Domine o tabuleiro hoje. Seus blocos estão prontos.,Domine o tabuleiro hoje. Seus blocos estão prontos.,Kuasai papan hari ini. Blokmu sudah siap.,Kuasai papan hari ini. Blokmu sudah siap.,Освой доску сегодня. Твои блоки готовы.,Освой доску сегодня. Твои блоки готовы.,Maîtrise le tableau aujourd'hui. Tes blocs sont prêts.,Maîtrise le tableau aujourd'hui. Tes blocs sont prêts.,มาเชี่ยวชาญกระดานวันนี้ บล็อกของคุณพร้อมแล้ว,มาเชี่ยวชาญกระดานวันนี้ บล็อกของคุณพร้อมแล้ว
20261029,https://d26ml67612e64s.cloudfront.net/block_blast/image/TOURNAMENT_END_MSG.jpg,"{""social"":""A2U_BETA"",""type"":""20261029""}",Take a puzzle break and clear the board today.,Take a puzzle break and clear the board today.,خذ استراحة ألغاز وامسح اللوحة اليوم.,خذ استراحة ألغاز وامسح اللوحة اليوم.,Toma un descanso de puzzles y despeja el tablero hoy.,Toma un descanso de puzzles y despeja el tablero hoy.,Faça uma pausa para puzzles e limpe o tabuleiro hoje.,Faça uma pausa para puzzles e limpe o tabuleiro hoje.,Istirahat puzzle dan bersihkan papan hari ini.,Istirahat puzzle dan bersihkan papan hari ini.,Сделай перерыв на головоломку и очисти доску сегодня.,Сделай перерыв на головоломку и очисти доску сегодня.,Prends une pause puzzle et vide le tableau aujourd'hui.,Prends une pause puzzle et vide le tableau aujourd'hui.,พักปริศนาและล้างกระดานวันนี้,พักปริศนาและล้างกระดานวันนี้
20261030,https://d26ml67612e64s.cloudfront.net/block_blast/image/TOURNAMENT_END_MSG.jpg,"{""social"":""A2U_BETA"",""type"":""20261030""}",Your next high score is waiting. Come play now.,Your next high score is waiting. Come play now.,أعلى نتيجة تاليه لك تنتظرك. تعال والعب الآن.,أعلى نتيجة تاليه لك تنتظرك. تعال والعب الآن.,Tu próxima puntuación alta está esperando. Ven a jugar ahora.,Tu próxima puntuación alta está esperando. Ven a jugar ahora.,Sua próxima pontuação alta está esperando. Venha jogar agora.,Sua próxima pontuação alta está esperando. Venha jogar agora.,Skor tertinggi berikutnya menunggumu. Ayo main sekarang.,Skor tertinggi berikutnya menunggumu. Ayo main sekarang.,Твой следующий рекорд ждёт. Заходи играть сейчас.,Твой следующий рекорд ждёт. Заходи играть сейчас.,Ton prochain score élevé t'attend. Viens jouer maintenant.,Ton prochain score élevé t'attend. Viens jouer maintenant.,คะแนนสูงถัดไปของคุณกำลังรอ มาเล่นเดี๋ยวนี้,คะแนนสูงถัดไปของคุณกำลังรอ มาเล่นเดี๋ยวนี้
20261101,https://d26ml67612e64s.cloudfront.net/block_blast/image/TOURNAMENT_END_MSG.jpg,"{""social"":""A2U_BETA"",""type"":""20261101""}",Relax with some block-matching fun today.,Relax with some block-matching fun today.,استرخ مع بعض متعة مطابقة القطع اليوم.,استرخ مع بعض متعة مطابقة القطع اليوم.,Relájate con algo de diversión combinando bloques hoy.,Relájate con algo de diversión combinando bloques hoy.,Relaxe com alguma diversão combinando blocos hoje.,Relaxe com alguma diversão combinando blocos hoje.,Santai dengan keseruan mencocokkan blok hari ini.,Santai dengan keseruan mencocokkan blok hari ini.,Расслабься с весёлым сопоставлением блоков сегодня.,Расслабься с весёлым сопоставлением блоков сегодня.,Détends-toi avec du plaisir d'assortiment de blocs aujourd'hui.,Détends-toi avec du plaisir d'assortiment de blocs aujourd'hui.,ผ่อนคลายกับความสนุกในการจับคู่บล็อกวันนี้,ผ่อนคลายกับความสนุกในการจับคู่บล็อกวันนี้
20261102,https://d26ml67612e64s.cloudfront.net/block_blast/image/TOURNAMENT_END_MSG.jpg,"{""social"":""A2U_BETA"",""type"":""20261102""}",Challenge yourself with fresh puzzles right now.,Challenge yourself with fresh puzzles right now.,تحدى نفسك بألغاز جديدة الآن.,تحدى نفسك بألغاز جديدة الآن.,Desafíate con puzzles frescos ahora mismo.,Desafíate con puzzles frescos ahora mismo.,Desafie-se com puzzles frescos agora mesmo.,Desafie-se com puzzles frescos agora mesmo.,Tantang dirimu dengan puzzle segar sekarang juga.,Tantang dirimu dengan puzzle segar sekarang juga.,Брось себе вызов со свежими головоломками прямо сейчас.,Брось себе вызов со свежими головоломками прямо сейчас.,Défie-toi avec des puzzles frais dès maintenant.,Défie-toi avec des puzzles frais dès maintenant.,ท้าทายตัวเองด้วยปริศนาใหม่ตอนนี้เลย,ท้าทายตัวเองด้วยปริศนาใหม่ตอนนี้เลย
20261103,https://d26ml67612e64s.cloudfront.net/block_blast/image/TOURNAMENT_END_MSG.jpg,"{""social"":""A2U_BETA"",""type"":""20261103""}",Your puzzle board is waiting. Come match those blocks.,Your puzzle board is waiting. Come match those blocks.,لوحة الألغاز الخاصة بك تنتظر. تعال وطابق تلك القطع.,لوحة الألغاز الخاصة بك تنتظر. تعال وطابق تلك القطع.,Tu tablero de rompecabezas está esperando. Ven a combinar esos bloques.,Tu tablero de rompecabezas está esperando. Ven a combinar esos bloques.,Seu tabuleiro de quebra-cabeça está esperando. Venha combinar esses blocos.,Seu tabuleiro de quebra-cabeça está esperando. Venha combinar esses blocos.,Papan puzzlemu menunggu. Ayo padukan blok-blok itu.,Papan puzzlemu menunggu. Ayo padukan blok-blok itu.,Твоя головоломка ждёт. Приходи и сопоставляй эти блоки.,Твоя головоломка ждёт. Приходи и сопоставляй эти блоки.,Ton tableau de puzzle t'attend. Viens assortir ces blocs.,Ton tableau de puzzle t'attend. Viens assortir ces blocs.,กระดานปริศนาของคุณกำลังรอ มาจับคู่บล็อกเหล่านั้นกันเถอะ,กระดานปริศนาของคุณกำลังรอ มาจับคู่บล็อกเหล่านั้นกันเถอะ
20261104,https://d26ml67612e64s.cloudfront.net/block_blast/image/TOURNAMENT_END_MSG.jpg,"{""social"":""A2U_BETA"",""type"":""20261104""}",Ready for today's block challenge? Let's play.,Ready for today's block challenge? Let's play.,مستعد لتحدي القطع اليوم؟ هيا نلعب.,مستعد لتحدي القطع اليوم؟ هيا نلعب.,¿Listo para el desafío de bloques de hoy? Juguemos.,¿Listo para el desafío de bloques de hoy? Juguemos.,Pronto para o desafio de blocos de hoje? Vamos jogar.,Pronto para o desafio de blocos de hoje? Vamos jogar.,Siap untuk tantangan blok hari ini? Ayo main.,Siap untuk tantangan blok hari ini? Ayo main.,Готов к сегодняшнему испытанию блоками? Давай играть.,Готов к сегодняшнему испытанию блоками? Давай играть.,Prêt pour le défi de blocs d'aujourd'hui? Jouons.,Prêt pour le défi de blocs d'aujourd'hui? Jouons.,พร้อมสำหรับความท้าทายบล็อกวันนี้แล้วหรือยัง? มาเล่นกันเถอะ,พร้อมสำหรับความท้าทายบล็อกวันนี้แล้วหรือยัง? มาเล่นกันเถอะ
20261105,https://d26ml67612e64s.cloudfront.net/block_blast/image/TOURNAMENT_END_MSG.jpg,"{""social"":""A2U_BETA"",""type"":""20261105""}","Clear lines, score big. Start your daily puzzle now.","Clear lines, score big. Start your daily puzzle now.",امسح الخطوط، احرز نقاطاً كبيرة. ابدأ لغزك اليومي الآن.,امسح الخطوط، احرز نقاطاً كبيرة. ابدأ لغزك اليومي الآن.,"Borra líneas, anota en grande. Comienza tu puzzle diario ahora.","Borra líneas, anota en grande. Comienza tu puzzle diario ahora.","Limpe linhas, pontue alto. Comece seu puzzle diário agora.","Limpe linhas, pontue alto. Comece seu puzzle diário agora.","Hapus garis, skor besar. Mulai puzzle harianmu sekarang.","Hapus garis, skor besar. Mulai puzzle harianmu sekarang.","Очищай линии, зарабатывай много. Начни свою ежедневную головоломку сейчас.","Очищай линии, зарабатывай много. Начни свою ежедневную головоломку сейчас.","Efface des lignes, marque gros. Commence ton puzzle quotidien maintenant.","Efface des lignes, marque gros. Commence ton puzzle quotidien maintenant.",ล้างเส้น ทำคะแนนสูง เริ่มปริศนาประจำวันของคุณเดี๋ยวนี้,ล้างเส้น ทำคะแนนสูง เริ่มปริศนาประจำวันของคุณเดี๋ยวนี้
20261106,https://d26ml67612e64s.cloudfront.net/block_blast/image/TOURNAMENT_END_MSG.jpg,"{""social"":""A2U_BETA"",""type"":""20261106""}","New blocks, new challenges. Play Puzzle Block Master today.","New blocks, new challenges. Play Puzzle Block Master today.",قطع جديدة، تحديات جديدة. العب ماستر بلوك بازل اليوم.,قطع جديدة، تحديات جديدة. العب ماستر بلوك بازل اليوم.,"Nuevos bloques, nuevos desafíos. Juega Puzzle Block Master hoy.","Nuevos bloques, nuevos desafíos. Juega Puzzle Block Master hoy.","Novos blocos, novos desafios. Jogue Puzzle Block Master hoje.","Novos blocos, novos desafios. Jogue Puzzle Block Master hoje.","Blok baru, tantangan baru. Main Puzzle Block Master hari ini.","Blok baru, tantangan baru. Main Puzzle Block Master hari ini.","Новые блоки, новые испытания. Играй в Puzzle Block Master сегодня.","Новые блоки, новые испытания. Играй в Puzzle Block Master сегодня.","Nouveaux blocs, nouveaux défis. Joue à Puzzle Block Master aujourd'hui.","Nouveaux blocs, nouveaux défis. Joue à Puzzle Block Master aujourd'hui.",บล็อกใหม่ ความท้าทายใหม่ เล่น Puzzle Block Master วันนี้,บล็อกใหม่ ความท้าทายใหม่ เล่น Puzzle Block Master วันนี้
20261108,https://d26ml67612e64s.cloudfront.net/block_blast/image/TOURNAMENT_END_MSG.jpg,"{""social"":""A2U_BETA"",""type"":""20261108""}",Your brain needs a puzzle break. Come play now.,Your brain needs a puzzle break. Come play now.,عقلك يحتاج لاستراحة ألغاز. تعال والعب الآن.,عقلك يحتاج لاستراحة ألغاز. تعال والعب الآن.,Tu cerebro necesita un descanso de puzzles. Ven a jugar ahora.,Tu cerebro necesita un descanso de puzzles. Ven a jugar ahora.,Seu cérebro precisa de uma pausa para puzzles. Venha jogar agora.,Seu cérebro precisa de uma pausa para puzzles. Venha jogar agora.,Otakmu butuh istirahat puzzle. Ayo main sekarang.,Otakmu butuh istirahat puzzle. Ayo main sekarang.,Твоему мозгу нужна головоломка. Заходи играть сейчас.,Твоему мозгу нужна головоломка. Заходи играть сейчас.,Ton cerveau a besoin d'une pause puzzle. Viens jouer maintenant.,Ton cerveau a besoin d'une pause puzzle. Viens jouer maintenant.,สมองของคุณต้องการพักปริศนา มาเล่นเดี๋ยวนี้,สมองของคุณต้องการพักปริศนา มาเล่นเดี๋ยวนี้
20261109,https://d26ml67612e64s.cloudfront.net/block_blast/image/TOURNAMENT_END_MSG.jpg,"{""social"":""A2U_BETA"",""type"":""20261109""}","Stack, match, and clear. Today's puzzle awaits.","Stack, match, and clear. Today's puzzle awaits.",كدّس، طابق، وامسح. لغزك اليوم بانتظارك.,كدّس، طابق، وامسح. لغزك اليوم بانتظارك.,"Apila, combina y borra. Tu puzzle de hoy te espera.","Apila, combina y borra. Tu puzzle de hoy te espera.","Empilhe, combine e limpe. Seu puzzle de hoje aguarda.","Empilhe, combine e limpe. Seu puzzle de hoje aguarda.","Tumpuk, padukan, dan hapus. Puzzle hari ini menanti.","Tumpuk, padukan, dan hapus. Puzzle hari ini menanti.","Складывай, сопоставляй и очищай. Твоя головоломка на сегодня ждёт.","Складывай, сопоставляй и очищай. Твоя головоломка на сегодня ждёт.","Empile, assortis et efface. Ton puzzle d'aujourd'hui t'attend.","Empile, assortis et efface. Ton puzzle d'aujourd'hui t'attend.",เรียง จับคู่ และล้าง ปริศนาวันนี้รออยู่,เรียง จับคู่ และล้าง ปริศนาวันนี้รออยู่
20261110,https://d26ml67612e64s.cloudfront.net/block_blast/image/TOURNAMENT_END_MSG.jpg,"{""social"":""A2U_BETA"",""type"":""20261110""}",How many lines can you clear today? Find out now.,How many lines can you clear today? Find out now.,كم خطاً يمكنك مسحه اليوم؟ اكتشف الآن.,كم خطاً يمكنك مسحه اليوم؟ اكتشف الآن.,¿Cuántas líneas puedes borrar hoy? Descúbrelo ahora.,¿Cuántas líneas puedes borrar hoy? Descúbrelo ahora.,Quantas linhas você pode limpar hoje? Descubra agora.,Quantas linhas você pode limpar hoje? Descubra agora.,Berapa banyak garis yang bisa kamu hapus hari ini? Cari tahu sekarang.,Berapa banyak garis yang bisa kamu hapus hari ini? Cari tahu sekarang.,Сколько линий ты можешь очистить сегодня? Узнай сейчас.,Сколько линий ты можешь очистить сегодня? Узнай сейчас.,Combien de lignes peux-tu effacer aujourd'hui? Découvre-le maintenant.,Combien de lignes peux-tu effacer aujourd'hui? Découvre-le maintenant.,วันนี้คุณจะล้างได้กี่เส้น? มาดูกันเดี๋ยวนี้,วันนี้คุณจะล้างได้กี่เส้น? มาดูกันเดี๋ยวนี้
20261111,https://d26ml67612e64s.cloudfront.net/block_blast/image/TOURNAMENT_END_MSG.jpg,"{""social"":""A2U_BETA"",""type"":""20261111""}",Daily block fun is calling. Come play your favorite puzzle.,Daily block fun is calling. Come play your favorite puzzle.,متعة القطع اليومية تناديك. تعال والعب لغزك المفضل.,متعة القطع اليومية تناديك. تعال والعب لغزك المفضل.,La diversión diaria de bloques te llama. Ven a jugar tu puzzle favorito.,La diversión diaria de bloques te llama. Ven a jugar tu puzzle favorito.,A diversão diária de blocos está chamando. Venha jogar seu puzzle favorito.,A diversão diária de blocos está chamando. Venha jogar seu puzzle favorito.,Keseruan blok harian memanggilmu. Ayo main puzzle favoritmu.,Keseruan blok harian memanggilmu. Ayo main puzzle favoritmu.,Ежедневное веселье с блоками зовёт. Заходи играть в свою любимую головоломку.,Ежедневное веселье с блоками зовёт. Заходи играть в свою любимую головоломку.,Le plaisir quotidien des blocs t'appelle. Viens jouer à ton puzzle préféré.,Le plaisir quotidien des blocs t'appelle. Viens jouer à ton puzzle préféré.,ความสนุกบล็อกประจำวันกำลังเรียกหา มาเล่นปริศนาโปรดของคุณ,ความสนุกบล็อกประจำวันกำลังเรียกหา มาเล่นปริศนาโปรดของคุณ
20261112,https://d26ml67612e64s.cloudfront.net/block_blast/image/TOURNAMENT_END_MSG.jpg,"{""social"":""A2U_BETA"",""type"":""20261112""}",Master the board today. Your blocks are ready.,Master the board today. Your blocks are ready.,أتقن اللوحة اليوم. قطعك جاهزة.,أتقن اللوحة اليوم. قطعك جاهزة.,Domina el tablero hoy. Tus bloques están listos.,Domina el tablero hoy. Tus bloques están listos.,Domine o tabuleiro hoje. Seus blocos estão prontos.,Domine o tabuleiro hoje. Seus blocos estão prontos.,Kuasai papan hari ini. Blokmu sudah siap.,Kuasai papan hari ini. Blokmu sudah siap.,Освой доску сегодня. Твои блоки готовы.,Освой доску сегодня. Твои блоки готовы.,Maîtrise le tableau aujourd'hui. Tes blocs sont prêts.,Maîtrise le tableau aujourd'hui. Tes blocs sont prêts.,มาเชี่ยวชาญกระดานวันนี้ บล็อกของคุณพร้อมแล้ว,มาเชี่ยวชาญกระดานวันนี้ บล็อกของคุณพร้อมแล้ว
20261113,https://d26ml67612e64s.cloudfront.net/block_blast/image/TOURNAMENT_END_MSG.jpg,"{""social"":""A2U_BETA"",""type"":""20261113""}",Take a puzzle break and clear the board today.,Take a puzzle break and clear the board today.,خذ استراحة ألغاز وامسح اللوحة اليوم.,خذ استراحة ألغاز وامسح اللوحة اليوم.,Toma un descanso de puzzles y despeja el tablero hoy.,Toma un descanso de puzzles y despeja el tablero hoy.,Faça uma pausa para puzzles e limpe o tabuleiro hoje.,Faça uma pausa para puzzles e limpe o tabuleiro hoje.,Istirahat puzzle dan bersihkan papan hari ini.,Istirahat puzzle dan bersihkan papan hari ini.,Сделай перерыв на головоломку и очисти доску сегодня.,Сделай перерыв на головоломку и очисти доску сегодня.,Prends une pause puzzle et vide le tableau aujourd'hui.,Prends une pause puzzle et vide le tableau aujourd'hui.,พักปริศนาและล้างกระดานวันนี้,พักปริศนาและล้างกระดานวันนี้
20261115,https://d26ml67612e64s.cloudfront.net/block_blast/image/TOURNAMENT_END_MSG.jpg,"{""social"":""A2U_BETA"",""type"":""20261115""}",Your next high score is waiting. Come play now.,Your next high score is waiting. Come play now.,أعلى نتيجة تاليه لك تنتظرك. تعال والعب الآن.,أعلى نتيجة تاليه لك تنتظرك. تعال والعب الآن.,Tu próxima puntuación alta está esperando. Ven a jugar ahora.,Tu próxima puntuación alta está esperando. Ven a jugar ahora.,Sua próxima pontuação alta está esperando. Venha jogar agora.,Sua próxima pontuação alta está esperando. Venha jogar agora.,Skor tertinggi berikutnya menunggumu. Ayo main sekarang.,Skor tertinggi berikutnya menunggumu. Ayo main sekarang.,Твой следующий рекорд ждёт. Заходи играть сейчас.,Твой следующий рекорд ждёт. Заходи играть сейчас.,Ton prochain score élevé t'attend. Viens jouer maintenant.,Ton prochain score élevé t'attend. Viens jouer maintenant.,คะแนนสูงถัดไปของคุณกำลังรอ มาเล่นเดี๋ยวนี้,คะแนนสูงถัดไปของคุณกำลังรอ มาเล่นเดี๋ยวนี้
20261116,https://d26ml67612e64s.cloudfront.net/block_blast/image/TOURNAMENT_END_MSG.jpg,"{""social"":""A2U_BETA"",""type"":""20261116""}",Relax with some block-matching fun today.,Relax with some block-matching fun today.,استرخ مع بعض متعة مطابقة القطع اليوم.,استرخ مع بعض متعة مطابقة القطع اليوم.,Relájate con algo de diversión combinando bloques hoy.,Relájate con algo de diversión combinando bloques hoy.,Relaxe com alguma diversão combinando blocos hoje.,Relaxe com alguma diversão combinando blocos hoje.,Santai dengan keseruan mencocokkan blok hari ini.,Santai dengan keseruan mencocokkan blok hari ini.,Расслабься с весёлым сопоставлением блоков сегодня.,Расслабься с весёлым сопоставлением блоков сегодня.,Détends-toi avec du plaisir d'assortiment de blocs aujourd'hui.,Détends-toi avec du plaisir d'assortiment de blocs aujourd'hui.,ผ่อนคลายกับความสนุกในการจับคู่บล็อกวันนี้,ผ่อนคลายกับความสนุกในการจับคู่บล็อกวันนี้
20261117,https://d26ml67612e64s.cloudfront.net/block_blast/image/TOURNAMENT_END_MSG.jpg,"{""social"":""A2U_BETA"",""type"":""20261117""}",Challenge yourself with fresh puzzles right now.,Challenge yourself with fresh puzzles right now.,تحدى نفسك بألغاز جديدة الآن.,تحدى نفسك بألغاز جديدة الآن.,Desafíate con puzzles frescos ahora mismo.,Desafíate con puzzles frescos ahora mismo.,Desafie-se com puzzles frescos agora mesmo.,Desafie-se com puzzles frescos agora mesmo.,Tantang dirimu dengan puzzle segar sekarang juga.,Tantang dirimu dengan puzzle segar sekarang juga.,Брось себе вызов со свежими головоломками прямо сейчас.,Брось себе вызов со свежими головоломками прямо сейчас.,Défie-toi avec des puzzles frais dès maintenant.,Défie-toi avec des puzzles frais dès maintenant.,ท้าทายตัวเองด้วยปริศนาใหม่ตอนนี้เลย,ท้าทายตัวเองด้วยปริศนาใหม่ตอนนี้เลย
20261118,https://d26ml67612e64s.cloudfront.net/block_blast/image/TOURNAMENT_END_MSG.jpg,"{""social"":""A2U_BETA"",""type"":""20261118""}",Fill those lines and feel the satisfaction. Play today.,Fill those lines and feel the satisfaction. Play today.,املأ تلك الخطوط واشعر بالرضا. العب اليوم.,املأ تلك الخطوط واشعر بالرضا. العب اليوم.,Llena esas líneas y siente la satisfacción. Juega hoy.,Llena esas líneas y siente la satisfacción. Juega hoy.,Preencha essas linhas e sinta a satisfação. Jogue hoje.,Preencha essas linhas e sinta a satisfação. Jogue hoje.,Isi garis-garis itu dan rasakan kepuasannya. Main hari ini.,Isi garis-garis itu dan rasakan kepuasannya. Main hari ini.,Заполни эти линии и почувствуй удовлетворение. Играй сегодня.,Заполни эти линии и почувствуй удовлетворение. Играй сегодня.,Remplis ces lignes et ressens la satisfaction. Joue aujourd'hui.,Remplis ces lignes et ressens la satisfaction. Joue aujourd'hui.,เติมเส้นเหล่านั้นและรู้สึกถึงความพึงพอใจ เล่นวันนี้,เติมเส้นเหล่านั้นและรู้สึกถึงความพึงพอใจ เล่นวันนี้
20261119,https://d26ml67612e64s.cloudfront.net/block_blast/image/TOURNAMENT_END_MSG.jpg,"{""social"":""A2U_BETA"",""type"":""20261119""}",Perfect time for a quick puzzle session.,Perfect time for a quick puzzle session.,الوقت المثالي لجلسة ألغاز سريعة.,الوقت المثالي لجلسة ألغاز سريعة.,Momento perfecto para una sesión rápida de puzzles.,Momento perfecto para una sesión rápida de puzzles.,Momento perfeito para uma sessão rápida de puzzles.,Momento perfeito para uma sessão rápida de puzzles.,Waktu sempurna untuk sesi puzzle cepat.,Waktu sempurna untuk sesi puzzle cepat.,Идеальное время для быстрой головоломки.,Идеальное время для быстрой головоломки.,Moment parfait pour une session de puzzle rapide.,Moment parfait pour une session de puzzle rapide.,เวลาที่สมบูรณ์แบบสำหรับช่วงปริศนาสั้นๆ,เวลาที่สมบูรณ์แบบสำหรับช่วงปริศนาสั้นๆ
20261120,https://d26ml67612e64s.cloudfront.net/block_blast/image/TOURNAMENT_END_MSG.jpg,"{""social"":""A2U_BETA"",""type"":""20261120""}",Your blocks won't arrange themselves. Jump in now.,Your blocks won't arrange themselves. Jump in now.,قطعك لن ترتب نفسها. اقفز للداخل الآن.,قطعك لن ترتب نفسها. اقفز للداخل الآن.,Tus bloques no se organizarán solos. Salta ahora.,Tus bloques no se organizarán solos. Salta ahora.,Seus blocos não vão se organizar sozinhos. Pule agora.,Seus blocos não vão se organizar sozinhos. Pule agora.,Blokmu tidak akan mengatur dirinya sendiri. Lompat sekarang.,Blokmu tidak akan mengatur dirinya sendiri. Lompat sekarang.,Твои блоки не расставятся сами. Заходи сейчас.,Твои блоки не расставятся сами. Заходи сейчас.,Tes blocs ne s'arrangeront pas tout seuls. Saute maintenant.,Tes blocs ne s'arrangeront pas tout seuls. Saute maintenant.,บล็อกของคุณจะไม่จัดเรียงตัวเอง กระโดดเข้ามาเดี๋ยวนี้,บล็อกของคุณจะไม่จัดเรียงตัวเอง กระโดดเข้ามาเดี๋ยวนี้
20261122,https://d26ml67612e64s.cloudfront.net/block_blast/image/TOURNAMENT_END_MSG.jpg,"{""social"":""A2U_BETA"",""type"":""20261122""}",Beat your best score today. Start playing now.,Beat your best score today. Start playing now.,اهزم أفضل نتيجة لك اليوم. ابدأ اللعب الآن.,اهزم أفضل نتيجة لك اليوم. ابدأ اللعب الآن.,Supera tu mejor puntuación hoy. Empieza a jugar ahora.,Supera tu mejor puntuación hoy. Empieza a jugar ahora.,Bata sua melhor pontuação hoje. Comece a jogar agora.,Bata sua melhor pontuação hoje. Comece a jogar agora.,Kalahkan skor terbaikmu hari ini. Mulai main sekarang.,Kalahkan skor terbaikmu hari ini. Mulai main sekarang.,Побей свой лучший результат сегодня. Начни играть сейчас.,Побей свой лучший результат сегодня. Начни играть сейчас.,Bats ton meilleur score aujourd'hui. Commence à jouer maintenant.,Bats ton meilleur score aujourd'hui. Commence à jouer maintenant.,เอาชนะคะแนนที่ดีที่สุดของคุณวันนี้ เริ่มเล่นเดี๋ยวนี้,เอาชนะคะแนนที่ดีที่สุดของคุณวันนี้ เริ่มเล่นเดี๋ยวนี้
20261123,https://d26ml67612e64s.cloudfront.net/block_blast/image/TOURNAMENT_END_MSG.jpg,"{""social"":""A2U_BETA"",""type"":""20261123""}",A few minutes of puzzle fun awaits you.,A few minutes of puzzle fun awaits you.,بضع دقائق من متعة الألغاز تنتظرك.,بضع دقائق من متعة الألغاز تنتظرك.,Unos minutos de diversión con puzzles te esperan.,Unos minutos de diversión con puzzles te esperan.,Alguns minutos de diversão com puzzles aguardam você.,Alguns minutos de diversão com puzzles aguardam você.,Beberapa menit keseruan puzzle menantimu.,Beberapa menit keseruan puzzle menantimu.,Несколько минут головоломки ждут тебя.,Несколько минут головоломки ждут тебя.,Quelques minutes de plaisir puzzle t'attendent.,Quelques minutes de plaisir puzzle t'attendent.,ความสนุกปริศนาไม่กี่นาทีรอคุณอยู่,ความสนุกปริศนาไม่กี่นาทีรอคุณอยู่
20261124,https://d26ml67612e64s.cloudfront.net/block_blast/image/TOURNAMENT_END_MSG.jpg,"{""social"":""A2U_BETA"",""type"":""20261124""}",Keep your mind sharp with today's block challenge.,Keep your mind sharp with today's block challenge.,حافظ على حدة ذهنك مع تحدي القطع اليوم.,حافظ على حدة ذهنك مع تحدي القطع اليوم.,Mantén tu mente aguda con el desafío de bloques de hoy.,Mantén tu mente aguda con el desafío de bloques de hoy.,Mantenha sua mente afiada com o desafio de blocos de hoje.,Mantenha sua mente afiada com o desafio de blocos de hoje.,Jaga ketajaman pikiranmu dengan tantangan blok hari ini.,Jaga ketajaman pikiranmu dengan tantangan blok hari ini.,Держи свой ум острым с сегодняшним испытанием блоками.,Держи свой ум острым с сегодняшним испытанием блоками.,Garde ton esprit vif avec le défi de blocs d'aujourd'hui.,Garde ton esprit vif avec le défi de blocs d'aujourd'hui.,รักษาสมองของคุณให้แหลมคมด้วยความท้าทายบล็อกวันนี้,รักษาสมองของคุณให้แหลมคมด้วยความท้าทายบล็อกวันนี้
20261125,https://d26ml67612e64s.cloudfront.net/block_blast/image/TOURNAMENT_END_MSG.jpg,"{""social"":""A2U_BETA"",""type"":""20261125""}",Time to clear some lines. Jump in and play today.,Time to clear some lines. Jump in and play today.,حان وقت مسح بعض الخطوط. اقفز والعب اليوم.,حان وقت مسح بعض الخطوط. اقفز والعب اليوم.,Hora de borrar algunas líneas. Salta y juega hoy.,Hora de borrar algunas líneas. Salta y juega hoy.,Hora de limpar algumas linhas. Pule e jogue hoje.,Hora de limpar algumas linhas. Pule e jogue hoje.,Waktunya hapus beberapa garis. Lompat dan main hari ini.,Waktunya hapus beberapa garis. Lompat dan main hari ini.,Время очистить несколько линий. Заходи и играй сегодня.,Время очистить несколько линий. Заходи и играй сегодня.,Il est temps d'effacer quelques lignes. Saute et joue aujourd'hui.,Il est temps d'effacer quelques lignes. Saute et joue aujourd'hui.,ถึงเวลาล้างบางเส้นแล้ว กระโดดเข้ามาเล่นวันนี้,ถึงเวลาล้างบางเส้นแล้ว กระโดดเข้ามาเล่นวันนี้
20261126,https://d26ml67612e64s.cloudfront.net/block_blast/image/TOURNAMENT_END_MSG.jpg,"{""social"":""A2U_BETA"",""type"":""20261126""}",Your puzzle board is waiting. Come match those blocks.,Your puzzle board is waiting. Come match those blocks.,لوحة الألغاز الخاصة بك تنتظر. تعال وطابق تلك القطع.,لوحة الألغاز الخاصة بك تنتظر. تعال وطابق تلك القطع.,Tu tablero de rompecabezas está esperando. Ven a combinar esos bloques.,Tu tablero de rompecabezas está esperando. Ven a combinar esos bloques.,Seu tabuleiro de quebra-cabeça está esperando. Venha combinar esses blocos.,Seu tabuleiro de quebra-cabeça está esperando. Venha combinar esses blocos.,Papan puzzlemu menunggu. Ayo padukan blok-blok itu.,Papan puzzlemu menunggu. Ayo padukan blok-blok itu.,Твоя головоломка ждёт. Приходи и сопоставляй эти блоки.,Твоя головоломка ждёт. Приходи и сопоставляй эти блоки.,Ton tableau de puzzle t'attend. Viens assortir ces blocs.,Ton tableau de puzzle t'attend. Viens assortir ces blocs.,กระดานปริศนาของคุณกำลังรอ มาจับคู่บล็อกเหล่านั้นกันเถอะ,กระดานปริศนาของคุณกำลังรอ มาจับคู่บล็อกเหล่านั้นกันเถอะ
20261127,https://d26ml67612e64s.cloudfront.net/block_blast/image/TOURNAMENT_END_MSG.jpg,"{""social"":""A2U_BETA"",""type"":""20261127""}",Ready for today's block challenge? Let's play.,Ready for today's block challenge? Let's play.,مستعد لتحدي القطع اليوم؟ هيا نلعب.,مستعد لتحدي القطع اليوم؟ هيا نلعب.,¿Listo para el desafío de bloques de hoy? Juguemos.,¿Listo para el desafío de bloques de hoy? Juguemos.,Pronto para o desafio de blocos de hoje? Vamos jogar.,Pronto para o desafio de blocos de hoje? Vamos jogar.,Siap untuk tantangan blok hari ini? Ayo main.,Siap untuk tantangan blok hari ini? Ayo main.,Готов к сегодняшнему испытанию блоками? Давай играть.,Готов к сегодняшнему испытанию блоками? Давай играть.,Prêt pour le défi de blocs d'aujourd'hui? Jouons.,Prêt pour le défi de blocs d'aujourd'hui? Jouons.,พร้อมสำหรับความท้าทายบล็อกวันนี้แล้วหรือยัง? มาเล่นกันเถอะ,พร้อมสำหรับความท้าทายบล็อกวันนี้แล้วหรือยัง? มาเล่นกันเถอะ
20261129,https://d26ml67612e64s.cloudfront.net/block_blast/image/TOURNAMENT_END_MSG.jpg,"{""social"":""A2U_BETA"",""type"":""20261129""}","Clear lines, score big. Start your daily puzzle now.","Clear lines, score big. Start your daily puzzle now.",امسح الخطوط، احرز نقاطاً كبيرة. ابدأ لغزك اليومي الآن.,امسح الخطوط، احرز نقاطاً كبيرة. ابدأ لغزك اليومي الآن.,"Borra líneas, anota en grande. Comienza tu puzzle diario ahora.","Borra líneas, anota en grande. Comienza tu puzzle diario ahora.","Limpe linhas, pontue alto. Comece seu puzzle diário agora.","Limpe linhas, pontue alto. Comece seu puzzle diário agora.","Hapus garis, skor besar. Mulai puzzle harianmu sekarang.","Hapus garis, skor besar. Mulai puzzle harianmu sekarang.","Очищай линии, зарабатывай много. Начни свою ежедневную головоломку сейчас.","Очищай линии, зарабатывай много. Начни свою ежедневную головоломку сейчас.","Efface des lignes, marque gros. Commence ton puzzle quotidien maintenant.","Efface des lignes, marque gros. Commence ton puzzle quotidien maintenant.",ล้างเส้น ทำคะแนนสูง เริ่มปริศนาประจำวันของคุณเดี๋ยวนี้,ล้างเส้น ทำคะแนนสูง เริ่มปริศนาประจำวันของคุณเดี๋ยวนี้
20261130,https://d26ml67612e64s.cloudfront.net/block_blast/image/TOURNAMENT_END_MSG.jpg,"{""social"":""A2U_BETA"",""type"":""20261130""}","New blocks, new challenges. Play Puzzle Block Master today.","New blocks, new challenges. Play Puzzle Block Master today.",قطع جديدة، تحديات جديدة. العب ماستر بلوك بازل اليوم.,قطع جديدة، تحديات جديدة. العب ماستر بلوك بازل اليوم.,"Nuevos bloques, nuevos desafíos. Juega Puzzle Block Master hoy.","Nuevos bloques, nuevos desafíos. Juega Puzzle Block Master hoy.","Novos blocos, novos desafios. Jogue Puzzle Block Master hoje.","Novos blocos, novos desafios. Jogue Puzzle Block Master hoje.","Blok baru, tantangan baru. Main Puzzle Block Master hari ini.","Blok baru, tantangan baru. Main Puzzle Block Master hari ini.","Новые блоки, новые испытания. Играй в Puzzle Block Master сегодня.","Новые блоки, новые испытания. Играй в Puzzle Block Master сегодня.","Nouveaux blocs, nouveaux défis. Joue à Puzzle Block Master aujourd'hui.","Nouveaux blocs, nouveaux défis. Joue à Puzzle Block Master aujourd'hui.",บล็อกใหม่ ความท้าทายใหม่ เล่น Puzzle Block Master วันนี้,บล็อกใหม่ ความท้าทายใหม่ เล่น Puzzle Block Master วันนี้
20261201,https://d26ml67612e64s.cloudfront.net/block_blast/image/TOURNAMENT_END_MSG.jpg,"{""social"":""A2U_BETA"",""type"":""20261201""}",Your brain needs a puzzle break. Come play now.,Your brain needs a puzzle break. Come play now.,عقلك يحتاج لاستراحة ألغاز. تعال والعب الآن.,عقلك يحتاج لاستراحة ألغاز. تعال والعب الآن.,Tu cerebro necesita un descanso de puzzles. Ven a jugar ahora.,Tu cerebro necesita un descanso de puzzles. Ven a jugar ahora.,Seu cérebro precisa de uma pausa para puzzles. Venha jogar agora.,Seu cérebro precisa de uma pausa para puzzles. Venha jogar agora.,Otakmu butuh istirahat puzzle. Ayo main sekarang.,Otakmu butuh istirahat puzzle. Ayo main sekarang.,Твоему мозгу нужна головоломка. Заходи играть сейчас.,Твоему мозгу нужна головоломка. Заходи играть сейчас.,Ton cerveau a besoin d'une pause puzzle. Viens jouer maintenant.,Ton cerveau a besoin d'une pause puzzle. Viens jouer maintenant.,สมองของคุณต้องการพักปริศนา มาเล่นเดี๋ยวนี้,สมองของคุณต้องการพักปริศนา มาเล่นเดี๋ยวนี้
20261202,https://d26ml67612e64s.cloudfront.net/block_blast/image/TOURNAMENT_END_MSG.jpg,"{""social"":""A2U_BETA"",""type"":""20261202""}","Stack, match, and clear. Today's puzzle awaits.","Stack, match, and clear. Today's puzzle awaits.",كدّس، طابق، وامسح. لغزك اليوم بانتظارك.,كدّس، طابق، وامسح. لغزك اليوم بانتظارك.,"Apila, combina y borra. Tu puzzle de hoy te espera.","Apila, combina y borra. Tu puzzle de hoy te espera.","Empilhe, combine e limpe. Seu puzzle de hoje aguarda.","Empilhe, combine e limpe. Seu puzzle de hoje aguarda.","Tumpuk, padukan, dan hapus. Puzzle hari ini menanti.","Tumpuk, padukan, dan hapus. Puzzle hari ini menanti.","Складывай, сопоставляй и очищай. Твоя головоломка на сегодня ждёт.","Складывай, сопоставляй и очищай. Твоя головоломка на сегодня ждёт.","Empile, assortis et efface. Ton puzzle d'aujourd'hui t'attend.","Empile, assortis et efface. Ton puzzle d'aujourd'hui t'attend.",เรียง จับคู่ และล้าง ปริศนาวันนี้รออยู่,เรียง จับคู่ และล้าง ปริศนาวันนี้รออยู่
20261203,https://d26ml67612e64s.cloudfront.net/block_blast/image/TOURNAMENT_END_MSG.jpg,"{""social"":""A2U_BETA"",""type"":""20261203""}",How many lines can you clear today? Find out now.,How many lines can you clear today? Find out now.,كم خطاً يمكنك مسحه اليوم؟ اكتشف الآن.,كم خطاً يمكنك مسحه اليوم؟ اكتشف الآن.,¿Cuántas líneas puedes borrar hoy? Descúbrelo ahora.,¿Cuántas líneas puedes borrar hoy? Descúbrelo ahora.,Quantas linhas você pode limpar hoje? Descubra agora.,Quantas linhas você pode limpar hoje? Descubra agora.,Berapa banyak garis yang bisa kamu hapus hari ini? Cari tahu sekarang.,Berapa banyak garis yang bisa kamu hapus hari ini? Cari tahu sekarang.,Сколько линий ты можешь очистить сегодня? Узнай сейчас.,Сколько линий ты можешь очистить сегодня? Узнай сейчас.,Combien de lignes peux-tu effacer aujourd'hui? Découvre-le maintenant.,Combien de lignes peux-tu effacer aujourd'hui? Découvre-le maintenant.,วันนี้คุณจะล้างได้กี่เส้น? มาดูกันเดี๋ยวนี้,วันนี้คุณจะล้างได้กี่เส้น? มาดูกันเดี๋ยวนี้
20261204,https://d26ml67612e64s.cloudfront.net/block_blast/image/TOURNAMENT_END_MSG.jpg,"{""social"":""A2U_BETA"",""type"":""20261204""}",Daily block fun is calling. Come play your favorite puzzle.,Daily block fun is calling. Come play your favorite puzzle.,متعة القطع اليومية تناديك. تعال والعب لغزك المفضل.,متعة القطع اليومية تناديك. تعال والعب لغزك المفضل.,La diversión diaria de bloques te llama. Ven a jugar tu puzzle favorito.,La diversión diaria de bloques te llama. Ven a jugar tu puzzle favorito.,A diversão diária de blocos está chamando. Venha jogar seu puzzle favorito.,A diversão diária de blocos está chamando. Venha jogar seu puzzle favorito.,Keseruan blok harian memanggilmu. Ayo main puzzle favoritmu.,Keseruan blok harian memanggilmu. Ayo main puzzle favoritmu.,Ежедневное веселье с блоками зовёт. Заходи играть в свою любимую головоломку.,Ежедневное веселье с блоками зовёт. Заходи играть в свою любимую головоломку.,Le plaisir quotidien des blocs t'appelle. Viens jouer à ton puzzle préféré.,Le plaisir quotidien des blocs t'appelle. Viens jouer à ton puzzle préféré.,ความสนุกบล็อกประจำวันกำลังเรียกหา มาเล่นปริศนาโปรดของคุณ,ความสนุกบล็อกประจำวันกำลังเรียกหา มาเล่นปริศนาโปรดของคุณ
20261206,https://d26ml67612e64s.cloudfront.net/block_blast/image/TOURNAMENT_END_MSG.jpg,"{""social"":""A2U_BETA"",""type"":""20261206""}",Master the board today. Your blocks are ready.,Master the board today. Your blocks are ready.,أتقن اللوحة اليوم. قطعك جاهزة.,أتقن اللوحة اليوم. قطعك جاهزة.,Domina el tablero hoy. Tus bloques están listos.,Domina el tablero hoy. Tus bloques están listos.,Domine o tabuleiro hoje. Seus blocos estão prontos.,Domine o tabuleiro hoje. Seus blocos estão prontos.,Kuasai papan hari ini. Blokmu sudah siap.,Kuasai papan hari ini. Blokmu sudah siap.,Освой доску сегодня. Твои блоки готовы.,Освой доску сегодня. Твои блоки готовы.,Maîtrise le tableau aujourd'hui. Tes blocs sont prêts.,Maîtrise le tableau aujourd'hui. Tes blocs sont prêts.,มาเชี่ยวชาญกระดานวันนี้ บล็อกของคุณพร้อมแล้ว,มาเชี่ยวชาญกระดานวันนี้ บล็อกของคุณพร้อมแล้ว
20261207,https://d26ml67612e64s.cloudfront.net/block_blast/image/TOURNAMENT_END_MSG.jpg,"{""social"":""A2U_BETA"",""type"":""20261207""}",Take a puzzle break and clear the board today.,Take a puzzle break and clear the board today.,خذ استراحة ألغاز وامسح اللوحة اليوم.,خذ استراحة ألغاز وامسح اللوحة اليوم.,Toma un descanso de puzzles y despeja el tablero hoy.,Toma un descanso de puzzles y despeja el tablero hoy.,Faça uma pausa para puzzles e limpe o tabuleiro hoje.,Faça uma pausa para puzzles e limpe o tabuleiro hoje.,Istirahat puzzle dan bersihkan papan hari ini.,Istirahat puzzle dan bersihkan papan hari ini.,Сделай перерыв на головоломку и очисти доску сегодня.,Сделай перерыв на головоломку и очисти доску сегодня.,Prends une pause puzzle et vide le tableau aujourd'hui.,Prends une pause puzzle et vide le tableau aujourd'hui.,พักปริศนาและล้างกระดานวันนี้,พักปริศนาและล้างกระดานวันนี้
20261208,https://d26ml67612e64s.cloudfront.net/block_blast/image/TOURNAMENT_END_MSG.jpg,"{""social"":""A2U_BETA"",""type"":""20261208""}",Your next high score is waiting. Come play now.,Your next high score is waiting. Come play now.,أعلى نتيجة تاليه لك تنتظرك. تعال والعب الآن.,أعلى نتيجة تاليه لك تنتظرك. تعال والعب الآن.,Tu próxima puntuación alta está esperando. Ven a jugar ahora.,Tu próxima puntuación alta está esperando. Ven a jugar ahora.,Sua próxima pontuação alta está esperando. Venha jogar agora.,Sua próxima pontuação alta está esperando. Venha jogar agora.,Skor tertinggi berikutnya menunggumu. Ayo main sekarang.,Skor tertinggi berikutnya menunggumu. Ayo main sekarang.,Твой следующий рекорд ждёт. Заходи играть сейчас.,Твой следующий рекорд ждёт. Заходи играть сейчас.,Ton prochain score élevé t'attend. Viens jouer maintenant.,Ton prochain score élevé t'attend. Viens jouer maintenant.,คะแนนสูงถัดไปของคุณกำลังรอ มาเล่นเดี๋ยวนี้,คะแนนสูงถัดไปของคุณกำลังรอ มาเล่นเดี๋ยวนี้
20261209,https://d26ml67612e64s.cloudfront.net/block_blast/image/TOURNAMENT_END_MSG.jpg,"{""social"":""A2U_BETA"",""type"":""20261209""}",Relax with some block-matching fun today.,Relax with some block-matching fun today.,استرخ مع بعض متعة مطابقة القطع اليوم.,استرخ مع بعض متعة مطابقة القطع اليوم.,Relájate con algo de diversión combinando bloques hoy.,Relájate con algo de diversión combinando bloques hoy.,Relaxe com alguma diversão combinando blocos hoje.,Relaxe com alguma diversão combinando blocos hoje.,Santai dengan keseruan mencocokkan blok hari ini.,Santai dengan keseruan mencocokkan blok hari ini.,Расслабься с весёлым сопоставлением блоков сегодня.,Расслабься с весёлым сопоставлением блоков сегодня.,Détends-toi avec du plaisir d'assortiment de blocs aujourd'hui.,Détends-toi avec du plaisir d'assortiment de blocs aujourd'hui.,ผ่อนคลายกับความสนุกในการจับคู่บล็อกวันนี้,ผ่อนคลายกับความสนุกในการจับคู่บล็อกวันนี้
20261210,https://d26ml67612e64s.cloudfront.net/block_blast/image/TOURNAMENT_END_MSG.jpg,"{""social"":""A2U_BETA"",""type"":""20261210""}",Challenge yourself with fresh puzzles right now.,Challenge yourself with fresh puzzles right now.,تحدى نفسك بألغاز جديدة الآن.,تحدى نفسك بألغاز جديدة الآن.,Desafíate con puzzles frescos ahora mismo.,Desafíate con puzzles frescos ahora mismo.,Desafie-se com puzzles frescos agora mesmo.,Desafie-se com puzzles frescos agora mesmo.,Tantang dirimu dengan puzzle segar sekarang juga.,Tantang dirimu dengan puzzle segar sekarang juga.,Брось себе вызов со свежими головоломками прямо сейчас.,Брось себе вызов со свежими головоломками прямо сейчас.,Défie-toi avec des puzzles frais dès maintenant.,Défie-toi avec des puzzles frais dès maintenant.,ท้าทายตัวเองด้วยปริศนาใหม่ตอนนี้เลย,ท้าทายตัวเองด้วยปริศนาใหม่ตอนนี้เลย
20261211,https://d26ml67612e64s.cloudfront.net/block_blast/image/TOURNAMENT_END_MSG.jpg,"{""social"":""A2U_BETA"",""type"":""20261211""}",Fill those lines and feel the satisfaction. Play today.,Fill those lines and feel the satisfaction. Play today.,املأ تلك الخطوط واشعر بالرضا. العب اليوم.,املأ تلك الخطوط واشعر بالرضا. العب اليوم.,Llena esas líneas y siente la satisfacción. Juega hoy.,Llena esas líneas y siente la satisfacción. Juega hoy.,Preencha essas linhas e sinta a satisfação. Jogue hoje.,Preencha essas linhas e sinta a satisfação. Jogue hoje.,Isi garis-garis itu dan rasakan kepuasannya. Main hari ini.,Isi garis-garis itu dan rasakan kepuasannya. Main hari ini.,Заполни эти линии и почувствуй удовлетворение. Играй сегодня.,Заполни эти линии и почувствуй удовлетворение. Играй сегодня.,Remplis ces lignes et ressens la satisfaction. Joue aujourd'hui.,Remplis ces lignes et ressens la satisfaction. Joue aujourd'hui.,เติมเส้นเหล่านั้นและรู้สึกถึงความพึงพอใจ เล่นวันนี้,เติมเส้นเหล่านั้นและรู้สึกถึงความพึงพอใจ เล่นวันนี้
20261213,https://d26ml67612e64s.cloudfront.net/block_blast/image/TOURNAMENT_END_MSG.jpg,"{""social"":""A2U_BETA"",""type"":""20261213""}",Perfect time for a quick puzzle session.,Perfect time for a quick puzzle session.,الوقت المثالي لجلسة ألغاز سريعة.,الوقت المثالي لجلسة ألغاز سريعة.,Momento perfecto para una sesión rápida de puzzles.,Momento perfecto para una sesión rápida de puzzles.,Momento perfeito para uma sessão rápida de puzzles.,Momento perfeito para uma sessão rápida de puzzles.,Waktu sempurna untuk sesi puzzle cepat.,Waktu sempurna untuk sesi puzzle cepat.,Идеальное время для быстрой головоломки.,Идеальное время для быстрой головоломки.,Moment parfait pour une session de puzzle rapide.,Moment parfait pour une session de puzzle rapide.,เวลาที่สมบูรณ์แบบสำหรับช่วงปริศนาสั้นๆ,เวลาที่สมบูรณ์แบบสำหรับช่วงปริศนาสั้นๆ
20261214,https://d26ml67612e64s.cloudfront.net/block_blast/image/TOURNAMENT_END_MSG.jpg,"{""social"":""A2U_BETA"",""type"":""20261214""}",Your blocks won't arrange themselves. Jump in now.,Your blocks won't arrange themselves. Jump in now.,قطعك لن ترتب نفسها. اقفز للداخل الآن.,قطعك لن ترتب نفسها. اقفز للداخل الآن.,Tus bloques no se organizarán solos. Salta ahora.,Tus bloques no se organizarán solos. Salta ahora.,Seus blocos não vão se organizar sozinhos. Pule agora.,Seus blocos não vão se organizar sozinhos. Pule agora.,Blokmu tidak akan mengatur dirinya sendiri. Lompat sekarang.,Blokmu tidak akan mengatur dirinya sendiri. Lompat sekarang.,Твои блоки не расставятся сами. Заходи сейчас.,Твои блоки не расставятся сами. Заходи сейчас.,Tes blocs ne s'arrangeront pas tout seuls. Saute maintenant.,Tes blocs ne s'arrangeront pas tout seuls. Saute maintenant.,บล็อกของคุณจะไม่จัดเรียงตัวเอง กระโดดเข้ามาเดี๋ยวนี้,บล็อกของคุณจะไม่จัดเรียงตัวเอง กระโดดเข้ามาเดี๋ยวนี้
20261215,https://d26ml67612e64s.cloudfront.net/block_blast/image/TOURNAMENT_END_MSG.jpg,"{""social"":""A2U_BETA"",""type"":""20261215""}",Beat your best score today. Start playing now.,Beat your best score today. Start playing now.,اهزم أفضل نتيجة لك اليوم. ابدأ اللعب الآن.,اهزم أفضل نتيجة لك اليوم. ابدأ اللعب الآن.,Supera tu mejor puntuación hoy. Empieza a jugar ahora.,Supera tu mejor puntuación hoy. Empieza a jugar ahora.,Bata sua melhor pontuação hoje. Comece a jogar agora.,Bata sua melhor pontuação hoje. Comece a jogar agora.,Kalahkan skor terbaikmu hari ini. Mulai main sekarang.,Kalahkan skor terbaikmu hari ini. Mulai main sekarang.,Побей свой лучший результат сегодня. Начни играть сейчас.,Побей свой лучший результат сегодня. Начни играть сейчас.,Bats ton meilleur score aujourd'hui. Commence à jouer maintenant.,Bats ton meilleur score aujourd'hui. Commence à jouer maintenant.,เอาชนะคะแนนที่ดีที่สุดของคุณวันนี้ เริ่มเล่นเดี๋ยวนี้,เอาชนะคะแนนที่ดีที่สุดของคุณวันนี้ เริ่มเล่นเดี๋ยวนี้
20261216,https://d26ml67612e64s.cloudfront.net/block_blast/image/TOURNAMENT_END_MSG.jpg,"{""social"":""A2U_BETA"",""type"":""20261216""}",A few minutes of puzzle fun awaits you.,A few minutes of puzzle fun awaits you.,بضع دقائق من متعة الألغاز تنتظرك.,بضع دقائق من متعة الألغاز تنتظرك.,Unos minutos de diversión con puzzles te esperan.,Unos minutos de diversión con puzzles te esperan.,Alguns minutos de diversão com puzzles aguardam você.,Alguns minutos de diversão com puzzles aguardam você.,Beberapa menit keseruan puzzle menantimu.,Beberapa menit keseruan puzzle menantimu.,Несколько минут головоломки ждут тебя.,Несколько минут головоломки ждут тебя.,Quelques minutes de plaisir puzzle t'attendent.,Quelques minutes de plaisir puzzle t'attendent.,ความสนุกปริศนาไม่กี่นาทีรอคุณอยู่,ความสนุกปริศนาไม่กี่นาทีรอคุณอยู่
20261217,https://d26ml67612e64s.cloudfront.net/block_blast/image/TOURNAMENT_END_MSG.jpg,"{""social"":""A2U_BETA"",""type"":""20261217""}",Keep your mind sharp with today's block challenge.,Keep your mind sharp with today's block challenge.,حافظ على حدة ذهنك مع تحدي القطع اليوم.,حافظ على حدة ذهنك مع تحدي القطع اليوم.,Mantén tu mente aguda con el desafío de bloques de hoy.,Mantén tu mente aguda con el desafío de bloques de hoy.,Mantenha sua mente afiada com o desafio de blocos de hoje.,Mantenha sua mente afiada com o desafio de blocos de hoje.,Jaga ketajaman pikiranmu dengan tantangan blok hari ini.,Jaga ketajaman pikiranmu dengan tantangan blok hari ini.,Держи свой ум острым с сегодняшним испытанием блоками.,Держи свой ум острым с сегодняшним испытанием блоками.,Garde ton esprit vif avec le défi de blocs d'aujourd'hui.,Garde ton esprit vif avec le défi de blocs d'aujourd'hui.,รักษาสมองของคุณให้แหลมคมด้วยความท้าทายบล็อกวันนี้,รักษาสมองของคุณให้แหลมคมด้วยความท้าทายบล็อกวันนี้
20261218,https://d26ml67612e64s.cloudfront.net/block_blast/image/TOURNAMENT_END_MSG.jpg,"{""social"":""A2U_BETA"",""type"":""20261218""}",Time to clear some lines. Jump in and play today.,Time to clear some lines. Jump in and play today.,حان وقت مسح بعض الخطوط. اقفز والعب اليوم.,حان وقت مسح بعض الخطوط. اقفز والعب اليوم.,Hora de borrar algunas líneas. Salta y juega hoy.,Hora de borrar algunas líneas. Salta y juega hoy.,Hora de limpar algumas linhas. Pule e jogue hoje.,Hora de limpar algumas linhas. Pule e jogue hoje.,Waktunya hapus beberapa garis. Lompat dan main hari ini.,Waktunya hapus beberapa garis. Lompat dan main hari ini.,Время очистить несколько линий. Заходи и играй сегодня.,Время очистить несколько линий. Заходи и играй сегодня.,Il est temps d'effacer quelques lignes. Saute et joue aujourd'hui.,Il est temps d'effacer quelques lignes. Saute et joue aujourd'hui.,ถึงเวลาล้างบางเส้นแล้ว กระโดดเข้ามาเล่นวันนี้,ถึงเวลาล้างบางเส้นแล้ว กระโดดเข้ามาเล่นวันนี้
20261220,https://d26ml67612e64s.cloudfront.net/block_blast/image/TOURNAMENT_END_MSG.jpg,"{""social"":""A2U_BETA"",""type"":""20261220""}",Your puzzle board is waiting. Come match those blocks.,Your puzzle board is waiting. Come match those blocks.,لوحة الألغاز الخاصة بك تنتظر. تعال وطابق تلك القطع.,لوحة الألغاز الخاصة بك تنتظر. تعال وطابق تلك القطع.,Tu tablero de rompecabezas está esperando. Ven a combinar esos bloques.,Tu tablero de rompecabezas está esperando. Ven a combinar esos bloques.,Seu tabuleiro de quebra-cabeça está esperando. Venha combinar esses blocos.,Seu tabuleiro de quebra-cabeça está esperando. Venha combinar esses blocos.,Papan puzzlemu menunggu. Ayo padukan blok-blok itu.,Papan puzzlemu menunggu. Ayo padukan blok-blok itu.,Твоя головоломка ждёт. Приходи и сопоставляй эти блоки.,Твоя головоломка ждёт. Приходи и сопоставляй эти блоки.,Ton tableau de puzzle t'attend. Viens assortir ces blocs.,Ton tableau de puzzle t'attend. Viens assortir ces blocs.,กระดานปริศนาของคุณกำลังรอ มาจับคู่บล็อกเหล่านั้นกันเถอะ,กระดานปริศนาของคุณกำลังรอ มาจับคู่บล็อกเหล่านั้นกันเถอะ
20261221,https://d26ml67612e64s.cloudfront.net/block_blast/image/TOURNAMENT_END_MSG.jpg,"{""social"":""A2U_BETA"",""type"":""20261221""}",Ready for today's block challenge? Let's play.,Ready for today's block challenge? Let's play.,مستعد لتحدي القطع اليوم؟ هيا نلعب.,مستعد لتحدي القطع اليوم؟ هيا نلعب.,¿Listo para el desafío de bloques de hoy? Juguemos.,¿Listo para el desafío de bloques de hoy? Juguemos.,Pronto para o desafio de blocos de hoje? Vamos jogar.,Pronto para o desafio de blocos de hoje? Vamos jogar.,Siap untuk tantangan blok hari ini? Ayo main.,Siap untuk tantangan blok hari ini? Ayo main.,Готов к сегодняшнему испытанию блоками? Давай играть.,Готов к сегодняшнему испытанию блоками? Давай играть.,Prêt pour le défi de blocs d'aujourd'hui? Jouons.,Prêt pour le défi de blocs d'aujourd'hui? Jouons.,พร้อมสำหรับความท้าทายบล็อกวันนี้แล้วหรือยัง? มาเล่นกันเถอะ,พร้อมสำหรับความท้าทายบล็อกวันนี้แล้วหรือยัง? มาเล่นกันเถอะ
20261222,https://d26ml67612e64s.cloudfront.net/block_blast/image/TOURNAMENT_END_MSG.jpg,"{""social"":""A2U_BETA"",""type"":""20261222""}","Clear lines, score big. Start your daily puzzle now.","Clear lines, score big. Start your daily puzzle now.",امسح الخطوط، احرز نقاطاً كبيرة. ابدأ لغزك اليومي الآن.,امسح الخطوط، احرز نقاطاً كبيرة. ابدأ لغزك اليومي الآن.,"Borra líneas, anota en grande. Comienza tu puzzle diario ahora.","Borra líneas, anota en grande. Comienza tu puzzle diario ahora.","Limpe linhas, pontue alto. Comece seu puzzle diário agora.","Limpe linhas, pontue alto. Comece seu puzzle diário agora.","Hapus garis, skor besar. Mulai puzzle harianmu sekarang.","Hapus garis, skor besar. Mulai puzzle harianmu sekarang.","Очищай линии, зарабатывай много. Начни свою ежедневную головоломку сейчас.","Очищай линии, зарабатывай много. Начни свою ежедневную головоломку сейчас.","Efface des lignes, marque gros. Commence ton puzzle quotidien maintenant.","Efface des lignes, marque gros. Commence ton puzzle quotidien maintenant.",ล้างเส้น ทำคะแนนสูง เริ่มปริศนาประจำวันของคุณเดี๋ยวนี้,ล้างเส้น ทำคะแนนสูง เริ่มปริศนาประจำวันของคุณเดี๋ยวนี้
20261223,https://d26ml67612e64s.cloudfront.net/block_blast/image/TOURNAMENT_END_MSG.jpg,"{""social"":""A2U_BETA"",""type"":""20261223""}","New blocks, new challenges. Play Puzzle Block Master today.","New blocks, new challenges. Play Puzzle Block Master today.",قطع جديدة، تحديات جديدة. العب ماستر بلوك بازل اليوم.,قطع جديدة، تحديات جديدة. العب ماستر بلوك بازل اليوم.,"Nuevos bloques, nuevos desafíos. Juega Puzzle Block Master hoy.","Nuevos bloques, nuevos desafíos. Juega Puzzle Block Master hoy.","Novos blocos, novos desafios. Jogue Puzzle Block Master hoje.","Novos blocos, novos desafios. Jogue Puzzle Block Master hoje.","Blok baru, tantangan baru. Main Puzzle Block Master hari ini.","Blok baru, tantangan baru. Main Puzzle Block Master hari ini.","Новые блоки, новые испытания. Играй в Puzzle Block Master сегодня.","Новые блоки, новые испытания. Играй в Puzzle Block Master сегодня.","Nouveaux blocs, nouveaux défis. Joue à Puzzle Block Master aujourd'hui.","Nouveaux blocs, nouveaux défis. Joue à Puzzle Block Master aujourd'hui.",บล็อกใหม่ ความท้าทายใหม่ เล่น Puzzle Block Master วันนี้,บล็อกใหม่ ความท้าทายใหม่ เล่น Puzzle Block Master วันนี้
20261224,https://d26ml67612e64s.cloudfront.net/block_blast/image/TOURNAMENT_END_MSG.jpg,"{""social"":""A2U_BETA"",""type"":""20261224""}",Your brain needs a puzzle break. Come play now.,Your brain needs a puzzle break. Come play now.,عقلك يحتاج لاستراحة ألغاز. تعال والعب الآن.,عقلك يحتاج لاستراحة ألغاز. تعال والعب الآن.,Tu cerebro necesita un descanso de puzzles. Ven a jugar ahora.,Tu cerebro necesita un descanso de puzzles. Ven a jugar ahora.,Seu cérebro precisa de uma pausa para puzzles. Venha jogar agora.,Seu cérebro precisa de uma pausa para puzzles. Venha jogar agora.,Otakmu butuh istirahat puzzle. Ayo main sekarang.,Otakmu butuh istirahat puzzle. Ayo main sekarang.,Твоему мозгу нужна головоломка. Заходи играть сейчас.,Твоему мозгу нужна головоломка. Заходи играть сейчас.,Ton cerveau a besoin d'une pause puzzle. Viens jouer maintenant.,Ton cerveau a besoin d'une pause puzzle. Viens jouer maintenant.,สมองของคุณต้องการพักปริศนา มาเล่นเดี๋ยวนี้,สมองของคุณต้องการพักปริศนา มาเล่นเดี๋ยวนี้
20261225,https://d26ml67612e64s.cloudfront.net/block_blast/image/TOURNAMENT_END_MSG.jpg,"{""social"":""A2U_BETA"",""type"":""20261225""}","Stack, match, and clear. Today's puzzle awaits.","Stack, match, and clear. Today's puzzle awaits.",كدّس، طابق، وامسح. لغزك اليوم بانتظارك.,كدّس، طابق، وامسح. لغزك اليوم بانتظارك.,"Apila, combina y borra. Tu puzzle de hoy te espera.","Apila, combina y borra. Tu puzzle de hoy te espera.","Empilhe, combine e limpe. Seu puzzle de hoje aguarda.","Empilhe, combine e limpe. Seu puzzle de hoje aguarda.","Tumpuk, padukan, dan hapus. Puzzle hari ini menanti.","Tumpuk, padukan, dan hapus. Puzzle hari ini menanti.","Складывай, сопоставляй и очищай. Твоя головоломка на сегодня ждёт.","Складывай, сопоставляй и очищай. Твоя головоломка на сегодня ждёт.","Empile, assortis et efface. Ton puzzle d'aujourd'hui t'attend.","Empile, assortis et efface. Ton puzzle d'aujourd'hui t'attend.",เรียง จับคู่ และล้าง ปริศนาวันนี้รออยู่,เรียง จับคู่ และล้าง ปริศนาวันนี้รออยู่
20261227,https://d26ml67612e64s.cloudfront.net/block_blast/image/TOURNAMENT_END_MSG.jpg,"{""social"":""A2U_BETA"",""type"":""20261227""}",How many lines can you clear today? Find out now.,How many lines can you clear today? Find out now.,كم خطاً يمكنك مسحه اليوم؟ اكتشف الآن.,كم خطاً يمكنك مسحه اليوم؟ اكتشف الآن.,¿Cuántas líneas puedes borrar hoy? Descúbrelo ahora.,¿Cuántas líneas puedes borrar hoy? Descúbrelo ahora.,Quantas linhas você pode limpar hoje? Descubra agora.,Quantas linhas você pode limpar hoje? Descubra agora.,Berapa banyak garis yang bisa kamu hapus hari ini? Cari tahu sekarang.,Berapa banyak garis yang bisa kamu hapus hari ini? Cari tahu sekarang.,Сколько линий ты можешь очистить сегодня? Узнай сейчас.,Сколько линий ты можешь очистить сегодня? Узнай сейчас.,Combien de lignes peux-tu effacer aujourd'hui? Découvre-le maintenant.,Combien de lignes peux-tu effacer aujourd'hui? Découvre-le maintenant.,วันนี้คุณจะล้างได้กี่เส้น? มาดูกันเดี๋ยวนี้,วันนี้คุณจะล้างได้กี่เส้น? มาดูกันเดี๋ยวนี้
20261228,https://d26ml67612e64s.cloudfront.net/block_blast/image/TOURNAMENT_END_MSG.jpg,"{""social"":""A2U_BETA"",""type"":""20261228""}",Daily block fun is calling. Come play your favorite puzzle.,Daily block fun is calling. Come play your favorite puzzle.,متعة القطع اليومية تناديك. تعال والعب لغزك المفضل.,متعة القطع اليومية تناديك. تعال والعب لغزك المفضل.,La diversión diaria de bloques te llama. Ven a jugar tu puzzle favorito.,La diversión diaria de bloques te llama. Ven a jugar tu puzzle favorito.,A diversão diária de blocos está chamando. Venha jogar seu puzzle favorito.,A diversão diária de blocos está chamando. Venha jogar seu puzzle favorito.,Keseruan blok harian memanggilmu. Ayo main puzzle favoritmu.,Keseruan blok harian memanggilmu. Ayo main puzzle favoritmu.,Ежедневное веселье с блоками зовёт. Заходи играть в свою любимую головоломку.,Ежедневное веселье с блоками зовёт. Заходи играть в свою любимую головоломку.,Le plaisir quotidien des blocs t'appelle. Viens jouer à ton puzzle préféré.,Le plaisir quotidien des blocs t'appelle. Viens jouer à ton puzzle préféré.,ความสนุกบล็อกประจำวันกำลังเรียกหา มาเล่นปริศนาโปรดของคุณ,ความสนุกบล็อกประจำวันกำลังเรียกหา มาเล่นปริศนาโปรดของคุณ
20261229,https://d26ml67612e64s.cloudfront.net/block_blast/image/TOURNAMENT_END_MSG.jpg,"{""social"":""A2U_BETA"",""type"":""20261229""}",Master the board today. Your blocks are ready.,Master the board today. Your blocks are ready.,أتقن اللوحة اليوم. قطعك جاهزة.,أتقن اللوحة اليوم. قطعك جاهزة.,Domina el tablero hoy. Tus bloques están listos.,Domina el tablero hoy. Tus bloques están listos.,Domine o tabuleiro hoje. Seus blocos estão prontos.,Domine o tabuleiro hoje. Seus blocos estão prontos.,Kuasai papan hari ini. Blokmu sudah siap.,Kuasai papan hari ini. Blokmu sudah siap.,Освой доску сегодня. Твои блоки готовы.,Освой доску сегодня. Твои блоки готовы.,Maîtrise le tableau aujourd'hui. Tes blocs sont prêts.,Maîtrise le tableau aujourd'hui. Tes blocs sont prêts.,มาเชี่ยวชาญกระดานวันนี้ บล็อกของคุณพร้อมแล้ว,มาเชี่ยวชาญกระดานวันนี้ บล็อกของคุณพร้อมแล้ว
20261230,https://d26ml67612e64s.cloudfront.net/block_blast/image/TOURNAMENT_END_MSG.jpg,"{""social"":""A2U_BETA"",""type"":""20261230""}",Take a puzzle break and clear the board today.,Take a puzzle break and clear the board today.,خذ استراحة ألغاز وامسح اللوحة اليوم.,خذ استراحة ألغاز وامسح اللوحة اليوم.,Toma un descanso de puzzles y despeja el tablero hoy.,Toma un descanso de puzzles y despeja el tablero hoy.,Faça uma pausa para puzzles e limpe o tabuleiro hoje.,Faça uma pausa para puzzles e limpe o tabuleiro hoje.,Istirahat puzzle dan bersihkan papan hari ini.,Istirahat puzzle dan bersihkan papan hari ini.,Сделай перерыв на головоломку и очисти доску сегодня.,Сделай перерыв на головоломку и очисти доску сегодня.,Prends une pause puzzle et vide le tableau aujourd'hui.,Prends une pause puzzle et vide le tableau aujourd'hui.,พักปริศนาและล้างกระดานวันนี้,พักปริศนาและล้างกระดานวันนี้
20261231,https://d26ml67612e64s.cloudfront.net/block_blast/image/TOURNAMENT_END_MSG.jpg,"{""social"":""A2U_BETA"",""type"":""20261231""}",Your next high score is waiting. Come play now.,Your next high score is waiting. Come play now.,أعلى نتيجة تاليه لك تنتظرك. تعال والعب الآن.,أعلى نتيجة تاليه لك تنتظرك. تعال والعب الآن.,Tu próxima puntuación alta está esperando. Ven a jugar ahora.,Tu próxima puntuación alta está esperando. Ven a jugar ahora.,Sua próxima pontuação alta está esperando. Venha jogar agora.,Sua próxima pontuação alta está esperando. Venha jogar agora.,Skor tertinggi berikutnya menunggumu. Ayo main sekarang.,Skor tertinggi berikutnya menunggumu. Ayo main sekarang.,Твой следующий рекорд ждёт. Заходи играть сейчас.,Твой следующий рекорд ждёт. Заходи играть сейчас.,Ton prochain score élevé t'attend. Viens jouer maintenant.,Ton prochain score élevé t'attend. Viens jouer maintenant.,คะแนนสูงถัดไปของคุณกำลังรอ มาเล่นเดี๋ยวนี้,คะแนนสูงถัดไปของคุณกำลังรอ มาเล่นเดี๋ยวนี้
20270101,https://d26ml67612e64s.cloudfront.net/block_blast/image/TOURNAMENT_END_MSG.jpg,"{""social"":""A2U_BETA"",""type"":""20270101""}",Relax with some block-matching fun today.,Relax with some block-matching fun today.,استرخ مع بعض متعة مطابقة القطع اليوم.,استرخ مع بعض متعة مطابقة القطع اليوم.,Relájate con algo de diversión combinando bloques hoy.,Relájate con algo de diversión combinando bloques hoy.,Relaxe com alguma diversão combinando blocos hoje.,Relaxe com alguma diversão combinando blocos hoje.,Santai dengan keseruan mencocokkan blok hari ini.,Santai dengan keseruan mencocokkan blok hari ini.,Расслабься с весёлым сопоставлением блоков сегодня.,Расслабься с весёлым сопоставлением блоков сегодня.,Détends-toi avec du plaisir d'assortiment de blocs aujourd'hui.,Détends-toi avec du plaisir d'assortiment de blocs aujourd'hui.,ผ่อนคลายกับความสนุกในการจับคู่บล็อกวันนี้,ผ่อนคลายกับความสนุกในการจับคู่บล็อกวันนี้
20270103,https://d26ml67612e64s.cloudfront.net/block_blast/image/TOURNAMENT_END_MSG.jpg,"{""social"":""A2U_BETA"",""type"":""20270103""}",Challenge yourself with fresh puzzles right now.,Challenge yourself with fresh puzzles right now.,تحدى نفسك بألغاز جديدة الآن.,تحدى نفسك بألغاز جديدة الآن.,Desafíate con puzzles frescos ahora mismo.,Desafíate con puzzles frescos ahora mismo.,Desafie-se com puzzles frescos agora mesmo.,Desafie-se com puzzles frescos agora mesmo.,Tantang dirimu dengan puzzle segar sekarang juga.,Tantang dirimu dengan puzzle segar sekarang juga.,Брось себе вызов со свежими головоломками прямо сейчас.,Брось себе вызов со свежими головоломками прямо сейчас.,Défie-toi avec des puzzles frais dès maintenant.,Défie-toi avec des puzzles frais dès maintenant.,ท้าทายตัวเองด้วยปริศนาใหม่ตอนนี้เลย,ท้าทายตัวเองด้วยปริศนาใหม่ตอนนี้เลย
20270104,https://d26ml67612e64s.cloudfront.net/block_blast/image/TOURNAMENT_END_MSG.jpg,"{""social"":""A2U_BETA"",""type"":""20270104""}",Your puzzle board is waiting. Come match those blocks.,Your puzzle board is waiting. Come match those blocks.,لوحة الألغاز الخاصة بك تنتظر. تعال وطابق تلك القطع.,لوحة الألغاز الخاصة بك تنتظر. تعال وطابق تلك القطع.,Tu tablero de rompecabezas está esperando. Ven a combinar esos bloques.,Tu tablero de rompecabezas está esperando. Ven a combinar esos bloques.,Seu tabuleiro de quebra-cabeça está esperando. Venha combinar esses blocos.,Seu tabuleiro de quebra-cabeça está esperando. Venha combinar esses blocos.,Papan puzzlemu menunggu. Ayo padukan blok-blok itu.,Papan puzzlemu menunggu. Ayo padukan blok-blok itu.,Твоя головоломка ждёт. Приходи и сопоставляй эти блоки.,Твоя головоломка ждёт. Приходи и сопоставляй эти блоки.,Ton tableau de puzzle t'attend. Viens assortir ces blocs.,Ton tableau de puzzle t'attend. Viens assortir ces blocs.,กระดานปริศนาของคุณกำลังรอ มาจับคู่บล็อกเหล่านั้นกันเถอะ,กระดานปริศนาของคุณกำลังรอ มาจับคู่บล็อกเหล่านั้นกันเถอะ
20270105,https://d26ml67612e64s.cloudfront.net/block_blast/image/TOURNAMENT_END_MSG.jpg,"{""social"":""A2U_BETA"",""type"":""20270105""}",Ready for today's block challenge? Let's play.,Ready for today's block challenge? Let's play.,مستعد لتحدي القطع اليوم؟ هيا نلعب.,مستعد لتحدي القطع اليوم؟ هيا نلعب.,¿Listo para el desafío de bloques de hoy? Juguemos.,¿Listo para el desafío de bloques de hoy? Juguemos.,Pronto para o desafio de blocos de hoje? Vamos jogar.,Pronto para o desafio de blocos de hoje? Vamos jogar.,Siap untuk tantangan blok hari ini? Ayo main.,Siap untuk tantangan blok hari ini? Ayo main.,Готов к сегодняшнему испытанию блоками? Давай играть.,Готов к сегодняшнему испытанию блоками? Давай играть.,Prêt pour le défi de blocs d'aujourd'hui? Jouons.,Prêt pour le défi de blocs d'aujourd'hui? Jouons.,พร้อมสำหรับความท้าทายบล็อกวันนี้แล้วหรือยัง? มาเล่นกันเถอะ,พร้อมสำหรับความท้าทายบล็อกวันนี้แล้วหรือยัง? มาเล่นกันเถอะ
20270106,https://d26ml67612e64s.cloudfront.net/block_blast/image/TOURNAMENT_END_MSG.jpg,"{""social"":""A2U_BETA"",""type"":""20270106""}","Clear lines, score big. Start your daily puzzle now.","Clear lines, score big. Start your daily puzzle now.",امسح الخطوط، احرز نقاطاً كبيرة. ابدأ لغزك اليومي الآن.,امسح الخطوط، احرز نقاطاً كبيرة. ابدأ لغزك اليومي الآن.,"Borra líneas, anota en grande. Comienza tu puzzle diario ahora.","Borra líneas, anota en grande. Comienza tu puzzle diario ahora.","Limpe linhas, pontue alto. Comece seu puzzle diário agora.","Limpe linhas, pontue alto. Comece seu puzzle diário agora.","Hapus garis, skor besar. Mulai puzzle harianmu sekarang.","Hapus garis, skor besar. Mulai puzzle harianmu sekarang.","Очищай линии, зарабатывай много. Начни свою ежедневную головоломку сейчас.","Очищай линии, зарабатывай много. Начни свою ежедневную головоломку сейчас.","Efface des lignes, marque gros. Commence ton puzzle quotidien maintenant.","Efface des lignes, marque gros. Commence ton puzzle quotidien maintenant.",ล้างเส้น ทำคะแนนสูง เริ่มปริศนาประจำวันของคุณเดี๋ยวนี้,ล้างเส้น ทำคะแนนสูง เริ่มปริศนาประจำวันของคุณเดี๋ยวนี้
20270107,https://d26ml67612e64s.cloudfront.net/block_blast/image/TOURNAMENT_END_MSG.jpg,"{""social"":""A2U_BETA"",""type"":""20270107""}","New blocks, new challenges. Play Puzzle Block Master today.","New blocks, new challenges. Play Puzzle Block Master today.",قطع جديدة، تحديات جديدة. العب ماستر بلوك بازل اليوم.,قطع جديدة، تحديات جديدة. العب ماستر بلوك بازل اليوم.,"Nuevos bloques, nuevos desafíos. Juega Puzzle Block Master hoy.","Nuevos bloques, nuevos desafíos. Juega Puzzle Block Master hoy.","Novos blocos, novos desafios. Jogue Puzzle Block Master hoje.","Novos blocos, novos desafios. Jogue Puzzle Block Master hoje.","Blok baru, tantangan baru. Main Puzzle Block Master hari ini.","Blok baru, tantangan baru. Main Puzzle Block Master hari ini.","Новые блоки, новые испытания. Играй в Puzzle Block Master сегодня.","Новые блоки, новые испытания. Играй в Puzzle Block Master сегодня.","Nouveaux blocs, nouveaux défis. Joue à Puzzle Block Master aujourd'hui.","Nouveaux blocs, nouveaux défis. Joue à Puzzle Block Master aujourd'hui.",บล็อกใหม่ ความท้าทายใหม่ เล่น Puzzle Block Master วันนี้,บล็อกใหม่ ความท้าทายใหม่ เล่น Puzzle Block Master วันนี้
20270108,https://d26ml67612e64s.cloudfront.net/block_blast/image/TOURNAMENT_END_MSG.jpg,"{""social"":""A2U_BETA"",""type"":""20270108""}",Your brain needs a puzzle break. Come play now.,Your brain needs a puzzle break. Come play now.,عقلك يحتاج لاستراحة ألغاز. تعال والعب الآن.,عقلك يحتاج لاستراحة ألغاز. تعال والعب الآن.,Tu cerebro necesita un descanso de puzzles. Ven a jugar ahora.,Tu cerebro necesita un descanso de puzzles. Ven a jugar ahora.,Seu cérebro precisa de uma pausa para puzzles. Venha jogar agora.,Seu cérebro precisa de uma pausa para puzzles. Venha jogar agora.,Otakmu butuh istirahat puzzle. Ayo main sekarang.,Otakmu butuh istirahat puzzle. Ayo main sekarang.,Твоему мозгу нужна головоломка. Заходи играть сейчас.,Твоему мозгу нужна головоломка. Заходи играть сейчас.,Ton cerveau a besoin d'une pause puzzle. Viens jouer maintenant.,Ton cerveau a besoin d'une pause puzzle. Viens jouer maintenant.,สมองของคุณต้องการพักปริศนา มาเล่นเดี๋ยวนี้,สมองของคุณต้องการพักปริศนา มาเล่นเดี๋ยวนี้
20270110,https://d26ml67612e64s.cloudfront.net/block_blast/image/TOURNAMENT_END_MSG.jpg,"{""social"":""A2U_BETA"",""type"":""20270110""}","Stack, match, and clear. Today's puzzle awaits.","Stack, match, and clear. Today's puzzle awaits.",كدّس، طابق، وامسح. لغزك اليوم بانتظارك.,كدّس، طابق، وامسح. لغزك اليوم بانتظارك.,"Apila, combina y borra. Tu puzzle de hoy te espera.","Apila, combina y borra. Tu puzzle de hoy te espera.","Empilhe, combine e limpe. Seu puzzle de hoje aguarda.","Empilhe, combine e limpe. Seu puzzle de hoje aguarda.","Tumpuk, padukan, dan hapus. Puzzle hari ini menanti.","Tumpuk, padukan, dan hapus. Puzzle hari ini menanti.","Складывай, сопоставляй и очищай. Твоя головоломка на сегодня ждёт.","Складывай, сопоставляй и очищай. Твоя головоломка на сегодня ждёт.","Empile, assortis et efface. Ton puzzle d'aujourd'hui t'attend.","Empile, assortis et efface. Ton puzzle d'aujourd'hui t'attend.",เรียง จับคู่ และล้าง ปริศนาวันนี้รออยู่,เรียง จับคู่ และล้าง ปริศนาวันนี้รออยู่
20270111,https://d26ml67612e64s.cloudfront.net/block_blast/image/TOURNAMENT_END_MSG.jpg,"{""social"":""A2U_BETA"",""type"":""20270111""}",How many lines can you clear today? Find out now.,How many lines can you clear today? Find out now.,كم خطاً يمكنك مسحه اليوم؟ اكتشف الآن.,كم خطاً يمكنك مسحه اليوم؟ اكتشف الآن.,¿Cuántas líneas puedes borrar hoy? Descúbrelo ahora.,¿Cuántas líneas puedes borrar hoy? Descúbrelo ahora.,Quantas linhas você pode limpar hoje? Descubra agora.,Quantas linhas você pode limpar hoje? Descubra agora.,Berapa banyak garis yang bisa kamu hapus hari ini? Cari tahu sekarang.,Berapa banyak garis yang bisa kamu hapus hari ini? Cari tahu sekarang.,Сколько линий ты можешь очистить сегодня? Узнай сейчас.,Сколько линий ты можешь очистить сегодня? Узнай сейчас.,Combien de lignes peux-tu effacer aujourd'hui? Découvre-le maintenant.,Combien de lignes peux-tu effacer aujourd'hui? Découvre-le maintenant.,วันนี้คุณจะล้างได้กี่เส้น? มาดูกันเดี๋ยวนี้,วันนี้คุณจะล้างได้กี่เส้น? มาดูกันเดี๋ยวนี้
20270112,https://d26ml67612e64s.cloudfront.net/block_blast/image/TOURNAMENT_END_MSG.jpg,"{""social"":""A2U_BETA"",""type"":""20270112""}",Daily block fun is calling. Come play your favorite puzzle.,Daily block fun is calling. Come play your favorite puzzle.,متعة القطع اليومية تناديك. تعال والعب لغزك المفضل.,متعة القطع اليومية تناديك. تعال والعب لغزك المفضل.,La diversión diaria de bloques te llama. Ven a jugar tu puzzle favorito.,La diversión diaria de bloques te llama. Ven a jugar tu puzzle favorito.,A diversão diária de blocos está chamando. Venha jogar seu puzzle favorito.,A diversão diária de blocos está chamando. Venha jogar seu puzzle favorito.,Keseruan blok harian memanggilmu. Ayo main puzzle favoritmu.,Keseruan blok harian memanggilmu. Ayo main puzzle favoritmu.,Ежедневное веселье с блоками зовёт. Заходи играть в свою любимую головоломку.,Ежедневное веселье с блоками зовёт. Заходи играть в свою любимую головоломку.,Le plaisir quotidien des blocs t'appelle. Viens jouer à ton puzzle préféré.,Le plaisir quotidien des blocs t'appelle. Viens jouer à ton puzzle préféré.,ความสนุกบล็อกประจำวันกำลังเรียกหา มาเล่นปริศนาโปรดของคุณ,ความสนุกบล็อกประจำวันกำลังเรียกหา มาเล่นปริศนาโปรดของคุณ
20270113,https://d26ml67612e64s.cloudfront.net/block_blast/image/TOURNAMENT_END_MSG.jpg,"{""social"":""A2U_BETA"",""type"":""20270113""}",Master the board today. Your blocks are ready.,Master the board today. Your blocks are ready.,أتقن اللوحة اليوم. قطعك جاهزة.,أتقن اللوحة اليوم. قطعك جاهزة.,Domina el tablero hoy. Tus bloques están listos.,Domina el tablero hoy. Tus bloques están listos.,Domine o tabuleiro hoje. Seus blocos estão prontos.,Domine o tabuleiro hoje. Seus blocos estão prontos.,Kuasai papan hari ini. Blokmu sudah siap.,Kuasai papan hari ini. Blokmu sudah siap.,Освой доску сегодня. Твои блоки готовы.,Освой доску сегодня. Твои блоки готовы.,Maîtrise le tableau aujourd'hui. Tes blocs sont prêts.,Maîtrise le tableau aujourd'hui. Tes blocs sont prêts.,มาเชี่ยวชาญกระดานวันนี้ บล็อกของคุณพร้อมแล้ว,มาเชี่ยวชาญกระดานวันนี้ บล็อกของคุณพร้อมแล้ว
20270114,https://d26ml67612e64s.cloudfront.net/block_blast/image/TOURNAMENT_END_MSG.jpg,"{""social"":""A2U_BETA"",""type"":""20270114""}",Take a puzzle break and clear the board today.,Take a puzzle break and clear the board today.,خذ استراحة ألغاز وامسح اللوحة اليوم.,خذ استراحة ألغاز وامسح اللوحة اليوم.,Toma un descanso de puzzles y despeja el tablero hoy.,Toma un descanso de puzzles y despeja el tablero hoy.,Faça uma pausa para puzzles e limpe o tabuleiro hoje.,Faça uma pausa para puzzles e limpe o tabuleiro hoje.,Istirahat puzzle dan bersihkan papan hari ini.,Istirahat puzzle dan bersihkan papan hari ini.,Сделай перерыв на головоломку и очисти доску сегодня.,Сделай перерыв на головоломку и очисти доску сегодня.,Prends une pause puzzle et vide le tableau aujourd'hui.,Prends une pause puzzle et vide le tableau aujourd'hui.,พักปริศนาและล้างกระดานวันนี้,พักปริศนาและล้างกระดานวันนี้
20270115,https://d26ml67612e64s.cloudfront.net/block_blast/image/TOURNAMENT_END_MSG.jpg,"{""social"":""A2U_BETA"",""type"":""20270115""}",Your next high score is waiting. Come play now.,Your next high score is waiting. Come play now.,أعلى نتيجة تاليه لك تنتظرك. تعال والعب الآن.,أعلى نتيجة تاليه لك تنتظرك. تعال والعب الآن.,Tu próxima puntuación alta está esperando. Ven a jugar ahora.,Tu próxima puntuación alta está esperando. Ven a jugar ahora.,Sua próxima pontuação alta está esperando. Venha jogar agora.,Sua próxima pontuação alta está esperando. Venha jogar agora.,Skor tertinggi berikutnya menunggumu. Ayo main sekarang.,Skor tertinggi berikutnya menunggumu. Ayo main sekarang.,Твой следующий рекорд ждёт. Заходи играть сейчас.,Твой следующий рекорд ждёт. Заходи играть сейчас.,Ton prochain score élevé t'attend. Viens jouer maintenant.,Ton prochain score élevé t'attend. Viens jouer maintenant.,คะแนนสูงถัดไปของคุณกำลังรอ มาเล่นเดี๋ยวนี้,คะแนนสูงถัดไปของคุณกำลังรอ มาเล่นเดี๋ยวนี้
20270117,https://d26ml67612e64s.cloudfront.net/block_blast/image/TOURNAMENT_END_MSG.jpg,"{""social"":""A2U_BETA"",""type"":""20270117""}",Relax with some block-matching fun today.,Relax with some block-matching fun today.,استرخ مع بعض متعة مطابقة القطع اليوم.,استرخ مع بعض متعة مطابقة القطع اليوم.,Relájate con algo de diversión combinando bloques hoy.,Relájate con algo de diversión combinando bloques hoy.,Relaxe com alguma diversão combinando blocos hoje.,Relaxe com alguma diversão combinando blocos hoje.,Santai dengan keseruan mencocokkan blok hari ini.,Santai dengan keseruan mencocokkan blok hari ini.,Расслабься с весёлым сопоставлением блоков сегодня.,Расслабься с весёлым сопоставлением блоков сегодня.,Détends-toi avec du plaisir d'assortiment de blocs aujourd'hui.,Détends-toi avec du plaisir d'assortiment de blocs aujourd'hui.,ผ่อนคลายกับความสนุกในการจับคู่บล็อกวันนี้,ผ่อนคลายกับความสนุกในการจับคู่บล็อกวันนี้
20270118,https://d26ml67612e64s.cloudfront.net/block_blast/image/TOURNAMENT_END_MSG.jpg,"{""social"":""A2U_BETA"",""type"":""20270118""}",Challenge yourself with fresh puzzles right now.,Challenge yourself with fresh puzzles right now.,تحدى نفسك بألغاز جديدة الآن.,تحدى نفسك بألغاز جديدة الآن.,Desafíate con puzzles frescos ahora mismo.,Desafíate con puzzles frescos ahora mismo.,Desafie-se com puzzles frescos agora mesmo.,Desafie-se com puzzles frescos agora mesmo.,Tantang dirimu dengan puzzle segar sekarang juga.,Tantang dirimu dengan puzzle segar sekarang juga.,Брось себе вызов со свежими головоломками прямо сейчас.,Брось себе вызов со свежими головоломками прямо сейчас.,Défie-toi avec des puzzles frais dès maintenant.,Défie-toi avec des puzzles frais dès maintenant.,ท้าทายตัวเองด้วยปริศนาใหม่ตอนนี้เลย,ท้าทายตัวเองด้วยปริศนาใหม่ตอนนี้เลย
20270119,https://d26ml67612e64s.cloudfront.net/block_blast/image/TOURNAMENT_END_MSG.jpg,"{""social"":""A2U_BETA"",""type"":""20270119""}",Fill those lines and feel the satisfaction. Play today.,Fill those lines and feel the satisfaction. Play today.,املأ تلك الخطوط واشعر بالرضا. العب اليوم.,املأ تلك الخطوط واشعر بالرضا. العب اليوم.,Llena esas líneas y siente la satisfacción. Juega hoy.,Llena esas líneas y siente la satisfacción. Juega hoy.,Preencha essas linhas e sinta a satisfação. Jogue hoje.,Preencha essas linhas e sinta a satisfação. Jogue hoje.,Isi garis-garis itu dan rasakan kepuasannya. Main hari ini.,Isi garis-garis itu dan rasakan kepuasannya. Main hari ini.,Заполни эти линии и почувствуй удовлетворение. Играй сегодня.,Заполни эти линии и почувствуй удовлетворение. Играй сегодня.,Remplis ces lignes et ressens la satisfaction. Joue aujourd'hui.,Remplis ces lignes et ressens la satisfaction. Joue aujourd'hui.,เติมเส้นเหล่านั้นและรู้สึกถึงความพึงพอใจ เล่นวันนี้,เติมเส้นเหล่านั้นและรู้สึกถึงความพึงพอใจ เล่นวันนี้
20270120,https://d26ml67612e64s.cloudfront.net/block_blast/image/TOURNAMENT_END_MSG.jpg,"{""social"":""A2U_BETA"",""type"":""20270120""}",Perfect time for a quick puzzle session.,Perfect time for a quick puzzle session.,الوقت المثالي لجلسة ألغاز سريعة.,الوقت المثالي لجلسة ألغاز سريعة.,Momento perfecto para una sesión rápida de puzzles.,Momento perfecto para una sesión rápida de puzzles.,Momento perfeito para uma sessão rápida de puzzles.,Momento perfeito para uma sessão rápida de puzzles.,Waktu sempurna untuk sesi puzzle cepat.,Waktu sempurna untuk sesi puzzle cepat.,Идеальное время для быстрой головоломки.,Идеальное время для быстрой головоломки.,Moment parfait pour une session de puzzle rapide.,Moment parfait pour une session de puzzle rapide.,เวลาที่สมบูรณ์แบบสำหรับช่วงปริศนาสั้นๆ,เวลาที่สมบูรณ์แบบสำหรับช่วงปริศนาสั้นๆ
20270121,https://d26ml67612e64s.cloudfront.net/block_blast/image/TOURNAMENT_END_MSG.jpg,"{""social"":""A2U_BETA"",""type"":""20270121""}",Your blocks won't arrange themselves. Jump in now.,Your blocks won't arrange themselves. Jump in now.,قطعك لن ترتب نفسها. اقفز للداخل الآن.,قطعك لن ترتب نفسها. اقفز للداخل الآن.,Tus bloques no se organizarán solos. Salta ahora.,Tus bloques no se organizarán solos. Salta ahora.,Seus blocos não vão se organizar sozinhos. Pule agora.,Seus blocos não vão se organizar sozinhos. Pule agora.,Blokmu tidak akan mengatur dirinya sendiri. Lompat sekarang.,Blokmu tidak akan mengatur dirinya sendiri. Lompat sekarang.,Твои блоки не расставятся сами. Заходи сейчас.,Твои блоки не расставятся сами. Заходи сейчас.,Tes blocs ne s'arrangeront pas tout seuls. Saute maintenant.,Tes blocs ne s'arrangeront pas tout seuls. Saute maintenant.,บล็อกของคุณจะไม่จัดเรียงตัวเอง กระโดดเข้ามาเดี๋ยวนี้,บล็อกของคุณจะไม่จัดเรียงตัวเอง กระโดดเข้ามาเดี๋ยวนี้
20270122,https://d26ml67612e64s.cloudfront.net/block_blast/image/TOURNAMENT_END_MSG.jpg,"{""social"":""A2U_BETA"",""type"":""20270122""}",Beat your best score today. Start playing now.,Beat your best score today. Start playing now.,اهزم أفضل نتيجة لك اليوم. ابدأ اللعب الآن.,اهزم أفضل نتيجة لك اليوم. ابدأ اللعب الآن.,Supera tu mejor puntuación hoy. Empieza a jugar ahora.,Supera tu mejor puntuación hoy. Empieza a jugar ahora.,Bata sua melhor pontuação hoje. Comece a jogar agora.,Bata sua melhor pontuação hoje. Comece a jogar agora.,Kalahkan skor terbaikmu hari ini. Mulai main sekarang.,Kalahkan skor terbaikmu hari ini. Mulai main sekarang.,Побей свой лучший результат сегодня. Начни играть сейчас.,Побей свой лучший результат сегодня. Начни играть сейчас.,Bats ton meilleur score aujourd'hui. Commence à jouer maintenant.,Bats ton meilleur score aujourd'hui. Commence à jouer maintenant.,เอาชนะคะแนนที่ดีที่สุดของคุณวันนี้ เริ่มเล่นเดี๋ยวนี้,เอาชนะคะแนนที่ดีที่สุดของคุณวันนี้ เริ่มเล่นเดี๋ยวนี้
20270124,https://d26ml67612e64s.cloudfront.net/block_blast/image/TOURNAMENT_END_MSG.jpg,"{""social"":""A2U_BETA"",""type"":""20270124""}",A few minutes of puzzle fun awaits you.,A few minutes of puzzle fun awaits you.,بضع دقائق من متعة الألغاز تنتظرك.,بضع دقائق من متعة الألغاز تنتظرك.,Unos minutos de diversión con puzzles te esperan.,Unos minutos de diversión con puzzles te esperan.,Alguns minutos de diversão com puzzles aguardam você.,Alguns minutos de diversão com puzzles aguardam você.,Beberapa menit keseruan puzzle menantimu.,Beberapa menit keseruan puzzle menantimu.,Несколько минут головоломки ждут тебя.,Несколько минут головоломки ждут тебя.,Quelques minutes de plaisir puzzle t'attendent.,Quelques minutes de plaisir puzzle t'attendent.,ความสนุกปริศนาไม่กี่นาทีรอคุณอยู่,ความสนุกปริศนาไม่กี่นาทีรอคุณอยู่
20270125,https://d26ml67612e64s.cloudfront.net/block_blast/image/TOURNAMENT_END_MSG.jpg,"{""social"":""A2U_BETA"",""type"":""20270125""}",Keep your mind sharp with today's block challenge.,Keep your mind sharp with today's block challenge.,حافظ على حدة ذهنك مع تحدي القطع اليوم.,حافظ على حدة ذهنك مع تحدي القطع اليوم.,Mantén tu mente aguda con el desafío de bloques de hoy.,Mantén tu mente aguda con el desafío de bloques de hoy.,Mantenha sua mente afiada com o desafio de blocos de hoje.,Mantenha sua mente afiada com o desafio de blocos de hoje.,Jaga ketajaman pikiranmu dengan tantangan blok hari ini.,Jaga ketajaman pikiranmu dengan tantangan blok hari ini.,Держи свой ум острым с сегодняшним испытанием блоками.,Держи свой ум острым с сегодняшним испытанием блоками.,Garde ton esprit vif avec le défi de blocs d'aujourd'hui.,Garde ton esprit vif avec le défi de blocs d'aujourd'hui.,รักษาสมองของคุณให้แหลมคมด้วยความท้าทายบล็อกวันนี้,รักษาสมองของคุณให้แหลมคมด้วยความท้าทายบล็อกวันนี้
20270126,https://d26ml67612e64s.cloudfront.net/block_blast/image/TOURNAMENT_END_MSG.jpg,"{""social"":""A2U_BETA"",""type"":""20270126""}",Time to clear some lines. Jump in and play today.,Time to clear some lines. Jump in and play today.,حان وقت مسح بعض الخطوط. اقفز والعب اليوم.,حان وقت مسح بعض الخطوط. اقفز والعب اليوم.,Hora de borrar algunas líneas. Salta y juega hoy.,Hora de borrar algunas líneas. Salta y juega hoy.,Hora de limpar algumas linhas. Pule e jogue hoje.,Hora de limpar algumas linhas. Pule e jogue hoje.,Waktunya hapus beberapa garis. Lompat dan main hari ini.,Waktunya hapus beberapa garis. Lompat dan main hari ini.,Время очистить несколько линий. Заходи и играй сегодня.,Время очистить несколько линий. Заходи и играй сегодня.,Il est temps d'effacer quelques lignes. Saute et joue aujourd'hui.,Il est temps d'effacer quelques lignes. Saute et joue aujourd'hui.,ถึงเวลาล้างบางเส้นแล้ว กระโดดเข้ามาเล่นวันนี้,ถึงเวลาล้างบางเส้นแล้ว กระโดดเข้ามาเล่นวันนี้
20270127,https://d26ml67612e64s.cloudfront.net/block_blast/image/TOURNAMENT_END_MSG.jpg,"{""social"":""A2U_BETA"",""type"":""20270127""}",Your puzzle board is waiting. Come match those blocks.,Your puzzle board is waiting. Come match those blocks.,لوحة الألغاز الخاصة بك تنتظر. تعال وطابق تلك القطع.,لوحة الألغاز الخاصة بك تنتظر. تعال وطابق تلك القطع.,Tu tablero de rompecabezas está esperando. Ven a combinar esos bloques.,Tu tablero de rompecabezas está esperando. Ven a combinar esos bloques.,Seu tabuleiro de quebra-cabeça está esperando. Venha combinar esses blocos.,Seu tabuleiro de quebra-cabeça está esperando. Venha combinar esses blocos.,Papan puzzlemu menunggu. Ayo padukan blok-blok itu.,Papan puzzlemu menunggu. Ayo padukan blok-blok itu.,Твоя головоломка ждёт. Приходи и сопоставляй эти блоки.,Твоя головоломка ждёт. Приходи и сопоставляй эти блоки.,Ton tableau de puzzle t'attend. Viens assortir ces blocs.,Ton tableau de puzzle t'attend. Viens assortir ces blocs.,กระดานปริศนาของคุณกำลังรอ มาจับคู่บล็อกเหล่านั้นกันเถอะ,กระดานปริศนาของคุณกำลังรอ มาจับคู่บล็อกเหล่านั้นกันเถอะ
20270128,https://d26ml67612e64s.cloudfront.net/block_blast/image/TOURNAMENT_END_MSG.jpg,"{""social"":""A2U_BETA"",""type"":""20270128""}",Ready for today's block challenge? Let's play.,Ready for today's block challenge? Let's play.,مستعد لتحدي القطع اليوم؟ هيا نلعب.,مستعد لتحدي القطع اليوم؟ هيا نلعب.,¿Listo para el desafío de bloques de hoy? Juguemos.,¿Listo para el desafío de bloques de hoy? Juguemos.,Pronto para o desafio de blocos de hoje? Vamos jogar.,Pronto para o desafio de blocos de hoje? Vamos jogar.,Siap untuk tantangan blok hari ini? Ayo main.,Siap untuk tantangan blok hari ini? Ayo main.,Готов к сегодняшнему испытанию блоками? Давай играть.,Готов к сегодняшнему испытанию блоками? Давай играть.,Prêt pour le défi de blocs d'aujourd'hui? Jouons.,Prêt pour le défi de blocs d'aujourd'hui? Jouons.,พร้อมสำหรับความท้าทายบล็อกวันนี้แล้วหรือยัง? มาเล่นกันเถอะ,พร้อมสำหรับความท้าทายบล็อกวันนี้แล้วหรือยัง? มาเล่นกันเถอะ
20270129,https://d26ml67612e64s.cloudfront.net/block_blast/image/TOURNAMENT_END_MSG.jpg,"{""social"":""A2U_BETA"",""type"":""20270129""}","Clear lines, score big. Start your daily puzzle now.","Clear lines, score big. Start your daily puzzle now.",امسح الخطوط، احرز نقاطاً كبيرة. ابدأ لغزك اليومي الآن.,امسح الخطوط، احرز نقاطاً كبيرة. ابدأ لغزك اليومي الآن.,"Borra líneas, anota en grande. Comienza tu puzzle diario ahora.","Borra líneas, anota en grande. Comienza tu puzzle diario ahora.","Limpe linhas, pontue alto. Comece seu puzzle diário agora.","Limpe linhas, pontue alto. Comece seu puzzle diário agora.","Hapus garis, skor besar. Mulai puzzle harianmu sekarang.","Hapus garis, skor besar. Mulai puzzle harianmu sekarang.","Очищай линии, зарабатывай много. Начни свою ежедневную головоломку сейчас.","Очищай линии, зарабатывай много. Начни свою ежедневную головоломку сейчас.","Efface des lignes, marque gros. Commence ton puzzle quotidien maintenant.","Efface des lignes, marque gros. Commence ton puzzle quotidien maintenant.",ล้างเส้น ทำคะแนนสูง เริ่มปริศนาประจำวันของคุณเดี๋ยวนี้,ล้างเส้น ทำคะแนนสูง เริ่มปริศนาประจำวันของคุณเดี๋ยวนี้
20270131,https://d26ml67612e64s.cloudfront.net/block_blast/image/TOURNAMENT_END_MSG.jpg,"{""social"":""A2U_BETA"",""type"":""20270131""}","New blocks, new challenges. Play Puzzle Block Master today.","New blocks, new challenges. Play Puzzle Block Master today.",قطع جديدة، تحديات جديدة. العب ماستر بلوك بازل اليوم.,قطع جديدة، تحديات جديدة. العب ماستر بلوك بازل اليوم.,"Nuevos bloques, nuevos desafíos. Juega Puzzle Block Master hoy.","Nuevos bloques, nuevos desafíos. Juega Puzzle Block Master hoy.","Novos blocos, novos desafios. Jogue Puzzle Block Master hoje.","Novos blocos, novos desafios. Jogue Puzzle Block Master hoje.","Blok baru, tantangan baru. Main Puzzle Block Master hari ini.","Blok baru, tantangan baru. Main Puzzle Block Master hari ini.","Новые блоки, новые испытания. Играй в Puzzle Block Master сегодня.","Новые блоки, новые испытания. Играй в Puzzle Block Master сегодня.","Nouveaux blocs, nouveaux défis. Joue à Puzzle Block Master aujourd'hui.","Nouveaux blocs, nouveaux défis. Joue à Puzzle Block Master aujourd'hui.",บล็อกใหม่ ความท้าทายใหม่ เล่น Puzzle Block Master วันนี้,บล็อกใหม่ ความท้าทายใหม่ เล่น Puzzle Block Master วันนี้
20270201,https://d26ml67612e64s.cloudfront.net/block_blast/image/TOURNAMENT_END_MSG.jpg,"{""social"":""A2U_BETA"",""type"":""20270201""}",Your brain needs a puzzle break. Come play now.,Your brain needs a puzzle break. Come play now.,عقلك يحتاج لاستراحة ألغاز. تعال والعب الآن.,عقلك يحتاج لاستراحة ألغاز. تعال والعب الآن.,Tu cerebro necesita un descanso de puzzles. Ven a jugar ahora.,Tu cerebro necesita un descanso de puzzles. Ven a jugar ahora.,Seu cérebro precisa de uma pausa para puzzles. Venha jogar agora.,Seu cérebro precisa de uma pausa para puzzles. Venha jogar agora.,Otakmu butuh istirahat puzzle. Ayo main sekarang.,Otakmu butuh istirahat puzzle. Ayo main sekarang.,Твоему мозгу нужна головоломка. Заходи играть сейчас.,Твоему мозгу нужна головоломка. Заходи играть сейчас.,Ton cerveau a besoin d'une pause puzzle. Viens jouer maintenant.,Ton cerveau a besoin d'une pause puzzle. Viens jouer maintenant.,สมองของคุณต้องการพักปริศนา มาเล่นเดี๋ยวนี้,สมองของคุณต้องการพักปริศนา มาเล่นเดี๋ยวนี้
20270202,https://d26ml67612e64s.cloudfront.net/block_blast/image/TOURNAMENT_END_MSG.jpg,"{""social"":""A2U_BETA"",""type"":""20270202""}","Stack, match, and clear. Today's puzzle awaits.","Stack, match, and clear. Today's puzzle awaits.",كدّس، طابق، وامسح. لغزك اليوم بانتظارك.,كدّس، طابق، وامسح. لغزك اليوم بانتظارك.,"Apila, combina y borra. Tu puzzle de hoy te espera.","Apila, combina y borra. Tu puzzle de hoy te espera.","Empilhe, combine e limpe. Seu puzzle de hoje aguarda.","Empilhe, combine e limpe. Seu puzzle de hoje aguarda.","Tumpuk, padukan, dan hapus. Puzzle hari ini menanti.","Tumpuk, padukan, dan hapus. Puzzle hari ini menanti.","Складывай, сопоставляй и очищай. Твоя головоломка на сегодня ждёт.","Складывай, сопоставляй и очищай. Твоя головоломка на сегодня ждёт.","Empile, assortis et efface. Ton puzzle d'aujourd'hui t'attend.","Empile, assortis et efface. Ton puzzle d'aujourd'hui t'attend.",เรียง จับคู่ และล้าง ปริศนาวันนี้รออยู่,เรียง จับคู่ และล้าง ปริศนาวันนี้รออยู่
20270203,https://d26ml67612e64s.cloudfront.net/block_blast/image/TOURNAMENT_END_MSG.jpg,"{""social"":""A2U_BETA"",""type"":""20270203""}",How many lines can you clear today? Find out now.,How many lines can you clear today? Find out now.,كم خطاً يمكنك مسحه اليوم؟ اكتشف الآن.,كم خطاً يمكنك مسحه اليوم؟ اكتشف الآن.,¿Cuántas líneas puedes borrar hoy? Descúbrelo ahora.,¿Cuántas líneas puedes borrar hoy? Descúbrelo ahora.,Quantas linhas você pode limpar hoje? Descubra agora.,Quantas linhas você pode limpar hoje? Descubra agora.,Berapa banyak garis yang bisa kamu hapus hari ini? Cari tahu sekarang.,Berapa banyak garis yang bisa kamu hapus hari ini? Cari tahu sekarang.,Сколько линий ты можешь очистить сегодня? Узнай сейчас.,Сколько линий ты можешь очистить сегодня? Узнай сейчас.,Combien de lignes peux-tu effacer aujourd'hui? Découvre-le maintenant.,Combien de lignes peux-tu effacer aujourd'hui? Découvre-le maintenant.,วันนี้คุณจะล้างได้กี่เส้น? มาดูกันเดี๋ยวนี้,วันนี้คุณจะล้างได้กี่เส้น? มาดูกันเดี๋ยวนี้
20270204,https://d26ml67612e64s.cloudfront.net/block_blast/image/TOURNAMENT_END_MSG.jpg,"{""social"":""A2U_BETA"",""type"":""20270204""}",Daily block fun is calling. Come play your favorite puzzle.,Daily block fun is calling. Come play your favorite puzzle.,متعة القطع اليومية تناديك. تعال والعب لغزك المفضل.,متعة القطع اليومية تناديك. تعال والعب لغزك المفضل.,La diversión diaria de bloques te llama. Ven a jugar tu puzzle favorito.,La diversión diaria de bloques te llama. Ven a jugar tu puzzle favorito.,A diversão diária de blocos está chamando. Venha jogar seu puzzle favorito.,A diversão diária de blocos está chamando. Venha jogar seu puzzle favorito.,Keseruan blok harian memanggilmu. Ayo main puzzle favoritmu.,Keseruan blok harian memanggilmu. Ayo main puzzle favoritmu.,Ежедневное веселье с блоками зовёт. Заходи играть в свою любимую головоломку.,Ежедневное веселье с блоками зовёт. Заходи играть в свою любимую головоломку.,Le plaisir quotidien des blocs t'appelle. Viens jouer à ton puzzle préféré.,Le plaisir quotidien des blocs t'appelle. Viens jouer à ton puzzle préféré.,ความสนุกบล็อกประจำวันกำลังเรียกหา มาเล่นปริศนาโปรดของคุณ,ความสนุกบล็อกประจำวันกำลังเรียกหา มาเล่นปริศนาโปรดของคุณ
20270205,https://d26ml67612e64s.cloudfront.net/block_blast/image/TOURNAMENT_END_MSG.jpg,"{""social"":""A2U_BETA"",""type"":""20270205""}",Master the board today. Your blocks are ready.,Master the board today. Your blocks are ready.,أتقن اللوحة اليوم. قطعك جاهزة.,أتقن اللوحة اليوم. قطعك جاهزة.,Domina el tablero hoy. Tus bloques están listos.,Domina el tablero hoy. Tus bloques están listos.,Domine o tabuleiro hoje. Seus blocos estão prontos.,Domine o tabuleiro hoje. Seus blocos estão prontos.,Kuasai papan hari ini. Blokmu sudah siap.,Kuasai papan hari ini. Blokmu sudah siap.,Освой доску сегодня. Твои блоки готовы.,Освой доску сегодня. Твои блоки готовы.,Maîtrise le tableau aujourd'hui. Tes blocs sont prêts.,Maîtrise le tableau aujourd'hui. Tes blocs sont prêts.,มาเชี่ยวชาญกระดานวันนี้ บล็อกของคุณพร้อมแล้ว,มาเชี่ยวชาญกระดานวันนี้ บล็อกของคุณพร้อมแล้ว
20270207,https://d26ml67612e64s.cloudfront.net/block_blast/image/TOURNAMENT_END_MSG.jpg,"{""social"":""A2U_BETA"",""type"":""20270207""}",Take a puzzle break and clear the board today.,Take a puzzle break and clear the board today.,خذ استراحة ألغاز وامسح اللوحة اليوم.,خذ استراحة ألغاز وامسح اللوحة اليوم.,Toma un descanso de puzzles y despeja el tablero hoy.,Toma un descanso de puzzles y despeja el tablero hoy.,Faça uma pausa para puzzles e limpe o tabuleiro hoje.,Faça uma pausa para puzzles e limpe o tabuleiro hoje.,Istirahat puzzle dan bersihkan papan hari ini.,Istirahat puzzle dan bersihkan papan hari ini.,Сделай перерыв на головоломку и очисти доску сегодня.,Сделай перерыв на головоломку и очисти доску сегодня.,Prends une pause puzzle et vide le tableau aujourd'hui.,Prends une pause puzzle et vide le tableau aujourd'hui.,พักปริศนาและล้างกระดานวันนี้,พักปริศนาและล้างกระดานวันนี้
20270208,https://d26ml67612e64s.cloudfront.net/block_blast/image/TOURNAMENT_END_MSG.jpg,"{""social"":""A2U_BETA"",""type"":""20270208""}",Your next high score is waiting. Come play now.,Your next high score is waiting. Come play now.,أعلى نتيجة تاليه لك تنتظرك. تعال والعب الآن.,أعلى نتيجة تاليه لك تنتظرك. تعال والعب الآن.,Tu próxima puntuación alta está esperando. Ven a jugar ahora.,Tu próxima puntuación alta está esperando. Ven a jugar ahora.,Sua próxima pontuação alta está esperando. Venha jogar agora.,Sua próxima pontuação alta está esperando. Venha jogar agora.,Skor tertinggi berikutnya menunggumu. Ayo main sekarang.,Skor tertinggi berikutnya menunggumu. Ayo main sekarang.,Твой следующий рекорд ждёт. Заходи играть сейчас.,Твой следующий рекорд ждёт. Заходи играть сейчас.,Ton prochain score élevé t'attend. Viens jouer maintenant.,Ton prochain score élevé t'attend. Viens jouer maintenant.,คะแนนสูงถัดไปของคุณกำลังรอ มาเล่นเดี๋ยวนี้,คะแนนสูงถัดไปของคุณกำลังรอ มาเล่นเดี๋ยวนี้
20270209,https://d26ml67612e64s.cloudfront.net/block_blast/image/TOURNAMENT_END_MSG.jpg,"{""social"":""A2U_BETA"",""type"":""20270209""}",Relax with some block-matching fun today.,Relax with some block-matching fun today.,استرخ مع بعض متعة مطابقة القطع اليوم.,استرخ مع بعض متعة مطابقة القطع اليوم.,Relájate con algo de diversión combinando bloques hoy.,Relájate con algo de diversión combinando bloques hoy.,Relaxe com alguma diversão combinando blocos hoje.,Relaxe com alguma diversão combinando blocos hoje.,Santai dengan keseruan mencocokkan blok hari ini.,Santai dengan keseruan mencocokkan blok hari ini.,Расслабься с весёлым сопоставлением блоков сегодня.,Расслабься с весёлым сопоставлением блоков сегодня.,Détends-toi avec du plaisir d'assortiment de blocs aujourd'hui.,Détends-toi avec du plaisir d'assortiment de blocs aujourd'hui.,ผ่อนคลายกับความสนุกในการจับคู่บล็อกวันนี้,ผ่อนคลายกับความสนุกในการจับคู่บล็อกวันนี้
20270210,https://d26ml67612e64s.cloudfront.net/block_blast/image/TOURNAMENT_END_MSG.jpg,"{""social"":""A2U_BETA"",""type"":""20270210""}",Challenge yourself with fresh puzzles right now.,Challenge yourself with fresh puzzles right now.,تحدى نفسك بألغاز جديدة الآن.,تحدى نفسك بألغاز جديدة الآن.,Desafíate con puzzles frescos ahora mismo.,Desafíate con puzzles frescos ahora mismo.,Desafie-se com puzzles frescos agora mesmo.,Desafie-se com puzzles frescos agora mesmo.,Tantang dirimu dengan puzzle segar sekarang juga.,Tantang dirimu dengan puzzle segar sekarang juga.,Брось себе вызов со свежими головоломками прямо сейчас.,Брось себе вызов со свежими головоломками прямо сейчас.,Défie-toi avec des puzzles frais dès maintenant.,Défie-toi avec des puzzles frais dès maintenant.,ท้าทายตัวเองด้วยปริศนาใหม่ตอนนี้เลย,ท้าทายตัวเองด้วยปริศนาใหม่ตอนนี้เลย
20270211,https://d26ml67612e64s.cloudfront.net/block_blast/image/TOURNAMENT_END_MSG.jpg,"{""social"":""A2U_BETA"",""type"":""20270211""}",Fill those lines and feel the satisfaction. Play today.,Fill those lines and feel the satisfaction. Play today.,املأ تلك الخطوط واشعر بالرضا. العب اليوم.,املأ تلك الخطوط واشعر بالرضا. العب اليوم.,Llena esas líneas y siente la satisfacción. Juega hoy.,Llena esas líneas y siente la satisfacción. Juega hoy.,Preencha essas linhas e sinta a satisfação. Jogue hoje.,Preencha essas linhas e sinta a satisfação. Jogue hoje.,Isi garis-garis itu dan rasakan kepuasannya. Main hari ini.,Isi garis-garis itu dan rasakan kepuasannya. Main hari ini.,Заполни эти линии и почувствуй удовлетворение. Играй сегодня.,Заполни эти линии и почувствуй удовлетворение. Играй сегодня.,Remplis ces lignes et ressens la satisfaction. Joue aujourd'hui.,Remplis ces lignes et ressens la satisfaction. Joue aujourd'hui.,เติมเส้นเหล่านั้นและรู้สึกถึงความพึงพอใจ เล่นวันนี้,เติมเส้นเหล่านั้นและรู้สึกถึงความพึงพอใจ เล่นวันนี้
20270212,https://d26ml67612e64s.cloudfront.net/block_blast/image/TOURNAMENT_END_MSG.jpg,"{""social"":""A2U_BETA"",""type"":""20270212""}",Perfect time for a quick puzzle session.,Perfect time for a quick puzzle session.,الوقت المثالي لجلسة ألغاز سريعة.,الوقت المثالي لجلسة ألغاز سريعة.,Momento perfecto para una sesión rápida de puzzles.,Momento perfecto para una sesión rápida de puzzles.,Momento perfeito para uma sessão rápida de puzzles.,Momento perfeito para uma sessão rápida de puzzles.,Waktu sempurna untuk sesi puzzle cepat.,Waktu sempurna untuk sesi puzzle cepat.,Идеальное время для быстрой головоломки.,Идеальное время для быстрой головоломки.,Moment parfait pour une session de puzzle rapide.,Moment parfait pour une session de puzzle rapide.,เวลาที่สมบูรณ์แบบสำหรับช่วงปริศนาสั้นๆ,เวลาที่สมบูรณ์แบบสำหรับช่วงปริศนาสั้นๆ
20270214,https://d26ml67612e64s.cloudfront.net/block_blast/image/TOURNAMENT_END_MSG.jpg,"{""social"":""A2U_BETA"",""type"":""20270214""}",Your blocks won't arrange themselves. Jump in now.,Your blocks won't arrange themselves. Jump in now.,قطعك لن ترتب نفسها. اقفز للداخل الآن.,قطعك لن ترتب نفسها. اقفز للداخل الآن.,Tus bloques no se organizarán solos. Salta ahora.,Tus bloques no se organizarán solos. Salta ahora.,Seus blocos não vão se organizar sozinhos. Pule agora.,Seus blocos não vão se organizar sozinhos. Pule agora.,Blokmu tidak akan mengatur dirinya sendiri. Lompat sekarang.,Blokmu tidak akan mengatur dirinya sendiri. Lompat sekarang.,Твои блоки не расставятся сами. Заходи сейчас.,Твои блоки не расставятся сами. Заходи сейчас.,Tes blocs ne s'arrangeront pas tout seuls. Saute maintenant.,Tes blocs ne s'arrangeront pas tout seuls. Saute maintenant.,บล็อกของคุณจะไม่จัดเรียงตัวเอง กระโดดเข้ามาเดี๋ยวนี้,บล็อกของคุณจะไม่จัดเรียงตัวเอง กระโดดเข้ามาเดี๋ยวนี้
20270215,https://d26ml67612e64s.cloudfront.net/block_blast/image/TOURNAMENT_END_MSG.jpg,"{""social"":""A2U_BETA"",""type"":""20270215""}",Beat your best score today. Start playing now.,Beat your best score today. Start playing now.,اهزم أفضل نتيجة لك اليوم. ابدأ اللعب الآن.,اهزم أفضل نتيجة لك اليوم. ابدأ اللعب الآن.,Supera tu mejor puntuación hoy. Empieza a jugar ahora.,Supera tu mejor puntuación hoy. Empieza a jugar ahora.,Bata sua melhor pontuação hoje. Comece a jogar agora.,Bata sua melhor pontuação hoje. Comece a jogar agora.,Kalahkan skor terbaikmu hari ini. Mulai main sekarang.,Kalahkan skor terbaikmu hari ini. Mulai main sekarang.,Побей свой лучший результат сегодня. Начни играть сейчас.,Побей свой лучший результат сегодня. Начни играть сейчас.,Bats ton meilleur score aujourd'hui. Commence à jouer maintenant.,Bats ton meilleur score aujourd'hui. Commence à jouer maintenant.,เอาชนะคะแนนที่ดีที่สุดของคุณวันนี้ เริ่มเล่นเดี๋ยวนี้,เอาชนะคะแนนที่ดีที่สุดของคุณวันนี้ เริ่มเล่นเดี๋ยวนี้
20270216,https://d26ml67612e64s.cloudfront.net/block_blast/image/TOURNAMENT_END_MSG.jpg,"{""social"":""A2U_BETA"",""type"":""20270216""}",A few minutes of puzzle fun awaits you.,A few minutes of puzzle fun awaits you.,بضع دقائق من متعة الألغاز تنتظرك.,بضع دقائق من متعة الألغاز تنتظرك.,Unos minutos de diversión con puzzles te esperan.,Unos minutos de diversión con puzzles te esperan.,Alguns minutos de diversão com puzzles aguardam você.,Alguns minutos de diversão com puzzles aguardam você.,Beberapa menit keseruan puzzle menantimu.,Beberapa menit keseruan puzzle menantimu.,Несколько минут головоломки ждут тебя.,Несколько минут головоломки ждут тебя.,Quelques minutes de plaisir puzzle t'attendent.,Quelques minutes de plaisir puzzle t'attendent.,ความสนุกปริศนาไม่กี่นาทีรอคุณอยู่,ความสนุกปริศนาไม่กี่นาทีรอคุณอยู่
20270217,https://d26ml67612e64s.cloudfront.net/block_blast/image/TOURNAMENT_END_MSG.jpg,"{""social"":""A2U_BETA"",""type"":""20270217""}",Keep your mind sharp with today's block challenge.,Keep your mind sharp with today's block challenge.,حافظ على حدة ذهنك مع تحدي القطع اليوم.,حافظ على حدة ذهنك مع تحدي القطع اليوم.,Mantén tu mente aguda con el desafío de bloques de hoy.,Mantén tu mente aguda con el desafío de bloques de hoy.,Mantenha sua mente afiada com o desafio de blocos de hoje.,Mantenha sua mente afiada com o desafio de blocos de hoje.,Jaga ketajaman pikiranmu dengan tantangan blok hari ini.,Jaga ketajaman pikiranmu dengan tantangan blok hari ini.,Держи свой ум острым с сегодняшним испытанием блоками.,Держи свой ум острым с сегодняшним испытанием блоками.,Garde ton esprit vif avec le défi de blocs d'aujourd'hui.,Garde ton esprit vif avec le défi de blocs d'aujourd'hui.,รักษาสมองของคุณให้แหลมคมด้วยความท้าทายบล็อกวันนี้,รักษาสมองของคุณให้แหลมคมด้วยความท้าทายบล็อกวันนี้
20270218,https://d26ml67612e64s.cloudfront.net/block_blast/image/TOURNAMENT_END_MSG.jpg,"{""social"":""A2U_BETA"",""type"":""20270218""}",Time to clear some lines. Jump in and play today.,Time to clear some lines. Jump in and play today.,حان وقت مسح بعض الخطوط. اقفز والعب اليوم.,حان وقت مسح بعض الخطوط. اقفز والعب اليوم.,Hora de borrar algunas líneas. Salta y juega hoy.,Hora de borrar algunas líneas. Salta y juega hoy.,Hora de limpar algumas linhas. Pule e jogue hoje.,Hora de limpar algumas linhas. Pule e jogue hoje.,Waktunya hapus beberapa garis. Lompat dan main hari ini.,Waktunya hapus beberapa garis. Lompat dan main hari ini.,Время очистить несколько линий. Заходи и играй сегодня.,Время очистить несколько линий. Заходи и играй сегодня.,Il est temps d'effacer quelques lignes. Saute et joue aujourd'hui.,Il est temps d'effacer quelques lignes. Saute et joue aujourd'hui.,ถึงเวลาล้างบางเส้นแล้ว กระโดดเข้ามาเล่นวันนี้,ถึงเวลาล้างบางเส้นแล้ว กระโดดเข้ามาเล่นวันนี้
20270219,https://d26ml67612e64s.cloudfront.net/block_blast/image/TOURNAMENT_END_MSG.jpg,"{""social"":""A2U_BETA"",""type"":""20270219""}",Your puzzle board is waiting. Come match those blocks.,Your puzzle board is waiting. Come match those blocks.,لوحة الألغاز الخاصة بك تنتظر. تعال وطابق تلك القطع.,لوحة الألغاز الخاصة بك تنتظر. تعال وطابق تلك القطع.,Tu tablero de rompecabezas está esperando. Ven a combinar esos bloques.,Tu tablero de rompecabezas está esperando. Ven a combinar esos bloques.,Seu tabuleiro de quebra-cabeça está esperando. Venha combinar esses blocos.,Seu tabuleiro de quebra-cabeça está esperando. Venha combinar esses blocos.,Papan puzzlemu menunggu. Ayo padukan blok-blok itu.,Papan puzzlemu menunggu. Ayo padukan blok-blok itu.,Твоя головоломка ждёт. Приходи и сопоставляй эти блоки.,Твоя головоломка ждёт. Приходи и сопоставляй эти блоки.,Ton tableau de puzzle t'attend. Viens assortir ces blocs.,Ton tableau de puzzle t'attend. Viens assortir ces blocs.,กระดานปริศนาของคุณกำลังรอ มาจับคู่บล็อกเหล่านั้นกันเถอะ,กระดานปริศนาของคุณกำลังรอ มาจับคู่บล็อกเหล่านั้นกันเถอะ
20270221,https://d26ml67612e64s.cloudfront.net/block_blast/image/TOURNAMENT_END_MSG.jpg,"{""social"":""A2U_BETA"",""type"":""20270221""}",Ready for today's block challenge? Let's play.,Ready for today's block challenge? Let's play.,مستعد لتحدي القطع اليوم؟ هيا نلعب.,مستعد لتحدي القطع اليوم؟ هيا نلعب.,¿Listo para el desafío de bloques de hoy? Juguemos.,¿Listo para el desafío de bloques de hoy? Juguemos.,Pronto para o desafio de blocos de hoje? Vamos jogar.,Pronto para o desafio de blocos de hoje? Vamos jogar.,Siap untuk tantangan blok hari ini? Ayo main.,Siap untuk tantangan blok hari ini? Ayo main.,Готов к сегодняшнему испытанию блоками? Давай играть.,Готов к сегодняшнему испытанию блоками? Давай играть.,Prêt pour le défi de blocs d'aujourd'hui? Jouons.,Prêt pour le défi de blocs d'aujourd'hui? Jouons.,พร้อมสำหรับความท้าทายบล็อกวันนี้แล้วหรือยัง? มาเล่นกันเถอะ,พร้อมสำหรับความท้าทายบล็อกวันนี้แล้วหรือยัง? มาเล่นกันเถอะ
20270222,https://d26ml67612e64s.cloudfront.net/block_blast/image/TOURNAMENT_END_MSG.jpg,"{""social"":""A2U_BETA"",""type"":""20270222""}","Clear lines, score big. Start your daily puzzle now.","Clear lines, score big. Start your daily puzzle now.",امسح الخطوط، احرز نقاطاً كبيرة. ابدأ لغزك اليومي الآن.,امسح الخطوط، احرز نقاطاً كبيرة. ابدأ لغزك اليومي الآن.,"Borra líneas, anota en grande. Comienza tu puzzle diario ahora.","Borra líneas, anota en grande. Comienza tu puzzle diario ahora.","Limpe linhas, pontue alto. Comece seu puzzle diário agora.","Limpe linhas, pontue alto. Comece seu puzzle diário agora.","Hapus garis, skor besar. Mulai puzzle harianmu sekarang.","Hapus garis, skor besar. Mulai puzzle harianmu sekarang.","Очищай линии, зарабатывай много. Начни свою ежедневную головоломку сейчас.","Очищай линии, зарабатывай много. Начни свою ежедневную головоломку сейчас.","Efface des lignes, marque gros. Commence ton puzzle quotidien maintenant.","Efface des lignes, marque gros. Commence ton puzzle quotidien maintenant.",ล้างเส้น ทำคะแนนสูง เริ่มปริศนาประจำวันของคุณเดี๋ยวนี้,ล้างเส้น ทำคะแนนสูง เริ่มปริศนาประจำวันของคุณเดี๋ยวนี้
20270223,https://d26ml67612e64s.cloudfront.net/block_blast/image/TOURNAMENT_END_MSG.jpg,"{""social"":""A2U_BETA"",""type"":""20270223""}","New blocks, new challenges. Play Puzzle Block Master today.","New blocks, new challenges. Play Puzzle Block Master today.",قطع جديدة، تحديات جديدة. العب ماستر بلوك بازل اليوم.,قطع جديدة، تحديات جديدة. العب ماستر بلوك بازل اليوم.,"Nuevos bloques, nuevos desafíos. Juega Puzzle Block Master hoy.","Nuevos bloques, nuevos desafíos. Juega Puzzle Block Master hoy.","Novos blocos, novos desafios. Jogue Puzzle Block Master hoje.","Novos blocos, novos desafios. Jogue Puzzle Block Master hoje.","Blok baru, tantangan baru. Main Puzzle Block Master hari ini.","Blok baru, tantangan baru. Main Puzzle Block Master hari ini.","Новые блоки, новые испытания. Играй в Puzzle Block Master сегодня.","Новые блоки, новые испытания. Играй в Puzzle Block Master сегодня.","Nouveaux blocs, nouveaux défis. Joue à Puzzle Block Master aujourd'hui.","Nouveaux blocs, nouveaux défis. Joue à Puzzle Block Master aujourd'hui.",บล็อกใหม่ ความท้าทายใหม่ เล่น Puzzle Block Master วันนี้,บล็อกใหม่ ความท้าทายใหม่ เล่น Puzzle Block Master วันนี้
20270224,https://d26ml67612e64s.cloudfront.net/block_blast/image/TOURNAMENT_END_MSG.jpg,"{""social"":""A2U_BETA"",""type"":""20270224""}",Your brain needs a puzzle break. Come play now.,Your brain needs a puzzle break. Come play now.,عقلك يحتاج لاستراحة ألغاز. تعال والعب الآن.,عقلك يحتاج لاستراحة ألغاز. تعال والعب الآن.,Tu cerebro necesita un descanso de puzzles. Ven a jugar ahora.,Tu cerebro necesita un descanso de puzzles. Ven a jugar ahora.,Seu cérebro precisa de uma pausa para puzzles. Venha jogar agora.,Seu cérebro precisa de uma pausa para puzzles. Venha jogar agora.,Otakmu butuh istirahat puzzle. Ayo main sekarang.,Otakmu butuh istirahat puzzle. Ayo main sekarang.,Твоему мозгу нужна головоломка. Заходи играть сейчас.,Твоему мозгу нужна головоломка. Заходи играть сейчас.,Ton cerveau a besoin d'une pause puzzle. Viens jouer maintenant.,Ton cerveau a besoin d'une pause puzzle. Viens jouer maintenant.,สมองของคุณต้องการพักปริศนา มาเล่นเดี๋ยวนี้,สมองของคุณต้องการพักปริศนา มาเล่นเดี๋ยวนี้
20270225,https://d26ml67612e64s.cloudfront.net/block_blast/image/TOURNAMENT_END_MSG.jpg,"{""social"":""A2U_BETA"",""type"":""20270225""}","Stack, match, and clear. Today's puzzle awaits.","Stack, match, and clear. Today's puzzle awaits.",كدّس، طابق، وامسح. لغزك اليوم بانتظارك.,كدّس، طابق، وامسح. لغزك اليوم بانتظارك.,"Apila, combina y borra. Tu puzzle de hoy te espera.","Apila, combina y borra. Tu puzzle de hoy te espera.","Empilhe, combine e limpe. Seu puzzle de hoje aguarda.","Empilhe, combine e limpe. Seu puzzle de hoje aguarda.","Tumpuk, padukan, dan hapus. Puzzle hari ini menanti.","Tumpuk, padukan, dan hapus. Puzzle hari ini menanti.","Складывай, сопоставляй и очищай. Твоя головоломка на сегодня ждёт.","Складывай, сопоставляй и очищай. Твоя головоломка на сегодня ждёт.","Empile, assortis et efface. Ton puzzle d'aujourd'hui t'attend.","Empile, assortis et efface. Ton puzzle d'aujourd'hui t'attend.",เรียง จับคู่ และล้าง ปริศนาวันนี้รออยู่,เรียง จับคู่ และล้าง ปริศนาวันนี้รออยู่
20270226,https://d26ml67612e64s.cloudfront.net/block_blast/image/TOURNAMENT_END_MSG.jpg,"{""social"":""A2U_BETA"",""type"":""20270226""}",How many lines can you clear today? Find out now.,How many lines can you clear today? Find out now.,كم خطاً يمكنك مسحه اليوم؟ اكتشف الآن.,كم خطاً يمكنك مسحه اليوم؟ اكتشف الآن.,¿Cuántas líneas puedes borrar hoy? Descúbrelo ahora.,¿Cuántas líneas puedes borrar hoy? Descúbrelo ahora.,Quantas linhas você pode limpar hoje? Descubra agora.,Quantas linhas você pode limpar hoje? Descubra agora.,Berapa banyak garis yang bisa kamu hapus hari ini? Cari tahu sekarang.,Berapa banyak garis yang bisa kamu hapus hari ini? Cari tahu sekarang.,Сколько линий ты можешь очистить сегодня? Узнай сейчас.,Сколько линий ты можешь очистить сегодня? Узнай сейчас.,Combien de lignes peux-tu effacer aujourd'hui? Découvre-le maintenant.,Combien de lignes peux-tu effacer aujourd'hui? Découvre-le maintenant.,วันนี้คุณจะล้างได้กี่เส้น? มาดูกันเดี๋ยวนี้,วันนี้คุณจะล้างได้กี่เส้น? มาดูกันเดี๋ยวนี้
20270228,https://d26ml67612e64s.cloudfront.net/block_blast/image/TOURNAMENT_END_MSG.jpg,"{""social"":""A2U_BETA"",""type"":""20270228""}",Daily block fun is calling. Come play your favorite puzzle.,Daily block fun is calling. Come play your favorite puzzle.,متعة القطع اليومية تناديك. تعال والعب لغزك المفضل.,متعة القطع اليومية تناديك. تعال والعب لغزك المفضل.,La diversión diaria de bloques te llama. Ven a jugar tu puzzle favorito.,La diversión diaria de bloques te llama. Ven a jugar tu puzzle favorito.,A diversão diária de blocos está chamando. Venha jogar seu puzzle favorito.,A diversão diária de blocos está chamando. Venha jogar seu puzzle favorito.,Keseruan blok harian memanggilmu. Ayo main puzzle favoritmu.,Keseruan blok harian memanggilmu. Ayo main puzzle favoritmu.,Ежедневное веселье с блоками зовёт. Заходи играть в свою любимую головоломку.,Ежедневное веселье с блоками зовёт. Заходи играть в свою любимую головоломку.,Le plaisir quotidien des blocs t'appelle. Viens jouer à ton puzzle préféré.,Le plaisir quotidien des blocs t'appelle. Viens jouer à ton puzzle préféré.,ความสนุกบล็อกประจำวันกำลังเรียกหา มาเล่นปริศนาโปรดของคุณ,ความสนุกบล็อกประจำวันกำลังเรียกหา มาเล่นปริศนาโปรดของคุณ
20270301,https://d26ml67612e64s.cloudfront.net/block_blast/image/TOURNAMENT_END_MSG.jpg,"{""social"":""A2U_BETA"",""type"":""20270301""}",Master the board today. Your blocks are ready.,Master the board today. Your blocks are ready.,أتقن اللوحة اليوم. قطعك جاهزة.,أتقن اللوحة اليوم. قطعك جاهزة.,Domina el tablero hoy. Tus bloques están listos.,Domina el tablero hoy. Tus bloques están listos.,Domine o tabuleiro hoje. Seus blocos estão prontos.,Domine o tabuleiro hoje. Seus blocos estão prontos.,Kuasai papan hari ini. Blokmu sudah siap.,Kuasai papan hari ini. Blokmu sudah siap.,Освой доску сегодня. Твои блоки готовы.,Освой доску сегодня. Твои блоки готовы.,Maîtrise le tableau aujourd'hui. Tes blocs sont prêts.,Maîtrise le tableau aujourd'hui. Tes blocs sont prêts.,มาเชี่ยวชาญกระดานวันนี้ บล็อกของคุณพร้อมแล้ว,มาเชี่ยวชาญกระดานวันนี้ บล็อกของคุณพร้อมแล้ว
20270302,https://d26ml67612e64s.cloudfront.net/block_blast/image/TOURNAMENT_END_MSG.jpg,"{""social"":""A2U_BETA"",""type"":""20270302""}",Take a puzzle break and clear the board today.,Take a puzzle break and clear the board today.,خذ استراحة ألغاز وامسح اللوحة اليوم.,خذ استراحة ألغاز وامسح اللوحة اليوم.,Toma un descanso de puzzles y despeja el tablero hoy.,Toma un descanso de puzzles y despeja el tablero hoy.,Faça uma pausa para puzzles e limpe o tabuleiro hoje.,Faça uma pausa para puzzles e limpe o tabuleiro hoje.,Istirahat puzzle dan bersihkan papan hari ini.,Istirahat puzzle dan bersihkan papan hari ini.,Сделай перерыв на головоломку и очисти доску сегодня.,Сделай перерыв на головоломку и очисти доску сегодня.,Prends une pause puzzle et vide le tableau aujourd'hui.,Prends une pause puzzle et vide le tableau aujourd'hui.,พักปริศนาและล้างกระดานวันนี้,พักปริศนาและล้างกระดานวันนี้
20270303,https://d26ml67612e64s.cloudfront.net/block_blast/image/TOURNAMENT_END_MSG.jpg,"{""social"":""A2U_BETA"",""type"":""20270303""}",Your next high score is waiting. Come play now.,Your next high score is waiting. Come play now.,أعلى نتيجة تاليه لك تنتظرك. تعال والعب الآن.,أعلى نتيجة تاليه لك تنتظرك. تعال والعب الآن.,Tu próxima puntuación alta está esperando. Ven a jugar ahora.,Tu próxima puntuación alta está esperando. Ven a jugar ahora.,Sua próxima pontuação alta está esperando. Venha jogar agora.,Sua próxima pontuação alta está esperando. Venha jogar agora.,Skor tertinggi berikutnya menunggumu. Ayo main sekarang.,Skor tertinggi berikutnya menunggumu. Ayo main sekarang.,Твой следующий рекорд ждёт. Заходи играть сейчас.,Твой следующий рекорд ждёт. Заходи играть сейчас.,Ton prochain score élevé t'attend. Viens jouer maintenant.,Ton prochain score élevé t'attend. Viens jouer maintenant.,คะแนนสูงถัดไปของคุณกำลังรอ มาเล่นเดี๋ยวนี้,คะแนนสูงถัดไปของคุณกำลังรอ มาเล่นเดี๋ยวนี้
20270304,https://d26ml67612e64s.cloudfront.net/block_blast/image/TOURNAMENT_END_MSG.jpg,"{""social"":""A2U_BETA"",""type"":""20270304""}",Relax with some block-matching fun today.,Relax with some block-matching fun today.,استرخ مع بعض متعة مطابقة القطع اليوم.,استرخ مع بعض متعة مطابقة القطع اليوم.,Relájate con algo de diversión combinando bloques hoy.,Relájate con algo de diversión combinando bloques hoy.,Relaxe com alguma diversão combinando blocos hoje.,Relaxe com alguma diversão combinando blocos hoje.,Santai dengan keseruan mencocokkan blok hari ini.,Santai dengan keseruan mencocokkan blok hari ini.,Расслабься с весёлым сопоставлением блоков сегодня.,Расслабься с весёлым сопоставлением блоков сегодня.,Détends-toi avec du plaisir d'assortiment de blocs aujourd'hui.,Détends-toi avec du plaisir d'assortiment de blocs aujourd'hui.,ผ่อนคลายกับความสนุกในการจับคู่บล็อกวันนี้,ผ่อนคลายกับความสนุกในการจับคู่บล็อกวันนี้
20270305,https://d26ml67612e64s.cloudfront.net/block_blast/image/TOURNAMENT_END_MSG.jpg,"{""social"":""A2U_BETA"",""type"":""20270305""}",Challenge yourself with fresh puzzles right now.,Challenge yourself with fresh puzzles right now.,تحدى نفسك بألغاز جديدة الآن.,تحدى نفسك بألغاز جديدة الآن.,Desafíate con puzzles frescos ahora mismo.,Desafíate con puzzles frescos ahora mismo.,Desafie-se com puzzles frescos agora mesmo.,Desafie-se com puzzles frescos agora mesmo.,Tantang dirimu dengan puzzle segar sekarang juga.,Tantang dirimu dengan puzzle segar sekarang juga.,Брось себе вызов со свежими головоломками прямо сейчас.,Брось себе вызов со свежими головоломками прямо сейчас.,Défie-toi avec des puzzles frais dès maintenant.,Défie-toi avec des puzzles frais dès maintenant.,ท้าทายตัวเองด้วยปริศนาใหม่ตอนนี้เลย,ท้าทายตัวเองด้วยปริศนาใหม่ตอนนี้เลย
20270307,https://d26ml67612e64s.cloudfront.net/block_blast/image/TOURNAMENT_END_MSG.jpg,"{""social"":""A2U_BETA"",""type"":""20270307""}",Your puzzle board is waiting. Come match those blocks.,Your puzzle board is waiting. Come match those blocks.,لوحة الألغاز الخاصة بك تنتظر. تعال وطابق تلك القطع.,لوحة الألغاز الخاصة بك تنتظر. تعال وطابق تلك القطع.,Tu tablero de rompecabezas está esperando. Ven a combinar esos bloques.,Tu tablero de rompecabezas está esperando. Ven a combinar esos bloques.,Seu tabuleiro de quebra-cabeça está esperando. Venha combinar esses blocos.,Seu tabuleiro de quebra-cabeça está esperando. Venha combinar esses blocos.,Papan puzzlemu menunggu. Ayo padukan blok-blok itu.,Papan puzzlemu menunggu. Ayo padukan blok-blok itu.,Твоя головоломка ждёт. Приходи и сопоставляй эти блоки.,Твоя головоломка ждёт. Приходи и сопоставляй эти блоки.,Ton tableau de puzzle t'attend. Viens assortir ces blocs.,Ton tableau de puzzle t'attend. Viens assortir ces blocs.,กระดานปริศนาของคุณกำลังรอ มาจับคู่บล็อกเหล่านั้นกันเถอะ,กระดานปริศนาของคุณกำลังรอ มาจับคู่บล็อกเหล่านั้นกันเถอะ
20270308,https://d26ml67612e64s.cloudfront.net/block_blast/image/TOURNAMENT_END_MSG.jpg,"{""social"":""A2U_BETA"",""type"":""20270308""}",Ready for today's block challenge? Let's play.,Ready for today's block challenge? Let's play.,مستعد لتحدي القطع اليوم؟ هيا نلعب.,مستعد لتحدي القطع اليوم؟ هيا نلعب.,¿Listo para el desafío de bloques de hoy? Juguemos.,¿Listo para el desafío de bloques de hoy? Juguemos.,Pronto para o desafio de blocos de hoje? Vamos jogar.,Pronto para o desafio de blocos de hoje? Vamos jogar.,Siap untuk tantangan blok hari ini? Ayo main.,Siap untuk tantangan blok hari ini? Ayo main.,Готов к сегодняшнему испытанию блоками? Давай играть.,Готов к сегодняшнему испытанию блоками? Давай играть.,Prêt pour le défi de blocs d'aujourd'hui? Jouons.,Prêt pour le défi de blocs d'aujourd'hui? Jouons.,พร้อมสำหรับความท้าทายบล็อกวันนี้แล้วหรือยัง? มาเล่นกันเถอะ,พร้อมสำหรับความท้าทายบล็อกวันนี้แล้วหรือยัง? มาเล่นกันเถอะ
20270309,https://d26ml67612e64s.cloudfront.net/block_blast/image/TOURNAMENT_END_MSG.jpg,"{""social"":""A2U_BETA"",""type"":""20270309""}","Clear lines, score big. Start your daily puzzle now.","Clear lines, score big. Start your daily puzzle now.",امسح الخطوط، احرز نقاطاً كبيرة. ابدأ لغزك اليومي الآن.,امسح الخطوط، احرز نقاطاً كبيرة. ابدأ لغزك اليومي الآن.,"Borra líneas, anota en grande. Comienza tu puzzle diario ahora.","Borra líneas, anota en grande. Comienza tu puzzle diario ahora.","Limpe linhas, pontue alto. Comece seu puzzle diário agora.","Limpe linhas, pontue alto. Comece seu puzzle diário agora.","Hapus garis, skor besar. Mulai puzzle harianmu sekarang.","Hapus garis, skor besar. Mulai puzzle harianmu sekarang.","Очищай линии, зарабатывай много. Начни свою ежедневную головоломку сейчас.","Очищай линии, зарабатывай много. Начни свою ежедневную головоломку сейчас.","Efface des lignes, marque gros. Commence ton puzzle quotidien maintenant.","Efface des lignes, marque gros. Commence ton puzzle quotidien maintenant.",ล้างเส้น ทำคะแนนสูง เริ่มปริศนาประจำวันของคุณเดี๋ยวนี้,ล้างเส้น ทำคะแนนสูง เริ่มปริศนาประจำวันของคุณเดี๋ยวนี้
20270310,https://d26ml67612e64s.cloudfront.net/block_blast/image/TOURNAMENT_END_MSG.jpg,"{""social"":""A2U_BETA"",""type"":""20270310""}","New blocks, new challenges. Play Puzzle Block Master today.","New blocks, new challenges. Play Puzzle Block Master today.",قطع جديدة، تحديات جديدة. العب ماستر بلوك بازل اليوم.,قطع جديدة، تحديات جديدة. العب ماستر بلوك بازل اليوم.,"Nuevos bloques, nuevos desafíos. Juega Puzzle Block Master hoy.","Nuevos bloques, nuevos desafíos. Juega Puzzle Block Master hoy.","Novos blocos, novos desafios. Jogue Puzzle Block Master hoje.","Novos blocos, novos desafios. Jogue Puzzle Block Master hoje.","Blok baru, tantangan baru. Main Puzzle Block Master hari ini.","Blok baru, tantangan baru. Main Puzzle Block Master hari ini.","Новые блоки, новые испытания. Играй в Puzzle Block Master сегодня.","Новые блоки, новые испытания. Играй в Puzzle Block Master сегодня.","Nouveaux blocs, nouveaux défis. Joue à Puzzle Block Master aujourd'hui.","Nouveaux blocs, nouveaux défis. Joue à Puzzle Block Master aujourd'hui.",บล็อกใหม่ ความท้าทายใหม่ เล่น Puzzle Block Master วันนี้,บล็อกใหม่ ความท้าทายใหม่ เล่น Puzzle Block Master วันนี้
20270311,https://d26ml67612e64s.cloudfront.net/block_blast/image/TOURNAMENT_END_MSG.jpg,"{""social"":""A2U_BETA"",""type"":""20270311""}",Your brain needs a puzzle break. Come play now.,Your brain needs a puzzle break. Come play now.,عقلك يحتاج لاستراحة ألغاز. تعال والعب الآن.,عقلك يحتاج لاستراحة ألغاز. تعال والعب الآن.,Tu cerebro necesita un descanso de puzzles. Ven a jugar ahora.,Tu cerebro necesita un descanso de puzzles. Ven a jugar ahora.,Seu cérebro precisa de uma pausa para puzzles. Venha jogar agora.,Seu cérebro precisa de uma pausa para puzzles. Venha jogar agora.,Otakmu butuh istirahat puzzle. Ayo main sekarang.,Otakmu butuh istirahat puzzle. Ayo main sekarang.,Твоему мозгу нужна головоломка. Заходи играть сейчас.,Твоему мозгу нужна головоломка. Заходи играть сейчас.,Ton cerveau a besoin d'une pause puzzle. Viens jouer maintenant.,Ton cerveau a besoin d'une pause puzzle. Viens jouer maintenant.,สมองของคุณต้องการพักปริศนา มาเล่นเดี๋ยวนี้,สมองของคุณต้องการพักปริศนา มาเล่นเดี๋ยวนี้
20270312,https://d26ml67612e64s.cloudfront.net/block_blast/image/TOURNAMENT_END_MSG.jpg,"{""social"":""A2U_BETA"",""type"":""20270312""}","Stack, match, and clear. Today's puzzle awaits.","Stack, match, and clear. Today's puzzle awaits.",كدّس، طابق، وامسح. لغزك اليوم بانتظارك.,كدّس، طابق، وامسح. لغزك اليوم بانتظارك.,"Apila, combina y borra. Tu puzzle de hoy te espera.","Apila, combina y borra. Tu puzzle de hoy te espera.","Empilhe, combine e limpe. Seu puzzle de hoje aguarda.","Empilhe, combine e limpe. Seu puzzle de hoje aguarda.","Tumpuk, padukan, dan hapus. Puzzle hari ini menanti.","Tumpuk, padukan, dan hapus. Puzzle hari ini menanti.","Складывай, сопоставляй и очищай. Твоя головоломка на сегодня ждёт.","Складывай, сопоставляй и очищай. Твоя головоломка на сегодня ждёт.","Empile, assortis et efface. Ton puzzle d'aujourd'hui t'attend.","Empile, assortis et efface. Ton puzzle d'aujourd'hui t'attend.",เรียง จับคู่ และล้าง ปริศนาวันนี้รออยู่,เรียง จับคู่ และล้าง ปริศนาวันนี้รออยู่
20270314,https://d26ml67612e64s.cloudfront.net/block_blast/image/TOURNAMENT_END_MSG.jpg,"{""social"":""A2U_BETA"",""type"":""20270314""}",How many lines can you clear today? Find out now.,How many lines can you clear today? Find out now.,كم خطاً يمكنك مسحه اليوم؟ اكتشف الآن.,كم خطاً يمكنك مسحه اليوم؟ اكتشف الآن.,¿Cuántas líneas puedes borrar hoy? Descúbrelo ahora.,¿Cuántas líneas puedes borrar hoy? Descúbrelo ahora.,Quantas linhas você pode limpar hoje? Descubra agora.,Quantas linhas você pode limpar hoje? Descubra agora.,Berapa banyak garis yang bisa kamu hapus hari ini? Cari tahu sekarang.,Berapa banyak garis yang bisa kamu hapus hari ini? Cari tahu sekarang.,Сколько линий ты можешь очистить сегодня? Узнай сейчас.,Сколько линий ты можешь очистить сегодня? Узнай сейчас.,Combien de lignes peux-tu effacer aujourd'hui? Découvre-le maintenant.,Combien de lignes peux-tu effacer aujourd'hui? Découvre-le maintenant.,วันนี้คุณจะล้างได้กี่เส้น? มาดูกันเดี๋ยวนี้,วันนี้คุณจะล้างได้กี่เส้น? มาดูกันเดี๋ยวนี้
20270315,https://d26ml67612e64s.cloudfront.net/block_blast/image/TOURNAMENT_END_MSG.jpg,"{""social"":""A2U_BETA"",""type"":""20270315""}",Daily block fun is calling. Come play your favorite puzzle.,Daily block fun is calling. Come play your favorite puzzle.,متعة القطع اليومية تناديك. تعال والعب لغزك المفضل.,متعة القطع اليومية تناديك. تعال والعب لغزك المفضل.,La diversión diaria de bloques te llama. Ven a jugar tu puzzle favorito.,La diversión diaria de bloques te llama. Ven a jugar tu puzzle favorito.,A diversão diária de blocos está chamando. Venha jogar seu puzzle favorito.,A diversão diária de blocos está chamando. Venha jogar seu puzzle favorito.,Keseruan blok harian memanggilmu. Ayo main puzzle favoritmu.,Keseruan blok harian memanggilmu. Ayo main puzzle favoritmu.,Ежедневное веселье с блоками зовёт. Заходи играть в свою любимую головоломку.,Ежедневное веселье с блоками зовёт. Заходи играть в свою любимую головоломку.,Le plaisir quotidien des blocs t'appelle. Viens jouer à ton puzzle préféré.,Le plaisir quotidien des blocs t'appelle. Viens jouer à ton puzzle préféré.,ความสนุกบล็อกประจำวันกำลังเรียกหา มาเล่นปริศนาโปรดของคุณ,ความสนุกบล็อกประจำวันกำลังเรียกหา มาเล่นปริศนาโปรดของคุณ
20270316,https://d26ml67612e64s.cloudfront.net/block_blast/image/TOURNAMENT_END_MSG.jpg,"{""social"":""A2U_BETA"",""type"":""20270316""}",Master the board today. Your blocks are ready.,Master the board today. Your blocks are ready.,أتقن اللوحة اليوم. قطعك جاهزة.,أتقن اللوحة اليوم. قطعك جاهزة.,Domina el tablero hoy. Tus bloques están listos.,Domina el tablero hoy. Tus bloques están listos.,Domine o tabuleiro hoje. Seus blocos estão prontos.,Domine o tabuleiro hoje. Seus blocos estão prontos.,Kuasai papan hari ini. Blokmu sudah siap.,Kuasai papan hari ini. Blokmu sudah siap.,Освой доску сегодня. Твои блоки готовы.,Освой доску сегодня. Твои блоки готовы.,Maîtrise le tableau aujourd'hui. Tes blocs sont prêts.,Maîtrise le tableau aujourd'hui. Tes blocs sont prêts.,มาเชี่ยวชาญกระดานวันนี้ บล็อกของคุณพร้อมแล้ว,มาเชี่ยวชาญกระดานวันนี้ บล็อกของคุณพร้อมแล้ว
20270317,https://d26ml67612e64s.cloudfront.net/block_blast/image/TOURNAMENT_END_MSG.jpg,"{""social"":""A2U_BETA"",""type"":""20270317""}",Take a puzzle break and clear the board today.,Take a puzzle break and clear the board today.,خذ استراحة ألغاز وامسح اللوحة اليوم.,خذ استراحة ألغاز وامسح اللوحة اليوم.,Toma un descanso de puzzles y despeja el tablero hoy.,Toma un descanso de puzzles y despeja el tablero hoy.,Faça uma pausa para puzzles e limpe o tabuleiro hoje.,Faça uma pausa para puzzles e limpe o tabuleiro hoje.,Istirahat puzzle dan bersihkan papan hari ini.,Istirahat puzzle dan bersihkan papan hari ini.,Сделай перерыв на головоломку и очисти доску сегодня.,Сделай перерыв на головоломку и очисти доску сегодня.,Prends une pause puzzle et vide le tableau aujourd'hui.,Prends une pause puzzle et vide le tableau aujourd'hui.,พักปริศนาและล้างกระดานวันนี้,พักปริศนาและล้างกระดานวันนี้
20270318,https://d26ml67612e64s.cloudfront.net/block_blast/image/TOURNAMENT_END_MSG.jpg,"{""social"":""A2U_BETA"",""type"":""20270318""}",Your next high score is waiting. Come play now.,Your next high score is waiting. Come play now.,أعلى نتيجة تاليه لك تنتظرك. تعال والعب الآن.,أعلى نتيجة تاليه لك تنتظرك. تعال والعب الآن.,Tu próxima puntuación alta está esperando. Ven a jugar ahora.,Tu próxima puntuación alta está esperando. Ven a jugar ahora.,Sua próxima pontuação alta está esperando. Venha jogar agora.,Sua próxima pontuação alta está esperando. Venha jogar agora.,Skor tertinggi berikutnya menunggumu. Ayo main sekarang.,Skor tertinggi berikutnya menunggumu. Ayo main sekarang.,Твой следующий рекорд ждёт. Заходи играть сейчас.,Твой следующий рекорд ждёт. Заходи играть сейчас.,Ton prochain score élevé t'attend. Viens jouer maintenant.,Ton prochain score élevé t'attend. Viens jouer maintenant.,คะแนนสูงถัดไปของคุณกำลังรอ มาเล่นเดี๋ยวนี้,คะแนนสูงถัดไปของคุณกำลังรอ มาเล่นเดี๋ยวนี้
20270319,https://d26ml67612e64s.cloudfront.net/block_blast/image/TOURNAMENT_END_MSG.jpg,"{""social"":""A2U_BETA"",""type"":""20270319""}",Relax with some block-matching fun today.,Relax with some block-matching fun today.,استرخ مع بعض متعة مطابقة القطع اليوم.,استرخ مع بعض متعة مطابقة القطع اليوم.,Relájate con algo de diversión combinando bloques hoy.,Relájate con algo de diversión combinando bloques hoy.,Relaxe com alguma diversão combinando blocos hoje.,Relaxe com alguma diversão combinando blocos hoje.,Santai dengan keseruan mencocokkan blok hari ini.,Santai dengan keseruan mencocokkan blok hari ini.,Расслабься с весёлым сопоставлением блоков сегодня.,Расслабься с весёлым сопоставлением блоков сегодня.,Détends-toi avec du plaisir d'assortiment de blocs aujourd'hui.,Détends-toi avec du plaisir d'assortiment de blocs aujourd'hui.,ผ่อนคลายกับความสนุกในการจับคู่บล็อกวันนี้,ผ่อนคลายกับความสนุกในการจับคู่บล็อกวันนี้
20270321,https://d26ml67612e64s.cloudfront.net/block_blast/image/TOURNAMENT_END_MSG.jpg,"{""social"":""A2U_BETA"",""type"":""20270321""}",Challenge yourself with fresh puzzles right now.,Challenge yourself with fresh puzzles right now.,تحدى نفسك بألغاز جديدة الآن.,تحدى نفسك بألغاز جديدة الآن.,Desafíate con puzzles frescos ahora mismo.,Desafíate con puzzles frescos ahora mismo.,Desafie-se com puzzles frescos agora mesmo.,Desafie-se com puzzles frescos agora mesmo.,Tantang dirimu dengan puzzle segar sekarang juga.,Tantang dirimu dengan puzzle segar sekarang juga.,Брось себе вызов со свежими головоломками прямо сейчас.,Брось себе вызов со свежими головоломками прямо сейчас.,Défie-toi avec des puzzles frais dès maintenant.,Défie-toi avec des puzzles frais dès maintenant.,ท้าทายตัวเองด้วยปริศนาใหม่ตอนนี้เลย,ท้าทายตัวเองด้วยปริศนาใหม่ตอนนี้เลย
20270322,https://d26ml67612e64s.cloudfront.net/block_blast/image/TOURNAMENT_END_MSG.jpg,"{""social"":""A2U_BETA"",""type"":""20270322""}",Fill those lines and feel the satisfaction. Play today.,Fill those lines and feel the satisfaction. Play today.,املأ تلك الخطوط واشعر بالرضا. العب اليوم.,املأ تلك الخطوط واشعر بالرضا. العب اليوم.,Llena esas líneas y siente la satisfacción. Juega hoy.,Llena esas líneas y siente la satisfacción. Juega hoy.,Preencha essas linhas e sinta a satisfação. Jogue hoje.,Preencha essas linhas e sinta a satisfação. Jogue hoje.,Isi garis-garis itu dan rasakan kepuasannya. Main hari ini.,Isi garis-garis itu dan rasakan kepuasannya. Main hari ini.,Заполни эти линии и почувствуй удовлетворение. Играй сегодня.,Заполни эти линии и почувствуй удовлетворение. Играй сегодня.,Remplis ces lignes et ressens la satisfaction. Joue aujourd'hui.,Remplis ces lignes et ressens la satisfaction. Joue aujourd'hui.,เติมเส้นเหล่านั้นและรู้สึกถึงความพึงพอใจ เล่นวันนี้,เติมเส้นเหล่านั้นและรู้สึกถึงความพึงพอใจ เล่นวันนี้
20270323,https://d26ml67612e64s.cloudfront.net/block_blast/image/TOURNAMENT_END_MSG.jpg,"{""social"":""A2U_BETA"",""type"":""20270323""}",Perfect time for a quick puzzle session.,Perfect time for a quick puzzle session.,الوقت المثالي لجلسة ألغاز سريعة.,الوقت المثالي لجلسة ألغاز سريعة.,Momento perfecto para una sesión rápida de puzzles.,Momento perfecto para una sesión rápida de puzzles.,Momento perfeito para uma sessão rápida de puzzles.,Momento perfeito para uma sessão rápida de puzzles.,Waktu sempurna untuk sesi puzzle cepat.,Waktu sempurna untuk sesi puzzle cepat.,Идеальное время для быстрой головоломки.,Идеальное время для быстрой головоломки.,Moment parfait pour une session de puzzle rapide.,Moment parfait pour une session de puzzle rapide.,เวลาที่สมบูรณ์แบบสำหรับช่วงปริศนาสั้นๆ,เวลาที่สมบูรณ์แบบสำหรับช่วงปริศนาสั้นๆ
20270324,https://d26ml67612e64s.cloudfront.net/block_blast/image/TOURNAMENT_END_MSG.jpg,"{""social"":""A2U_BETA"",""type"":""20270324""}",Your blocks won't arrange themselves. Jump in now.,Your blocks won't arrange themselves. Jump in now.,قطعك لن ترتب نفسها. اقفز للداخل الآن.,قطعك لن ترتب نفسها. اقفز للداخل الآن.,Tus bloques no se organizarán solos. Salta ahora.,Tus bloques no se organizarán solos. Salta ahora.,Seus blocos não vão se organizar sozinhos. Pule agora.,Seus blocos não vão se organizar sozinhos. Pule agora.,Blokmu tidak akan mengatur dirinya sendiri. Lompat sekarang.,Blokmu tidak akan mengatur dirinya sendiri. Lompat sekarang.,Твои блоки не расставятся сами. Заходи сейчас.,Твои блоки не расставятся сами. Заходи сейчас.,Tes blocs ne s'arrangeront pas tout seuls. Saute maintenant.,Tes blocs ne s'arrangeront pas tout seuls. Saute maintenant.,บล็อกของคุณจะไม่จัดเรียงตัวเอง กระโดดเข้ามาเดี๋ยวนี้,บล็อกของคุณจะไม่จัดเรียงตัวเอง กระโดดเข้ามาเดี๋ยวนี้
20270325,https://d26ml67612e64s.cloudfront.net/block_blast/image/TOURNAMENT_END_MSG.jpg,"{""social"":""A2U_BETA"",""type"":""20270325""}",Beat your best score today. Start playing now.,Beat your best score today. Start playing now.,اهزم أفضل نتيجة لك اليوم. ابدأ اللعب الآن.,اهزم أفضل نتيجة لك اليوم. ابدأ اللعب الآن.,Supera tu mejor puntuación hoy. Empieza a jugar ahora.,Supera tu mejor puntuación hoy. Empieza a jugar ahora.,Bata sua melhor pontuação hoje. Comece a jogar agora.,Bata sua melhor pontuação hoje. Comece a jogar agora.,Kalahkan skor terbaikmu hari ini. Mulai main sekarang.,Kalahkan skor terbaikmu hari ini. Mulai main sekarang.,Побей свой лучший результат сегодня. Начни играть сейчас.,Побей свой лучший результат сегодня. Начни играть сейчас.,Bats ton meilleur score aujourd'hui. Commence à jouer maintenant.,Bats ton meilleur score aujourd'hui. Commence à jouer maintenant.,เอาชนะคะแนนที่ดีที่สุดของคุณวันนี้ เริ่มเล่นเดี๋ยวนี้,เอาชนะคะแนนที่ดีที่สุดของคุณวันนี้ เริ่มเล่นเดี๋ยวนี้
20270326,https://d26ml67612e64s.cloudfront.net/block_blast/image/TOURNAMENT_END_MSG.jpg,"{""social"":""A2U_BETA"",""type"":""20270326""}",A few minutes of puzzle fun awaits you.,A few minutes of puzzle fun awaits you.,بضع دقائق من متعة الألغاز تنتظرك.,بضع دقائق من متعة الألغاز تنتظرك.,Unos minutos de diversión con puzzles te esperan.,Unos minutos de diversión con puzzles te esperan.,Alguns minutos de diversão com puzzles aguardam você.,Alguns minutos de diversão com puzzles aguardam você.,Beberapa menit keseruan puzzle menantimu.,Beberapa menit keseruan puzzle menantimu.,Несколько минут головоломки ждут тебя.,Несколько минут головоломки ждут тебя.,Quelques minutes de plaisir puzzle t'attendent.,Quelques minutes de plaisir puzzle t'attendent.,ความสนุกปริศนาไม่กี่นาทีรอคุณอยู่,ความสนุกปริศนาไม่กี่นาทีรอคุณอยู่
20270328,https://d26ml67612e64s.cloudfront.net/block_blast/image/TOURNAMENT_END_MSG.jpg,"{""social"":""A2U_BETA"",""type"":""20270328""}",Keep your mind sharp with today's block challenge.,Keep your mind sharp with today's block challenge.,حافظ على حدة ذهنك مع تحدي القطع اليوم.,حافظ على حدة ذهنك مع تحدي القطع اليوم.,Mantén tu mente aguda con el desafío de bloques de hoy.,Mantén tu mente aguda con el desafío de bloques de hoy.,Mantenha sua mente afiada com o desafio de blocos de hoje.,Mantenha sua mente afiada com o desafio de blocos de hoje.,Jaga ketajaman pikiranmu dengan tantangan blok hari ini.,Jaga ketajaman pikiranmu dengan tantangan blok hari ini.,Держи свой ум острым с сегодняшним испытанием блоками.,Держи свой ум острым с сегодняшним испытанием блоками.,Garde ton esprit vif avec le défi de blocs d'aujourd'hui.,Garde ton esprit vif avec le défi de blocs d'aujourd'hui.,รักษาสมองของคุณให้แหลมคมด้วยความท้าทายบล็อกวันนี้,รักษาสมองของคุณให้แหลมคมด้วยความท้าทายบล็อกวันนี้
20270329,https://d26ml67612e64s.cloudfront.net/block_blast/image/TOURNAMENT_END_MSG.jpg,"{""social"":""A2U_BETA"",""type"":""20270329""}",Time to clear some lines. Jump in and play today.,Time to clear some lines. Jump in and play today.,حان وقت مسح بعض الخطوط. اقفز والعب اليوم.,حان وقت مسح بعض الخطوط. اقفز والعب اليوم.,Hora de borrar algunas líneas. Salta y juega hoy.,Hora de borrar algunas líneas. Salta y juega hoy.,Hora de limpar algumas linhas. Pule e jogue hoje.,Hora de limpar algumas linhas. Pule e jogue hoje.,Waktunya hapus beberapa garis. Lompat dan main hari ini.,Waktunya hapus beberapa garis. Lompat dan main hari ini.,Время очистить несколько линий. Заходи и играй сегодня.,Время очистить несколько линий. Заходи и играй сегодня.,Il est temps d'effacer quelques lignes. Saute et joue aujourd'hui.,Il est temps d'effacer quelques lignes. Saute et joue aujourd'hui.,ถึงเวลาล้างบางเส้นแล้ว กระโดดเข้ามาเล่นวันนี้,ถึงเวลาล้างบางเส้นแล้ว กระโดดเข้ามาเล่นวันนี้
20270330,https://d26ml67612e64s.cloudfront.net/block_blast/image/TOURNAMENT_END_MSG.jpg,"{""social"":""A2U_BETA"",""type"":""20270330""}",Your puzzle board is waiting. Come match those blocks.,Your puzzle board is waiting. Come match those blocks.,لوحة الألغاز الخاصة بك تنتظر. تعال وطابق تلك القطع.,لوحة الألغاز الخاصة بك تنتظر. تعال وطابق تلك القطع.,Tu tablero de rompecabezas está esperando. Ven a combinar esos bloques.,Tu tablero de rompecabezas está esperando. Ven a combinar esos bloques.,Seu tabuleiro de quebra-cabeça está esperando. Venha combinar esses blocos.,Seu tabuleiro de quebra-cabeça está esperando. Venha combinar esses blocos.,Papan puzzlemu menunggu. Ayo padukan blok-blok itu.,Papan puzzlemu menunggu. Ayo padukan blok-blok itu.,Твоя головоломка ждёт. Приходи и сопоставляй эти блоки.,Твоя головоломка ждёт. Приходи и сопоставляй эти блоки.,Ton tableau de puzzle t'attend. Viens assortir ces blocs.,Ton tableau de puzzle t'attend. Viens assortir ces blocs.,กระดานปริศนาของคุณกำลังรอ มาจับคู่บล็อกเหล่านั้นกันเถอะ,กระดานปริศนาของคุณกำลังรอ มาจับคู่บล็อกเหล่านั้นกันเถอะ
20270331,https://d26ml67612e64s.cloudfront.net/block_blast/image/TOURNAMENT_END_MSG.jpg,"{""social"":""A2U_BETA"",""type"":""20270331""}",Ready for today's block challenge? Let's play.,Ready for today's block challenge? Let's play.,مستعد لتحدي القطع اليوم؟ هيا نلعب.,مستعد لتحدي القطع اليوم؟ هيا نلعب.,¿Listo para el desafío de bloques de hoy? Juguemos.,¿Listo para el desafío de bloques de hoy? Juguemos.,Pronto para o desafio de blocos de hoje? Vamos jogar.,Pronto para o desafio de blocos de hoje? Vamos jogar.,Siap untuk tantangan blok hari ini? Ayo main.,Siap untuk tantangan blok hari ini? Ayo main.,Готов к сегодняшнему испытанию блоками? Давай играть.,Готов к сегодняшнему испытанию блоками? Давай играть.,Prêt pour le défi de blocs d'aujourd'hui? Jouons.,Prêt pour le défi de blocs d'aujourd'hui? Jouons.,พร้อมสำหรับความท้าทายบล็อกวันนี้แล้วหรือยัง? มาเล่นกันเถอะ,พร้อมสำหรับความท้าทายบล็อกวันนี้แล้วหรือยัง? มาเล่นกันเถอะ
20270401,https://d26ml67612e64s.cloudfront.net/block_blast/image/TOURNAMENT_END_MSG.jpg,"{""social"":""A2U_BETA"",""type"":""20270401""}","Clear lines, score big. Start your daily puzzle now.","Clear lines, score big. Start your daily puzzle now.",امسح الخطوط، احرز نقاطاً كبيرة. ابدأ لغزك اليومي الآن.,امسح الخطوط، احرز نقاطاً كبيرة. ابدأ لغزك اليومي الآن.,"Borra líneas, anota en grande. Comienza tu puzzle diario ahora.","Borra líneas, anota en grande. Comienza tu puzzle diario ahora.","Limpe linhas, pontue alto. Comece seu puzzle diário agora.","Limpe linhas, pontue alto. Comece seu puzzle diário agora.","Hapus garis, skor besar. Mulai puzzle harianmu sekarang.","Hapus garis, skor besar. Mulai puzzle harianmu sekarang.","Очищай линии, зарабатывай много. Начни свою ежедневную головоломку сейчас.","Очищай линии, зарабатывай много. Начни свою ежедневную головоломку сейчас.","Efface des lignes, marque gros. Commence ton puzzle quotidien maintenant.","Efface des lignes, marque gros. Commence ton puzzle quotidien maintenant.",ล้างเส้น ทำคะแนนสูง เริ่มปริศนาประจำวันของคุณเดี๋ยวนี้,ล้างเส้น ทำคะแนนสูง เริ่มปริศนาประจำวันของคุณเดี๋ยวนี้
20270402,https://d26ml67612e64s.cloudfront.net/block_blast/image/TOURNAMENT_END_MSG.jpg,"{""social"":""A2U_BETA"",""type"":""20270402""}","New blocks, new challenges. Play Puzzle Block Master today.","New blocks, new challenges. Play Puzzle Block Master today.",قطع جديدة، تحديات جديدة. العب ماستر بلوك بازل اليوم.,قطع جديدة، تحديات جديدة. العب ماستر بلوك بازل اليوم.,"Nuevos bloques, nuevos desafíos. Juega Puzzle Block Master hoy.","Nuevos bloques, nuevos desafíos. Juega Puzzle Block Master hoy.","Novos blocos, novos desafios. Jogue Puzzle Block Master hoje.","Novos blocos, novos desafios. Jogue Puzzle Block Master hoje.","Blok baru, tantangan baru. Main Puzzle Block Master hari ini.","Blok baru, tantangan baru. Main Puzzle Block Master hari ini.","Новые блоки, новые испытания. Играй в Puzzle Block Master сегодня.","Новые блоки, новые испытания. Играй в Puzzle Block Master сегодня.","Nouveaux blocs, nouveaux défis. Joue à Puzzle Block Master aujourd'hui.","Nouveaux blocs, nouveaux défis. Joue à Puzzle Block Master aujourd'hui.",บล็อกใหม่ ความท้าทายใหม่ เล่น Puzzle Block Master วันนี้,บล็อกใหม่ ความท้าทายใหม่ เล่น Puzzle Block Master วันนี้
20270404,https://d26ml67612e64s.cloudfront.net/block_blast/image/TOURNAMENT_END_MSG.jpg,"{""social"":""A2U_BETA"",""type"":""20270404""}",Your brain needs a puzzle break. Come play now.,Your brain needs a puzzle break. Come play now.,عقلك يحتاج لاستراحة ألغاز. تعال والعب الآن.,عقلك يحتاج لاستراحة ألغاز. تعال والعب الآن.,Tu cerebro necesita un descanso de puzzles. Ven a jugar ahora.,Tu cerebro necesita un descanso de puzzles. Ven a jugar ahora.,Seu cérebro precisa de uma pausa para puzzles. Venha jogar agora.,Seu cérebro precisa de uma pausa para puzzles. Venha jogar agora.,Otakmu butuh istirahat puzzle. Ayo main sekarang.,Otakmu butuh istirahat puzzle. Ayo main sekarang.,Твоему мозгу нужна головоломка. Заходи играть сейчас.,Твоему мозгу нужна головоломка. Заходи играть сейчас.,Ton cerveau a besoin d'une pause puzzle. Viens jouer maintenant.,Ton cerveau a besoin d'une pause puzzle. Viens jouer maintenant.,สมองของคุณต้องการพักปริศนา มาเล่นเดี๋ยวนี้,สมองของคุณต้องการพักปริศนา มาเล่นเดี๋ยวนี้
20270405,https://d26ml67612e64s.cloudfront.net/block_blast/image/TOURNAMENT_END_MSG.jpg,"{""social"":""A2U_BETA"",""type"":""20270405""}","Stack, match, and clear. Today's puzzle awaits.","Stack, match, and clear. Today's puzzle awaits.",كدّس، طابق، وامسح. لغزك اليوم بانتظارك.,كدّس، طابق، وامسح. لغزك اليوم بانتظارك.,"Apila, combina y borra. Tu puzzle de hoy te espera.","Apila, combina y borra. Tu puzzle de hoy te espera.","Empilhe, combine e limpe. Seu puzzle de hoje aguarda.","Empilhe, combine e limpe. Seu puzzle de hoje aguarda.","Tumpuk, padukan, dan hapus. Puzzle hari ini menanti.","Tumpuk, padukan, dan hapus. Puzzle hari ini menanti.","Складывай, сопоставляй и очищай. Твоя головоломка на сегодня ждёт.","Складывай, сопоставляй и очищай. Твоя головоломка на сегодня ждёт.","Empile, assortis et efface. Ton puzzle d'aujourd'hui t'attend.","Empile, assortis et efface. Ton puzzle d'aujourd'hui t'attend.",เรียง จับคู่ และล้าง ปริศนาวันนี้รออยู่,เรียง จับคู่ และล้าง ปริศนาวันนี้รออยู่
20270406,https://d26ml67612e64s.cloudfront.net/block_blast/image/TOURNAMENT_END_MSG.jpg,"{""social"":""A2U_BETA"",""type"":""20270406""}",How many lines can you clear today? Find out now.,How many lines can you clear today? Find out now.,كم خطاً يمكنك مسحه اليوم؟ اكتشف الآن.,كم خطاً يمكنك مسحه اليوم؟ اكتشف الآن.,¿Cuántas líneas puedes borrar hoy? Descúbrelo ahora.,¿Cuántas líneas puedes borrar hoy? Descúbrelo ahora.,Quantas linhas você pode limpar hoje? Descubra agora.,Quantas linhas você pode limpar hoje? Descubra agora.,Berapa banyak garis yang bisa kamu hapus hari ini? Cari tahu sekarang.,Berapa banyak garis yang bisa kamu hapus hari ini? Cari tahu sekarang.,Сколько линий ты можешь очистить сегодня? Узнай сейчас.,Сколько линий ты можешь очистить сегодня? Узнай сейчас.,Combien de lignes peux-tu effacer aujourd'hui? Découvre-le maintenant.,Combien de lignes peux-tu effacer aujourd'hui? Découvre-le maintenant.,วันนี้คุณจะล้างได้กี่เส้น? มาดูกันเดี๋ยวนี้,วันนี้คุณจะล้างได้กี่เส้น? มาดูกันเดี๋ยวนี้
20270407,https://d26ml67612e64s.cloudfront.net/block_blast/image/TOURNAMENT_END_MSG.jpg,"{""social"":""A2U_BETA"",""type"":""20270407""}",Daily block fun is calling. Come play your favorite puzzle.,Daily block fun is calling. Come play your favorite puzzle.,متعة القطع اليومية تناديك. تعال والعب لغزك المفضل.,متعة القطع اليومية تناديك. تعال والعب لغزك المفضل.,La diversión diaria de bloques te llama. Ven a jugar tu puzzle favorito.,La diversión diaria de bloques te llama. Ven a jugar tu puzzle favorito.,A diversão diária de blocos está chamando. Venha jogar seu puzzle favorito.,A diversão diária de blocos está chamando. Venha jogar seu puzzle favorito.,Keseruan blok harian memanggilmu. Ayo main puzzle favoritmu.,Keseruan blok harian memanggilmu. Ayo main puzzle favoritmu.,Ежедневное веселье с блоками зовёт. Заходи играть в свою любимую головоломку.,Ежедневное веселье с блоками зовёт. Заходи играть в свою любимую головоломку.,Le plaisir quotidien des blocs t'appelle. Viens jouer à ton puzzle préféré.,Le plaisir quotidien des blocs t'appelle. Viens jouer à ton puzzle préféré.,ความสนุกบล็อกประจำวันกำลังเรียกหา มาเล่นปริศนาโปรดของคุณ,ความสนุกบล็อกประจำวันกำลังเรียกหา มาเล่นปริศนาโปรดของคุณ
20270408,https://d26ml67612e64s.cloudfront.net/block_blast/image/TOURNAMENT_END_MSG.jpg,"{""social"":""A2U_BETA"",""type"":""20270408""}",Master the board today. Your blocks are ready.,Master the board today. Your blocks are ready.,أتقن اللوحة اليوم. قطعك جاهزة.,أتقن اللوحة اليوم. قطعك جاهزة.,Domina el tablero hoy. Tus bloques están listos.,Domina el tablero hoy. Tus bloques están listos.,Domine o tabuleiro hoje. Seus blocos estão prontos.,Domine o tabuleiro hoje. Seus blocos estão prontos.,Kuasai papan hari ini. Blokmu sudah siap.,Kuasai papan hari ini. Blokmu sudah siap.,Освой доску сегодня. Твои блоки готовы.,Освой доску сегодня. Твои блоки готовы.,Maîtrise le tableau aujourd'hui. Tes blocs sont prêts.,Maîtrise le tableau aujourd'hui. Tes blocs sont prêts.,มาเชี่ยวชาญกระดานวันนี้ บล็อกของคุณพร้อมแล้ว,มาเชี่ยวชาญกระดานวันนี้ บล็อกของคุณพร้อมแล้ว
20270409,https://d26ml67612e64s.cloudfront.net/block_blast/image/TOURNAMENT_END_MSG.jpg,"{""social"":""A2U_BETA"",""type"":""20270409""}",Take a puzzle break and clear the board today.,Take a puzzle break and clear the board today.,خذ استراحة ألغاز وامسح اللوحة اليوم.,خذ استراحة ألغاز وامسح اللوحة اليوم.,Toma un descanso de puzzles y despeja el tablero hoy.,Toma un descanso de puzzles y despeja el tablero hoy.,Faça uma pausa para puzzles e limpe o tabuleiro hoje.,Faça uma pausa para puzzles e limpe o tabuleiro hoje.,Istirahat puzzle dan bersihkan papan hari ini.,Istirahat puzzle dan bersihkan papan hari ini.,Сделай перерыв на головоломку и очисти доску сегодня.,Сделай перерыв на головоломку и очисти доску сегодня.,Prends une pause puzzle et vide le tableau aujourd'hui.,Prends une pause puzzle et vide le tableau aujourd'hui.,พักปริศนาและล้างกระดานวันนี้,พักปริศนาและล้างกระดานวันนี้
20270411,https://d26ml67612e64s.cloudfront.net/block_blast/image/TOURNAMENT_END_MSG.jpg,"{""social"":""A2U_BETA"",""type"":""20270411""}",Your next high score is waiting. Come play now.,Your next high score is waiting. Come play now.,أعلى نتيجة تاليه لك تنتظرك. تعال والعب الآن.,أعلى نتيجة تاليه لك تنتظرك. تعال والعب الآن.,Tu próxima puntuación alta está esperando. Ven a jugar ahora.,Tu próxima puntuación alta está esperando. Ven a jugar ahora.,Sua próxima pontuação alta está esperando. Venha jogar agora.,Sua próxima pontuação alta está esperando. Venha jogar agora.,Skor tertinggi berikutnya menunggumu. Ayo main sekarang.,Skor tertinggi berikutnya menunggumu. Ayo main sekarang.,Твой следующий рекорд ждёт. Заходи играть сейчас.,Твой следующий рекорд ждёт. Заходи играть сейчас.,Ton prochain score élevé t'attend. Viens jouer maintenant.,Ton prochain score élevé t'attend. Viens jouer maintenant.,คะแนนสูงถัดไปของคุณกำลังรอ มาเล่นเดี๋ยวนี้,คะแนนสูงถัดไปของคุณกำลังรอ มาเล่นเดี๋ยวนี้
20270412,https://d26ml67612e64s.cloudfront.net/block_blast/image/TOURNAMENT_END_MSG.jpg,"{""social"":""A2U_BETA"",""type"":""20270412""}",Relax with some block-matching fun today.,Relax with some block-matching fun today.,استرخ مع بعض متعة مطابقة القطع اليوم.,استرخ مع بعض متعة مطابقة القطع اليوم.,Relájate con algo de diversión combinando bloques hoy.,Relájate con algo de diversión combinando bloques hoy.,Relaxe com alguma diversão combinando blocos hoje.,Relaxe com alguma diversão combinando blocos hoje.,Santai dengan keseruan mencocokkan blok hari ini.,Santai dengan keseruan mencocokkan blok hari ini.,Расслабься с весёлым сопоставлением блоков сегодня.,Расслабься с весёлым сопоставлением блоков сегодня.,Détends-toi avec du plaisir d'assortiment de blocs aujourd'hui.,Détends-toi avec du plaisir d'assortiment de blocs aujourd'hui.,ผ่อนคลายกับความสนุกในการจับคู่บล็อกวันนี้,ผ่อนคลายกับความสนุกในการจับคู่บล็อกวันนี้
20270413,https://d26ml67612e64s.cloudfront.net/block_blast/image/TOURNAMENT_END_MSG.jpg,"{""social"":""A2U_BETA"",""type"":""20270413""}",Challenge yourself with fresh puzzles right now.,Challenge yourself with fresh puzzles right now.,تحدى نفسك بألغاز جديدة الآن.,تحدى نفسك بألغاز جديدة الآن.,Desafíate con puzzles frescos ahora mismo.,Desafíate con puzzles frescos ahora mismo.,Desafie-se com puzzles frescos agora mesmo.,Desafie-se com puzzles frescos agora mesmo.,Tantang dirimu dengan puzzle segar sekarang juga.,Tantang dirimu dengan puzzle segar sekarang juga.,Брось себе вызов со свежими головоломками прямо сейчас.,Брось себе вызов со свежими головоломками прямо сейчас.,Défie-toi avec des puzzles frais dès maintenant.,Défie-toi avec des puzzles frais dès maintenant.,ท้าทายตัวเองด้วยปริศนาใหม่ตอนนี้เลย,ท้าทายตัวเองด้วยปริศนาใหม่ตอนนี้เลย
20270414,https://d26ml67612e64s.cloudfront.net/block_blast/image/TOURNAMENT_END_MSG.jpg,"{""social"":""A2U_BETA"",""type"":""20270414""}",Fill those lines and feel the satisfaction. Play today.,Fill those lines and feel the satisfaction. Play today.,املأ تلك الخطوط واشعر بالرضا. العب اليوم.,املأ تلك الخطوط واشعر بالرضا. العب اليوم.,Llena esas líneas y siente la satisfacción. Juega hoy.,Llena esas líneas y siente la satisfacción. Juega hoy.,Preencha essas linhas e sinta a satisfação. Jogue hoje.,Preencha essas linhas e sinta a satisfação. Jogue hoje.,Isi garis-garis itu dan rasakan kepuasannya. Main hari ini.,Isi garis-garis itu dan rasakan kepuasannya. Main hari ini.,Заполни эти линии и почувствуй удовлетворение. Играй сегодня.,Заполни эти линии и почувствуй удовлетворение. Играй сегодня.,Remplis ces lignes et ressens la satisfaction. Joue aujourd'hui.,Remplis ces lignes et ressens la satisfaction. Joue aujourd'hui.,เติมเส้นเหล่านั้นและรู้สึกถึงความพึงพอใจ เล่นวันนี้,เติมเส้นเหล่านั้นและรู้สึกถึงความพึงพอใจ เล่นวันนี้
20270415,https://d26ml67612e64s.cloudfront.net/block_blast/image/TOURNAMENT_END_MSG.jpg,"{""social"":""A2U_BETA"",""type"":""20270415""}",Perfect time for a quick puzzle session.,Perfect time for a quick puzzle session.,الوقت المثالي لجلسة ألغاز سريعة.,الوقت المثالي لجلسة ألغاز سريعة.,Momento perfecto para una sesión rápida de puzzles.,Momento perfecto para una sesión rápida de puzzles.,Momento perfeito para uma sessão rápida de puzzles.,Momento perfeito para uma sessão rápida de puzzles.,Waktu sempurna untuk sesi puzzle cepat.,Waktu sempurna untuk sesi puzzle cepat.,Идеальное время для быстрой головоломки.,Идеальное время для быстрой головоломки.,Moment parfait pour une session de puzzle rapide.,Moment parfait pour une session de puzzle rapide.,เวลาที่สมบูรณ์แบบสำหรับช่วงปริศนาสั้นๆ,เวลาที่สมบูรณ์แบบสำหรับช่วงปริศนาสั้นๆ
20270416,https://d26ml67612e64s.cloudfront.net/block_blast/image/TOURNAMENT_END_MSG.jpg,"{""social"":""A2U_BETA"",""type"":""20270416""}",Your blocks won't arrange themselves. Jump in now.,Your blocks won't arrange themselves. Jump in now.,قطعك لن ترتب نفسها. اقفز للداخل الآن.,قطعك لن ترتب نفسها. اقفز للداخل الآن.,Tus bloques no se organizarán solos. Salta ahora.,Tus bloques no se organizarán solos. Salta ahora.,Seus blocos não vão se organizar sozinhos. Pule agora.,Seus blocos não vão se organizar sozinhos. Pule agora.,Blokmu tidak akan mengatur dirinya sendiri. Lompat sekarang.,Blokmu tidak akan mengatur dirinya sendiri. Lompat sekarang.,Твои блоки не расставятся сами. Заходи сейчас.,Твои блоки не расставятся сами. Заходи сейчас.,Tes blocs ne s'arrangeront pas tout seuls. Saute maintenant.,Tes blocs ne s'arrangeront pas tout seuls. Saute maintenant.,บล็อกของคุณจะไม่จัดเรียงตัวเอง กระโดดเข้ามาเดี๋ยวนี้,บล็อกของคุณจะไม่จัดเรียงตัวเอง กระโดดเข้ามาเดี๋ยวนี้
20270418,https://d26ml67612e64s.cloudfront.net/block_blast/image/TOURNAMENT_END_MSG.jpg,"{""social"":""A2U_BETA"",""type"":""20270418""}",Beat your best score today. Start playing now.,Beat your best score today. Start playing now.,اهزم أفضل نتيجة لك اليوم. ابدأ اللعب الآن.,اهزم أفضل نتيجة لك اليوم. ابدأ اللعب الآن.,Supera tu mejor puntuación hoy. Empieza a jugar ahora.,Supera tu mejor puntuación hoy. Empieza a jugar ahora.,Bata sua melhor pontuação hoje. Comece a jogar agora.,Bata sua melhor pontuação hoje. Comece a jogar agora.,Kalahkan skor terbaikmu hari ini. Mulai main sekarang.,Kalahkan skor terbaikmu hari ini. Mulai main sekarang.,Побей свой лучший результат сегодня. Начни играть сейчас.,Побей свой лучший результат сегодня. Начни играть сейчас.,Bats ton meilleur score aujourd'hui. Commence à jouer maintenant.,Bats ton meilleur score aujourd'hui. Commence à jouer maintenant.,เอาชนะคะแนนที่ดีที่สุดของคุณวันนี้ เริ่มเล่นเดี๋ยวนี้,เอาชนะคะแนนที่ดีที่สุดของคุณวันนี้ เริ่มเล่นเดี๋ยวนี้
20270419,https://d26ml67612e64s.cloudfront.net/block_blast/image/TOURNAMENT_END_MSG.jpg,"{""social"":""A2U_BETA"",""type"":""20270419""}",A few minutes of puzzle fun awaits you.,A few minutes of puzzle fun awaits you.,بضع دقائق من متعة الألغاز تنتظرك.,بضع دقائق من متعة الألغاز تنتظرك.,Unos minutos de diversión con puzzles te esperan.,Unos minutos de diversión con puzzles te esperan.,Alguns minutos de diversão com puzzles aguardam você.,Alguns minutos de diversão com puzzles aguardam você.,Beberapa menit keseruan puzzle menantimu.,Beberapa menit keseruan puzzle menantimu.,Несколько минут головоломки ждут тебя.,Несколько минут головоломки ждут тебя.,Quelques minutes de plaisir puzzle t'attendent.,Quelques minutes de plaisir puzzle t'attendent.,ความสนุกปริศนาไม่กี่นาทีรอคุณอยู่,ความสนุกปริศนาไม่กี่นาทีรอคุณอยู่
20270420,https://d26ml67612e64s.cloudfront.net/block_blast/image/TOURNAMENT_END_MSG.jpg,"{""social"":""A2U_BETA"",""type"":""20270420""}",Keep your mind sharp with today's block challenge.,Keep your mind sharp with today's block challenge.,حافظ على حدة ذهنك مع تحدي القطع اليوم.,حافظ على حدة ذهنك مع تحدي القطع اليوم.,Mantén tu mente aguda con el desafío de bloques de hoy.,Mantén tu mente aguda con el desafío de bloques de hoy.,Mantenha sua mente afiada com o desafio de blocos de hoje.,Mantenha sua mente afiada com o desafio de blocos de hoje.,Jaga ketajaman pikiranmu dengan tantangan blok hari ini.,Jaga ketajaman pikiranmu dengan tantangan blok hari ini.,Держи свой ум острым с сегодняшним испытанием блоками.,Держи свой ум острым с сегодняшним испытанием блоками.,Garde ton esprit vif avec le défi de blocs d'aujourd'hui.,Garde ton esprit vif avec le défi de blocs d'aujourd'hui.,รักษาสมองของคุณให้แหลมคมด้วยความท้าทายบล็อกวันนี้,รักษาสมองของคุณให้แหลมคมด้วยความท้าทายบล็อกวันนี้
20270421,https://d26ml67612e64s.cloudfront.net/block_blast/image/TOURNAMENT_END_MSG.jpg,"{""social"":""A2U_BETA"",""type"":""20270421""}",Time to clear some lines. Jump in and play today.,Time to clear some lines. Jump in and play today.,حان وقت مسح بعض الخطوط. اقفز والعب اليوم.,حان وقت مسح بعض الخطوط. اقفز والعب اليوم.,Hora de borrar algunas líneas. Salta y juega hoy.,Hora de borrar algunas líneas. Salta y juega hoy.,Hora de limpar algumas linhas. Pule e jogue hoje.,Hora de limpar algumas linhas. Pule e jogue hoje.,Waktunya hapus beberapa garis. Lompat dan main hari ini.,Waktunya hapus beberapa garis. Lompat dan main hari ini.,Время очистить несколько линий. Заходи и играй сегодня.,Время очистить несколько линий. Заходи и играй сегодня.,Il est temps d'effacer quelques lignes. Saute et joue aujourd'hui.,Il est temps d'effacer quelques lignes. Saute et joue aujourd'hui.,ถึงเวลาล้างบางเส้นแล้ว กระโดดเข้ามาเล่นวันนี้,ถึงเวลาล้างบางเส้นแล้ว กระโดดเข้ามาเล่นวันนี้
20270422,https://d26ml67612e64s.cloudfront.net/block_blast/image/TOURNAMENT_END_MSG.jpg,"{""social"":""A2U_BETA"",""type"":""20270422""}",Your puzzle board is waiting. Come match those blocks.,Your puzzle board is waiting. Come match those blocks.,لوحة الألغاز الخاصة بك تنتظر. تعال وطابق تلك القطع.,لوحة الألغاز الخاصة بك تنتظر. تعال وطابق تلك القطع.,Tu tablero de rompecabezas está esperando. Ven a combinar esos bloques.,Tu tablero de rompecabezas está esperando. Ven a combinar esos bloques.,Seu tabuleiro de quebra-cabeça está esperando. Venha combinar esses blocos.,Seu tabuleiro de quebra-cabeça está esperando. Venha combinar esses blocos.,Papan puzzlemu menunggu. Ayo padukan blok-blok itu.,Papan puzzlemu menunggu. Ayo padukan blok-blok itu.,Твоя головоломка ждёт. Приходи и сопоставляй эти блоки.,Твоя головоломка ждёт. Приходи и сопоставляй эти блоки.,Ton tableau de puzzle t'attend. Viens assortir ces blocs.,Ton tableau de puzzle t'attend. Viens assortir ces blocs.,กระดานปริศนาของคุณกำลังรอ มาจับคู่บล็อกเหล่านั้นกันเถอะ,กระดานปริศนาของคุณกำลังรอ มาจับคู่บล็อกเหล่านั้นกันเถอะ
20270423,https://d26ml67612e64s.cloudfront.net/block_blast/image/TOURNAMENT_END_MSG.jpg,"{""social"":""A2U_BETA"",""type"":""20270423""}",Ready for today's block challenge? Let's play.,Ready for today's block challenge? Let's play.,مستعد لتحدي القطع اليوم؟ هيا نلعب.,مستعد لتحدي القطع اليوم؟ هيا نلعب.,¿Listo para el desafío de bloques de hoy? Juguemos.,¿Listo para el desafío de bloques de hoy? Juguemos.,Pronto para o desafio de blocos de hoje? Vamos jogar.,Pronto para o desafio de blocos de hoje? Vamos jogar.,Siap untuk tantangan blok hari ini? Ayo main.,Siap untuk tantangan blok hari ini? Ayo main.,Готов к сегодняшнему испытанию блоками? Давай играть.,Готов к сегодняшнему испытанию блоками? Давай играть.,Prêt pour le défi de blocs d'aujourd'hui? Jouons.,Prêt pour le défi de blocs d'aujourd'hui? Jouons.,พร้อมสำหรับความท้าทายบล็อกวันนี้แล้วหรือยัง? มาเล่นกันเถอะ,พร้อมสำหรับความท้าทายบล็อกวันนี้แล้วหรือยัง? มาเล่นกันเถอะ
20270425,https://d26ml67612e64s.cloudfront.net/block_blast/image/TOURNAMENT_END_MSG.jpg,"{""social"":""A2U_BETA"",""type"":""20270425""}","Clear lines, score big. Start your daily puzzle now.","Clear lines, score big. Start your daily puzzle now.",امسح الخطوط، احرز نقاطاً كبيرة. ابدأ لغزك اليومي الآن.,امسح الخطوط، احرز نقاطاً كبيرة. ابدأ لغزك اليومي الآن.,"Borra líneas, anota en grande. Comienza tu puzzle diario ahora.","Borra líneas, anota en grande. Comienza tu puzzle diario ahora.","Limpe linhas, pontue alto. Comece seu puzzle diário agora.","Limpe linhas, pontue alto. Comece seu puzzle diário agora.","Hapus garis, skor besar. Mulai puzzle harianmu sekarang.","Hapus garis, skor besar. Mulai puzzle harianmu sekarang.","Очищай линии, зарабатывай много. Начни свою ежедневную головоломку сейчас.","Очищай линии, зарабатывай много. Начни свою ежедневную головоломку сейчас.","Efface des lignes, marque gros. Commence ton puzzle quotidien maintenant.","Efface des lignes, marque gros. Commence ton puzzle quotidien maintenant.",ล้างเส้น ทำคะแนนสูง เริ่มปริศนาประจำวันของคุณเดี๋ยวนี้,ล้างเส้น ทำคะแนนสูง เริ่มปริศนาประจำวันของคุณเดี๋ยวนี้
20270426,https://d26ml67612e64s.cloudfront.net/block_blast/image/TOURNAMENT_END_MSG.jpg,"{""social"":""A2U_BETA"",""type"":""20270426""}","New blocks, new challenges. Play Puzzle Block Master today.","New blocks, new challenges. Play Puzzle Block Master today.",قطع جديدة، تحديات جديدة. العب ماستر بلوك بازل اليوم.,قطع جديدة، تحديات جديدة. العب ماستر بلوك بازل اليوم.,"Nuevos bloques, nuevos desafíos. Juega Puzzle Block Master hoy.","Nuevos bloques, nuevos desafíos. Juega Puzzle Block Master hoy.","Novos blocos, novos desafios. Jogue Puzzle Block Master hoje.","Novos blocos, novos desafios. Jogue Puzzle Block Master hoje.","Blok baru, tantangan baru. Main Puzzle Block Master hari ini.","Blok baru, tantangan baru. Main Puzzle Block Master hari ini.","Новые блоки, новые испытания. Играй в Puzzle Block Master сегодня.","Новые блоки, новые испытания. Играй в Puzzle Block Master сегодня.","Nouveaux blocs, nouveaux défis. Joue à Puzzle Block Master aujourd'hui.","Nouveaux blocs, nouveaux défis. Joue à Puzzle Block Master aujourd'hui.",บล็อกใหม่ ความท้าทายใหม่ เล่น Puzzle Block Master วันนี้,บล็อกใหม่ ความท้าทายใหม่ เล่น Puzzle Block Master วันนี้
20270427,https://d26ml67612e64s.cloudfront.net/block_blast/image/TOURNAMENT_END_MSG.jpg,"{""social"":""A2U_BETA"",""type"":""20270427""}",Your brain needs a puzzle break. Come play now.,Your brain needs a puzzle break. Come play now.,عقلك يحتاج لاستراحة ألغاز. تعال والعب الآن.,عقلك يحتاج لاستراحة ألغاز. تعال والعب الآن.,Tu cerebro necesita un descanso de puzzles. Ven a jugar ahora.,Tu cerebro necesita un descanso de puzzles. Ven a jugar ahora.,Seu cérebro precisa de uma pausa para puzzles. Venha jogar agora.,Seu cérebro precisa de uma pausa para puzzles. Venha jogar agora.,Otakmu butuh istirahat puzzle. Ayo main sekarang.,Otakmu butuh istirahat puzzle. Ayo main sekarang.,Твоему мозгу нужна головоломка. Заходи играть сейчас.,Твоему мозгу нужна головоломка. Заходи играть сейчас.,Ton cerveau a besoin d'une pause puzzle. Viens jouer maintenant.,Ton cerveau a besoin d'une pause puzzle. Viens jouer maintenant.,สมองของคุณต้องการพักปริศนา มาเล่นเดี๋ยวนี้,สมองของคุณต้องการพักปริศนา มาเล่นเดี๋ยวนี้
20270428,https://d26ml67612e64s.cloudfront.net/block_blast/image/TOURNAMENT_END_MSG.jpg,"{""social"":""A2U_BETA"",""type"":""20270428""}","Stack, match, and clear. Today's puzzle awaits.","Stack, match, and clear. Today's puzzle awaits.",كدّس، طابق، وامسح. لغزك اليوم بانتظارك.,كدّس، طابق، وامسح. لغزك اليوم بانتظارك.,"Apila, combina y borra. Tu puzzle de hoy te espera.","Apila, combina y borra. Tu puzzle de hoy te espera.","Empilhe, combine e limpe. Seu puzzle de hoje aguarda.","Empilhe, combine e limpe. Seu puzzle de hoje aguarda.","Tumpuk, padukan, dan hapus. Puzzle hari ini menanti.","Tumpuk, padukan, dan hapus. Puzzle hari ini menanti.","Складывай, сопоставляй и очищай. Твоя головоломка на сегодня ждёт.","Складывай, сопоставляй и очищай. Твоя головоломка на сегодня ждёт.","Empile, assortis et efface. Ton puzzle d'aujourd'hui t'attend.","Empile, assortis et efface. Ton puzzle d'aujourd'hui t'attend.",เรียง จับคู่ และล้าง ปริศนาวันนี้รออยู่,เรียง จับคู่ และล้าง ปริศนาวันนี้รออยู่
20270429,https://d26ml67612e64s.cloudfront.net/block_blast/image/TOURNAMENT_END_MSG.jpg,"{""social"":""A2U_BETA"",""type"":""20270429""}",How many lines can you clear today? Find out now.,How many lines can you clear today? Find out now.,كم خطاً يمكنك مسحه اليوم؟ اكتشف الآن.,كم خطاً يمكنك مسحه اليوم؟ اكتشف الآن.,¿Cuántas líneas puedes borrar hoy? Descúbrelo ahora.,¿Cuántas líneas puedes borrar hoy? Descúbrelo ahora.,Quantas linhas você pode limpar hoje? Descubra agora.,Quantas linhas você pode limpar hoje? Descubra agora.,Berapa banyak garis yang bisa kamu hapus hari ini? Cari tahu sekarang.,Berapa banyak garis yang bisa kamu hapus hari ini? Cari tahu sekarang.,Сколько линий ты можешь очистить сегодня? Узнай сейчас.,Сколько линий ты можешь очистить сегодня? Узнай сейчас.,Combien de lignes peux-tu effacer aujourd'hui? Découvre-le maintenant.,Combien de lignes peux-tu effacer aujourd'hui? Découvre-le maintenant.,วันนี้คุณจะล้างได้กี่เส้น? มาดูกันเดี๋ยวนี้,วันนี้คุณจะล้างได้กี่เส้น? มาดูกันเดี๋ยวนี้
20270430,https://d26ml67612e64s.cloudfront.net/block_blast/image/TOURNAMENT_END_MSG.jpg,"{""social"":""A2U_BETA"",""type"":""20270430""}",Daily block fun is calling. Come play your favorite puzzle.,Daily block fun is calling. Come play your favorite puzzle.,متعة القطع اليومية تناديك. تعال والعب لغزك المفضل.,متعة القطع اليومية تناديك. تعال والعب لغزك المفضل.,La diversión diaria de bloques te llama. Ven a jugar tu puzzle favorito.,La diversión diaria de bloques te llama. Ven a jugar tu puzzle favorito.,A diversão diária de blocos está chamando. Venha jogar seu puzzle favorito.,A diversão diária de blocos está chamando. Venha jogar seu puzzle favorito.,Keseruan blok harian memanggilmu. Ayo main puzzle favoritmu.,Keseruan blok harian memanggilmu. Ayo main puzzle favoritmu.,Ежедневное веселье с блоками зовёт. Заходи играть в свою любимую головоломку.,Ежедневное веселье с блоками зовёт. Заходи играть в свою любимую головоломку.,Le plaisir quotidien des blocs t'appelle. Viens jouer à ton puzzle préféré.,Le plaisir quotidien des blocs t'appelle. Viens jouer à ton puzzle préféré.,ความสนุกบล็อกประจำวันกำลังเรียกหา มาเล่นปริศนาโปรดของคุณ,ความสนุกบล็อกประจำวันกำลังเรียกหา มาเล่นปริศนาโปรดของคุณ
20270502,https://d26ml67612e64s.cloudfront.net/block_blast/image/TOURNAMENT_END_MSG.jpg,"{""social"":""A2U_BETA"",""type"":""20270502""}",Master the board today. Your blocks are ready.,Master the board today. Your blocks are ready.,أتقن اللوحة اليوم. قطعك جاهزة.,أتقن اللوحة اليوم. قطعك جاهزة.,Domina el tablero hoy. Tus bloques están listos.,Domina el tablero hoy. Tus bloques están listos.,Domine o tabuleiro hoje. Seus blocos estão prontos.,Domine o tabuleiro hoje. Seus blocos estão prontos.,Kuasai papan hari ini. Blokmu sudah siap.,Kuasai papan hari ini. Blokmu sudah siap.,Освой доску сегодня. Твои блоки готовы.,Освой доску сегодня. Твои блоки готовы.,Maîtrise le tableau aujourd'hui. Tes blocs sont prêts.,Maîtrise le tableau aujourd'hui. Tes blocs sont prêts.,มาเชี่ยวชาญกระดานวันนี้ บล็อกของคุณพร้อมแล้ว,มาเชี่ยวชาญกระดานวันนี้ บล็อกของคุณพร้อมแล้ว
20270503,https://d26ml67612e64s.cloudfront.net/block_blast/image/TOURNAMENT_END_MSG.jpg,"{""social"":""A2U_BETA"",""type"":""20270503""}",Take a puzzle break and clear the board today.,Take a puzzle break and clear the board today.,خذ استراحة ألغاز وامسح اللوحة اليوم.,خذ استراحة ألغاز وامسح اللوحة اليوم.,Toma un descanso de puzzles y despeja el tablero hoy.,Toma un descanso de puzzles y despeja el tablero hoy.,Faça uma pausa para puzzles e limpe o tabuleiro hoje.,Faça uma pausa para puzzles e limpe o tabuleiro hoje.,Istirahat puzzle dan bersihkan papan hari ini.,Istirahat puzzle dan bersihkan papan hari ini.,Сделай перерыв на головоломку и очисти доску сегодня.,Сделай перерыв на головоломку и очисти доску сегодня.,Prends une pause puzzle et vide le tableau aujourd'hui.,Prends une pause puzzle et vide le tableau aujourd'hui.,พักปริศนาและล้างกระดานวันนี้,พักปริศนาและล้างกระดานวันนี้
20270504,https://d26ml67612e64s.cloudfront.net/block_blast/image/TOURNAMENT_END_MSG.jpg,"{""social"":""A2U_BETA"",""type"":""20270504""}",Your next high score is waiting. Come play now.,Your next high score is waiting. Come play now.,أعلى نتيجة تاليه لك تنتظرك. تعال والعب الآن.,أعلى نتيجة تاليه لك تنتظرك. تعال والعب الآن.,Tu próxima puntuación alta está esperando. Ven a jugar ahora.,Tu próxima puntuación alta está esperando. Ven a jugar ahora.,Sua próxima pontuação alta está esperando. Venha jogar agora.,Sua próxima pontuação alta está esperando. Venha jogar agora.,Skor tertinggi berikutnya menunggumu. Ayo main sekarang.,Skor tertinggi berikutnya menunggumu. Ayo main sekarang.,Твой следующий рекорд ждёт. Заходи играть сейчас.,Твой следующий рекорд ждёт. Заходи играть сейчас.,Ton prochain score élevé t'attend. Viens jouer maintenant.,Ton prochain score élevé t'attend. Viens jouer maintenant.,คะแนนสูงถัดไปของคุณกำลังรอ มาเล่นเดี๋ยวนี้,คะแนนสูงถัดไปของคุณกำลังรอ มาเล่นเดี๋ยวนี้
20270505,https://d26ml67612e64s.cloudfront.net/block_blast/image/TOURNAMENT_END_MSG.jpg,"{""social"":""A2U_BETA"",""type"":""20270505""}",Relax with some block-matching fun today.,Relax with some block-matching fun today.,استرخ مع بعض متعة مطابقة القطع اليوم.,استرخ مع بعض متعة مطابقة القطع اليوم.,Relájate con algo de diversión combinando bloques hoy.,Relájate con algo de diversión combinando bloques hoy.,Relaxe com alguma diversão combinando blocos hoje.,Relaxe com alguma diversão combinando blocos hoje.,Santai dengan keseruan mencocokkan blok hari ini.,Santai dengan keseruan mencocokkan blok hari ini.,Расслабься с весёлым сопоставлением блоков сегодня.,Расслабься с весёлым сопоставлением блоков сегодня.,Détends-toi avec du plaisir d'assortiment de blocs aujourd'hui.,Détends-toi avec du plaisir d'assortiment de blocs aujourd'hui.,ผ่อนคลายกับความสนุกในการจับคู่บล็อกวันนี้,ผ่อนคลายกับความสนุกในการจับคู่บล็อกวันนี้
20270506,https://d26ml67612e64s.cloudfront.net/block_blast/image/TOURNAMENT_END_MSG.jpg,"{""social"":""A2U_BETA"",""type"":""20270506""}",Challenge yourself with fresh puzzles right now.,Challenge yourself with fresh puzzles right now.,تحدى نفسك بألغاز جديدة الآن.,تحدى نفسك بألغاز جديدة الآن.,Desafíate con puzzles frescos ahora mismo.,Desafíate con puzzles frescos ahora mismo.,Desafie-se com puzzles frescos agora mesmo.,Desafie-se com puzzles frescos agora mesmo.,Tantang dirimu dengan puzzle segar sekarang juga.,Tantang dirimu dengan puzzle segar sekarang juga.,Брось себе вызов со свежими головоломками прямо сейчас.,Брось себе вызов со свежими головоломками прямо сейчас.,Défie-toi avec des puzzles frais dès maintenant.,Défie-toi avec des puzzles frais dès maintenant.,ท้าทายตัวเองด้วยปริศนาใหม่ตอนนี้เลย,ท้าทายตัวเองด้วยปริศนาใหม่ตอนนี้เลย
20270507,https://d26ml67612e64s.cloudfront.net/block_blast/image/TOURNAMENT_END_MSG.jpg,"{""social"":""A2U_BETA"",""type"":""20270507""}",Your puzzle board is waiting. Come match those blocks.,Your puzzle board is waiting. Come match those blocks.,لوحة الألغاز الخاصة بك تنتظر. تعال وطابق تلك القطع.,لوحة الألغاز الخاصة بك تنتظر. تعال وطابق تلك القطع.,Tu tablero de rompecabezas está esperando. Ven a combinar esos bloques.,Tu tablero de rompecabezas está esperando. Ven a combinar esos bloques.,Seu tabuleiro de quebra-cabeça está esperando. Venha combinar esses blocos.,Seu tabuleiro de quebra-cabeça está esperando. Venha combinar esses blocos.,Papan puzzlemu menunggu. Ayo padukan blok-blok itu.,Papan puzzlemu menunggu. Ayo padukan blok-blok itu.,Твоя головоломка ждёт. Приходи и сопоставляй эти блоки.,Твоя головоломка ждёт. Приходи и сопоставляй эти блоки.,Ton tableau de puzzle t'attend. Viens assortir ces blocs.,Ton tableau de puzzle t'attend. Viens assortir ces blocs.,กระดานปริศนาของคุณกำลังรอ มาจับคู่บล็อกเหล่านั้นกันเถอะ,กระดานปริศนาของคุณกำลังรอ มาจับคู่บล็อกเหล่านั้นกันเถอะ
20270509,https://d26ml67612e64s.cloudfront.net/block_blast/image/TOURNAMENT_END_MSG.jpg,"{""social"":""A2U_BETA"",""type"":""20270509""}",Ready for today's block challenge? Let's play.,Ready for today's block challenge? Let's play.,مستعد لتحدي القطع اليوم؟ هيا نلعب.,مستعد لتحدي القطع اليوم؟ هيا نلعب.,¿Listo para el desafío de bloques de hoy? Juguemos.,¿Listo para el desafío de bloques de hoy? Juguemos.,Pronto para o desafio de blocos de hoje? Vamos jogar.,Pronto para o desafio de blocos de hoje? Vamos jogar.,Siap untuk tantangan blok hari ini? Ayo main.,Siap untuk tantangan blok hari ini? Ayo main.,Готов к сегодняшнему испытанию блоками? Давай играть.,Готов к сегодняшнему испытанию блоками? Давай играть.,Prêt pour le défi de blocs d'aujourd'hui? Jouons.,Prêt pour le défi de blocs d'aujourd'hui? Jouons.,พร้อมสำหรับความท้าทายบล็อกวันนี้แล้วหรือยัง? มาเล่นกันเถอะ,พร้อมสำหรับความท้าทายบล็อกวันนี้แล้วหรือยัง? มาเล่นกันเถอะ
20270510,https://d26ml67612e64s.cloudfront.net/block_blast/image/TOURNAMENT_END_MSG.jpg,"{""social"":""A2U_BETA"",""type"":""20270510""}","Clear lines, score big. Start your daily puzzle now.","Clear lines, score big. Start your daily puzzle now.",امسح الخطوط، احرز نقاطاً كبيرة. ابدأ لغزك اليومي الآن.,امسح الخطوط، احرز نقاطاً كبيرة. ابدأ لغزك اليومي الآن.,"Borra líneas, anota en grande. Comienza tu puzzle diario ahora.","Borra líneas, anota en grande. Comienza tu puzzle diario ahora.","Limpe linhas, pontue alto. Comece seu puzzle diário agora.","Limpe linhas, pontue alto. Comece seu puzzle diário agora.","Hapus garis, skor besar. Mulai puzzle harianmu sekarang.","Hapus garis, skor besar. Mulai puzzle harianmu sekarang.","Очищай линии, зарабатывай много. Начни свою ежедневную головоломку сейчас.","Очищай линии, зарабатывай много. Начни свою ежедневную головоломку сейчас.","Efface des lignes, marque gros. Commence ton puzzle quotidien maintenant.","Efface des lignes, marque gros. Commence ton puzzle quotidien maintenant.",ล้างเส้น ทำคะแนนสูง เริ่มปริศนาประจำวันของคุณเดี๋ยวนี้,ล้างเส้น ทำคะแนนสูง เริ่มปริศนาประจำวันของคุณเดี๋ยวนี้
20270511,https://d26ml67612e64s.cloudfront.net/block_blast/image/TOURNAMENT_END_MSG.jpg,"{""social"":""A2U_BETA"",""type"":""20270511""}","New blocks, new challenges. Play Puzzle Block Master today.","New blocks, new challenges. Play Puzzle Block Master today.",قطع جديدة، تحديات جديدة. العب ماستر بلوك بازل اليوم.,قطع جديدة، تحديات جديدة. العب ماستر بلوك بازل اليوم.,"Nuevos bloques, nuevos desafíos. Juega Puzzle Block Master hoy.","Nuevos bloques, nuevos desafíos. Juega Puzzle Block Master hoy.","Novos blocos, novos desafios. Jogue Puzzle Block Master hoje.","Novos blocos, novos desafios. Jogue Puzzle Block Master hoje.","Blok baru, tantangan baru. Main Puzzle Block Master hari ini.","Blok baru, tantangan baru. Main Puzzle Block Master hari ini.","Новые блоки, новые испытания. Играй в Puzzle Block Master сегодня.","Новые блоки, новые испытания. Играй в Puzzle Block Master сегодня.","Nouveaux blocs, nouveaux défis. Joue à Puzzle Block Master aujourd'hui.","Nouveaux blocs, nouveaux défis. Joue à Puzzle Block Master aujourd'hui.",บล็อกใหม่ ความท้าทายใหม่ เล่น Puzzle Block Master วันนี้,บล็อกใหม่ ความท้าทายใหม่ เล่น Puzzle Block Master วันนี้
20270512,https://d26ml67612e64s.cloudfront.net/block_blast/image/TOURNAMENT_END_MSG.jpg,"{""social"":""A2U_BETA"",""type"":""20270512""}",Your brain needs a puzzle break. Come play now.,Your brain needs a puzzle break. Come play now.,عقلك يحتاج لاستراحة ألغاز. تعال والعب الآن.,عقلك يحتاج لاستراحة ألغاز. تعال والعب الآن.,Tu cerebro necesita un descanso de puzzles. Ven a jugar ahora.,Tu cerebro necesita un descanso de puzzles. Ven a jugar ahora.,Seu cérebro precisa de uma pausa para puzzles. Venha jogar agora.,Seu cérebro precisa de uma pausa para puzzles. Venha jogar agora.,Otakmu butuh istirahat puzzle. Ayo main sekarang.,Otakmu butuh istirahat puzzle. Ayo main sekarang.,Твоему мозгу нужна головоломка. Заходи играть сейчас.,Твоему мозгу нужна головоломка. Заходи играть сейчас.,Ton cerveau a besoin d'une pause puzzle. Viens jouer maintenant.,Ton cerveau a besoin d'une pause puzzle. Viens jouer maintenant.,สมองของคุณต้องการพักปริศนา มาเล่นเดี๋ยวนี้,สมองของคุณต้องการพักปริศนา มาเล่นเดี๋ยวนี้
20270513,https://d26ml67612e64s.cloudfront.net/block_blast/image/TOURNAMENT_END_MSG.jpg,"{""social"":""A2U_BETA"",""type"":""20270513""}","Stack, match, and clear. Today's puzzle awaits.","Stack, match, and clear. Today's puzzle awaits.",كدّس، طابق، وامسح. لغزك اليوم بانتظارك.,كدّس، طابق، وامسح. لغزك اليوم بانتظارك.,"Apila, combina y borra. Tu puzzle de hoy te espera.","Apila, combina y borra. Tu puzzle de hoy te espera.","Empilhe, combine e limpe. Seu puzzle de hoje aguarda.","Empilhe, combine e limpe. Seu puzzle de hoje aguarda.","Tumpuk, padukan, dan hapus. Puzzle hari ini menanti.","Tumpuk, padukan, dan hapus. Puzzle hari ini menanti.","Складывай, сопоставляй и очищай. Твоя головоломка на сегодня ждёт.","Складывай, сопоставляй и очищай. Твоя головоломка на сегодня ждёт.","Empile, assortis et efface. Ton puzzle d'aujourd'hui t'attend.","Empile, assortis et efface. Ton puzzle d'aujourd'hui t'attend.",เรียง จับคู่ และล้าง ปริศนาวันนี้รออยู่,เรียง จับคู่ และล้าง ปริศนาวันนี้รออยู่
20270514,https://d26ml67612e64s.cloudfront.net/block_blast/image/TOURNAMENT_END_MSG.jpg,"{""social"":""A2U_BETA"",""type"":""20270514""}",How many lines can you clear today? Find out now.,How many lines can you clear today? Find out now.,كم خطاً يمكنك مسحه اليوم؟ اكتشف الآن.,كم خطاً يمكنك مسحه اليوم؟ اكتشف الآن.,¿Cuántas líneas puedes borrar hoy? Descúbrelo ahora.,¿Cuántas líneas puedes borrar hoy? Descúbrelo ahora.,Quantas linhas você pode limpar hoje? Descubra agora.,Quantas linhas você pode limpar hoje? Descubra agora.,Berapa banyak garis yang bisa kamu hapus hari ini? Cari tahu sekarang.,Berapa banyak garis yang bisa kamu hapus hari ini? Cari tahu sekarang.,Сколько линий ты можешь очистить сегодня? Узнай сейчас.,Сколько линий ты можешь очистить сегодня? Узнай сейчас.,Combien de lignes peux-tu effacer aujourd'hui? Découvre-le maintenant.,Combien de lignes peux-tu effacer aujourd'hui? Découvre-le maintenant.,วันนี้คุณจะล้างได้กี่เส้น? มาดูกันเดี๋ยวนี้,วันนี้คุณจะล้างได้กี่เส้น? มาดูกันเดี๋ยวนี้
20270516,https://d26ml67612e64s.cloudfront.net/block_blast/image/TOURNAMENT_END_MSG.jpg,"{""social"":""A2U_BETA"",""type"":""20270516""}",Daily block fun is calling. Come play your favorite puzzle.,Daily block fun is calling. Come play your favorite puzzle.,متعة القطع اليومية تناديك. تعال والعب لغزك المفضل.,متعة القطع اليومية تناديك. تعال والعب لغزك المفضل.,La diversión diaria de bloques te llama. Ven a jugar tu puzzle favorito.,La diversión diaria de bloques te llama. Ven a jugar tu puzzle favorito.,A diversão diária de blocos está chamando. Venha jogar seu puzzle favorito.,A diversão diária de blocos está chamando. Venha jogar seu puzzle favorito.,Keseruan blok harian memanggilmu. Ayo main puzzle favoritmu.,Keseruan blok harian memanggilmu. Ayo main puzzle favoritmu.,Ежедневное веселье с блоками зовёт. Заходи играть в свою любимую головоломку.,Ежедневное веселье с блоками зовёт. Заходи играть в свою любимую головоломку.,Le plaisir quotidien des blocs t'appelle. Viens jouer à ton puzzle préféré.,Le plaisir quotidien des blocs t'appelle. Viens jouer à ton puzzle préféré.,ความสนุกบล็อกประจำวันกำลังเรียกหา มาเล่นปริศนาโปรดของคุณ,ความสนุกบล็อกประจำวันกำลังเรียกหา มาเล่นปริศนาโปรดของคุณ
20270517,https://d26ml67612e64s.cloudfront.net/block_blast/image/TOURNAMENT_END_MSG.jpg,"{""social"":""A2U_BETA"",""type"":""20270517""}",Master the board today. Your blocks are ready.,Master the board today. Your blocks are ready.,أتقن اللوحة اليوم. قطعك جاهزة.,أتقن اللوحة اليوم. قطعك جاهزة.,Domina el tablero hoy. Tus bloques están listos.,Domina el tablero hoy. Tus bloques están listos.,Domine o tabuleiro hoje. Seus blocos estão prontos.,Domine o tabuleiro hoje. Seus blocos estão prontos.,Kuasai papan hari ini. Blokmu sudah siap.,Kuasai papan hari ini. Blokmu sudah siap.,Освой доску сегодня. Твои блоки готовы.,Освой доску сегодня. Твои блоки готовы.,Maîtrise le tableau aujourd'hui. Tes blocs sont prêts.,Maîtrise le tableau aujourd'hui. Tes blocs sont prêts.,มาเชี่ยวชาญกระดานวันนี้ บล็อกของคุณพร้อมแล้ว,มาเชี่ยวชาญกระดานวันนี้ บล็อกของคุณพร้อมแล้ว
20270518,https://d26ml67612e64s.cloudfront.net/block_blast/image/TOURNAMENT_END_MSG.jpg,"{""social"":""A2U_BETA"",""type"":""20270518""}",Take a puzzle break and clear the board today.,Take a puzzle break and clear the board today.,خذ استراحة ألغاز وامسح اللوحة اليوم.,خذ استراحة ألغاز وامسح اللوحة اليوم.,Toma un descanso de puzzles y despeja el tablero hoy.,Toma un descanso de puzzles y despeja el tablero hoy.,Faça uma pausa para puzzles e limpe o tabuleiro hoje.,Faça uma pausa para puzzles e limpe o tabuleiro hoje.,Istirahat puzzle dan bersihkan papan hari ini.,Istirahat puzzle dan bersihkan papan hari ini.,Сделай перерыв на головоломку и очисти доску сегодня.,Сделай перерыв на головоломку и очисти доску сегодня.,Prends une pause puzzle et vide le tableau aujourd'hui.,Prends une pause puzzle et vide le tableau aujourd'hui.,พักปริศนาและล้างกระดานวันนี้,พักปริศนาและล้างกระดานวันนี้
20270519,https://d26ml67612e64s.cloudfront.net/block_blast/image/TOURNAMENT_END_MSG.jpg,"{""social"":""A2U_BETA"",""type"":""20270519""}",Your next high score is waiting. Come play now.,Your next high score is waiting. Come play now.,أعلى نتيجة تاليه لك تنتظرك. تعال والعب الآن.,أعلى نتيجة تاليه لك تنتظرك. تعال والعب الآن.,Tu próxima puntuación alta está esperando. Ven a jugar ahora.,Tu próxima puntuación alta está esperando. Ven a jugar ahora.,Sua próxima pontuação alta está esperando. Venha jogar agora.,Sua próxima pontuação alta está esperando. Venha jogar agora.,Skor tertinggi berikutnya menunggumu. Ayo main sekarang.,Skor tertinggi berikutnya menunggumu. Ayo main sekarang.,Твой следующий рекорд ждёт. Заходи играть сейчас.,Твой следующий рекорд ждёт. Заходи играть сейчас.,Ton prochain score élevé t'attend. Viens jouer maintenant.,Ton prochain score élevé t'attend. Viens jouer maintenant.,คะแนนสูงถัดไปของคุณกำลังรอ มาเล่นเดี๋ยวนี้,คะแนนสูงถัดไปของคุณกำลังรอ มาเล่นเดี๋ยวนี้
20270520,https://d26ml67612e64s.cloudfront.net/block_blast/image/TOURNAMENT_END_MSG.jpg,"{""social"":""A2U_BETA"",""type"":""20270520""}",Relax with some block-matching fun today.,Relax with some block-matching fun today.,استرخ مع بعض متعة مطابقة القطع اليوم.,استرخ مع بعض متعة مطابقة القطع اليوم.,Relájate con algo de diversión combinando bloques hoy.,Relájate con algo de diversión combinando bloques hoy.,Relaxe com alguma diversão combinando blocos hoje.,Relaxe com alguma diversão combinando blocos hoje.,Santai dengan keseruan mencocokkan blok hari ini.,Santai dengan keseruan mencocokkan blok hari ini.,Расслабься с весёлым сопоставлением блоков сегодня.,Расслабься с весёлым сопоставлением блоков сегодня.,Détends-toi avec du plaisir d'assortiment de blocs aujourd'hui.,Détends-toi avec du plaisir d'assortiment de blocs aujourd'hui.,ผ่อนคลายกับความสนุกในการจับคู่บล็อกวันนี้,ผ่อนคลายกับความสนุกในการจับคู่บล็อกวันนี้
20270521,https://d26ml67612e64s.cloudfront.net/block_blast/image/TOURNAMENT_END_MSG.jpg,"{""social"":""A2U_BETA"",""type"":""20270521""}",Challenge yourself with fresh puzzles right now.,Challenge yourself with fresh puzzles right now.,تحدى نفسك بألغاز جديدة الآن.,تحدى نفسك بألغاز جديدة الآن.,Desafíate con puzzles frescos ahora mismo.,Desafíate con puzzles frescos ahora mismo.,Desafie-se com puzzles frescos agora mesmo.,Desafie-se com puzzles frescos agora mesmo.,Tantang dirimu dengan puzzle segar sekarang juga.,Tantang dirimu dengan puzzle segar sekarang juga.,Брось себе вызов со свежими головоломками прямо сейчас.,Брось себе вызов со свежими головоломками прямо сейчас.,Défie-toi avec des puzzles frais dès maintenant.,Défie-toi avec des puzzles frais dès maintenant.,ท้าทายตัวเองด้วยปริศนาใหม่ตอนนี้เลย,ท้าทายตัวเองด้วยปริศนาใหม่ตอนนี้เลย
20270523,https://d26ml67612e64s.cloudfront.net/block_blast/image/TOURNAMENT_END_MSG.jpg,"{""social"":""A2U_BETA"",""type"":""20270523""}",Fill those lines and feel the satisfaction. Play today.,Fill those lines and feel the satisfaction. Play today.,املأ تلك الخطوط واشعر بالرضا. العب اليوم.,املأ تلك الخطوط واشعر بالرضا. العب اليوم.,Llena esas líneas y siente la satisfacción. Juega hoy.,Llena esas líneas y siente la satisfacción. Juega hoy.,Preencha essas linhas e sinta a satisfação. Jogue hoje.,Preencha essas linhas e sinta a satisfação. Jogue hoje.,Isi garis-garis itu dan rasakan kepuasannya. Main hari ini.,Isi garis-garis itu dan rasakan kepuasannya. Main hari ini.,Заполни эти линии и почувствуй удовлетворение. Играй сегодня.,Заполни эти линии и почувствуй удовлетворение. Играй сегодня.,Remplis ces lignes et ressens la satisfaction. Joue aujourd'hui.,Remplis ces lignes et ressens la satisfaction. Joue aujourd'hui.,เติมเส้นเหล่านั้นและรู้สึกถึงความพึงพอใจ เล่นวันนี้,เติมเส้นเหล่านั้นและรู้สึกถึงความพึงพอใจ เล่นวันนี้
20270524,https://d26ml67612e64s.cloudfront.net/block_blast/image/TOURNAMENT_END_MSG.jpg,"{""social"":""A2U_BETA"",""type"":""20270524""}",Perfect time for a quick puzzle session.,Perfect time for a quick puzzle session.,الوقت المثالي لجلسة ألغاز سريعة.,الوقت المثالي لجلسة ألغاز سريعة.,Momento perfecto para una sesión rápida de puzzles.,Momento perfecto para una sesión rápida de puzzles.,Momento perfeito para uma sessão rápida de puzzles.,Momento perfeito para uma sessão rápida de puzzles.,Waktu sempurna untuk sesi puzzle cepat.,Waktu sempurna untuk sesi puzzle cepat.,Идеальное время для быстрой головоломки.,Идеальное время для быстрой головоломки.,Moment parfait pour une session de puzzle rapide.,Moment parfait pour une session de puzzle rapide.,เวลาที่สมบูรณ์แบบสำหรับช่วงปริศนาสั้นๆ,เวลาที่สมบูรณ์แบบสำหรับช่วงปริศนาสั้นๆ
20270525,https://d26ml67612e64s.cloudfront.net/block_blast/image/TOURNAMENT_END_MSG.jpg,"{""social"":""A2U_BETA"",""type"":""20270525""}",Your blocks won't arrange themselves. Jump in now.,Your blocks won't arrange themselves. Jump in now.,قطعك لن ترتب نفسها. اقفز للداخل الآن.,قطعك لن ترتب نفسها. اقفز للداخل الآن.,Tus bloques no se organizarán solos. Salta ahora.,Tus bloques no se organizarán solos. Salta ahora.,Seus blocos não vão se organizar sozinhos. Pule agora.,Seus blocos não vão se organizar sozinhos. Pule agora.,Blokmu tidak akan mengatur dirinya sendiri. Lompat sekarang.,Blokmu tidak akan mengatur dirinya sendiri. Lompat sekarang.,Твои блоки не расставятся сами. Заходи сейчас.,Твои блоки не расставятся сами. Заходи сейчас.,Tes blocs ne s'arrangeront pas tout seuls. Saute maintenant.,Tes blocs ne s'arrangeront pas tout seuls. Saute maintenant.,บล็อกของคุณจะไม่จัดเรียงตัวเอง กระโดดเข้ามาเดี๋ยวนี้,บล็อกของคุณจะไม่จัดเรียงตัวเอง กระโดดเข้ามาเดี๋ยวนี้
20270526,https://d26ml67612e64s.cloudfront.net/block_blast/image/TOURNAMENT_END_MSG.jpg,"{""social"":""A2U_BETA"",""type"":""20270526""}",Beat your best score today. Start playing now.,Beat your best score today. Start playing now.,اهزم أفضل نتيجة لك اليوم. ابدأ اللعب الآن.,اهزم أفضل نتيجة لك اليوم. ابدأ اللعب الآن.,Supera tu mejor puntuación hoy. Empieza a jugar ahora.,Supera tu mejor puntuación hoy. Empieza a jugar ahora.,Bata sua melhor pontuação hoje. Comece a jogar agora.,Bata sua melhor pontuação hoje. Comece a jogar agora.,Kalahkan skor terbaikmu hari ini. Mulai main sekarang.,Kalahkan skor terbaikmu hari ini. Mulai main sekarang.,Побей свой лучший результат сегодня. Начни играть сейчас.,Побей свой лучший результат сегодня. Начни играть сейчас.,Bats ton meilleur score aujourd'hui. Commence à jouer maintenant.,Bats ton meilleur score aujourd'hui. Commence à jouer maintenant.,เอาชนะคะแนนที่ดีที่สุดของคุณวันนี้ เริ่มเล่นเดี๋ยวนี้,เอาชนะคะแนนที่ดีที่สุดของคุณวันนี้ เริ่มเล่นเดี๋ยวนี้
20270527,https://d26ml67612e64s.cloudfront.net/block_blast/image/TOURNAMENT_END_MSG.jpg,"{""social"":""A2U_BETA"",""type"":""20270527""}",A few minutes of puzzle fun awaits you.,A few minutes of puzzle fun awaits you.,بضع دقائق من متعة الألغاز تنتظرك.,بضع دقائق من متعة الألغاز تنتظرك.,Unos minutos de diversión con puzzles te esperan.,Unos minutos de diversión con puzzles te esperan.,Alguns minutos de diversão com puzzles aguardam você.,Alguns minutos de diversão com puzzles aguardam você.,Beberapa menit keseruan puzzle menantimu.,Beberapa menit keseruan puzzle menantimu.,Несколько минут головоломки ждут тебя.,Несколько минут головоломки ждут тебя.,Quelques minutes de plaisir puzzle t'attendent.,Quelques minutes de plaisir puzzle t'attendent.,ความสนุกปริศนาไม่กี่นาทีรอคุณอยู่,ความสนุกปริศนาไม่กี่นาทีรอคุณอยู่
20270528,https://d26ml67612e64s.cloudfront.net/block_blast/image/TOURNAMENT_END_MSG.jpg,"{""social"":""A2U_BETA"",""type"":""20270528""}",Keep your mind sharp with today's block challenge.,Keep your mind sharp with today's block challenge.,حافظ على حدة ذهنك مع تحدي القطع اليوم.,حافظ على حدة ذهنك مع تحدي القطع اليوم.,Mantén tu mente aguda con el desafío de bloques de hoy.,Mantén tu mente aguda con el desafío de bloques de hoy.,Mantenha sua mente afiada com o desafio de blocos de hoje.,Mantenha sua mente afiada com o desafio de blocos de hoje.,Jaga ketajaman pikiranmu dengan tantangan blok hari ini.,Jaga ketajaman pikiranmu dengan tantangan blok hari ini.,Держи свой ум острым с сегодняшним испытанием блоками.,Держи свой ум острым с сегодняшним испытанием блоками.,Garde ton esprit vif avec le défi de blocs d'aujourd'hui.,Garde ton esprit vif avec le défi de blocs d'aujourd'hui.,รักษาสมองของคุณให้แหลมคมด้วยความท้าทายบล็อกวันนี้,รักษาสมองของคุณให้แหลมคมด้วยความท้าทายบล็อกวันนี้
20270530,https://d26ml67612e64s.cloudfront.net/block_blast/image/TOURNAMENT_END_MSG.jpg,"{""social"":""A2U_BETA"",""type"":""20270530""}",Time to clear some lines. Jump in and play today.,Time to clear some lines. Jump in and play today.,حان وقت مسح بعض الخطوط. اقفز والعب اليوم.,حان وقت مسح بعض الخطوط. اقفز والعب اليوم.,Hora de borrar algunas líneas. Salta y juega hoy.,Hora de borrar algunas líneas. Salta y juega hoy.,Hora de limpar algumas linhas. Pule e jogue hoje.,Hora de limpar algumas linhas. Pule e jogue hoje.,Waktunya hapus beberapa garis. Lompat dan main hari ini.,Waktunya hapus beberapa garis. Lompat dan main hari ini.,Время очистить несколько линий. Заходи и играй сегодня.,Время очистить несколько линий. Заходи и играй сегодня.,Il est temps d'effacer quelques lignes. Saute et joue aujourd'hui.,Il est temps d'effacer quelques lignes. Saute et joue aujourd'hui.,ถึงเวลาล้างบางเส้นแล้ว กระโดดเข้ามาเล่นวันนี้,ถึงเวลาล้างบางเส้นแล้ว กระโดดเข้ามาเล่นวันนี้
20270531,https://d26ml67612e64s.cloudfront.net/block_blast/image/TOURNAMENT_END_MSG.jpg,"{""social"":""A2U_BETA"",""type"":""20270531""}",Your puzzle board is waiting. Come match those blocks.,Your puzzle board is waiting. Come match those blocks.,لوحة الألغاز الخاصة بك تنتظر. تعال وطابق تلك القطع.,لوحة الألغاز الخاصة بك تنتظر. تعال وطابق تلك القطع.,Tu tablero de rompecabezas está esperando. Ven a combinar esos bloques.,Tu tablero de rompecabezas está esperando. Ven a combinar esos bloques.,Seu tabuleiro de quebra-cabeça está esperando. Venha combinar esses blocos.,Seu tabuleiro de quebra-cabeça está esperando. Venha combinar esses blocos.,Papan puzzlemu menunggu. Ayo padukan blok-blok itu.,Papan puzzlemu menunggu. Ayo padukan blok-blok itu.,Твоя головоломка ждёт. Приходи и сопоставляй эти блоки.,Твоя головоломка ждёт. Приходи и сопоставляй эти блоки.,Ton tableau de puzzle t'attend. Viens assortir ces blocs.,Ton tableau de puzzle t'attend. Viens assortir ces blocs.,กระดานปริศนาของคุณกำลังรอ มาจับคู่บล็อกเหล่านั้นกันเถอะ,กระดานปริศนาของคุณกำลังรอ มาจับคู่บล็อกเหล่านั้นกันเถอะ
20270601,https://d26ml67612e64s.cloudfront.net/block_blast/image/TOURNAMENT_END_MSG.jpg,"{""social"":""A2U_BETA"",""type"":""20270601""}",Ready for today's block challenge? Let's play.,Ready for today's block challenge? Let's play.,مستعد لتحدي القطع اليوم؟ هيا نلعب.,مستعد لتحدي القطع اليوم؟ هيا نلعب.,¿Listo para el desafío de bloques de hoy? Juguemos.,¿Listo para el desafío de bloques de hoy? Juguemos.,Pronto para o desafio de blocos de hoje? Vamos jogar.,Pronto para o desafio de blocos de hoje? Vamos jogar.,Siap untuk tantangan blok hari ini? Ayo main.,Siap untuk tantangan blok hari ini? Ayo main.,Готов к сегодняшнему испытанию блоками? Давай играть.,Готов к сегодняшнему испытанию блоками? Давай играть.,Prêt pour le défi de blocs d'aujourd'hui? Jouons.,Prêt pour le défi de blocs d'aujourd'hui? Jouons.,พร้อมสำหรับความท้าทายบล็อกวันนี้แล้วหรือยัง? มาเล่นกันเถอะ,พร้อมสำหรับความท้าทายบล็อกวันนี้แล้วหรือยัง? มาเล่นกันเถอะ
20270602,https://d26ml67612e64s.cloudfront.net/block_blast/image/TOURNAMENT_END_MSG.jpg,"{""social"":""A2U_BETA"",""type"":""20270602""}","Clear lines, score big. Start your daily puzzle now.","Clear lines, score big. Start your daily puzzle now.",امسح الخطوط، احرز نقاطاً كبيرة. ابدأ لغزك اليومي الآن.,امسح الخطوط، احرز نقاطاً كبيرة. ابدأ لغزك اليومي الآن.,"Borra líneas, anota en grande. Comienza tu puzzle diario ahora.","Borra líneas, anota en grande. Comienza tu puzzle diario ahora.","Limpe linhas, pontue alto. Comece seu puzzle diário agora.","Limpe linhas, pontue alto. Comece seu puzzle diário agora.","Hapus garis, skor besar. Mulai puzzle harianmu sekarang.","Hapus garis, skor besar. Mulai puzzle harianmu sekarang.","Очищай линии, зарабатывай много. Начни свою ежедневную головоломку сейчас.","Очищай линии, зарабатывай много. Начни свою ежедневную головоломку сейчас.","Efface des lignes, marque gros. Commence ton puzzle quotidien maintenant.","Efface des lignes, marque gros. Commence ton puzzle quotidien maintenant.",ล้างเส้น ทำคะแนนสูง เริ่มปริศนาประจำวันของคุณเดี๋ยวนี้,ล้างเส้น ทำคะแนนสูง เริ่มปริศนาประจำวันของคุณเดี๋ยวนี้
20270603,https://d26ml67612e64s.cloudfront.net/block_blast/image/TOURNAMENT_END_MSG.jpg,"{""social"":""A2U_BETA"",""type"":""20270603""}","New blocks, new challenges. Play Puzzle Block Master today.","New blocks, new challenges. Play Puzzle Block Master today.",قطع جديدة، تحديات جديدة. العب ماستر بلوك بازل اليوم.,قطع جديدة، تحديات جديدة. العب ماستر بلوك بازل اليوم.,"Nuevos bloques, nuevos desafíos. Juega Puzzle Block Master hoy.","Nuevos bloques, nuevos desafíos. Juega Puzzle Block Master hoy.","Novos blocos, novos desafios. Jogue Puzzle Block Master hoje.","Novos blocos, novos desafios. Jogue Puzzle Block Master hoje.","Blok baru, tantangan baru. Main Puzzle Block Master hari ini.","Blok baru, tantangan baru. Main Puzzle Block Master hari ini.","Новые блоки, новые испытания. Играй в Puzzle Block Master сегодня.","Новые блоки, новые испытания. Играй в Puzzle Block Master сегодня.","Nouveaux blocs, nouveaux défis. Joue à Puzzle Block Master aujourd'hui.","Nouveaux blocs, nouveaux défis. Joue à Puzzle Block Master aujourd'hui.",บล็อกใหม่ ความท้าทายใหม่ เล่น Puzzle Block Master วันนี้,บล็อกใหม่ ความท้าทายใหม่ เล่น Puzzle Block Master วันนี้
20270604,https://d26ml67612e64s.cloudfront.net/block_blast/image/TOURNAMENT_END_MSG.jpg,"{""social"":""A2U_BETA"",""type"":""20270604""}",Your brain needs a puzzle break. Come play now.,Your brain needs a puzzle break. Come play now.,عقلك يحتاج لاستراحة ألغاز. تعال والعب الآن.,عقلك يحتاج لاستراحة ألغاز. تعال والعب الآن.,Tu cerebro necesita un descanso de puzzles. Ven a jugar ahora.,Tu cerebro necesita un descanso de puzzles. Ven a jugar ahora.,Seu cérebro precisa de uma pausa para puzzles. Venha jogar agora.,Seu cérebro precisa de uma pausa para puzzles. Venha jogar agora.,Otakmu butuh istirahat puzzle. Ayo main sekarang.,Otakmu butuh istirahat puzzle. Ayo main sekarang.,Твоему мозгу нужна головоломка. Заходи играть сейчас.,Твоему мозгу нужна головоломка. Заходи играть сейчас.,Ton cerveau a besoin d'une pause puzzle. Viens jouer maintenant.,Ton cerveau a besoin d'une pause puzzle. Viens jouer maintenant.,สมองของคุณต้องการพักปริศนา มาเล่นเดี๋ยวนี้,สมองของคุณต้องการพักปริศนา มาเล่นเดี๋ยวนี้
20270606,https://d26ml67612e64s.cloudfront.net/block_blast/image/TOURNAMENT_END_MSG.jpg,"{""social"":""A2U_BETA"",""type"":""20270606""}","Stack, match, and clear. Today's puzzle awaits.","Stack, match, and clear. Today's puzzle awaits.",كدّس، طابق، وامسح. لغزك اليوم بانتظارك.,كدّس، طابق، وامسح. لغزك اليوم بانتظارك.,"Apila, combina y borra. Tu puzzle de hoy te espera.","Apila, combina y borra. Tu puzzle de hoy te espera.","Empilhe, combine e limpe. Seu puzzle de hoje aguarda.","Empilhe, combine e limpe. Seu puzzle de hoje aguarda.","Tumpuk, padukan, dan hapus. Puzzle hari ini menanti.","Tumpuk, padukan, dan hapus. Puzzle hari ini menanti.","Складывай, сопоставляй и очищай. Твоя головоломка на сегодня ждёт.","Складывай, сопоставляй и очищай. Твоя головоломка на сегодня ждёт.","Empile, assortis et efface. Ton puzzle d'aujourd'hui t'attend.","Empile, assortis et efface. Ton puzzle d'aujourd'hui t'attend.",เรียง จับคู่ และล้าง ปริศนาวันนี้รออยู่,เรียง จับคู่ และล้าง ปริศนาวันนี้รออยู่
20270607,https://d26ml67612e64s.cloudfront.net/block_blast/image/TOURNAMENT_END_MSG.jpg,"{""social"":""A2U_BETA"",""type"":""20270607""}",How many lines can you clear today? Find out now.,How many lines can you clear today? Find out now.,كم خطاً يمكنك مسحه اليوم؟ اكتشف الآن.,كم خطاً يمكنك مسحه اليوم؟ اكتشف الآن.,¿Cuántas líneas puedes borrar hoy? Descúbrelo ahora.,¿Cuántas líneas puedes borrar hoy? Descúbrelo ahora.,Quantas linhas você pode limpar hoje? Descubra agora.,Quantas linhas você pode limpar hoje? Descubra agora.,Berapa banyak garis yang bisa kamu hapus hari ini? Cari tahu sekarang.,Berapa banyak garis yang bisa kamu hapus hari ini? Cari tahu sekarang.,Сколько линий ты можешь очистить сегодня? Узнай сейчас.,Сколько линий ты можешь очистить сегодня? Узнай сейчас.,Combien de lignes peux-tu effacer aujourd'hui? Découvre-le maintenant.,Combien de lignes peux-tu effacer aujourd'hui? Découvre-le maintenant.,วันนี้คุณจะล้างได้กี่เส้น? มาดูกันเดี๋ยวนี้,วันนี้คุณจะล้างได้กี่เส้น? มาดูกันเดี๋ยวนี้
20270608,https://d26ml67612e64s.cloudfront.net/block_blast/image/TOURNAMENT_END_MSG.jpg,"{""social"":""A2U_BETA"",""type"":""20270608""}",Daily block fun is calling. Come play your favorite puzzle.,Daily block fun is calling. Come play your favorite puzzle.,متعة القطع اليومية تناديك. تعال والعب لغزك المفضل.,متعة القطع اليومية تناديك. تعال والعب لغزك المفضل.,La diversión diaria de bloques te llama. Ven a jugar tu puzzle favorito.,La diversión diaria de bloques te llama. Ven a jugar tu puzzle favorito.,A diversão diária de blocos está chamando. Venha jogar seu puzzle favorito.,A diversão diária de blocos está chamando. Venha jogar seu puzzle favorito.,Keseruan blok harian memanggilmu. Ayo main puzzle favoritmu.,Keseruan blok harian memanggilmu. Ayo main puzzle favoritmu.,Ежедневное веселье с блоками зовёт. Заходи играть в свою любимую головоломку.,Ежедневное веселье с блоками зовёт. Заходи играть в свою любимую головоломку.,Le plaisir quotidien des blocs t'appelle. Viens jouer à ton puzzle préféré.,Le plaisir quotidien des blocs t'appelle. Viens jouer à ton puzzle préféré.,ความสนุกบล็อกประจำวันกำลังเรียกหา มาเล่นปริศนาโปรดของคุณ,ความสนุกบล็อกประจำวันกำลังเรียกหา มาเล่นปริศนาโปรดของคุณ
20270609,https://d26ml67612e64s.cloudfront.net/block_blast/image/TOURNAMENT_END_MSG.jpg,"{""social"":""A2U_BETA"",""type"":""20270609""}",Master the board today. Your blocks are ready.,Master the board today. Your blocks are ready.,أتقن اللوحة اليوم. قطعك جاهزة.,أتقن اللوحة اليوم. قطعك جاهزة.,Domina el tablero hoy. Tus bloques están listos.,Domina el tablero hoy. Tus bloques están listos.,Domine o tabuleiro hoje. Seus blocos estão prontos.,Domine o tabuleiro hoje. Seus blocos estão prontos.,Kuasai papan hari ini. Blokmu sudah siap.,Kuasai papan hari ini. Blokmu sudah siap.,Освой доску сегодня. Твои блоки готовы.,Освой доску сегодня. Твои блоки готовы.,Maîtrise le tableau aujourd'hui. Tes blocs sont prêts.,Maîtrise le tableau aujourd'hui. Tes blocs sont prêts.,มาเชี่ยวชาญกระดานวันนี้ บล็อกของคุณพร้อมแล้ว,มาเชี่ยวชาญกระดานวันนี้ บล็อกของคุณพร้อมแล้ว
20270610,https://d26ml67612e64s.cloudfront.net/block_blast/image/TOURNAMENT_END_MSG.jpg,"{""social"":""A2U_BETA"",""type"":""20270610""}",Take a puzzle break and clear the board today.,Take a puzzle break and clear the board today.,خذ استراحة ألغاز وامسح اللوحة اليوم.,خذ استراحة ألغاز وامسح اللوحة اليوم.,Toma un descanso de puzzles y despeja el tablero hoy.,Toma un descanso de puzzles y despeja el tablero hoy.,Faça uma pausa para puzzles e limpe o tabuleiro hoje.,Faça uma pausa para puzzles e limpe o tabuleiro hoje.,Istirahat puzzle dan bersihkan papan hari ini.,Istirahat puzzle dan bersihkan papan hari ini.,Сделай перерыв на головоломку и очисти доску сегодня.,Сделай перерыв на головоломку и очисти доску сегодня.,Prends une pause puzzle et vide le tableau aujourd'hui.,Prends une pause puzzle et vide le tableau aujourd'hui.,พักปริศนาและล้างกระดานวันนี้,พักปริศนาและล้างกระดานวันนี้
20270611,https://d26ml67612e64s.cloudfront.net/block_blast/image/TOURNAMENT_END_MSG.jpg,"{""social"":""A2U_BETA"",""type"":""20270611""}",Your next high score is waiting. Come play now.,Your next high score is waiting. Come play now.,أعلى نتيجة تاليه لك تنتظرك. تعال والعب الآن.,أعلى نتيجة تاليه لك تنتظرك. تعال والعب الآن.,Tu próxima puntuación alta está esperando. Ven a jugar ahora.,Tu próxima puntuación alta está esperando. Ven a jugar ahora.,Sua próxima pontuação alta está esperando. Venha jogar agora.,Sua próxima pontuação alta está esperando. Venha jogar agora.,Skor tertinggi berikutnya menunggumu. Ayo main sekarang.,Skor tertinggi berikutnya menunggumu. Ayo main sekarang.,Твой следующий рекорд ждёт. Заходи играть сейчас.,Твой следующий рекорд ждёт. Заходи играть сейчас.,Ton prochain score élevé t'attend. Viens jouer maintenant.,Ton prochain score élevé t'attend. Viens jouer maintenant.,คะแนนสูงถัดไปของคุณกำลังรอ มาเล่นเดี๋ยวนี้,คะแนนสูงถัดไปของคุณกำลังรอ มาเล่นเดี๋ยวนี้
20270613,https://d26ml67612e64s.cloudfront.net/block_blast/image/TOURNAMENT_END_MSG.jpg,"{""social"":""A2U_BETA"",""type"":""20270613""}",Relax with some block-matching fun today.,Relax with some block-matching fun today.,استرخ مع بعض متعة مطابقة القطع اليوم.,استرخ مع بعض متعة مطابقة القطع اليوم.,Relájate con algo de diversión combinando bloques hoy.,Relájate con algo de diversión combinando bloques hoy.,Relaxe com alguma diversão combinando blocos hoje.,Relaxe com alguma diversão combinando blocos hoje.,Santai dengan keseruan mencocokkan blok hari ini.,Santai dengan keseruan mencocokkan blok hari ini.,Расслабься с весёлым сопоставлением блоков сегодня.,Расслабься с весёлым сопоставлением блоков сегодня.,Détends-toi avec du plaisir d'assortiment de blocs aujourd'hui.,Détends-toi avec du plaisir d'assortiment de blocs aujourd'hui.,ผ่อนคลายกับความสนุกในการจับคู่บล็อกวันนี้,ผ่อนคลายกับความสนุกในการจับคู่บล็อกวันนี้
20270614,https://d26ml67612e64s.cloudfront.net/block_blast/image/TOURNAMENT_END_MSG.jpg,"{""social"":""A2U_BETA"",""type"":""20270614""}",Challenge yourself with fresh puzzles right now.,Challenge yourself with fresh puzzles right now.,تحدى نفسك بألغاز جديدة الآن.,تحدى نفسك بألغاز جديدة الآن.,Desafíate con puzzles frescos ahora mismo.,Desafíate con puzzles frescos ahora mismo.,Desafie-se com puzzles frescos agora mesmo.,Desafie-se com puzzles frescos agora mesmo.,Tantang dirimu dengan puzzle segar sekarang juga.,Tantang dirimu dengan puzzle segar sekarang juga.,Брось себе вызов со свежими головоломками прямо сейчас.,Брось себе вызов со свежими головоломками прямо сейчас.,Défie-toi avec des puzzles frais dès maintenant.,Défie-toi avec des puzzles frais dès maintenant.,ท้าทายตัวเองด้วยปริศนาใหม่ตอนนี้เลย,ท้าทายตัวเองด้วยปริศนาใหม่ตอนนี้เลย
20270615,https://d26ml67612e64s.cloudfront.net/block_blast/image/TOURNAMENT_END_MSG.jpg,"{""social"":""A2U_BETA"",""type"":""20270615""}",Fill those lines and feel the satisfaction. Play today.,Fill those lines and feel the satisfaction. Play today.,املأ تلك الخطوط واشعر بالرضا. العب اليوم.,املأ تلك الخطوط واشعر بالرضا. العب اليوم.,Llena esas líneas y siente la satisfacción. Juega hoy.,Llena esas líneas y siente la satisfacción. Juega hoy.,Preencha essas linhas e sinta a satisfação. Jogue hoje.,Preencha essas linhas e sinta a satisfação. Jogue hoje.,Isi garis-garis itu dan rasakan kepuasannya. Main hari ini.,Isi garis-garis itu dan rasakan kepuasannya. Main hari ini.,Заполни эти линии и почувствуй удовлетворение. Играй сегодня.,Заполни эти линии и почувствуй удовлетворение. Играй сегодня.,Remplis ces lignes et ressens la satisfaction. Joue aujourd'hui.,Remplis ces lignes et ressens la satisfaction. Joue aujourd'hui.,เติมเส้นเหล่านั้นและรู้สึกถึงความพึงพอใจ เล่นวันนี้,เติมเส้นเหล่านั้นและรู้สึกถึงความพึงพอใจ เล่นวันนี้
20270616,https://d26ml67612e64s.cloudfront.net/block_blast/image/TOURNAMENT_END_MSG.jpg,"{""social"":""A2U_BETA"",""type"":""20270616""}",Perfect time for a quick puzzle session.,Perfect time for a quick puzzle session.,الوقت المثالي لجلسة ألغاز سريعة.,الوقت المثالي لجلسة ألغاز سريعة.,Momento perfecto para una sesión rápida de puzzles.,Momento perfecto para una sesión rápida de puzzles.,Momento perfeito para uma sessão rápida de puzzles.,Momento perfeito para uma sessão rápida de puzzles.,Waktu sempurna untuk sesi puzzle cepat.,Waktu sempurna untuk sesi puzzle cepat.,Идеальное время для быстрой головоломки.,Идеальное время для быстрой головоломки.,Moment parfait pour une session de puzzle rapide.,Moment parfait pour une session de puzzle rapide.,เวลาที่สมบูรณ์แบบสำหรับช่วงปริศนาสั้นๆ,เวลาที่สมบูรณ์แบบสำหรับช่วงปริศนาสั้นๆ
20270617,https://d26ml67612e64s.cloudfront.net/block_blast/image/TOURNAMENT_END_MSG.jpg,"{""social"":""A2U_BETA"",""type"":""20270617""}",Your blocks won't arrange themselves. Jump in now.,Your blocks won't arrange themselves. Jump in now.,قطعك لن ترتب نفسها. اقفز للداخل الآن.,قطعك لن ترتب نفسها. اقفز للداخل الآن.,Tus bloques no se organizarán solos. Salta ahora.,Tus bloques no se organizarán solos. Salta ahora.,Seus blocos não vão se organizar sozinhos. Pule agora.,Seus blocos não vão se organizar sozinhos. Pule agora.,Blokmu tidak akan mengatur dirinya sendiri. Lompat sekarang.,Blokmu tidak akan mengatur dirinya sendiri. Lompat sekarang.,Твои блоки не расставятся сами. Заходи сейчас.,Твои блоки не расставятся сами. Заходи сейчас.,Tes blocs ne s'arrangeront pas tout seuls. Saute maintenant.,Tes blocs ne s'arrangeront pas tout seuls. Saute maintenant.,บล็อกของคุณจะไม่จัดเรียงตัวเอง กระโดดเข้ามาเดี๋ยวนี้,บล็อกของคุณจะไม่จัดเรียงตัวเอง กระโดดเข้ามาเดี๋ยวนี้
20270618,https://d26ml67612e64s.cloudfront.net/block_blast/image/TOURNAMENT_END_MSG.jpg,"{""social"":""A2U_BETA"",""type"":""20270618""}",Beat your best score today. Start playing now.,Beat your best score today. Start playing now.,اهزم أفضل نتيجة لك اليوم. ابدأ اللعب الآن.,اهزم أفضل نتيجة لك اليوم. ابدأ اللعب الآن.,Supera tu mejor puntuación hoy. Empieza a jugar ahora.,Supera tu mejor puntuación hoy. Empieza a jugar ahora.,Bata sua melhor pontuação hoje. Comece a jogar agora.,Bata sua melhor pontuação hoje. Comece a jogar agora.,Kalahkan skor terbaikmu hari ini. Mulai main sekarang.,Kalahkan skor terbaikmu hari ini. Mulai main sekarang.,Побей свой лучший результат сегодня. Начни играть сейчас.,Побей свой лучший результат сегодня. Начни играть сейчас.,Bats ton meilleur score aujourd'hui. Commence à jouer maintenant.,Bats ton meilleur score aujourd'hui. Commence à jouer maintenant.,เอาชนะคะแนนที่ดีที่สุดของคุณวันนี้ เริ่มเล่นเดี๋ยวนี้,เอาชนะคะแนนที่ดีที่สุดของคุณวันนี้ เริ่มเล่นเดี๋ยวนี้
20270620,https://d26ml67612e64s.cloudfront.net/block_blast/image/TOURNAMENT_END_MSG.jpg,"{""social"":""A2U_BETA"",""type"":""20270620""}",A few minutes of puzzle fun awaits you.,A few minutes of puzzle fun awaits you.,بضع دقائق من متعة الألغاز تنتظرك.,بضع دقائق من متعة الألغاز تنتظرك.,Unos minutos de diversión con puzzles te esperan.,Unos minutos de diversión con puzzles te esperan.,Alguns minutos de diversão com puzzles aguardam você.,Alguns minutos de diversão com puzzles aguardam você.,Beberapa menit keseruan puzzle menantimu.,Beberapa menit keseruan puzzle menantimu.,Несколько минут головоломки ждут тебя.,Несколько минут головоломки ждут тебя.,Quelques minutes de plaisir puzzle t'attendent.,Quelques minutes de plaisir puzzle t'attendent.,ความสนุกปริศนาไม่กี่นาทีรอคุณอยู่,ความสนุกปริศนาไม่กี่นาทีรอคุณอยู่
20270621,https://d26ml67612e64s.cloudfront.net/block_blast/image/TOURNAMENT_END_MSG.jpg,"{""social"":""A2U_BETA"",""type"":""20270621""}",Keep your mind sharp with today's block challenge.,Keep your mind sharp with today's block challenge.,حافظ على حدة ذهنك مع تحدي القطع اليوم.,حافظ على حدة ذهنك مع تحدي القطع اليوم.,Mantén tu mente aguda con el desafío de bloques de hoy.,Mantén tu mente aguda con el desafío de bloques de hoy.,Mantenha sua mente afiada com o desafio de blocos de hoje.,Mantenha sua mente afiada com o desafio de blocos de hoje.,Jaga ketajaman pikiranmu dengan tantangan blok hari ini.,Jaga ketajaman pikiranmu dengan tantangan blok hari ini.,Держи свой ум острым с сегодняшним испытанием блоками.,Держи свой ум острым с сегодняшним испытанием блоками.,Garde ton esprit vif avec le défi de blocs d'aujourd'hui.,Garde ton esprit vif avec le défi de blocs d'aujourd'hui.,รักษาสมองของคุณให้แหลมคมด้วยความท้าทายบล็อกวันนี้,รักษาสมองของคุณให้แหลมคมด้วยความท้าทายบล็อกวันนี้
20270622,https://d26ml67612e64s.cloudfront.net/block_blast/image/TOURNAMENT_END_MSG.jpg,"{""social"":""A2U_BETA"",""type"":""20270622""}",Time to clear some lines. Jump in and play today.,Time to clear some lines. Jump in and play today.,حان وقت مسح بعض الخطوط. اقفز والعب اليوم.,حان وقت مسح بعض الخطوط. اقفز والعب اليوم.,Hora de borrar algunas líneas. Salta y juega hoy.,Hora de borrar algunas líneas. Salta y juega hoy.,Hora de limpar algumas linhas. Pule e jogue hoje.,Hora de limpar algumas linhas. Pule e jogue hoje.,Waktunya hapus beberapa garis. Lompat dan main hari ini.,Waktunya hapus beberapa garis. Lompat dan main hari ini.,Время очистить несколько линий. Заходи и играй сегодня.,Время очистить несколько линий. Заходи и играй сегодня.,Il est temps d'effacer quelques lignes. Saute et joue aujourd'hui.,Il est temps d'effacer quelques lignes. Saute et joue aujourd'hui.,ถึงเวลาล้างบางเส้นแล้ว กระโดดเข้ามาเล่นวันนี้,ถึงเวลาล้างบางเส้นแล้ว กระโดดเข้ามาเล่นวันนี้
20270623,https://d26ml67612e64s.cloudfront.net/block_blast/image/TOURNAMENT_END_MSG.jpg,"{""social"":""A2U_BETA"",""type"":""20270623""}",Your puzzle board is waiting. Come match those blocks.,Your puzzle board is waiting. Come match those blocks.,لوحة الألغاز الخاصة بك تنتظر. تعال وطابق تلك القطع.,لوحة الألغاز الخاصة بك تنتظر. تعال وطابق تلك القطع.,Tu tablero de rompecabezas está esperando. Ven a combinar esos bloques.,Tu tablero de rompecabezas está esperando. Ven a combinar esos bloques.,Seu tabuleiro de quebra-cabeça está esperando. Venha combinar esses blocos.,Seu tabuleiro de quebra-cabeça está esperando. Venha combinar esses blocos.,Papan puzzlemu menunggu. Ayo padukan blok-blok itu.,Papan puzzlemu menunggu. Ayo padukan blok-blok itu.,Твоя головоломка ждёт. Приходи и сопоставляй эти блоки.,Твоя головоломка ждёт. Приходи и сопоставляй эти блоки.,Ton tableau de puzzle t'attend. Viens assortir ces blocs.,Ton tableau de puzzle t'attend. Viens assortir ces blocs.,กระดานปริศนาของคุณกำลังรอ มาจับคู่บล็อกเหล่านั้นกันเถอะ,กระดานปริศนาของคุณกำลังรอ มาจับคู่บล็อกเหล่านั้นกันเถอะ
20270624,https://d26ml67612e64s.cloudfront.net/block_blast/image/TOURNAMENT_END_MSG.jpg,"{""social"":""A2U_BETA"",""type"":""20270624""}",Ready for today's block challenge? Let's play.,Ready for today's block challenge? Let's play.,مستعد لتحدي القطع اليوم؟ هيا نلعب.,مستعد لتحدي القطع اليوم؟ هيا نلعب.,¿Listo para el desafío de bloques de hoy? Juguemos.,¿Listo para el desafío de bloques de hoy? Juguemos.,Pronto para o desafio de blocos de hoje? Vamos jogar.,Pronto para o desafio de blocos de hoje? Vamos jogar.,Siap untuk tantangan blok hari ini? Ayo main.,Siap untuk tantangan blok hari ini? Ayo main.,Готов к сегодняшнему испытанию блоками? Давай играть.,Готов к сегодняшнему испытанию блоками? Давай играть.,Prêt pour le défi de blocs d'aujourd'hui? Jouons.,Prêt pour le défi de blocs d'aujourd'hui? Jouons.,พร้อมสำหรับความท้าทายบล็อกวันนี้แล้วหรือยัง? มาเล่นกันเถอะ,พร้อมสำหรับความท้าทายบล็อกวันนี้แล้วหรือยัง? มาเล่นกันเถอะ
20270625,https://d26ml67612e64s.cloudfront.net/block_blast/image/TOURNAMENT_END_MSG.jpg,"{""social"":""A2U_BETA"",""type"":""20270625""}","Clear lines, score big. Start your daily puzzle now.","Clear lines, score big. Start your daily puzzle now.",امسح الخطوط، احرز نقاطاً كبيرة. ابدأ لغزك اليومي الآن.,امسح الخطوط، احرز نقاطاً كبيرة. ابدأ لغزك اليومي الآن.,"Borra líneas, anota en grande. Comienza tu puzzle diario ahora.","Borra líneas, anota en grande. Comienza tu puzzle diario ahora.","Limpe linhas, pontue alto. Comece seu puzzle diário agora.","Limpe linhas, pontue alto. Comece seu puzzle diário agora.","Hapus garis, skor besar. Mulai puzzle harianmu sekarang.","Hapus garis, skor besar. Mulai puzzle harianmu sekarang.","Очищай линии, зарабатывай много. Начни свою ежедневную головоломку сейчас.","Очищай линии, зарабатывай много. Начни свою ежедневную головоломку сейчас.","Efface des lignes, marque gros. Commence ton puzzle quotidien maintenant.","Efface des lignes, marque gros. Commence ton puzzle quotidien maintenant.",ล้างเส้น ทำคะแนนสูง เริ่มปริศนาประจำวันของคุณเดี๋ยวนี้,ล้างเส้น ทำคะแนนสูง เริ่มปริศนาประจำวันของคุณเดี๋ยวนี้
20270627,https://d26ml67612e64s.cloudfront.net/block_blast/image/TOURNAMENT_END_MSG.jpg,"{""social"":""A2U_BETA"",""type"":""20270627""}","New blocks, new challenges. Play Puzzle Block Master today.","New blocks, new challenges. Play Puzzle Block Master today.",قطع جديدة، تحديات جديدة. العب ماستر بلوك بازل اليوم.,قطع جديدة، تحديات جديدة. العب ماستر بلوك بازل اليوم.,"Nuevos bloques, nuevos desafíos. Juega Puzzle Block Master hoy.","Nuevos bloques, nuevos desafíos. Juega Puzzle Block Master hoy.","Novos blocos, novos desafios. Jogue Puzzle Block Master hoje.","Novos blocos, novos desafios. Jogue Puzzle Block Master hoje.","Blok baru, tantangan baru. Main Puzzle Block Master hari ini.","Blok baru, tantangan baru. Main Puzzle Block Master hari ini.","Новые блоки, новые испытания. Играй в Puzzle Block Master сегодня.","Новые блоки, новые испытания. Играй в Puzzle Block Master сегодня.","Nouveaux blocs, nouveaux défis. Joue à Puzzle Block Master aujourd'hui.","Nouveaux blocs, nouveaux défis. Joue à Puzzle Block Master aujourd'hui.",บล็อกใหม่ ความท้าทายใหม่ เล่น Puzzle Block Master วันนี้,บล็อกใหม่ ความท้าทายใหม่ เล่น Puzzle Block Master วันนี้
20270628,https://d26ml67612e64s.cloudfront.net/block_blast/image/TOURNAMENT_END_MSG.jpg,"{""social"":""A2U_BETA"",""type"":""20270628""}",Your brain needs a puzzle break. Come play now.,Your brain needs a puzzle break. Come play now.,عقلك يحتاج لاستراحة ألغاز. تعال والعب الآن.,عقلك يحتاج لاستراحة ألغاز. تعال والعب الآن.,Tu cerebro necesita un descanso de puzzles. Ven a jugar ahora.,Tu cerebro necesita un descanso de puzzles. Ven a jugar ahora.,Seu cérebro precisa de uma pausa para puzzles. Venha jogar agora.,Seu cérebro precisa de uma pausa para puzzles. Venha jogar agora.,Otakmu butuh istirahat puzzle. Ayo main sekarang.,Otakmu butuh istirahat puzzle. Ayo main sekarang.,Твоему мозгу нужна головоломка. Заходи играть сейчас.,Твоему мозгу нужна головоломка. Заходи играть сейчас.,Ton cerveau a besoin d'une pause puzzle. Viens jouer maintenant.,Ton cerveau a besoin d'une pause puzzle. Viens jouer maintenant.,สมองของคุณต้องการพักปริศนา มาเล่นเดี๋ยวนี้,สมองของคุณต้องการพักปริศนา มาเล่นเดี๋ยวนี้
20270629,https://d26ml67612e64s.cloudfront.net/block_blast/image/TOURNAMENT_END_MSG.jpg,"{""social"":""A2U_BETA"",""type"":""20270629""}","Stack, match, and clear. Today's puzzle awaits.","Stack, match, and clear. Today's puzzle awaits.",كدّس، طابق، وامسح. لغزك اليوم بانتظارك.,كدّس، طابق، وامسح. لغزك اليوم بانتظارك.,"Apila, combina y borra. Tu puzzle de hoy te espera.","Apila, combina y borra. Tu puzzle de hoy te espera.","Empilhe, combine e limpe. Seu puzzle de hoje aguarda.","Empilhe, combine e limpe. Seu puzzle de hoje aguarda.","Tumpuk, padukan, dan hapus. Puzzle hari ini menanti.","Tumpuk, padukan, dan hapus. Puzzle hari ini menanti.","Складывай, сопоставляй и очищай. Твоя головоломка на сегодня ждёт.","Складывай, сопоставляй и очищай. Твоя головоломка на сегодня ждёт.","Empile, assortis et efface. Ton puzzle d'aujourd'hui t'attend.","Empile, assortis et efface. Ton puzzle d'aujourd'hui t'attend.",เรียง จับคู่ และล้าง ปริศนาวันนี้รออยู่,เรียง จับคู่ และล้าง ปริศนาวันนี้รออยู่
20270630,https://d26ml67612e64s.cloudfront.net/block_blast/image/TOURNAMENT_END_MSG.jpg,"{""social"":""A2U_BETA"",""type"":""20270630""}",How many lines can you clear today? Find out now.,How many lines can you clear today? Find out now.,كم خطاً يمكنك مسحه اليوم؟ اكتشف الآن.,كم خطاً يمكنك مسحه اليوم؟ اكتشف الآن.,¿Cuántas líneas puedes borrar hoy? Descúbrelo ahora.,¿Cuántas líneas puedes borrar hoy? Descúbrelo ahora.,Quantas linhas você pode limpar hoje? Descubra agora.,Quantas linhas você pode limpar hoje? Descubra agora.,Berapa banyak garis yang bisa kamu hapus hari ini? Cari tahu sekarang.,Berapa banyak garis yang bisa kamu hapus hari ini? Cari tahu sekarang.,Сколько линий ты можешь очистить сегодня? Узнай сейчас.,Сколько линий ты можешь очистить сегодня? Узнай сейчас.,Combien de lignes peux-tu effacer aujourd'hui? Découvre-le maintenant.,Combien de lignes peux-tu effacer aujourd'hui? Découvre-le maintenant.,วันนี้คุณจะล้างได้กี่เส้น? มาดูกันเดี๋ยวนี้,วันนี้คุณจะล้างได้กี่เส้น? มาดูกันเดี๋ยวนี้
20270701,https://d26ml67612e64s.cloudfront.net/block_blast/image/TOURNAMENT_END_MSG.jpg,"{""social"":""A2U_BETA"",""type"":""20270701""}",Daily block fun is calling. Come play your favorite puzzle.,Daily block fun is calling. Come play your favorite puzzle.,متعة القطع اليومية تناديك. تعال والعب لغزك المفضل.,متعة القطع اليومية تناديك. تعال والعب لغزك المفضل.,La diversión diaria de bloques te llama. Ven a jugar tu puzzle favorito.,La diversión diaria de bloques te llama. Ven a jugar tu puzzle favorito.,A diversão diária de blocos está chamando. Venha jogar seu puzzle favorito.,A diversão diária de blocos está chamando. Venha jogar seu puzzle favorito.,Keseruan blok harian memanggilmu. Ayo main puzzle favoritmu.,Keseruan blok harian memanggilmu. Ayo main puzzle favoritmu.,Ежедневное веселье с блоками зовёт. Заходи играть в свою любимую головоломку.,Ежедневное веселье с блоками зовёт. Заходи играть в свою любимую головоломку.,Le plaisir quotidien des blocs t'appelle. Viens jouer à ton puzzle préféré.,Le plaisir quotidien des blocs t'appelle. Viens jouer à ton puzzle préféré.,ความสนุกบล็อกประจำวันกำลังเรียกหา มาเล่นปริศนาโปรดของคุณ,ความสนุกบล็อกประจำวันกำลังเรียกหา มาเล่นปริศนาโปรดของคุณ
20270702,https://d26ml67612e64s.cloudfront.net/block_blast/image/TOURNAMENT_END_MSG.jpg,"{""social"":""A2U_BETA"",""type"":""20270702""}",Master the board today. Your blocks are ready.,Master the board today. Your blocks are ready.,أتقن اللوحة اليوم. قطعك جاهزة.,أتقن اللوحة اليوم. قطعك جاهزة.,Domina el tablero hoy. Tus bloques están listos.,Domina el tablero hoy. Tus bloques están listos.,Domine o tabuleiro hoje. Seus blocos estão prontos.,Domine o tabuleiro hoje. Seus blocos estão prontos.,Kuasai papan hari ini. Blokmu sudah siap.,Kuasai papan hari ini. Blokmu sudah siap.,Освой доску сегодня. Твои блоки готовы.,Освой доску сегодня. Твои блоки готовы.,Maîtrise le tableau aujourd'hui. Tes blocs sont prêts.,Maîtrise le tableau aujourd'hui. Tes blocs sont prêts.,มาเชี่ยวชาญกระดานวันนี้ บล็อกของคุณพร้อมแล้ว,มาเชี่ยวชาญกระดานวันนี้ บล็อกของคุณพร้อมแล้ว
20270704,https://d26ml67612e64s.cloudfront.net/block_blast/image/TOURNAMENT_END_MSG.jpg,"{""social"":""A2U_BETA"",""type"":""20270704""}",Take a puzzle break and clear the board today.,Take a puzzle break and clear the board today.,خذ استراحة ألغاز وامسح اللوحة اليوم.,خذ استراحة ألغاز وامسح اللوحة اليوم.,Toma un descanso de puzzles y despeja el tablero hoy.,Toma un descanso de puzzles y despeja el tablero hoy.,Faça uma pausa para puzzles e limpe o tabuleiro hoje.,Faça uma pausa para puzzles e limpe o tabuleiro hoje.,Istirahat puzzle dan bersihkan papan hari ini.,Istirahat puzzle dan bersihkan papan hari ini.,Сделай перерыв на головоломку и очисти доску сегодня.,Сделай перерыв на головоломку и очисти доску сегодня.,Prends une pause puzzle et vide le tableau aujourd'hui.,Prends une pause puzzle et vide le tableau aujourd'hui.,พักปริศนาและล้างกระดานวันนี้,พักปริศนาและล้างกระดานวันนี้
20270705,https://d26ml67612e64s.cloudfront.net/block_blast/image/TOURNAMENT_END_MSG.jpg,"{""social"":""A2U_BETA"",""type"":""20270705""}",Your next high score is waiting. Come play now.,Your next high score is waiting. Come play now.,أعلى نتيجة تاليه لك تنتظرك. تعال والعب الآن.,أعلى نتيجة تاليه لك تنتظرك. تعال والعب الآن.,Tu próxima puntuación alta está esperando. Ven a jugar ahora.,Tu próxima puntuación alta está esperando. Ven a jugar ahora.,Sua próxima pontuação alta está esperando. Venha jogar agora.,Sua próxima pontuação alta está esperando. Venha jogar agora.,Skor tertinggi berikutnya menunggumu. Ayo main sekarang.,Skor tertinggi berikutnya menunggumu. Ayo main sekarang.,Твой следующий рекорд ждёт. Заходи играть сейчас.,Твой следующий рекорд ждёт. Заходи играть сейчас.,Ton prochain score élevé t'attend. Viens jouer maintenant.,Ton prochain score élevé t'attend. Viens jouer maintenant.,คะแนนสูงถัดไปของคุณกำลังรอ มาเล่นเดี๋ยวนี้,คะแนนสูงถัดไปของคุณกำลังรอ มาเล่นเดี๋ยวนี้
20270706,https://d26ml67612e64s.cloudfront.net/block_blast/image/TOURNAMENT_END_MSG.jpg,"{""social"":""A2U_BETA"",""type"":""20270706""}",Relax with some block-matching fun today.,Relax with some block-matching fun today.,استرخ مع بعض متعة مطابقة القطع اليوم.,استرخ مع بعض متعة مطابقة القطع اليوم.,Relájate con algo de diversión combinando bloques hoy.,Relájate con algo de diversión combinando bloques hoy.,Relaxe com alguma diversão combinando blocos hoje.,Relaxe com alguma diversão combinando blocos hoje.,Santai dengan keseruan mencocokkan blok hari ini.,Santai dengan keseruan mencocokkan blok hari ini.,Расслабься с весёлым сопоставлением блоков сегодня.,Расслабься с весёлым сопоставлением блоков сегодня.,Détends-toi avec du plaisir d'assortiment de blocs aujourd'hui.,Détends-toi avec du plaisir d'assortiment de blocs aujourd'hui.,ผ่อนคลายกับความสนุกในการจับคู่บล็อกวันนี้,ผ่อนคลายกับความสนุกในการจับคู่บล็อกวันนี้
20270707,https://d26ml67612e64s.cloudfront.net/block_blast/image/TOURNAMENT_END_MSG.jpg,"{""social"":""A2U_BETA"",""type"":""20270707""}",Challenge yourself with fresh puzzles right now.,Challenge yourself with fresh puzzles right now.,تحدى نفسك بألغاز جديدة الآن.,تحدى نفسك بألغاز جديدة الآن.,Desafíate con puzzles frescos ahora mismo.,Desafíate con puzzles frescos ahora mismo.,Desafie-se com puzzles frescos agora mesmo.,Desafie-se com puzzles frescos agora mesmo.,Tantang dirimu dengan puzzle segar sekarang juga.,Tantang dirimu dengan puzzle segar sekarang juga.,Брось себе вызов со свежими головоломками прямо сейчас.,Брось себе вызов со свежими головоломками прямо сейчас.,Défie-toi avec des puzzles frais dès maintenant.,Défie-toi avec des puzzles frais dès maintenant.,ท้าทายตัวเองด้วยปริศนาใหม่ตอนนี้เลย,ท้าทายตัวเองด้วยปริศนาใหม่ตอนนี้เลย
20270708,https://d26ml67612e64s.cloudfront.net/block_blast/image/TOURNAMENT_END_MSG.jpg,"{""social"":""A2U_BETA"",""type"":""20270708""}",Your puzzle board is waiting. Come match those blocks.,Your puzzle board is waiting. Come match those blocks.,لوحة الألغاز الخاصة بك تنتظر. تعال وطابق تلك القطع.,لوحة الألغاز الخاصة بك تنتظر. تعال وطابق تلك القطع.,Tu tablero de rompecabezas está esperando. Ven a combinar esos bloques.,Tu tablero de rompecabezas está esperando. Ven a combinar esos bloques.,Seu tabuleiro de quebra-cabeça está esperando. Venha combinar esses blocos.,Seu tabuleiro de quebra-cabeça está esperando. Venha combinar esses blocos.,Papan puzzlemu menunggu. Ayo padukan blok-blok itu.,Papan puzzlemu menunggu. Ayo padukan blok-blok itu.,Твоя головоломка ждёт. Приходи и сопоставляй эти блоки.,Твоя головоломка ждёт. Приходи и сопоставляй эти блоки.,Ton tableau de puzzle t'attend. Viens assortir ces blocs.,Ton tableau de puzzle t'attend. Viens assortir ces blocs.,กระดานปริศนาของคุณกำลังรอ มาจับคู่บล็อกเหล่านั้นกันเถอะ,กระดานปริศนาของคุณกำลังรอ มาจับคู่บล็อกเหล่านั้นกันเถอะ
20270709,https://d26ml67612e64s.cloudfront.net/block_blast/image/TOURNAMENT_END_MSG.jpg,"{""social"":""A2U_BETA"",""type"":""20270709""}",Ready for today's block challenge? Let's play.,Ready for today's block challenge? Let's play.,مستعد لتحدي القطع اليوم؟ هيا نلعب.,مستعد لتحدي القطع اليوم؟ هيا نلعب.,¿Listo para el desafío de bloques de hoy? Juguemos.,¿Listo para el desafío de bloques de hoy? Juguemos.,Pronto para o desafio de blocos de hoje? Vamos jogar.,Pronto para o desafio de blocos de hoje? Vamos jogar.,Siap untuk tantangan blok hari ini? Ayo main.,Siap untuk tantangan blok hari ini? Ayo main.,Готов к сегодняшнему испытанию блоками? Давай играть.,Готов к сегодняшнему испытанию блоками? Давай играть.,Prêt pour le défi de blocs d'aujourd'hui? Jouons.,Prêt pour le défi de blocs d'aujourd'hui? Jouons.,พร้อมสำหรับความท้าทายบล็อกวันนี้แล้วหรือยัง? มาเล่นกันเถอะ,พร้อมสำหรับความท้าทายบล็อกวันนี้แล้วหรือยัง? มาเล่นกันเถอะ
20270711,https://d26ml67612e64s.cloudfront.net/block_blast/image/TOURNAMENT_END_MSG.jpg,"{""social"":""A2U_BETA"",""type"":""20270711""}","Clear lines, score big. Start your daily puzzle now.","Clear lines, score big. Start your daily puzzle now.",امسح الخطوط، احرز نقاطاً كبيرة. ابدأ لغزك اليومي الآن.,امسح الخطوط، احرز نقاطاً كبيرة. ابدأ لغزك اليومي الآن.,"Borra líneas, anota en grande. Comienza tu puzzle diario ahora.","Borra líneas, anota en grande. Comienza tu puzzle diario ahora.","Limpe linhas, pontue alto. Comece seu puzzle diário agora.","Limpe linhas, pontue alto. Comece seu puzzle diário agora.","Hapus garis, skor besar. Mulai puzzle harianmu sekarang.","Hapus garis, skor besar. Mulai puzzle harianmu sekarang.","Очищай линии, зарабатывай много. Начни свою ежедневную головоломку сейчас.","Очищай линии, зарабатывай много. Начни свою ежедневную головоломку сейчас.","Efface des lignes, marque gros. Commence ton puzzle quotidien maintenant.","Efface des lignes, marque gros. Commence ton puzzle quotidien maintenant.",ล้างเส้น ทำคะแนนสูง เริ่มปริศนาประจำวันของคุณเดี๋ยวนี้,ล้างเส้น ทำคะแนนสูง เริ่มปริศนาประจำวันของคุณเดี๋ยวนี้
20270712,https://d26ml67612e64s.cloudfront.net/block_blast/image/TOURNAMENT_END_MSG.jpg,"{""social"":""A2U_BETA"",""type"":""20270712""}","New blocks, new challenges. Play Puzzle Block Master today.","New blocks, new challenges. Play Puzzle Block Master today.",قطع جديدة، تحديات جديدة. العب ماستر بلوك بازل اليوم.,قطع جديدة، تحديات جديدة. العب ماستر بلوك بازل اليوم.,"Nuevos bloques, nuevos desafíos. Juega Puzzle Block Master hoy.","Nuevos bloques, nuevos desafíos. Juega Puzzle Block Master hoy.","Novos blocos, novos desafios. Jogue Puzzle Block Master hoje.","Novos blocos, novos desafios. Jogue Puzzle Block Master hoje.","Blok baru, tantangan baru. Main Puzzle Block Master hari ini.","Blok baru, tantangan baru. Main Puzzle Block Master hari ini.","Новые блоки, новые испытания. Играй в Puzzle Block Master сегодня.","Новые блоки, новые испытания. Играй в Puzzle Block Master сегодня.","Nouveaux blocs, nouveaux défis. Joue à Puzzle Block Master aujourd'hui.","Nouveaux blocs, nouveaux défis. Joue à Puzzle Block Master aujourd'hui.",บล็อกใหม่ ความท้าทายใหม่ เล่น Puzzle Block Master วันนี้,บล็อกใหม่ ความท้าทายใหม่ เล่น Puzzle Block Master วันนี้
20270713,https://d26ml67612e64s.cloudfront.net/block_blast/image/TOURNAMENT_END_MSG.jpg,"{""social"":""A2U_BETA"",""type"":""20270713""}",Your brain needs a puzzle break. Come play now.,Your brain needs a puzzle break. Come play now.,عقلك يحتاج لاستراحة ألغاز. تعال والعب الآن.,عقلك يحتاج لاستراحة ألغاز. تعال والعب الآن.,Tu cerebro necesita un descanso de puzzles. Ven a jugar ahora.,Tu cerebro necesita un descanso de puzzles. Ven a jugar ahora.,Seu cérebro precisa de uma pausa para puzzles. Venha jogar agora.,Seu cérebro precisa de uma pausa para puzzles. Venha jogar agora.,Otakmu butuh istirahat puzzle. Ayo main sekarang.,Otakmu butuh istirahat puzzle. Ayo main sekarang.,Твоему мозгу нужна головоломка. Заходи играть сейчас.,Твоему мозгу нужна головоломка. Заходи играть сейчас.,Ton cerveau a besoin d'une pause puzzle. Viens jouer maintenant.,Ton cerveau a besoin d'une pause puzzle. Viens jouer maintenant.,สมองของคุณต้องการพักปริศนา มาเล่นเดี๋ยวนี้,สมองของคุณต้องการพักปริศนา มาเล่นเดี๋ยวนี้
20270714,https://d26ml67612e64s.cloudfront.net/block_blast/image/TOURNAMENT_END_MSG.jpg,"{""social"":""A2U_BETA"",""type"":""20270714""}","Stack, match, and clear. Today's puzzle awaits.","Stack, match, and clear. Today's puzzle awaits.",كدّس، طابق، وامسح. لغزك اليوم بانتظارك.,كدّس، طابق، وامسح. لغزك اليوم بانتظارك.,"Apila, combina y borra. Tu puzzle de hoy te espera.","Apila, combina y borra. Tu puzzle de hoy te espera.","Empilhe, combine e limpe. Seu puzzle de hoje aguarda.","Empilhe, combine e limpe. Seu puzzle de hoje aguarda.","Tumpuk, padukan, dan hapus. Puzzle hari ini menanti.","Tumpuk, padukan, dan hapus. Puzzle hari ini menanti.","Складывай, сопоставляй и очищай. Твоя головоломка на сегодня ждёт.","Складывай, сопоставляй и очищай. Твоя головоломка на сегодня ждёт.","Empile, assortis et efface. Ton puzzle d'aujourd'hui t'attend.","Empile, assortis et efface. Ton puzzle d'aujourd'hui t'attend.",เรียง จับคู่ และล้าง ปริศนาวันนี้รออยู่,เรียง จับคู่ และล้าง ปริศนาวันนี้รออยู่
20270715,https://d26ml67612e64s.cloudfront.net/block_blast/image/TOURNAMENT_END_MSG.jpg,"{""social"":""A2U_BETA"",""type"":""20270715""}",How many lines can you clear today? Find out now.,How many lines can you clear today? Find out now.,كم خطاً يمكنك مسحه اليوم؟ اكتشف الآن.,كم خطاً يمكنك مسحه اليوم؟ اكتشف الآن.,¿Cuántas líneas puedes borrar hoy? Descúbrelo ahora.,¿Cuántas líneas puedes borrar hoy? Descúbrelo ahora.,Quantas linhas você pode limpar hoje? Descubra agora.,Quantas linhas você pode limpar hoje? Descubra agora.,Berapa banyak garis yang bisa kamu hapus hari ini? Cari tahu sekarang.,Berapa banyak garis yang bisa kamu hapus hari ini? Cari tahu sekarang.,Сколько линий ты можешь очистить сегодня? Узнай сейчас.,Сколько линий ты можешь очистить сегодня? Узнай сейчас.,Combien de lignes peux-tu effacer aujourd'hui? Découvre-le maintenant.,Combien de lignes peux-tu effacer aujourd'hui? Découvre-le maintenant.,วันนี้คุณจะล้างได้กี่เส้น? มาดูกันเดี๋ยวนี้,วันนี้คุณจะล้างได้กี่เส้น? มาดูกันเดี๋ยวนี้
20270716,https://d26ml67612e64s.cloudfront.net/block_blast/image/TOURNAMENT_END_MSG.jpg,"{""social"":""A2U_BETA"",""type"":""20270716""}",Daily block fun is calling. Come play your favorite puzzle.,Daily block fun is calling. Come play your favorite puzzle.,متعة القطع اليومية تناديك. تعال والعب لغزك المفضل.,متعة القطع اليومية تناديك. تعال والعب لغزك المفضل.,La diversión diaria de bloques te llama. Ven a jugar tu puzzle favorito.,La diversión diaria de bloques te llama. Ven a jugar tu puzzle favorito.,A diversão diária de blocos está chamando. Venha jogar seu puzzle favorito.,A diversão diária de blocos está chamando. Venha jogar seu puzzle favorito.,Keseruan blok harian memanggilmu. Ayo main puzzle favoritmu.,Keseruan blok harian memanggilmu. Ayo main puzzle favoritmu.,Ежедневное веселье с блоками зовёт. Заходи играть в свою любимую головоломку.,Ежедневное веселье с блоками зовёт. Заходи играть в свою любимую головоломку.,Le plaisir quotidien des blocs t'appelle. Viens jouer à ton puzzle préféré.,Le plaisir quotidien des blocs t'appelle. Viens jouer à ton puzzle préféré.,ความสนุกบล็อกประจำวันกำลังเรียกหา มาเล่นปริศนาโปรดของคุณ,ความสนุกบล็อกประจำวันกำลังเรียกหา มาเล่นปริศนาโปรดของคุณ
20270718,https://d26ml67612e64s.cloudfront.net/block_blast/image/TOURNAMENT_END_MSG.jpg,"{""social"":""A2U_BETA"",""type"":""20270718""}",Master the board today. Your blocks are ready.,Master the board today. Your blocks are ready.,أتقن اللوحة اليوم. قطعك جاهزة.,أتقن اللوحة اليوم. قطعك جاهزة.,Domina el tablero hoy. Tus bloques están listos.,Domina el tablero hoy. Tus bloques están listos.,Domine o tabuleiro hoje. Seus blocos estão prontos.,Domine o tabuleiro hoje. Seus blocos estão prontos.,Kuasai papan hari ini. Blokmu sudah siap.,Kuasai papan hari ini. Blokmu sudah siap.,Освой доску сегодня. Твои блоки готовы.,Освой доску сегодня. Твои блоки готовы.,Maîtrise le tableau aujourd'hui. Tes blocs sont prêts.,Maîtrise le tableau aujourd'hui. Tes blocs sont prêts.,มาเชี่ยวชาญกระดานวันนี้ บล็อกของคุณพร้อมแล้ว,มาเชี่ยวชาญกระดานวันนี้ บล็อกของคุณพร้อมแล้ว
20270719,https://d26ml67612e64s.cloudfront.net/block_blast/image/TOURNAMENT_END_MSG.jpg,"{""social"":""A2U_BETA"",""type"":""20270719""}",Take a puzzle break and clear the board today.,Take a puzzle break and clear the board today.,خذ استراحة ألغاز وامسح اللوحة اليوم.,خذ استراحة ألغاز وامسح اللوحة اليوم.,Toma un descanso de puzzles y despeja el tablero hoy.,Toma un descanso de puzzles y despeja el tablero hoy.,Faça uma pausa para puzzles e limpe o tabuleiro hoje.,Faça uma pausa para puzzles e limpe o tabuleiro hoje.,Istirahat puzzle dan bersihkan papan hari ini.,Istirahat puzzle dan bersihkan papan hari ini.,Сделай перерыв на головоломку и очисти доску сегодня.,Сделай перерыв на головоломку и очисти доску сегодня.,Prends une pause puzzle et vide le tableau aujourd'hui.,Prends une pause puzzle et vide le tableau aujourd'hui.,พักปริศนาและล้างกระดานวันนี้,พักปริศนาและล้างกระดานวันนี้
20270720,https://d26ml67612e64s.cloudfront.net/block_blast/image/TOURNAMENT_END_MSG.jpg,"{""social"":""A2U_BETA"",""type"":""20270720""}",Your next high score is waiting. Come play now.,Your next high score is waiting. Come play now.,أعلى نتيجة تاليه لك تنتظرك. تعال والعب الآن.,أعلى نتيجة تاليه لك تنتظرك. تعال والعب الآن.,Tu próxima puntuación alta está esperando. Ven a jugar ahora.,Tu próxima puntuación alta está esperando. Ven a jugar ahora.,Sua próxima pontuação alta está esperando. Venha jogar agora.,Sua próxima pontuação alta está esperando. Venha jogar agora.,Skor tertinggi berikutnya menunggumu. Ayo main sekarang.,Skor tertinggi berikutnya menunggumu. Ayo main sekarang.,Твой следующий рекорд ждёт. Заходи играть сейчас.,Твой следующий рекорд ждёт. Заходи играть сейчас.,Ton prochain score élevé t'attend. Viens jouer maintenant.,Ton prochain score élevé t'attend. Viens jouer maintenant.,คะแนนสูงถัดไปของคุณกำลังรอ มาเล่นเดี๋ยวนี้,คะแนนสูงถัดไปของคุณกำลังรอ มาเล่นเดี๋ยวนี้
20270721,https://d26ml67612e64s.cloudfront.net/block_blast/image/TOURNAMENT_END_MSG.jpg,"{""social"":""A2U_BETA"",""type"":""20270721""}",Relax with some block-matching fun today.,Relax with some block-matching fun today.,استرخ مع بعض متعة مطابقة القطع اليوم.,استرخ مع بعض متعة مطابقة القطع اليوم.,Relájate con algo de diversión combinando bloques hoy.,Relájate con algo de diversión combinando bloques hoy.,Relaxe com alguma diversão combinando blocos hoje.,Relaxe com alguma diversão combinando blocos hoje.,Santai dengan keseruan mencocokkan blok hari ini.,Santai dengan keseruan mencocokkan blok hari ini.,Расслабься с весёлым сопоставлением блоков сегодня.,Расслабься с весёлым сопоставлением блоков сегодня.,Détends-toi avec du plaisir d'assortiment de blocs aujourd'hui.,Détends-toi avec du plaisir d'assortiment de blocs aujourd'hui.,ผ่อนคลายกับความสนุกในการจับคู่บล็อกวันนี้,ผ่อนคลายกับความสนุกในการจับคู่บล็อกวันนี้
20270722,https://d26ml67612e64s.cloudfront.net/block_blast/image/TOURNAMENT_END_MSG.jpg,"{""social"":""A2U_BETA"",""type"":""20270722""}",Challenge yourself with fresh puzzles right now.,Challenge yourself with fresh puzzles right now.,تحدى نفسك بألغاز جديدة الآن.,تحدى نفسك بألغاز جديدة الآن.,Desafíate con puzzles frescos ahora mismo.,Desafíate con puzzles frescos ahora mismo.,Desafie-se com puzzles frescos agora mesmo.,Desafie-se com puzzles frescos agora mesmo.,Tantang dirimu dengan puzzle segar sekarang juga.,Tantang dirimu dengan puzzle segar sekarang juga.,Брось себе вызов со свежими головоломками прямо сейчас.,Брось себе вызов со свежими головоломками прямо сейчас.,Défie-toi avec des puzzles frais dès maintenant.,Défie-toi avec des puzzles frais dès maintenant.,ท้าทายตัวเองด้วยปริศนาใหม่ตอนนี้เลย,ท้าทายตัวเองด้วยปริศนาใหม่ตอนนี้เลย
20270723,https://d26ml67612e64s.cloudfront.net/block_blast/image/TOURNAMENT_END_MSG.jpg,"{""social"":""A2U_BETA"",""type"":""20270723""}",Fill those lines and feel the satisfaction. Play today.,Fill those lines and feel the satisfaction. Play today.,املأ تلك الخطوط واشعر بالرضا. العب اليوم.,املأ تلك الخطوط واشعر بالرضا. العب اليوم.,Llena esas líneas y siente la satisfacción. Juega hoy.,Llena esas líneas y siente la satisfacción. Juega hoy.,Preencha essas linhas e sinta a satisfação. Jogue hoje.,Preencha essas linhas e sinta a satisfação. Jogue hoje.,Isi garis-garis itu dan rasakan kepuasannya. Main hari ini.,Isi garis-garis itu dan rasakan kepuasannya. Main hari ini.,Заполни эти линии и почувствуй удовлетворение. Играй сегодня.,Заполни эти линии и почувствуй удовлетворение. Играй сегодня.,Remplis ces lignes et ressens la satisfaction. Joue aujourd'hui.,Remplis ces lignes et ressens la satisfaction. Joue aujourd'hui.,เติมเส้นเหล่านั้นและรู้สึกถึงความพึงพอใจ เล่นวันนี้,เติมเส้นเหล่านั้นและรู้สึกถึงความพึงพอใจ เล่นวันนี้
20270725,https://d26ml67612e64s.cloudfront.net/block_blast/image/TOURNAMENT_END_MSG.jpg,"{""social"":""A2U_BETA"",""type"":""20270725""}",Perfect time for a quick puzzle session.,Perfect time for a quick puzzle session.,الوقت المثالي لجلسة ألغاز سريعة.,الوقت المثالي لجلسة ألغاز سريعة.,Momento perfecto para una sesión rápida de puzzles.,Momento perfecto para una sesión rápida de puzzles.,Momento perfeito para uma sessão rápida de puzzles.,Momento perfeito para uma sessão rápida de puzzles.,Waktu sempurna untuk sesi puzzle cepat.,Waktu sempurna untuk sesi puzzle cepat.,Идеальное время для быстрой головоломки.,Идеальное время для быстрой головоломки.,Moment parfait pour une session de puzzle rapide.,Moment parfait pour une session de puzzle rapide.,เวลาที่สมบูรณ์แบบสำหรับช่วงปริศนาสั้นๆ,เวลาที่สมบูรณ์แบบสำหรับช่วงปริศนาสั้นๆ
20270726,https://d26ml67612e64s.cloudfront.net/block_blast/image/TOURNAMENT_END_MSG.jpg,"{""social"":""A2U_BETA"",""type"":""20270726""}",Your blocks won't arrange themselves. Jump in now.,Your blocks won't arrange themselves. Jump in now.,قطعك لن ترتب نفسها. اقفز للداخل الآن.,قطعك لن ترتب نفسها. اقفز للداخل الآن.,Tus bloques no se organizarán solos. Salta ahora.,Tus bloques no se organizarán solos. Salta ahora.,Seus blocos não vão se organizar sozinhos. Pule agora.,Seus blocos não vão se organizar sozinhos. Pule agora.,Blokmu tidak akan mengatur dirinya sendiri. Lompat sekarang.,Blokmu tidak akan mengatur dirinya sendiri. Lompat sekarang.,Твои блоки не расставятся сами. Заходи сейчас.,Твои блоки не расставятся сами. Заходи сейчас.,Tes blocs ne s'arrangeront pas tout seuls. Saute maintenant.,Tes blocs ne s'arrangeront pas tout seuls. Saute maintenant.,บล็อกของคุณจะไม่จัดเรียงตัวเอง กระโดดเข้ามาเดี๋ยวนี้,บล็อกของคุณจะไม่จัดเรียงตัวเอง กระโดดเข้ามาเดี๋ยวนี้
20270727,https://d26ml67612e64s.cloudfront.net/block_blast/image/TOURNAMENT_END_MSG.jpg,"{""social"":""A2U_BETA"",""type"":""20270727""}",Beat your best score today. Start playing now.,Beat your best score today. Start playing now.,اهزم أفضل نتيجة لك اليوم. ابدأ اللعب الآن.,اهزم أفضل نتيجة لك اليوم. ابدأ اللعب الآن.,Supera tu mejor puntuación hoy. Empieza a jugar ahora.,Supera tu mejor puntuación hoy. Empieza a jugar ahora.,Bata sua melhor pontuação hoje. Comece a jogar agora.,Bata sua melhor pontuação hoje. Comece a jogar agora.,Kalahkan skor terbaikmu hari ini. Mulai main sekarang.,Kalahkan skor terbaikmu hari ini. Mulai main sekarang.,Побей свой лучший результат сегодня. Начни играть сейчас.,Побей свой лучший результат сегодня. Начни играть сейчас.,Bats ton meilleur score aujourd'hui. Commence à jouer maintenant.,Bats ton meilleur score aujourd'hui. Commence à jouer maintenant.,เอาชนะคะแนนที่ดีที่สุดของคุณวันนี้ เริ่มเล่นเดี๋ยวนี้,เอาชนะคะแนนที่ดีที่สุดของคุณวันนี้ เริ่มเล่นเดี๋ยวนี้
20270728,https://d26ml67612e64s.cloudfront.net/block_blast/image/TOURNAMENT_END_MSG.jpg,"{""social"":""A2U_BETA"",""type"":""20270728""}",A few minutes of puzzle fun awaits you.,A few minutes of puzzle fun awaits you.,بضع دقائق من متعة الألغاز تنتظرك.,بضع دقائق من متعة الألغاز تنتظرك.,Unos minutos de diversión con puzzles te esperan.,Unos minutos de diversión con puzzles te esperan.,Alguns minutos de diversão com puzzles aguardam você.,Alguns minutos de diversão com puzzles aguardam você.,Beberapa menit keseruan puzzle menantimu.,Beberapa menit keseruan puzzle menantimu.,Несколько минут головоломки ждут тебя.,Несколько минут головоломки ждут тебя.,Quelques minutes de plaisir puzzle t'attendent.,Quelques minutes de plaisir puzzle t'attendent.,ความสนุกปริศนาไม่กี่นาทีรอคุณอยู่,ความสนุกปริศนาไม่กี่นาทีรอคุณอยู่
20270729,https://d26ml67612e64s.cloudfront.net/block_blast/image/TOURNAMENT_END_MSG.jpg,"{""social"":""A2U_BETA"",""type"":""20270729""}",Keep your mind sharp with today's block challenge.,Keep your mind sharp with today's block challenge.,حافظ على حدة ذهنك مع تحدي القطع اليوم.,حافظ على حدة ذهنك مع تحدي القطع اليوم.,Mantén tu mente aguda con el desafío de bloques de hoy.,Mantén tu mente aguda con el desafío de bloques de hoy.,Mantenha sua mente afiada com o desafio de blocos de hoje.,Mantenha sua mente afiada com o desafio de blocos de hoje.,Jaga ketajaman pikiranmu dengan tantangan blok hari ini.,Jaga ketajaman pikiranmu dengan tantangan blok hari ini.,Держи свой ум острым с сегодняшним испытанием блоками.,Держи свой ум острым с сегодняшним испытанием блоками.,Garde ton esprit vif avec le défi de blocs d'aujourd'hui.,Garde ton esprit vif avec le défi de blocs d'aujourd'hui.,รักษาสมองของคุณให้แหลมคมด้วยความท้าทายบล็อกวันนี้,รักษาสมองของคุณให้แหลมคมด้วยความท้าทายบล็อกวันนี้
20270730,https://d26ml67612e64s.cloudfront.net/block_blast/image/TOURNAMENT_END_MSG.jpg,"{""social"":""A2U_BETA"",""type"":""20270730""}",Time to clear some lines. Jump in and play today.,Time to clear some lines. Jump in and play today.,حان وقت مسح بعض الخطوط. اقفز والعب اليوم.,حان وقت مسح بعض الخطوط. اقفز والعب اليوم.,Hora de borrar algunas líneas. Salta y juega hoy.,Hora de borrar algunas líneas. Salta y juega hoy.,Hora de limpar algumas linhas. Pule e jogue hoje.,Hora de limpar algumas linhas. Pule e jogue hoje.,Waktunya hapus beberapa garis. Lompat dan main hari ini.,Waktunya hapus beberapa garis. Lompat dan main hari ini.,Время очистить несколько линий. Заходи и играй сегодня.,Время очистить несколько линий. Заходи и играй сегодня.,Il est temps d'effacer quelques lignes. Saute et joue aujourd'hui.,Il est temps d'effacer quelques lignes. Saute et joue aujourd'hui.,ถึงเวลาล้างบางเส้นแล้ว กระโดดเข้ามาเล่นวันนี้,ถึงเวลาล้างบางเส้นแล้ว กระโดดเข้ามาเล่นวันนี้
20270801,https://d26ml67612e64s.cloudfront.net/block_blast/image/TOURNAMENT_END_MSG.jpg,"{""social"":""A2U_BETA"",""type"":""20270801""}",Your puzzle board is waiting. Come match those blocks.,Your puzzle board is waiting. Come match those blocks.,لوحة الألغاز الخاصة بك تنتظر. تعال وطابق تلك القطع.,لوحة الألغاز الخاصة بك تنتظر. تعال وطابق تلك القطع.,Tu tablero de rompecabezas está esperando. Ven a combinar esos bloques.,Tu tablero de rompecabezas está esperando. Ven a combinar esos bloques.,Seu tabuleiro de quebra-cabeça está esperando. Venha combinar esses blocos.,Seu tabuleiro de quebra-cabeça está esperando. Venha combinar esses blocos.,Papan puzzlemu menunggu. Ayo padukan blok-blok itu.,Papan puzzlemu menunggu. Ayo padukan blok-blok itu.,Твоя головоломка ждёт. Приходи и сопоставляй эти блоки.,Твоя головоломка ждёт. Приходи и сопоставляй эти блоки.,Ton tableau de puzzle t'attend. Viens assortir ces blocs.,Ton tableau de puzzle t'attend. Viens assortir ces blocs.,กระดานปริศนาของคุณกำลังรอ มาจับคู่บล็อกเหล่านั้นกันเถอะ,กระดานปริศนาของคุณกำลังรอ มาจับคู่บล็อกเหล่านั้นกันเถอะ
20270802,https://d26ml67612e64s.cloudfront.net/block_blast/image/TOURNAMENT_END_MSG.jpg,"{""social"":""A2U_BETA"",""type"":""20270802""}",Ready for today's block challenge? Let's play.,Ready for today's block challenge? Let's play.,مستعد لتحدي القطع اليوم؟ هيا نلعب.,مستعد لتحدي القطع اليوم؟ هيا نلعب.,¿Listo para el desafío de bloques de hoy? Juguemos.,¿Listo para el desafío de bloques de hoy? Juguemos.,Pronto para o desafio de blocos de hoje? Vamos jogar.,Pronto para o desafio de blocos de hoje? Vamos jogar.,Siap untuk tantangan blok hari ini? Ayo main.,Siap untuk tantangan blok hari ini? Ayo main.,Готов к сегодняшнему испытанию блоками? Давай играть.,Готов к сегодняшнему испытанию блоками? Давай играть.,Prêt pour le défi de blocs d'aujourd'hui? Jouons.,Prêt pour le défi de blocs d'aujourd'hui? Jouons.,พร้อมสำหรับความท้าทายบล็อกวันนี้แล้วหรือยัง? มาเล่นกันเถอะ,พร้อมสำหรับความท้าทายบล็อกวันนี้แล้วหรือยัง? มาเล่นกันเถอะ
20270803,https://d26ml67612e64s.cloudfront.net/block_blast/image/TOURNAMENT_END_MSG.jpg,"{""social"":""A2U_BETA"",""type"":""20270803""}","Clear lines, score big. Start your daily puzzle now.","Clear lines, score big. Start your daily puzzle now.",امسح الخطوط، احرز نقاطاً كبيرة. ابدأ لغزك اليومي الآن.,امسح الخطوط، احرز نقاطاً كبيرة. ابدأ لغزك اليومي الآن.,"Borra líneas, anota en grande. Comienza tu puzzle diario ahora.","Borra líneas, anota en grande. Comienza tu puzzle diario ahora.","Limpe linhas, pontue alto. Comece seu puzzle diário agora.","Limpe linhas, pontue alto. Comece seu puzzle diário agora.","Hapus garis, skor besar. Mulai puzzle harianmu sekarang.","Hapus garis, skor besar. Mulai puzzle harianmu sekarang.","Очищай линии, зарабатывай много. Начни свою ежедневную головоломку сейчас.","Очищай линии, зарабатывай много. Начни свою ежедневную головоломку сейчас.","Efface des lignes, marque gros. Commence ton puzzle quotidien maintenant.","Efface des lignes, marque gros. Commence ton puzzle quotidien maintenant.",ล้างเส้น ทำคะแนนสูง เริ่มปริศนาประจำวันของคุณเดี๋ยวนี้,ล้างเส้น ทำคะแนนสูง เริ่มปริศนาประจำวันของคุณเดี๋ยวนี้
20270804,https://d26ml67612e64s.cloudfront.net/block_blast/image/TOURNAMENT_END_MSG.jpg,"{""social"":""A2U_BETA"",""type"":""20270804""}","New blocks, new challenges. Play Puzzle Block Master today.","New blocks, new challenges. Play Puzzle Block Master today.",قطع جديدة، تحديات جديدة. العب ماستر بلوك بازل اليوم.,قطع جديدة، تحديات جديدة. العب ماستر بلوك بازل اليوم.,"Nuevos bloques, nuevos desafíos. Juega Puzzle Block Master hoy.","Nuevos bloques, nuevos desafíos. Juega Puzzle Block Master hoy.","Novos blocos, novos desafios. Jogue Puzzle Block Master hoje.","Novos blocos, novos desafios. Jogue Puzzle Block Master hoje.","Blok baru, tantangan baru. Main Puzzle Block Master hari ini.","Blok baru, tantangan baru. Main Puzzle Block Master hari ini.","Новые блоки, новые испытания. Играй в Puzzle Block Master сегодня.","Новые блоки, новые испытания. Играй в Puzzle Block Master сегодня.","Nouveaux blocs, nouveaux défis. Joue à Puzzle Block Master aujourd'hui.","Nouveaux blocs, nouveaux défis. Joue à Puzzle Block Master aujourd'hui.",บล็อกใหม่ ความท้าทายใหม่ เล่น Puzzle Block Master วันนี้,บล็อกใหม่ ความท้าทายใหม่ เล่น Puzzle Block Master วันนี้
20270805,https://d26ml67612e64s.cloudfront.net/block_blast/image/TOURNAMENT_END_MSG.jpg,"{""social"":""A2U_BETA"",""type"":""20270805""}",Your brain needs a puzzle break. Come play now.,Your brain needs a puzzle break. Come play now.,عقلك يحتاج لاستراحة ألغاز. تعال والعب الآن.,عقلك يحتاج لاستراحة ألغاز. تعال والعب الآن.,Tu cerebro necesita un descanso de puzzles. Ven a jugar ahora.,Tu cerebro necesita un descanso de puzzles. Ven a jugar ahora.,Seu cérebro precisa de uma pausa para puzzles. Venha jogar agora.,Seu cérebro precisa de uma pausa para puzzles. Venha jogar agora.,Otakmu butuh istirahat puzzle. Ayo main sekarang.,Otakmu butuh istirahat puzzle. Ayo main sekarang.,Твоему мозгу нужна головоломка. Заходи играть сейчас.,Твоему мозгу нужна головоломка. Заходи играть сейчас.,Ton cerveau a besoin d'une pause puzzle. Viens jouer maintenant.,Ton cerveau a besoin d'une pause puzzle. Viens jouer maintenant.,สมองของคุณต้องการพักปริศนา มาเล่นเดี๋ยวนี้,สมองของคุณต้องการพักปริศนา มาเล่นเดี๋ยวนี้
20270806,https://d26ml67612e64s.cloudfront.net/block_blast/image/TOURNAMENT_END_MSG.jpg,"{""social"":""A2U_BETA"",""type"":""20270806""}","Stack, match, and clear. Today's puzzle awaits.","Stack, match, and clear. Today's puzzle awaits.",كدّس، طابق، وامسح. لغزك اليوم بانتظارك.,كدّس، طابق، وامسح. لغزك اليوم بانتظارك.,"Apila, combina y borra. Tu puzzle de hoy te espera.","Apila, combina y borra. Tu puzzle de hoy te espera.","Empilhe, combine e limpe. Seu puzzle de hoje aguarda.","Empilhe, combine e limpe. Seu puzzle de hoje aguarda.","Tumpuk, padukan, dan hapus. Puzzle hari ini menanti.","Tumpuk, padukan, dan hapus. Puzzle hari ini menanti.","Складывай, сопоставляй и очищай. Твоя головоломка на сегодня ждёт.","Складывай, сопоставляй и очищай. Твоя головоломка на сегодня ждёт.","Empile, assortis et efface. Ton puzzle d'aujourd'hui t'attend.","Empile, assortis et efface. Ton puzzle d'aujourd'hui t'attend.",เรียง จับคู่ และล้าง ปริศนาวันนี้รออยู่,เรียง จับคู่ และล้าง ปริศนาวันนี้รออยู่
20270808,https://d26ml67612e64s.cloudfront.net/block_blast/image/TOURNAMENT_END_MSG.jpg,"{""social"":""A2U_BETA"",""type"":""20270808""}",How many lines can you clear today? Find out now.,How many lines can you clear today? Find out now.,كم خطاً يمكنك مسحه اليوم؟ اكتشف الآن.,كم خطاً يمكنك مسحه اليوم؟ اكتشف الآن.,¿Cuántas líneas puedes borrar hoy? Descúbrelo ahora.,¿Cuántas líneas puedes borrar hoy? Descúbrelo ahora.,Quantas linhas você pode limpar hoje? Descubra agora.,Quantas linhas você pode limpar hoje? Descubra agora.,Berapa banyak garis yang bisa kamu hapus hari ini? Cari tahu sekarang.,Berapa banyak garis yang bisa kamu hapus hari ini? Cari tahu sekarang.,Сколько линий ты можешь очистить сегодня? Узнай сейчас.,Сколько линий ты можешь очистить сегодня? Узнай сейчас.,Combien de lignes peux-tu effacer aujourd'hui? Découvre-le maintenant.,Combien de lignes peux-tu effacer aujourd'hui? Découvre-le maintenant.,วันนี้คุณจะล้างได้กี่เส้น? มาดูกันเดี๋ยวนี้,วันนี้คุณจะล้างได้กี่เส้น? มาดูกันเดี๋ยวนี้
20270809,https://d26ml67612e64s.cloudfront.net/block_blast/image/TOURNAMENT_END_MSG.jpg,"{""social"":""A2U_BETA"",""type"":""20270809""}",Daily block fun is calling. Come play your favorite puzzle.,Daily block fun is calling. Come play your favorite puzzle.,متعة القطع اليومية تناديك. تعال والعب لغزك المفضل.,متعة القطع اليومية تناديك. تعال والعب لغزك المفضل.,La diversión diaria de bloques te llama. Ven a jugar tu puzzle favorito.,La diversión diaria de bloques te llama. Ven a jugar tu puzzle favorito.,A diversão diária de blocos está chamando. Venha jogar seu puzzle favorito.,A diversão diária de blocos está chamando. Venha jogar seu puzzle favorito.,Keseruan blok harian memanggilmu. Ayo main puzzle favoritmu.,Keseruan blok harian memanggilmu. Ayo main puzzle favoritmu.,Ежедневное веселье с блоками зовёт. Заходи играть в свою любимую головоломку.,Ежедневное веселье с блоками зовёт. Заходи играть в свою любимую головоломку.,Le plaisir quotidien des blocs t'appelle. Viens jouer à ton puzzle préféré.,Le plaisir quotidien des blocs t'appelle. Viens jouer à ton puzzle préféré.,ความสนุกบล็อกประจำวันกำลังเรียกหา มาเล่นปริศนาโปรดของคุณ,ความสนุกบล็อกประจำวันกำลังเรียกหา มาเล่นปริศนาโปรดของคุณ
20270810,https://d26ml67612e64s.cloudfront.net/block_blast/image/TOURNAMENT_END_MSG.jpg,"{""social"":""A2U_BETA"",""type"":""20270810""}",Master the board today. Your blocks are ready.,Master the board today. Your blocks are ready.,أتقن اللوحة اليوم. قطعك جاهزة.,أتقن اللوحة اليوم. قطعك جاهزة.,Domina el tablero hoy. Tus bloques están listos.,Domina el tablero hoy. Tus bloques están listos.,Domine o tabuleiro hoje. Seus blocos estão prontos.,Domine o tabuleiro hoje. Seus blocos estão prontos.,Kuasai papan hari ini. Blokmu sudah siap.,Kuasai papan hari ini. Blokmu sudah siap.,Освой доску сегодня. Твои блоки готовы.,Освой доску сегодня. Твои блоки готовы.,Maîtrise le tableau aujourd'hui. Tes blocs sont prêts.,Maîtrise le tableau aujourd'hui. Tes blocs sont prêts.,มาเชี่ยวชาญกระดานวันนี้ บล็อกของคุณพร้อมแล้ว,มาเชี่ยวชาญกระดานวันนี้ บล็อกของคุณพร้อมแล้ว
20270811,https://d26ml67612e64s.cloudfront.net/block_blast/image/TOURNAMENT_END_MSG.jpg,"{""social"":""A2U_BETA"",""type"":""20270811""}",Take a puzzle break and clear the board today.,Take a puzzle break and clear the board today.,خذ استراحة ألغاز وامسح اللوحة اليوم.,خذ استراحة ألغاز وامسح اللوحة اليوم.,Toma un descanso de puzzles y despeja el tablero hoy.,Toma un descanso de puzzles y despeja el tablero hoy.,Faça uma pausa para puzzles e limpe o tabuleiro hoje.,Faça uma pausa para puzzles e limpe o tabuleiro hoje.,Istirahat puzzle dan bersihkan papan hari ini.,Istirahat puzzle dan bersihkan papan hari ini.,Сделай перерыв на головоломку и очисти доску сегодня.,Сделай перерыв на головоломку и очисти доску сегодня.,Prends une pause puzzle et vide le tableau aujourd'hui.,Prends une pause puzzle et vide le tableau aujourd'hui.,พักปริศนาและล้างกระดานวันนี้,พักปริศนาและล้างกระดานวันนี้
20270812,https://d26ml67612e64s.cloudfront.net/block_blast/image/TOURNAMENT_END_MSG.jpg,"{""social"":""A2U_BETA"",""type"":""20270812""}",Your next high score is waiting. Come play now.,Your next high score is waiting. Come play now.,أعلى نتيجة تاليه لك تنتظرك. تعال والعب الآن.,أعلى نتيجة تاليه لك تنتظرك. تعال والعب الآن.,Tu próxima puntuación alta está esperando. Ven a jugar ahora.,Tu próxima puntuación alta está esperando. Ven a jugar ahora.,Sua próxima pontuação alta está esperando. Venha jogar agora.,Sua próxima pontuação alta está esperando. Venha jogar agora.,Skor tertinggi berikutnya menunggumu. Ayo main sekarang.,Skor tertinggi berikutnya menunggumu. Ayo main sekarang.,Твой следующий рекорд ждёт. Заходи играть сейчас.,Твой следующий рекорд ждёт. Заходи играть сейчас.,Ton prochain score élevé t'attend. Viens jouer maintenant.,Ton prochain score élevé t'attend. Viens jouer maintenant.,คะแนนสูงถัดไปของคุณกำลังรอ มาเล่นเดี๋ยวนี้,คะแนนสูงถัดไปของคุณกำลังรอ มาเล่นเดี๋ยวนี้
20270813,https://d26ml67612e64s.cloudfront.net/block_blast/image/TOURNAMENT_END_MSG.jpg,"{""social"":""A2U_BETA"",""type"":""20270813""}",Relax with some block-matching fun today.,Relax with some block-matching fun today.,استرخ مع بعض متعة مطابقة القطع اليوم.,استرخ مع بعض متعة مطابقة القطع اليوم.,Relájate con algo de diversión combinando bloques hoy.,Relájate con algo de diversión combinando bloques hoy.,Relaxe com alguma diversão combinando blocos hoje.,Relaxe com alguma diversão combinando blocos hoje.,Santai dengan keseruan mencocokkan blok hari ini.,Santai dengan keseruan mencocokkan blok hari ini.,Расслабься с весёлым сопоставлением блоков сегодня.,Расслабься с весёлым сопоставлением блоков сегодня.,Détends-toi avec du plaisir d'assortiment de blocs aujourd'hui.,Détends-toi avec du plaisir d'assortiment de blocs aujourd'hui.,ผ่อนคลายกับความสนุกในการจับคู่บล็อกวันนี้,ผ่อนคลายกับความสนุกในการจับคู่บล็อกวันนี้
20270815,https://d26ml67612e64s.cloudfront.net/block_blast/image/TOURNAMENT_END_MSG.jpg,"{""social"":""A2U_BETA"",""type"":""20270815""}",Challenge yourself with fresh puzzles right now.,Challenge yourself with fresh puzzles right now.,تحدى نفسك بألغاز جديدة الآن.,تحدى نفسك بألغاز جديدة الآن.,Desafíate con puzzles frescos ahora mismo.,Desafíate con puzzles frescos ahora mismo.,Desafie-se com puzzles frescos agora mesmo.,Desafie-se com puzzles frescos agora mesmo.,Tantang dirimu dengan puzzle segar sekarang juga.,Tantang dirimu dengan puzzle segar sekarang juga.,Брось себе вызов со свежими головоломками прямо сейчас.,Брось себе вызов со свежими головоломками прямо сейчас.,Défie-toi avec des puzzles frais dès maintenant.,Défie-toi avec des puzzles frais dès maintenant.,ท้าทายตัวเองด้วยปริศนาใหม่ตอนนี้เลย,ท้าทายตัวเองด้วยปริศนาใหม่ตอนนี้เลย
20270816,https://d26ml67612e64s.cloudfront.net/block_blast/image/TOURNAMENT_END_MSG.jpg,"{""social"":""A2U_BETA"",""type"":""20270816""}",Fill those lines and feel the satisfaction. Play today.,Fill those lines and feel the satisfaction. Play today.,املأ تلك الخطوط واشعر بالرضا. العب اليوم.,املأ تلك الخطوط واشعر بالرضا. العب اليوم.,Llena esas líneas y siente la satisfacción. Juega hoy.,Llena esas líneas y siente la satisfacción. Juega hoy.,Preencha essas linhas e sinta a satisfação. Jogue hoje.,Preencha essas linhas e sinta a satisfação. Jogue hoje.,Isi garis-garis itu dan rasakan kepuasannya. Main hari ini.,Isi garis-garis itu dan rasakan kepuasannya. Main hari ini.,Заполни эти линии и почувствуй удовлетворение. Играй сегодня.,Заполни эти линии и почувствуй удовлетворение. Играй сегодня.,Remplis ces lignes et ressens la satisfaction. Joue aujourd'hui.,Remplis ces lignes et ressens la satisfaction. Joue aujourd'hui.,เติมเส้นเหล่านั้นและรู้สึกถึงความพึงพอใจ เล่นวันนี้,เติมเส้นเหล่านั้นและรู้สึกถึงความพึงพอใจ เล่นวันนี้
20270817,https://d26ml67612e64s.cloudfront.net/block_blast/image/TOURNAMENT_END_MSG.jpg,"{""social"":""A2U_BETA"",""type"":""20270817""}",Perfect time for a quick puzzle session.,Perfect time for a quick puzzle session.,الوقت المثالي لجلسة ألغاز سريعة.,الوقت المثالي لجلسة ألغاز سريعة.,Momento perfecto para una sesión rápida de puzzles.,Momento perfecto para una sesión rápida de puzzles.,Momento perfeito para uma sessão rápida de puzzles.,Momento perfeito para uma sessão rápida de puzzles.,Waktu sempurna untuk sesi puzzle cepat.,Waktu sempurna untuk sesi puzzle cepat.,Идеальное время для быстрой головоломки.,Идеальное время для быстрой головоломки.,Moment parfait pour une session de puzzle rapide.,Moment parfait pour une session de puzzle rapide.,เวลาที่สมบูรณ์แบบสำหรับช่วงปริศนาสั้นๆ,เวลาที่สมบูรณ์แบบสำหรับช่วงปริศนาสั้นๆ
20270818,https://d26ml67612e64s.cloudfront.net/block_blast/image/TOURNAMENT_END_MSG.jpg,"{""social"":""A2U_BETA"",""type"":""20270818""}",Your blocks won't arrange themselves. Jump in now.,Your blocks won't arrange themselves. Jump in now.,قطعك لن ترتب نفسها. اقفز للداخل الآن.,قطعك لن ترتب نفسها. اقفز للداخل الآن.,Tus bloques no se organizarán solos. Salta ahora.,Tus bloques no se organizarán solos. Salta ahora.,Seus blocos não vão se organizar sozinhos. Pule agora.,Seus blocos não vão se organizar sozinhos. Pule agora.,Blokmu tidak akan mengatur dirinya sendiri. Lompat sekarang.,Blokmu tidak akan mengatur dirinya sendiri. Lompat sekarang.,Твои блоки не расставятся сами. Заходи сейчас.,Твои блоки не расставятся сами. Заходи сейчас.,Tes blocs ne s'arrangeront pas tout seuls. Saute maintenant.,Tes blocs ne s'arrangeront pas tout seuls. Saute maintenant.,บล็อกของคุณจะไม่จัดเรียงตัวเอง กระโดดเข้ามาเดี๋ยวนี้,บล็อกของคุณจะไม่จัดเรียงตัวเอง กระโดดเข้ามาเดี๋ยวนี้
20270819,https://d26ml67612e64s.cloudfront.net/block_blast/image/TOURNAMENT_END_MSG.jpg,"{""social"":""A2U_BETA"",""type"":""20270819""}",Beat your best score today. Start playing now.,Beat your best score today. Start playing now.,اهزم أفضل نتيجة لك اليوم. ابدأ اللعب الآن.,اهزم أفضل نتيجة لك اليوم. ابدأ اللعب الآن.,Supera tu mejor puntuación hoy. Empieza a jugar ahora.,Supera tu mejor puntuación hoy. Empieza a jugar ahora.,Bata sua melhor pontuação hoje. Comece a jogar agora.,Bata sua melhor pontuação hoje. Comece a jogar agora.,Kalahkan skor terbaikmu hari ini. Mulai main sekarang.,Kalahkan skor terbaikmu hari ini. Mulai main sekarang.,Побей свой лучший результат сегодня. Начни играть сейчас.,Побей свой лучший результат сегодня. Начни играть сейчас.,Bats ton meilleur score aujourd'hui. Commence à jouer maintenant.,Bats ton meilleur score aujourd'hui. Commence à jouer maintenant.,เอาชนะคะแนนที่ดีที่สุดของคุณวันนี้ เริ่มเล่นเดี๋ยวนี้,เอาชนะคะแนนที่ดีที่สุดของคุณวันนี้ เริ่มเล่นเดี๋ยวนี้
20270820,https://d26ml67612e64s.cloudfront.net/block_blast/image/TOURNAMENT_END_MSG.jpg,"{""social"":""A2U_BETA"",""type"":""20270820""}",A few minutes of puzzle fun awaits you.,A few minutes of puzzle fun awaits you.,بضع دقائق من متعة الألغاز تنتظرك.,بضع دقائق من متعة الألغاز تنتظرك.,Unos minutos de diversión con puzzles te esperan.,Unos minutos de diversión con puzzles te esperan.,Alguns minutos de diversão com puzzles aguardam você.,Alguns minutos de diversão com puzzles aguardam você.,Beberapa menit keseruan puzzle menantimu.,Beberapa menit keseruan puzzle menantimu.,Несколько минут головоломки ждут тебя.,Несколько минут головоломки ждут тебя.,Quelques minutes de plaisir puzzle t'attendent.,Quelques minutes de plaisir puzzle t'attendent.,ความสนุกปริศนาไม่กี่นาทีรอคุณอยู่,ความสนุกปริศนาไม่กี่นาทีรอคุณอยู่
20270822,https://d26ml67612e64s.cloudfront.net/block_blast/image/TOURNAMENT_END_MSG.jpg,"{""social"":""A2U_BETA"",""type"":""20270822""}",Keep your mind sharp with today's block challenge.,Keep your mind sharp with today's block challenge.,حافظ على حدة ذهنك مع تحدي القطع اليوم.,حافظ على حدة ذهنك مع تحدي القطع اليوم.,Mantén tu mente aguda con el desafío de bloques de hoy.,Mantén tu mente aguda con el desafío de bloques de hoy.,Mantenha sua mente afiada com o desafio de blocos de hoje.,Mantenha sua mente afiada com o desafio de blocos de hoje.,Jaga ketajaman pikiranmu dengan tantangan blok hari ini.,Jaga ketajaman pikiranmu dengan tantangan blok hari ini.,Держи свой ум острым с сегодняшним испытанием блоками.,Держи свой ум острым с сегодняшним испытанием блоками.,Garde ton esprit vif avec le défi de blocs d'aujourd'hui.,Garde ton esprit vif avec le défi de blocs d'aujourd'hui.,รักษาสมองของคุณให้แหลมคมด้วยความท้าทายบล็อกวันนี้,รักษาสมองของคุณให้แหลมคมด้วยความท้าทายบล็อกวันนี้
20270823,https://d26ml67612e64s.cloudfront.net/block_blast/image/TOURNAMENT_END_MSG.jpg,"{""social"":""A2U_BETA"",""type"":""20270823""}",Time to clear some lines. Jump in and play today.,Time to clear some lines. Jump in and play today.,حان وقت مسح بعض الخطوط. اقفز والعب اليوم.,حان وقت مسح بعض الخطوط. اقفز والعب اليوم.,Hora de borrar algunas líneas. Salta y juega hoy.,Hora de borrar algunas líneas. Salta y juega hoy.,Hora de limpar algumas linhas. Pule e jogue hoje.,Hora de limpar algumas linhas. Pule e jogue hoje.,Waktunya hapus beberapa garis. Lompat dan main hari ini.,Waktunya hapus beberapa garis. Lompat dan main hari ini.,Время очистить несколько линий. Заходи и играй сегодня.,Время очистить несколько линий. Заходи и играй сегодня.,Il est temps d'effacer quelques lignes. Saute et joue aujourd'hui.,Il est temps d'effacer quelques lignes. Saute et joue aujourd'hui.,ถึงเวลาล้างบางเส้นแล้ว กระโดดเข้ามาเล่นวันนี้,ถึงเวลาล้างบางเส้นแล้ว กระโดดเข้ามาเล่นวันนี้
20270824,https://d26ml67612e64s.cloudfront.net/block_blast/image/TOURNAMENT_END_MSG.jpg,"{""social"":""A2U_BETA"",""type"":""20270824""}",Your puzzle board is waiting. Come match those blocks.,Your puzzle board is waiting. Come match those blocks.,لوحة الألغاز الخاصة بك تنتظر. تعال وطابق تلك القطع.,لوحة الألغاز الخاصة بك تنتظر. تعال وطابق تلك القطع.,Tu tablero de rompecabezas está esperando. Ven a combinar esos bloques.,Tu tablero de rompecabezas está esperando. Ven a combinar esos bloques.,Seu tabuleiro de quebra-cabeça está esperando. Venha combinar esses blocos.,Seu tabuleiro de quebra-cabeça está esperando. Venha combinar esses blocos.,Papan puzzlemu menunggu. Ayo padukan blok-blok itu.,Papan puzzlemu menunggu. Ayo padukan blok-blok itu.,Твоя головоломка ждёт. Приходи и сопоставляй эти блоки.,Твоя головоломка ждёт. Приходи и сопоставляй эти блоки.,Ton tableau de puzzle t'attend. Viens assortir ces blocs.,Ton tableau de puzzle t'attend. Viens assortir ces blocs.,กระดานปริศนาของคุณกำลังรอ มาจับคู่บล็อกเหล่านั้นกันเถอะ,กระดานปริศนาของคุณกำลังรอ มาจับคู่บล็อกเหล่านั้นกันเถอะ
20270825,https://d26ml67612e64s.cloudfront.net/block_blast/image/TOURNAMENT_END_MSG.jpg,"{""social"":""A2U_BETA"",""type"":""20270825""}",Ready for today's block challenge? Let's play.,Ready for today's block challenge? Let's play.,مستعد لتحدي القطع اليوم؟ هيا نلعب.,مستعد لتحدي القطع اليوم؟ هيا نلعب.,¿Listo para el desafío de bloques de hoy? Juguemos.,¿Listo para el desafío de bloques de hoy? Juguemos.,Pronto para o desafio de blocos de hoje? Vamos jogar.,Pronto para o desafio de blocos de hoje? Vamos jogar.,Siap untuk tantangan blok hari ini? Ayo main.,Siap untuk tantangan blok hari ini? Ayo main.,Готов к сегодняшнему испытанию блоками? Давай играть.,Готов к сегодняшнему испытанию блоками? Давай играть.,Prêt pour le défi de blocs d'aujourd'hui? Jouons.,Prêt pour le défi de blocs d'aujourd'hui? Jouons.,พร้อมสำหรับความท้าทายบล็อกวันนี้แล้วหรือยัง? มาเล่นกันเถอะ,พร้อมสำหรับความท้าทายบล็อกวันนี้แล้วหรือยัง? มาเล่นกันเถอะ
20270826,https://d26ml67612e64s.cloudfront.net/block_blast/image/TOURNAMENT_END_MSG.jpg,"{""social"":""A2U_BETA"",""type"":""20270826""}","Clear lines, score big. Start your daily puzzle now.","Clear lines, score big. Start your daily puzzle now.",امسح الخطوط، احرز نقاطاً كبيرة. ابدأ لغزك اليومي الآن.,امسح الخطوط، احرز نقاطاً كبيرة. ابدأ لغزك اليومي الآن.,"Borra líneas, anota en grande. Comienza tu puzzle diario ahora.","Borra líneas, anota en grande. Comienza tu puzzle diario ahora.","Limpe linhas, pontue alto. Comece seu puzzle diário agora.","Limpe linhas, pontue alto. Comece seu puzzle diário agora.","Hapus garis, skor besar. Mulai puzzle harianmu sekarang.","Hapus garis, skor besar. Mulai puzzle harianmu sekarang.","Очищай линии, зарабатывай много. Начни свою ежедневную головоломку сейчас.","Очищай линии, зарабатывай много. Начни свою ежедневную головоломку сейчас.","Efface des lignes, marque gros. Commence ton puzzle quotidien maintenant.","Efface des lignes, marque gros. Commence ton puzzle quotidien maintenant.",ล้างเส้น ทำคะแนนสูง เริ่มปริศนาประจำวันของคุณเดี๋ยวนี้,ล้างเส้น ทำคะแนนสูง เริ่มปริศนาประจำวันของคุณเดี๋ยวนี้
20270827,https://d26ml67612e64s.cloudfront.net/block_blast/image/TOURNAMENT_END_MSG.jpg,"{""social"":""A2U_BETA"",""type"":""20270827""}","New blocks, new challenges. Play Puzzle Block Master today.","New blocks, new challenges. Play Puzzle Block Master today.",قطع جديدة، تحديات جديدة. العب ماستر بلوك بازل اليوم.,قطع جديدة، تحديات جديدة. العب ماستر بلوك بازل اليوم.,"Nuevos bloques, nuevos desafíos. Juega Puzzle Block Master hoy.","Nuevos bloques, nuevos desafíos. Juega Puzzle Block Master hoy.","Novos blocos, novos desafios. Jogue Puzzle Block Master hoje.","Novos blocos, novos desafios. Jogue Puzzle Block Master hoje.","Blok baru, tantangan baru. Main Puzzle Block Master hari ini.","Blok baru, tantangan baru. Main Puzzle Block Master hari ini.","Новые блоки, новые испытания. Играй в Puzzle Block Master сегодня.","Новые блоки, новые испытания. Играй в Puzzle Block Master сегодня.","Nouveaux blocs, nouveaux défis. Joue à Puzzle Block Master aujourd'hui.","Nouveaux blocs, nouveaux défis. Joue à Puzzle Block Master aujourd'hui.",บล็อกใหม่ ความท้าทายใหม่ เล่น Puzzle Block Master วันนี้,บล็อกใหม่ ความท้าทายใหม่ เล่น Puzzle Block Master วันนี้
20270829,https://d26ml67612e64s.cloudfront.net/block_blast/image/TOURNAMENT_END_MSG.jpg,"{""social"":""A2U_BETA"",""type"":""20270829""}",Your brain needs a puzzle break. Come play now.,Your brain needs a puzzle break. Come play now.,عقلك يحتاج لاستراحة ألغاز. تعال والعب الآن.,عقلك يحتاج لاستراحة ألغاز. تعال والعب الآن.,Tu cerebro necesita un descanso de puzzles. Ven a jugar ahora.,Tu cerebro necesita un descanso de puzzles. Ven a jugar ahora.,Seu cérebro precisa de uma pausa para puzzles. Venha jogar agora.,Seu cérebro precisa de uma pausa para puzzles. Venha jogar agora.,Otakmu butuh istirahat puzzle. Ayo main sekarang.,Otakmu butuh istirahat puzzle. Ayo main sekarang.,Твоему мозгу нужна головоломка. Заходи играть сейчас.,Твоему мозгу нужна головоломка. Заходи играть сейчас.,Ton cerveau a besoin d'une pause puzzle. Viens jouer maintenant.,Ton cerveau a besoin d'une pause puzzle. Viens jouer maintenant.,สมองของคุณต้องการพักปริศนา มาเล่นเดี๋ยวนี้,สมองของคุณต้องการพักปริศนา มาเล่นเดี๋ยวนี้
20270830,https://d26ml67612e64s.cloudfront.net/block_blast/image/TOURNAMENT_END_MSG.jpg,"{""social"":""A2U_BETA"",""type"":""20270830""}","Stack, match, and clear. Today's puzzle awaits.","Stack, match, and clear. Today's puzzle awaits.",كدّس، طابق، وامسح. لغزك اليوم بانتظارك.,كدّس، طابق، وامسح. لغزك اليوم بانتظارك.,"Apila, combina y borra. Tu puzzle de hoy te espera.","Apila, combina y borra. Tu puzzle de hoy te espera.","Empilhe, combine e limpe. Seu puzzle de hoje aguarda.","Empilhe, combine e limpe. Seu puzzle de hoje aguarda.","Tumpuk, padukan, dan hapus. Puzzle hari ini menanti.","Tumpuk, padukan, dan hapus. Puzzle hari ini menanti.","Складывай, сопоставляй и очищай. Твоя головоломка на сегодня ждёт.","Складывай, сопоставляй и очищай. Твоя головоломка на сегодня ждёт.","Empile, assortis et efface. Ton puzzle d'aujourd'hui t'attend.","Empile, assortis et efface. Ton puzzle d'aujourd'hui t'attend.",เรียง จับคู่ และล้าง ปริศนาวันนี้รออยู่,เรียง จับคู่ และล้าง ปริศนาวันนี้รออยู่
20270831,https://d26ml67612e64s.cloudfront.net/block_blast/image/TOURNAMENT_END_MSG.jpg,"{""social"":""A2U_BETA"",""type"":""20270831""}",How many lines can you clear today? Find out now.,How many lines can you clear today? Find out now.,كم خطاً يمكنك مسحه اليوم؟ اكتشف الآن.,كم خطاً يمكنك مسحه اليوم؟ اكتشف الآن.,¿Cuántas líneas puedes borrar hoy? Descúbrelo ahora.,¿Cuántas líneas puedes borrar hoy? Descúbrelo ahora.,Quantas linhas você pode limpar hoje? Descubra agora.,Quantas linhas você pode limpar hoje? Descubra agora.,Berapa banyak garis yang bisa kamu hapus hari ini? Cari tahu sekarang.,Berapa banyak garis yang bisa kamu hapus hari ini? Cari tahu sekarang.,Сколько линий ты можешь очистить сегодня? Узнай сейчас.,Сколько линий ты можешь очистить сегодня? Узнай сейчас.,Combien de lignes peux-tu effacer aujourd'hui? Découvre-le maintenant.,Combien de lignes peux-tu effacer aujourd'hui? Découvre-le maintenant.,วันนี้คุณจะล้างได้กี่เส้น? มาดูกันเดี๋ยวนี้,วันนี้คุณจะล้างได้กี่เส้น? มาดูกันเดี๋ยวนี้
20270901,https://d26ml67612e64s.cloudfront.net/block_blast/image/TOURNAMENT_END_MSG.jpg,"{""social"":""A2U_BETA"",""type"":""20270901""}",Daily block fun is calling. Come play your favorite puzzle.,Daily block fun is calling. Come play your favorite puzzle.,متعة القطع اليومية تناديك. تعال والعب لغزك المفضل.,متعة القطع اليومية تناديك. تعال والعب لغزك المفضل.,La diversión diaria de bloques te llama. Ven a jugar tu puzzle favorito.,La diversión diaria de bloques te llama. Ven a jugar tu puzzle favorito.,A diversão diária de blocos está chamando. Venha jogar seu puzzle favorito.,A diversão diária de blocos está chamando. Venha jogar seu puzzle favorito.,Keseruan blok harian memanggilmu. Ayo main puzzle favoritmu.,Keseruan blok harian memanggilmu. Ayo main puzzle favoritmu.,Ежедневное веселье с блоками зовёт. Заходи играть в свою любимую головоломку.,Ежедневное веселье с блоками зовёт. Заходи играть в свою любимую головоломку.,Le plaisir quotidien des blocs t'appelle. Viens jouer à ton puzzle préféré.,Le plaisir quotidien des blocs t'appelle. Viens jouer à ton puzzle préféré.,ความสนุกบล็อกประจำวันกำลังเรียกหา มาเล่นปริศนาโปรดของคุณ,ความสนุกบล็อกประจำวันกำลังเรียกหา มาเล่นปริศนาโปรดของคุณ
20270902,https://d26ml67612e64s.cloudfront.net/block_blast/image/TOURNAMENT_END_MSG.jpg,"{""social"":""A2U_BETA"",""type"":""20270902""}",Master the board today. Your blocks are ready.,Master the board today. Your blocks are ready.,أتقن اللوحة اليوم. قطعك جاهزة.,أتقن اللوحة اليوم. قطعك جاهزة.,Domina el tablero hoy. Tus bloques están listos.,Domina el tablero hoy. Tus bloques están listos.,Domine o tabuleiro hoje. Seus blocos estão prontos.,Domine o tabuleiro hoje. Seus blocos estão prontos.,Kuasai papan hari ini. Blokmu sudah siap.,Kuasai papan hari ini. Blokmu sudah siap.,Освой доску сегодня. Твои блоки готовы.,Освой доску сегодня. Твои блоки готовы.,Maîtrise le tableau aujourd'hui. Tes blocs sont prêts.,Maîtrise le tableau aujourd'hui. Tes blocs sont prêts.,มาเชี่ยวชาญกระดานวันนี้ บล็อกของคุณพร้อมแล้ว,มาเชี่ยวชาญกระดานวันนี้ บล็อกของคุณพร้อมแล้ว
20270903,https://d26ml67612e64s.cloudfront.net/block_blast/image/TOURNAMENT_END_MSG.jpg,"{""social"":""A2U_BETA"",""type"":""20270903""}",Take a puzzle break and clear the board today.,Take a puzzle break and clear the board today.,خذ استراحة ألغاز وامسح اللوحة اليوم.,خذ استراحة ألغاز وامسح اللوحة اليوم.,Toma un descanso de puzzles y despeja el tablero hoy.,Toma un descanso de puzzles y despeja el tablero hoy.,Faça uma pausa para puzzles e limpe o tabuleiro hoje.,Faça uma pausa para puzzles e limpe o tabuleiro hoje.,Istirahat puzzle dan bersihkan papan hari ini.,Istirahat puzzle dan bersihkan papan hari ini.,Сделай перерыв на головоломку и очисти доску сегодня.,Сделай перерыв на головоломку и очисти доску сегодня.,Prends une pause puzzle et vide le tableau aujourd'hui.,Prends une pause puzzle et vide le tableau aujourd'hui.,พักปริศนาและล้างกระดานวันนี้,พักปริศนาและล้างกระดานวันนี้
20270905,https://d26ml67612e64s.cloudfront.net/block_blast/image/TOURNAMENT_END_MSG.jpg,"{""social"":""A2U_BETA"",""type"":""20270905""}",Your next high score is waiting. Come play now.,Your next high score is waiting. Come play now.,أعلى نتيجة تاليه لك تنتظرك. تعال والعب الآن.,أعلى نتيجة تاليه لك تنتظرك. تعال والعب الآن.,Tu próxima puntuación alta está esperando. Ven a jugar ahora.,Tu próxima puntuación alta está esperando. Ven a jugar ahora.,Sua próxima pontuação alta está esperando. Venha jogar agora.,Sua próxima pontuação alta está esperando. Venha jogar agora.,Skor tertinggi berikutnya menunggumu. Ayo main sekarang.,Skor tertinggi berikutnya menunggumu. Ayo main sekarang.,Твой следующий рекорд ждёт. Заходи играть сейчас.,Твой следующий рекорд ждёт. Заходи играть сейчас.,Ton prochain score élevé t'attend. Viens jouer maintenant.,Ton prochain score élevé t'attend. Viens jouer maintenant.,คะแนนสูงถัดไปของคุณกำลังรอ มาเล่นเดี๋ยวนี้,คะแนนสูงถัดไปของคุณกำลังรอ มาเล่นเดี๋ยวนี้
20270906,https://d26ml67612e64s.cloudfront.net/block_blast/image/TOURNAMENT_END_MSG.jpg,"{""social"":""A2U_BETA"",""type"":""20270906""}",Relax with some block-matching fun today.,Relax with some block-matching fun today.,استرخ مع بعض متعة مطابقة القطع اليوم.,استرخ مع بعض متعة مطابقة القطع اليوم.,Relájate con algo de diversión combinando bloques hoy.,Relájate con algo de diversión combinando bloques hoy.,Relaxe com alguma diversão combinando blocos hoje.,Relaxe com alguma diversão combinando blocos hoje.,Santai dengan keseruan mencocokkan blok hari ini.,Santai dengan keseruan mencocokkan blok hari ini.,Расслабься с весёлым сопоставлением блоков сегодня.,Расслабься с весёлым сопоставлением блоков сегодня.,Détends-toi avec du plaisir d'assortiment de blocs aujourd'hui.,Détends-toi avec du plaisir d'assortiment de blocs aujourd'hui.,ผ่อนคลายกับความสนุกในการจับคู่บล็อกวันนี้,ผ่อนคลายกับความสนุกในการจับคู่บล็อกวันนี้
20270907,https://d26ml67612e64s.cloudfront.net/block_blast/image/TOURNAMENT_END_MSG.jpg,"{""social"":""A2U_BETA"",""type"":""20270907""}",Challenge yourself with fresh puzzles right now.,Challenge yourself with fresh puzzles right now.,تحدى نفسك بألغاز جديدة الآن.,تحدى نفسك بألغاز جديدة الآن.,Desafíate con puzzles frescos ahora mismo.,Desafíate con puzzles frescos ahora mismo.,Desafie-se com puzzles frescos agora mesmo.,Desafie-se com puzzles frescos agora mesmo.,Tantang dirimu dengan puzzle segar sekarang juga.,Tantang dirimu dengan puzzle segar sekarang juga.,Брось себе вызов со свежими головоломками прямо сейчас.,Брось себе вызов со свежими головоломками прямо сейчас.,Défie-toi avec des puzzles frais dès maintenant.,Défie-toi avec des puzzles frais dès maintenant.,ท้าทายตัวเองด้วยปริศนาใหม่ตอนนี้เลย,ท้าทายตัวเองด้วยปริศนาใหม่ตอนนี้เลย
20270908,https://d26ml67612e64s.cloudfront.net/block_blast/image/TOURNAMENT_END_MSG.jpg,"{""social"":""A2U_BETA"",""type"":""20270908""}",Your puzzle board is waiting. Come match those blocks.,Your puzzle board is waiting. Come match those blocks.,لوحة الألغاز الخاصة بك تنتظر. تعال وطابق تلك القطع.,لوحة الألغاز الخاصة بك تنتظر. تعال وطابق تلك القطع.,Tu tablero de rompecabezas está esperando. Ven a combinar esos bloques.,Tu tablero de rompecabezas está esperando. Ven a combinar esos bloques.,Seu tabuleiro de quebra-cabeça está esperando. Venha combinar esses blocos.,Seu tabuleiro de quebra-cabeça está esperando. Venha combinar esses blocos.,Papan puzzlemu menunggu. Ayo padukan blok-blok itu.,Papan puzzlemu menunggu. Ayo padukan blok-blok itu.,Твоя головоломка ждёт. Приходи и сопоставляй эти блоки.,Твоя головоломка ждёт. Приходи и сопоставляй эти блоки.,Ton tableau de puzzle t'attend. Viens assortir ces blocs.,Ton tableau de puzzle t'attend. Viens assortir ces blocs.,กระดานปริศนาของคุณกำลังรอ มาจับคู่บล็อกเหล่านั้นกันเถอะ,กระดานปริศนาของคุณกำลังรอ มาจับคู่บล็อกเหล่านั้นกันเถอะ
20270909,https://d26ml67612e64s.cloudfront.net/block_blast/image/TOURNAMENT_END_MSG.jpg,"{""social"":""A2U_BETA"",""type"":""20270909""}",Ready for today's block challenge? Let's play.,Ready for today's block challenge? Let's play.,مستعد لتحدي القطع اليوم؟ هيا نلعب.,مستعد لتحدي القطع اليوم؟ هيا نلعب.,¿Listo para el desafío de bloques de hoy? Juguemos.,¿Listo para el desafío de bloques de hoy? Juguemos.,Pronto para o desafio de blocos de hoje? Vamos jogar.,Pronto para o desafio de blocos de hoje? Vamos jogar.,Siap untuk tantangan blok hari ini? Ayo main.,Siap untuk tantangan blok hari ini? Ayo main.,Готов к сегодняшнему испытанию блоками? Давай играть.,Готов к сегодняшнему испытанию блоками? Давай играть.,Prêt pour le défi de blocs d'aujourd'hui? Jouons.,Prêt pour le défi de blocs d'aujourd'hui? Jouons.,พร้อมสำหรับความท้าทายบล็อกวันนี้แล้วหรือยัง? มาเล่นกันเถอะ,พร้อมสำหรับความท้าทายบล็อกวันนี้แล้วหรือยัง? มาเล่นกันเถอะ
20270910,https://d26ml67612e64s.cloudfront.net/block_blast/image/TOURNAMENT_END_MSG.jpg,"{""social"":""A2U_BETA"",""type"":""20270910""}","Clear lines, score big. Start your daily puzzle now.","Clear lines, score big. Start your daily puzzle now.",امسح الخطوط، احرز نقاطاً كبيرة. ابدأ لغزك اليومي الآن.,امسح الخطوط، احرز نقاطاً كبيرة. ابدأ لغزك اليومي الآن.,"Borra líneas, anota en grande. Comienza tu puzzle diario ahora.","Borra líneas, anota en grande. Comienza tu puzzle diario ahora.","Limpe linhas, pontue alto. Comece seu puzzle diário agora.","Limpe linhas, pontue alto. Comece seu puzzle diário agora.","Hapus garis, skor besar. Mulai puzzle harianmu sekarang.","Hapus garis, skor besar. Mulai puzzle harianmu sekarang.","Очищай линии, зарабатывай много. Начни свою ежедневную головоломку сейчас.","Очищай линии, зарабатывай много. Начни свою ежедневную головоломку сейчас.","Efface des lignes, marque gros. Commence ton puzzle quotidien maintenant.","Efface des lignes, marque gros. Commence ton puzzle quotidien maintenant.",ล้างเส้น ทำคะแนนสูง เริ่มปริศนาประจำวันของคุณเดี๋ยวนี้,ล้างเส้น ทำคะแนนสูง เริ่มปริศนาประจำวันของคุณเดี๋ยวนี้
20270912,https://d26ml67612e64s.cloudfront.net/block_blast/image/TOURNAMENT_END_MSG.jpg,"{""social"":""A2U_BETA"",""type"":""20270912""}","New blocks, new challenges. Play Puzzle Block Master today.","New blocks, new challenges. Play Puzzle Block Master today.",قطع جديدة، تحديات جديدة. العب ماستر بلوك بازل اليوم.,قطع جديدة، تحديات جديدة. العب ماستر بلوك بازل اليوم.,"Nuevos bloques, nuevos desafíos. Juega Puzzle Block Master hoy.","Nuevos bloques, nuevos desafíos. Juega Puzzle Block Master hoy.","Novos blocos, novos desafios. Jogue Puzzle Block Master hoje.","Novos blocos, novos desafios. Jogue Puzzle Block Master hoje.","Blok baru, tantangan baru. Main Puzzle Block Master hari ini.","Blok baru, tantangan baru. Main Puzzle Block Master hari ini.","Новые блоки, новые испытания. Играй в Puzzle Block Master сегодня.","Новые блоки, новые испытания. Играй в Puzzle Block Master сегодня.","Nouveaux blocs, nouveaux défis. Joue à Puzzle Block Master aujourd'hui.","Nouveaux blocs, nouveaux défis. Joue à Puzzle Block Master aujourd'hui.",บล็อกใหม่ ความท้าทายใหม่ เล่น Puzzle Block Master วันนี้,บล็อกใหม่ ความท้าทายใหม่ เล่น Puzzle Block Master วันนี้
20270913,https://d26ml67612e64s.cloudfront.net/block_blast/image/TOURNAMENT_END_MSG.jpg,"{""social"":""A2U_BETA"",""type"":""20270913""}",Your brain needs a puzzle break. Come play now.,Your brain needs a puzzle break. Come play now.,عقلك يحتاج لاستراحة ألغاز. تعال والعب الآن.,عقلك يحتاج لاستراحة ألغاز. تعال والعب الآن.,Tu cerebro necesita un descanso de puzzles. Ven a jugar ahora.,Tu cerebro necesita un descanso de puzzles. Ven a jugar ahora.,Seu cérebro precisa de uma pausa para puzzles. Venha jogar agora.,Seu cérebro precisa de uma pausa para puzzles. Venha jogar agora.,Otakmu butuh istirahat puzzle. Ayo main sekarang.,Otakmu butuh istirahat puzzle. Ayo main sekarang.,Твоему мозгу нужна головоломка. Заходи играть сейчас.,Твоему мозгу нужна головоломка. Заходи играть сейчас.,Ton cerveau a besoin d'une pause puzzle. Viens jouer maintenant.,Ton cerveau a besoin d'une pause puzzle. Viens jouer maintenant.,สมองของคุณต้องการพักปริศนา มาเล่นเดี๋ยวนี้,สมองของคุณต้องการพักปริศนา มาเล่นเดี๋ยวนี้
20270914,https://d26ml67612e64s.cloudfront.net/block_blast/image/TOURNAMENT_END_MSG.jpg,"{""social"":""A2U_BETA"",""type"":""20270914""}","Stack, match, and clear. Today's puzzle awaits.","Stack, match, and clear. Today's puzzle awaits.",كدّس، طابق، وامسح. لغزك اليوم بانتظارك.,كدّس، طابق، وامسح. لغزك اليوم بانتظارك.,"Apila, combina y borra. Tu puzzle de hoy te espera.","Apila, combina y borra. Tu puzzle de hoy te espera.","Empilhe, combine e limpe. Seu puzzle de hoje aguarda.","Empilhe, combine e limpe. Seu puzzle de hoje aguarda.","Tumpuk, padukan, dan hapus. Puzzle hari ini menanti.","Tumpuk, padukan, dan hapus. Puzzle hari ini menanti.","Складывай, сопоставляй и очищай. Твоя головоломка на сегодня ждёт.","Складывай, сопоставляй и очищай. Твоя головоломка на сегодня ждёт.","Empile, assortis et efface. Ton puzzle d'aujourd'hui t'attend.","Empile, assortis et efface. Ton puzzle d'aujourd'hui t'attend.",เรียง จับคู่ และล้าง ปริศนาวันนี้รออยู่,เรียง จับคู่ และล้าง ปริศนาวันนี้รออยู่
20270915,https://d26ml67612e64s.cloudfront.net/block_blast/image/TOURNAMENT_END_MSG.jpg,"{""social"":""A2U_BETA"",""type"":""20270915""}",How many lines can you clear today? Find out now.,How many lines can you clear today? Find out now.,كم خطاً يمكنك مسحه اليوم؟ اكتشف الآن.,كم خطاً يمكنك مسحه اليوم؟ اكتشف الآن.,¿Cuántas líneas puedes borrar hoy? Descúbrelo ahora.,¿Cuántas líneas puedes borrar hoy? Descúbrelo ahora.,Quantas linhas você pode limpar hoje? Descubra agora.,Quantas linhas você pode limpar hoje? Descubra agora.,Berapa banyak garis yang bisa kamu hapus hari ini? Cari tahu sekarang.,Berapa banyak garis yang bisa kamu hapus hari ini? Cari tahu sekarang.,Сколько линий ты можешь очистить сегодня? Узнай сейчас.,Сколько линий ты можешь очистить сегодня? Узнай сейчас.,Combien de lignes peux-tu effacer aujourd'hui? Découvre-le maintenant.,Combien de lignes peux-tu effacer aujourd'hui? Découvre-le maintenant.,วันนี้คุณจะล้างได้กี่เส้น? มาดูกันเดี๋ยวนี้,วันนี้คุณจะล้างได้กี่เส้น? มาดูกันเดี๋ยวนี้
20270916,https://d26ml67612e64s.cloudfront.net/block_blast/image/TOURNAMENT_END_MSG.jpg,"{""social"":""A2U_BETA"",""type"":""20270916""}",Daily block fun is calling. Come play your favorite puzzle.,Daily block fun is calling. Come play your favorite puzzle.,متعة القطع اليومية تناديك. تعال والعب لغزك المفضل.,متعة القطع اليومية تناديك. تعال والعب لغزك المفضل.,La diversión diaria de bloques te llama. Ven a jugar tu puzzle favorito.,La diversión diaria de bloques te llama. Ven a jugar tu puzzle favorito.,A diversão diária de blocos está chamando. Venha jogar seu puzzle favorito.,A diversão diária de blocos está chamando. Venha jogar seu puzzle favorito.,Keseruan blok harian memanggilmu. Ayo main puzzle favoritmu.,Keseruan blok harian memanggilmu. Ayo main puzzle favoritmu.,Ежедневное веселье с блоками зовёт. Заходи играть в свою любимую головоломку.,Ежедневное веселье с блоками зовёт. Заходи играть в свою любимую головоломку.,Le plaisir quotidien des blocs t'appelle. Viens jouer à ton puzzle préféré.,Le plaisir quotidien des blocs t'appelle. Viens jouer à ton puzzle préféré.,ความสนุกบล็อกประจำวันกำลังเรียกหา มาเล่นปริศนาโปรดของคุณ,ความสนุกบล็อกประจำวันกำลังเรียกหา มาเล่นปริศนาโปรดของคุณ
20270917,https://d26ml67612e64s.cloudfront.net/block_blast/image/TOURNAMENT_END_MSG.jpg,"{""social"":""A2U_BETA"",""type"":""20270917""}",Master the board today. Your blocks are ready.,Master the board today. Your blocks are ready.,أتقن اللوحة اليوم. قطعك جاهزة.,أتقن اللوحة اليوم. قطعك جاهزة.,Domina el tablero hoy. Tus bloques están listos.,Domina el tablero hoy. Tus bloques están listos.,Domine o tabuleiro hoje. Seus blocos estão prontos.,Domine o tabuleiro hoje. Seus blocos estão prontos.,Kuasai papan hari ini. Blokmu sudah siap.,Kuasai papan hari ini. Blokmu sudah siap.,Освой доску сегодня. Твои блоки готовы.,Освой доску сегодня. Твои блоки готовы.,Maîtrise le tableau aujourd'hui. Tes blocs sont prêts.,Maîtrise le tableau aujourd'hui. Tes blocs sont prêts.,มาเชี่ยวชาญกระดานวันนี้ บล็อกของคุณพร้อมแล้ว,มาเชี่ยวชาญกระดานวันนี้ บล็อกของคุณพร้อมแล้ว
20270919,https://d26ml67612e64s.cloudfront.net/block_blast/image/TOURNAMENT_END_MSG.jpg,"{""social"":""A2U_BETA"",""type"":""20270919""}",Take a puzzle break and clear the board today.,Take a puzzle break and clear the board today.,خذ استراحة ألغاز وامسح اللوحة اليوم.,خذ استراحة ألغاز وامسح اللوحة اليوم.,Toma un descanso de puzzles y despeja el tablero hoy.,Toma un descanso de puzzles y despeja el tablero hoy.,Faça uma pausa para puzzles e limpe o tabuleiro hoje.,Faça uma pausa para puzzles e limpe o tabuleiro hoje.,Istirahat puzzle dan bersihkan papan hari ini.,Istirahat puzzle dan bersihkan papan hari ini.,Сделай перерыв на головоломку и очисти доску сегодня.,Сделай перерыв на головоломку и очисти доску сегодня.,Prends une pause puzzle et vide le tableau aujourd'hui.,Prends une pause puzzle et vide le tableau aujourd'hui.,พักปริศนาและล้างกระดานวันนี้,พักปริศนาและล้างกระดานวันนี้
20270920,https://d26ml67612e64s.cloudfront.net/block_blast/image/TOURNAMENT_END_MSG.jpg,"{""social"":""A2U_BETA"",""type"":""20270920""}",Your next high score is waiting. Come play now.,Your next high score is waiting. Come play now.,أعلى نتيجة تاليه لك تنتظرك. تعال والعب الآن.,أعلى نتيجة تاليه لك تنتظرك. تعال والعب الآن.,Tu próxima puntuación alta está esperando. Ven a jugar ahora.,Tu próxima puntuación alta está esperando. Ven a jugar ahora.,Sua próxima pontuação alta está esperando. Venha jogar agora.,Sua próxima pontuação alta está esperando. Venha jogar agora.,Skor tertinggi berikutnya menunggumu. Ayo main sekarang.,Skor tertinggi berikutnya menunggumu. Ayo main sekarang.,Твой следующий рекорд ждёт. Заходи играть сейчас.,Твой следующий рекорд ждёт. Заходи играть сейчас.,Ton prochain score élevé t'attend. Viens jouer maintenant.,Ton prochain score élevé t'attend. Viens jouer maintenant.,คะแนนสูงถัดไปของคุณกำลังรอ มาเล่นเดี๋ยวนี้,คะแนนสูงถัดไปของคุณกำลังรอ มาเล่นเดี๋ยวนี้
20270921,https://d26ml67612e64s.cloudfront.net/block_blast/image/TOURNAMENT_END_MSG.jpg,"{""social"":""A2U_BETA"",""type"":""20270921""}",Relax with some block-matching fun today.,Relax with some block-matching fun today.,استرخ مع بعض متعة مطابقة القطع اليوم.,استرخ مع بعض متعة مطابقة القطع اليوم.,Relájate con algo de diversión combinando bloques hoy.,Relájate con algo de diversión combinando bloques hoy.,Relaxe com alguma diversão combinando blocos hoje.,Relaxe com alguma diversão combinando blocos hoje.,Santai dengan keseruan mencocokkan blok hari ini.,Santai dengan keseruan mencocokkan blok hari ini.,Расслабься с весёлым сопоставлением блоков сегодня.,Расслабься с весёлым сопоставлением блоков сегодня.,Détends-toi avec du plaisir d'assortiment de blocs aujourd'hui.,Détends-toi avec du plaisir d'assortiment de blocs aujourd'hui.,ผ่อนคลายกับความสนุกในการจับคู่บล็อกวันนี้,ผ่อนคลายกับความสนุกในการจับคู่บล็อกวันนี้
20270922,https://d26ml67612e64s.cloudfront.net/block_blast/image/TOURNAMENT_END_MSG.jpg,"{""social"":""A2U_BETA"",""type"":""20270922""}",Challenge yourself with fresh puzzles right now.,Challenge yourself with fresh puzzles right now.,تحدى نفسك بألغاز جديدة الآن.,تحدى نفسك بألغاز جديدة الآن.,Desafíate con puzzles frescos ahora mismo.,Desafíate con puzzles frescos ahora mismo.,Desafie-se com puzzles frescos agora mesmo.,Desafie-se com puzzles frescos agora mesmo.,Tantang dirimu dengan puzzle segar sekarang juga.,Tantang dirimu dengan puzzle segar sekarang juga.,Брось себе вызов со свежими головоломками прямо сейчас.,Брось себе вызов со свежими головоломками прямо сейчас.,Défie-toi avec des puzzles frais dès maintenant.,Défie-toi avec des puzzles frais dès maintenant.,ท้าทายตัวเองด้วยปริศนาใหม่ตอนนี้เลย,ท้าทายตัวเองด้วยปริศนาใหม่ตอนนี้เลย
20270923,https://d26ml67612e64s.cloudfront.net/block_blast/image/TOURNAMENT_END_MSG.jpg,"{""social"":""A2U_BETA"",""type"":""20270923""}",Fill those lines and feel the satisfaction. Play today.,Fill those lines and feel the satisfaction. Play today.,املأ تلك الخطوط واشعر بالرضا. العب اليوم.,املأ تلك الخطوط واشعر بالرضا. العب اليوم.,Llena esas líneas y siente la satisfacción. Juega hoy.,Llena esas líneas y siente la satisfacción. Juega hoy.,Preencha essas linhas e sinta a satisfação. Jogue hoje.,Preencha essas linhas e sinta a satisfação. Jogue hoje.,Isi garis-garis itu dan rasakan kepuasannya. Main hari ini.,Isi garis-garis itu dan rasakan kepuasannya. Main hari ini.,Заполни эти линии и почувствуй удовлетворение. Играй сегодня.,Заполни эти линии и почувствуй удовлетворение. Играй сегодня.,Remplis ces lignes et ressens la satisfaction. Joue aujourd'hui.,Remplis ces lignes et ressens la satisfaction. Joue aujourd'hui.,เติมเส้นเหล่านั้นและรู้สึกถึงความพึงพอใจ เล่นวันนี้,เติมเส้นเหล่านั้นและรู้สึกถึงความพึงพอใจ เล่นวันนี้
20270924,https://d26ml67612e64s.cloudfront.net/block_blast/image/TOURNAMENT_END_MSG.jpg,"{""social"":""A2U_BETA"",""type"":""20270924""}",Perfect time for a quick puzzle session.,Perfect time for a quick puzzle session.,الوقت المثالي لجلسة ألغاز سريعة.,الوقت المثالي لجلسة ألغاز سريعة.,Momento perfecto para una sesión rápida de puzzles.,Momento perfecto para una sesión rápida de puzzles.,Momento perfeito para uma sessão rápida de puzzles.,Momento perfeito para uma sessão rápida de puzzles.,Waktu sempurna untuk sesi puzzle cepat.,Waktu sempurna untuk sesi puzzle cepat.,Идеальное время для быстрой головоломки.,Идеальное время для быстрой головоломки.,Moment parfait pour une session de puzzle rapide.,Moment parfait pour une session de puzzle rapide.,เวลาที่สมบูรณ์แบบสำหรับช่วงปริศนาสั้นๆ,เวลาที่สมบูรณ์แบบสำหรับช่วงปริศนาสั้นๆ
20270926,https://d26ml67612e64s.cloudfront.net/block_blast/image/TOURNAMENT_END_MSG.jpg,"{""social"":""A2U_BETA"",""type"":""20270926""}",Your blocks won't arrange themselves. Jump in now.,Your blocks won't arrange themselves. Jump in now.,قطعك لن ترتب نفسها. اقفز للداخل الآن.,قطعك لن ترتب نفسها. اقفز للداخل الآن.,Tus bloques no se organizarán solos. Salta ahora.,Tus bloques no se organizarán solos. Salta ahora.,Seus blocos não vão se organizar sozinhos. Pule agora.,Seus blocos não vão se organizar sozinhos. Pule agora.,Blokmu tidak akan mengatur dirinya sendiri. Lompat sekarang.,Blokmu tidak akan mengatur dirinya sendiri. Lompat sekarang.,Твои блоки не расставятся сами. Заходи сейчас.,Твои блоки не расставятся сами. Заходи сейчас.,Tes blocs ne s'arrangeront pas tout seuls. Saute maintenant.,Tes blocs ne s'arrangeront pas tout seuls. Saute maintenant.,บล็อกของคุณจะไม่จัดเรียงตัวเอง กระโดดเข้ามาเดี๋ยวนี้,บล็อกของคุณจะไม่จัดเรียงตัวเอง กระโดดเข้ามาเดี๋ยวนี้
20270927,https://d26ml67612e64s.cloudfront.net/block_blast/image/TOURNAMENT_END_MSG.jpg,"{""social"":""A2U_BETA"",""type"":""20270927""}",Beat your best score today. Start playing now.,Beat your best score today. Start playing now.,اهزم أفضل نتيجة لك اليوم. ابدأ اللعب الآن.,اهزم أفضل نتيجة لك اليوم. ابدأ اللعب الآن.,Supera tu mejor puntuación hoy. Empieza a jugar ahora.,Supera tu mejor puntuación hoy. Empieza a jugar ahora.,Bata sua melhor pontuação hoje. Comece a jogar agora.,Bata sua melhor pontuação hoje. Comece a jogar agora.,Kalahkan skor terbaikmu hari ini. Mulai main sekarang.,Kalahkan skor terbaikmu hari ini. Mulai main sekarang.,Побей свой лучший результат сегодня. Начни играть сейчас.,Побей свой лучший результат сегодня. Начни играть сейчас.,Bats ton meilleur score aujourd'hui. Commence à jouer maintenant.,Bats ton meilleur score aujourd'hui. Commence à jouer maintenant.,เอาชนะคะแนนที่ดีที่สุดของคุณวันนี้ เริ่มเล่นเดี๋ยวนี้,เอาชนะคะแนนที่ดีที่สุดของคุณวันนี้ เริ่มเล่นเดี๋ยวนี้
20270928,https://d26ml67612e64s.cloudfront.net/block_blast/image/TOURNAMENT_END_MSG.jpg,"{""social"":""A2U_BETA"",""type"":""20270928""}",A few minutes of puzzle fun awaits you.,A few minutes of puzzle fun awaits you.,بضع دقائق من متعة الألغاز تنتظرك.,بضع دقائق من متعة الألغاز تنتظرك.,Unos minutos de diversión con puzzles te esperan.,Unos minutos de diversión con puzzles te esperan.,Alguns minutos de diversão com puzzles aguardam você.,Alguns minutos de diversão com puzzles aguardam você.,Beberapa menit keseruan puzzle menantimu.,Beberapa menit keseruan puzzle menantimu.,Несколько минут головоломки ждут тебя.,Несколько минут головоломки ждут тебя.,Quelques minutes de plaisir puzzle t'attendent.,Quelques minutes de plaisir puzzle t'attendent.,ความสนุกปริศนาไม่กี่นาทีรอคุณอยู่,ความสนุกปริศนาไม่กี่นาทีรอคุณอยู่
20270929,https://d26ml67612e64s.cloudfront.net/block_blast/image/TOURNAMENT_END_MSG.jpg,"{""social"":""A2U_BETA"",""type"":""20270929""}",Keep your mind sharp with today's block challenge.,Keep your mind sharp with today's block challenge.,حافظ على حدة ذهنك مع تحدي القطع اليوم.,حافظ على حدة ذهنك مع تحدي القطع اليوم.,Mantén tu mente aguda con el desafío de bloques de hoy.,Mantén tu mente aguda con el desafío de bloques de hoy.,Mantenha sua mente afiada com o desafio de blocos de hoje.,Mantenha sua mente afiada com o desafio de blocos de hoje.,Jaga ketajaman pikiranmu dengan tantangan blok hari ini.,Jaga ketajaman pikiranmu dengan tantangan blok hari ini.,Держи свой ум острым с сегодняшним испытанием блоками.,Держи свой ум острым с сегодняшним испытанием блоками.,Garde ton esprit vif avec le défi de blocs d'aujourd'hui.,Garde ton esprit vif avec le défi de blocs d'aujourd'hui.,รักษาสมองของคุณให้แหลมคมด้วยความท้าทายบล็อกวันนี้,รักษาสมองของคุณให้แหลมคมด้วยความท้าทายบล็อกวันนี้
20270930,https://d26ml67612e64s.cloudfront.net/block_blast/image/TOURNAMENT_END_MSG.jpg,"{""social"":""A2U_BETA"",""type"":""20270930""}",Time to clear some lines. Jump in and play today.,Time to clear some lines. Jump in and play today.,حان وقت مسح بعض الخطوط. اقفز والعب اليوم.,حان وقت مسح بعض الخطوط. اقفز والعب اليوم.,Hora de borrar algunas líneas. Salta y juega hoy.,Hora de borrar algunas líneas. Salta y juega hoy.,Hora de limpar algumas linhas. Pule e jogue hoje.,Hora de limpar algumas linhas. Pule e jogue hoje.,Waktunya hapus beberapa garis. Lompat dan main hari ini.,Waktunya hapus beberapa garis. Lompat dan main hari ini.,Время очистить несколько линий. Заходи и играй сегодня.,Время очистить несколько линий. Заходи и играй сегодня.,Il est temps d'effacer quelques lignes. Saute et joue aujourd'hui.,Il est temps d'effacer quelques lignes. Saute et joue aujourd'hui.,ถึงเวลาล้างบางเส้นแล้ว กระโดดเข้ามาเล่นวันนี้,ถึงเวลาล้างบางเส้นแล้ว กระโดดเข้ามาเล่นวันนี้
20271001,https://d26ml67612e64s.cloudfront.net/block_blast/image/TOURNAMENT_END_MSG.jpg,"{""social"":""A2U_BETA"",""type"":""20271001""}",Your puzzle board is waiting. Come match those blocks.,Your puzzle board is waiting. Come match those blocks.,لوحة الألغاز الخاصة بك تنتظر. تعال وطابق تلك القطع.,لوحة الألغاز الخاصة بك تنتظر. تعال وطابق تلك القطع.,Tu tablero de rompecabezas está esperando. Ven a combinar esos bloques.,Tu tablero de rompecabezas está esperando. Ven a combinar esos bloques.,Seu tabuleiro de quebra-cabeça está esperando. Venha combinar esses blocos.,Seu tabuleiro de quebra-cabeça está esperando. Venha combinar esses blocos.,Papan puzzlemu menunggu. Ayo padukan blok-blok itu.,Papan puzzlemu menunggu. Ayo padukan blok-blok itu.,Твоя головоломка ждёт. Приходи и сопоставляй эти блоки.,Твоя головоломка ждёт. Приходи и сопоставляй эти блоки.,Ton tableau de puzzle t'attend. Viens assortir ces blocs.,Ton tableau de puzzle t'attend. Viens assortir ces blocs.,กระดานปริศนาของคุณกำลังรอ มาจับคู่บล็อกเหล่านั้นกันเถอะ,กระดานปริศนาของคุณกำลังรอ มาจับคู่บล็อกเหล่านั้นกันเถอะ
20271003,https://d26ml67612e64s.cloudfront.net/block_blast/image/TOURNAMENT_END_MSG.jpg,"{""social"":""A2U_BETA"",""type"":""20271003""}",Ready for today's block challenge? Let's play.,Ready for today's block challenge? Let's play.,مستعد لتحدي القطع اليوم؟ هيا نلعب.,مستعد لتحدي القطع اليوم؟ هيا نلعب.,¿Listo para el desafío de bloques de hoy? Juguemos.,¿Listo para el desafío de bloques de hoy? Juguemos.,Pronto para o desafio de blocos de hoje? Vamos jogar.,Pronto para o desafio de blocos de hoje? Vamos jogar.,Siap untuk tantangan blok hari ini? Ayo main.,Siap untuk tantangan blok hari ini? Ayo main.,Готов к сегодняшнему испытанию блоками? Давай играть.,Готов к сегодняшнему испытанию блоками? Давай играть.,Prêt pour le défi de blocs d'aujourd'hui? Jouons.,Prêt pour le défi de blocs d'aujourd'hui? Jouons.,พร้อมสำหรับความท้าทายบล็อกวันนี้แล้วหรือยัง? มาเล่นกันเถอะ,พร้อมสำหรับความท้าทายบล็อกวันนี้แล้วหรือยัง? มาเล่นกันเถอะ
20271004,https://d26ml67612e64s.cloudfront.net/block_blast/image/TOURNAMENT_END_MSG.jpg,"{""social"":""A2U_BETA"",""type"":""20271004""}","Clear lines, score big. Start your daily puzzle now.","Clear lines, score big. Start your daily puzzle now.",امسح الخطوط، احرز نقاطاً كبيرة. ابدأ لغزك اليومي الآن.,امسح الخطوط، احرز نقاطاً كبيرة. ابدأ لغزك اليومي الآن.,"Borra líneas, anota en grande. Comienza tu puzzle diario ahora.","Borra líneas, anota en grande. Comienza tu puzzle diario ahora.","Limpe linhas, pontue alto. Comece seu puzzle diário agora.","Limpe linhas, pontue alto. Comece seu puzzle diário agora.","Hapus garis, skor besar. Mulai puzzle harianmu sekarang.","Hapus garis, skor besar. Mulai puzzle harianmu sekarang.","Очищай линии, зарабатывай много. Начни свою ежедневную головоломку сейчас.","Очищай линии, зарабатывай много. Начни свою ежедневную головоломку сейчас.","Efface des lignes, marque gros. Commence ton puzzle quotidien maintenant.","Efface des lignes, marque gros. Commence ton puzzle quotidien maintenant.",ล้างเส้น ทำคะแนนสูง เริ่มปริศนาประจำวันของคุณเดี๋ยวนี้,ล้างเส้น ทำคะแนนสูง เริ่มปริศนาประจำวันของคุณเดี๋ยวนี้
20271005,https://d26ml67612e64s.cloudfront.net/block_blast/image/TOURNAMENT_END_MSG.jpg,"{""social"":""A2U_BETA"",""type"":""20271005""}","New blocks, new challenges. Play Puzzle Block Master today.","New blocks, new challenges. Play Puzzle Block Master today.",قطع جديدة، تحديات جديدة. العب ماستر بلوك بازل اليوم.,قطع جديدة، تحديات جديدة. العب ماستر بلوك بازل اليوم.,"Nuevos bloques, nuevos desafíos. Juega Puzzle Block Master hoy.","Nuevos bloques, nuevos desafíos. Juega Puzzle Block Master hoy.","Novos blocos, novos desafios. Jogue Puzzle Block Master hoje.","Novos blocos, novos desafios. Jogue Puzzle Block Master hoje.","Blok baru, tantangan baru. Main Puzzle Block Master hari ini.","Blok baru, tantangan baru. Main Puzzle Block Master hari ini.","Новые блоки, новые испытания. Играй в Puzzle Block Master сегодня.","Новые блоки, новые испытания. Играй в Puzzle Block Master сегодня.","Nouveaux blocs, nouveaux défis. Joue à Puzzle Block Master aujourd'hui.","Nouveaux blocs, nouveaux défis. Joue à Puzzle Block Master aujourd'hui.",บล็อกใหม่ ความท้าทายใหม่ เล่น Puzzle Block Master วันนี้,บล็อกใหม่ ความท้าทายใหม่ เล่น Puzzle Block Master วันนี้
20271006,https://d26ml67612e64s.cloudfront.net/block_blast/image/TOURNAMENT_END_MSG.jpg,"{""social"":""A2U_BETA"",""type"":""20271006""}",Your brain needs a puzzle break. Come play now.,Your brain needs a puzzle break. Come play now.,عقلك يحتاج لاستراحة ألغاز. تعال والعب الآن.,عقلك يحتاج لاستراحة ألغاز. تعال والعب الآن.,Tu cerebro necesita un descanso de puzzles. Ven a jugar ahora.,Tu cerebro necesita un descanso de puzzles. Ven a jugar ahora.,Seu cérebro precisa de uma pausa para puzzles. Venha jogar agora.,Seu cérebro precisa de uma pausa para puzzles. Venha jogar agora.,Otakmu butuh istirahat puzzle. Ayo main sekarang.,Otakmu butuh istirahat puzzle. Ayo main sekarang.,Твоему мозгу нужна головоломка. Заходи играть сейчас.,Твоему мозгу нужна головоломка. Заходи играть сейчас.,Ton cerveau a besoin d'une pause puzzle. Viens jouer maintenant.,Ton cerveau a besoin d'une pause puzzle. Viens jouer maintenant.,สมองของคุณต้องการพักปริศนา มาเล่นเดี๋ยวนี้,สมองของคุณต้องการพักปริศนา มาเล่นเดี๋ยวนี้
20271007,https://d26ml67612e64s.cloudfront.net/block_blast/image/TOURNAMENT_END_MSG.jpg,"{""social"":""A2U_BETA"",""type"":""20271007""}","Stack, match, and clear. Today's puzzle awaits.","Stack, match, and clear. Today's puzzle awaits.",كدّس، طابق، وامسح. لغزك اليوم بانتظارك.,كدّس، طابق، وامسح. لغزك اليوم بانتظارك.,"Apila, combina y borra. Tu puzzle de hoy te espera.","Apila, combina y borra. Tu puzzle de hoy te espera.","Empilhe, combine e limpe. Seu puzzle de hoje aguarda.","Empilhe, combine e limpe. Seu puzzle de hoje aguarda.","Tumpuk, padukan, dan hapus. Puzzle hari ini menanti.","Tumpuk, padukan, dan hapus. Puzzle hari ini menanti.","Складывай, сопоставляй и очищай. Твоя головоломка на сегодня ждёт.","Складывай, сопоставляй и очищай. Твоя головоломка на сегодня ждёт.","Empile, assortis et efface. Ton puzzle d'aujourd'hui t'attend.","Empile, assortis et efface. Ton puzzle d'aujourd'hui t'attend.",เรียง จับคู่ และล้าง ปริศนาวันนี้รออยู่,เรียง จับคู่ และล้าง ปริศนาวันนี้รออยู่
20271008,https://d26ml67612e64s.cloudfront.net/block_blast/image/TOURNAMENT_END_MSG.jpg,"{""social"":""A2U_BETA"",""type"":""20271008""}",How many lines can you clear today? Find out now.,How many lines can you clear today? Find out now.,كم خطاً يمكنك مسحه اليوم؟ اكتشف الآن.,كم خطاً يمكنك مسحه اليوم؟ اكتشف الآن.,¿Cuántas líneas puedes borrar hoy? Descúbrelo ahora.,¿Cuántas líneas puedes borrar hoy? Descúbrelo ahora.,Quantas linhas você pode limpar hoje? Descubra agora.,Quantas linhas você pode limpar hoje? Descubra agora.,Berapa banyak garis yang bisa kamu hapus hari ini? Cari tahu sekarang.,Berapa banyak garis yang bisa kamu hapus hari ini? Cari tahu sekarang.,Сколько линий ты можешь очистить сегодня? Узнай сейчас.,Сколько линий ты можешь очистить сегодня? Узнай сейчас.,Combien de lignes peux-tu effacer aujourd'hui? Découvre-le maintenant.,Combien de lignes peux-tu effacer aujourd'hui? Découvre-le maintenant.,วันนี้คุณจะล้างได้กี่เส้น? มาดูกันเดี๋ยวนี้,วันนี้คุณจะล้างได้กี่เส้น? มาดูกันเดี๋ยวนี้
20271010,https://d26ml67612e64s.cloudfront.net/block_blast/image/TOURNAMENT_END_MSG.jpg,"{""social"":""A2U_BETA"",""type"":""20271010""}",Daily block fun is calling. Come play your favorite puzzle.,Daily block fun is calling. Come play your favorite puzzle.,متعة القطع اليومية تناديك. تعال والعب لغزك المفضل.,متعة القطع اليومية تناديك. تعال والعب لغزك المفضل.,La diversión diaria de bloques te llama. Ven a jugar tu puzzle favorito.,La diversión diaria de bloques te llama. Ven a jugar tu puzzle favorito.,A diversão diária de blocos está chamando. Venha jogar seu puzzle favorito.,A diversão diária de blocos está chamando. Venha jogar seu puzzle favorito.,Keseruan blok harian memanggilmu. Ayo main puzzle favoritmu.,Keseruan blok harian memanggilmu. Ayo main puzzle favoritmu.,Ежедневное веселье с блоками зовёт. Заходи играть в свою любимую головоломку.,Ежедневное веселье с блоками зовёт. Заходи играть в свою любимую головоломку.,Le plaisir quotidien des blocs t'appelle. Viens jouer à ton puzzle préféré.,Le plaisir quotidien des blocs t'appelle. Viens jouer à ton puzzle préféré.,ความสนุกบล็อกประจำวันกำลังเรียกหา มาเล่นปริศนาโปรดของคุณ,ความสนุกบล็อกประจำวันกำลังเรียกหา มาเล่นปริศนาโปรดของคุณ
20271011,https://d26ml67612e64s.cloudfront.net/block_blast/image/TOURNAMENT_END_MSG.jpg,"{""social"":""A2U_BETA"",""type"":""20271011""}",Master the board today. Your blocks are ready.,Master the board today. Your blocks are ready.,أتقن اللوحة اليوم. قطعك جاهزة.,أتقن اللوحة اليوم. قطعك جاهزة.,Domina el tablero hoy. Tus bloques están listos.,Domina el tablero hoy. Tus bloques están listos.,Domine o tabuleiro hoje. Seus blocos estão prontos.,Domine o tabuleiro hoje. Seus blocos estão prontos.,Kuasai papan hari ini. Blokmu sudah siap.,Kuasai papan hari ini. Blokmu sudah siap.,Освой доску сегодня. Твои блоки готовы.,Освой доску сегодня. Твои блоки готовы.,Maîtrise le tableau aujourd'hui. Tes blocs sont prêts.,Maîtrise le tableau aujourd'hui. Tes blocs sont prêts.,มาเชี่ยวชาญกระดานวันนี้ บล็อกของคุณพร้อมแล้ว,มาเชี่ยวชาญกระดานวันนี้ บล็อกของคุณพร้อมแล้ว
20271012,https://d26ml67612e64s.cloudfront.net/block_blast/image/TOURNAMENT_END_MSG.jpg,"{""social"":""A2U_BETA"",""type"":""20271012""}",Take a puzzle break and clear the board today.,Take a puzzle break and clear the board today.,خذ استراحة ألغاز وامسح اللوحة اليوم.,خذ استراحة ألغاز وامسح اللوحة اليوم.,Toma un descanso de puzzles y despeja el tablero hoy.,Toma un descanso de puzzles y despeja el tablero hoy.,Faça uma pausa para puzzles e limpe o tabuleiro hoje.,Faça uma pausa para puzzles e limpe o tabuleiro hoje.,Istirahat puzzle dan bersihkan papan hari ini.,Istirahat puzzle dan bersihkan papan hari ini.,Сделай перерыв на головоломку и очисти доску сегодня.,Сделай перерыв на головоломку и очисти доску сегодня.,Prends une pause puzzle et vide le tableau aujourd'hui.,Prends une pause puzzle et vide le tableau aujourd'hui.,พักปริศนาและล้างกระดานวันนี้,พักปริศนาและล้างกระดานวันนี้
20271013,https://d26ml67612e64s.cloudfront.net/block_blast/image/TOURNAMENT_END_MSG.jpg,"{""social"":""A2U_BETA"",""type"":""20271013""}",Your next high score is waiting. Come play now.,Your next high score is waiting. Come play now.,أعلى نتيجة تاليه لك تنتظرك. تعال والعب الآن.,أعلى نتيجة تاليه لك تنتظرك. تعال والعب الآن.,Tu próxima puntuación alta está esperando. Ven a jugar ahora.,Tu próxima puntuación alta está esperando. Ven a jugar ahora.,Sua próxima pontuação alta está esperando. Venha jogar agora.,Sua próxima pontuação alta está esperando. Venha jogar agora.,Skor tertinggi berikutnya menunggumu. Ayo main sekarang.,Skor tertinggi berikutnya menunggumu. Ayo main sekarang.,Твой следующий рекорд ждёт. Заходи играть сейчас.,Твой следующий рекорд ждёт. Заходи играть сейчас.,Ton prochain score élevé t'attend. Viens jouer maintenant.,Ton prochain score élevé t'attend. Viens jouer maintenant.,คะแนนสูงถัดไปของคุณกำลังรอ มาเล่นเดี๋ยวนี้,คะแนนสูงถัดไปของคุณกำลังรอ มาเล่นเดี๋ยวนี้
20271014,https://d26ml67612e64s.cloudfront.net/block_blast/image/TOURNAMENT_END_MSG.jpg,"{""social"":""A2U_BETA"",""type"":""20271014""}",Relax with some block-matching fun today.,Relax with some block-matching fun today.,استرخ مع بعض متعة مطابقة القطع اليوم.,استرخ مع بعض متعة مطابقة القطع اليوم.,Relájate con algo de diversión combinando bloques hoy.,Relájate con algo de diversión combinando bloques hoy.,Relaxe com alguma diversão combinando blocos hoje.,Relaxe com alguma diversão combinando blocos hoje.,Santai dengan keseruan mencocokkan blok hari ini.,Santai dengan keseruan mencocokkan blok hari ini.,Расслабься с весёлым сопоставлением блоков сегодня.,Расслабься с весёлым сопоставлением блоков сегодня.,Détends-toi avec du plaisir d'assortiment de blocs aujourd'hui.,Détends-toi avec du plaisir d'assortiment de blocs aujourd'hui.,ผ่อนคลายกับความสนุกในการจับคู่บล็อกวันนี้,ผ่อนคลายกับความสนุกในการจับคู่บล็อกวันนี้
20271015,https://d26ml67612e64s.cloudfront.net/block_blast/image/TOURNAMENT_END_MSG.jpg,"{""social"":""A2U_BETA"",""type"":""20271015""}",Challenge yourself with fresh puzzles right now.,Challenge yourself with fresh puzzles right now.,تحدى نفسك بألغاز جديدة الآن.,تحدى نفسك بألغاز جديدة الآن.,Desafíate con puzzles frescos ahora mismo.,Desafíate con puzzles frescos ahora mismo.,Desafie-se com puzzles frescos agora mesmo.,Desafie-se com puzzles frescos agora mesmo.,Tantang dirimu dengan puzzle segar sekarang juga.,Tantang dirimu dengan puzzle segar sekarang juga.,Брось себе вызов со свежими головоломками прямо сейчас.,Брось себе вызов со свежими головоломками прямо сейчас.,Défie-toi avec des puzzles frais dès maintenant.,Défie-toi avec des puzzles frais dès maintenant.,ท้าทายตัวเองด้วยปริศนาใหม่ตอนนี้เลย,ท้าทายตัวเองด้วยปริศนาใหม่ตอนนี้เลย
20271017,https://d26ml67612e64s.cloudfront.net/block_blast/image/TOURNAMENT_END_MSG.jpg,"{""social"":""A2U_BETA"",""type"":""20271017""}",Fill those lines and feel the satisfaction. Play today.,Fill those lines and feel the satisfaction. Play today.,املأ تلك الخطوط واشعر بالرضا. العب اليوم.,املأ تلك الخطوط واشعر بالرضا. العب اليوم.,Llena esas líneas y siente la satisfacción. Juega hoy.,Llena esas líneas y siente la satisfacción. Juega hoy.,Preencha essas linhas e sinta a satisfação. Jogue hoje.,Preencha essas linhas e sinta a satisfação. Jogue hoje.,Isi garis-garis itu dan rasakan kepuasannya. Main hari ini.,Isi garis-garis itu dan rasakan kepuasannya. Main hari ini.,Заполни эти линии и почувствуй удовлетворение. Играй сегодня.,Заполни эти линии и почувствуй удовлетворение. Играй сегодня.,Remplis ces lignes et ressens la satisfaction. Joue aujourd'hui.,Remplis ces lignes et ressens la satisfaction. Joue aujourd'hui.,เติมเส้นเหล่านั้นและรู้สึกถึงความพึงพอใจ เล่นวันนี้,เติมเส้นเหล่านั้นและรู้สึกถึงความพึงพอใจ เล่นวันนี้
20271018,https://d26ml67612e64s.cloudfront.net/block_blast/image/TOURNAMENT_END_MSG.jpg,"{""social"":""A2U_BETA"",""type"":""20271018""}",Perfect time for a quick puzzle session.,Perfect time for a quick puzzle session.,الوقت المثالي لجلسة ألغاز سريعة.,الوقت المثالي لجلسة ألغاز سريعة.,Momento perfecto para una sesión rápida de puzzles.,Momento perfecto para una sesión rápida de puzzles.,Momento perfeito para uma sessão rápida de puzzles.,Momento perfeito para uma sessão rápida de puzzles.,Waktu sempurna untuk sesi puzzle cepat.,Waktu sempurna untuk sesi puzzle cepat.,Идеальное время для быстрой головоломки.,Идеальное время для быстрой головоломки.,Moment parfait pour une session de puzzle rapide.,Moment parfait pour une session de puzzle rapide.,เวลาที่สมบูรณ์แบบสำหรับช่วงปริศนาสั้นๆ,เวลาที่สมบูรณ์แบบสำหรับช่วงปริศนาสั้นๆ
20271019,https://d26ml67612e64s.cloudfront.net/block_blast/image/TOURNAMENT_END_MSG.jpg,"{""social"":""A2U_BETA"",""type"":""20271019""}",Your blocks won't arrange themselves. Jump in now.,Your blocks won't arrange themselves. Jump in now.,قطعك لن ترتب نفسها. اقفز للداخل الآن.,قطعك لن ترتب نفسها. اقفز للداخل الآن.,Tus bloques no se organizarán solos. Salta ahora.,Tus bloques no se organizarán solos. Salta ahora.,Seus blocos não vão se organizar sozinhos. Pule agora.,Seus blocos não vão se organizar sozinhos. Pule agora.,Blokmu tidak akan mengatur dirinya sendiri. Lompat sekarang.,Blokmu tidak akan mengatur dirinya sendiri. Lompat sekarang.,Твои блоки не расставятся сами. Заходи сейчас.,Твои блоки не расставятся сами. Заходи сейчас.,Tes blocs ne s'arrangeront pas tout seuls. Saute maintenant.,Tes blocs ne s'arrangeront pas tout seuls. Saute maintenant.,บล็อกของคุณจะไม่จัดเรียงตัวเอง กระโดดเข้ามาเดี๋ยวนี้,บล็อกของคุณจะไม่จัดเรียงตัวเอง กระโดดเข้ามาเดี๋ยวนี้
20271020,https://d26ml67612e64s.cloudfront.net/block_blast/image/TOURNAMENT_END_MSG.jpg,"{""social"":""A2U_BETA"",""type"":""20271020""}",Beat your best score today. Start playing now.,Beat your best score today. Start playing now.,اهزم أفضل نتيجة لك اليوم. ابدأ اللعب الآن.,اهزم أفضل نتيجة لك اليوم. ابدأ اللعب الآن.,Supera tu mejor puntuación hoy. Empieza a jugar ahora.,Supera tu mejor puntuación hoy. Empieza a jugar ahora.,Bata sua melhor pontuação hoje. Comece a jogar agora.,Bata sua melhor pontuação hoje. Comece a jogar agora.,Kalahkan skor terbaikmu hari ini. Mulai main sekarang.,Kalahkan skor terbaikmu hari ini. Mulai main sekarang.,Побей свой лучший результат сегодня. Начни играть сейчас.,Побей свой лучший результат сегодня. Начни играть сейчас.,Bats ton meilleur score aujourd'hui. Commence à jouer maintenant.,Bats ton meilleur score aujourd'hui. Commence à jouer maintenant.,เอาชนะคะแนนที่ดีที่สุดของคุณวันนี้ เริ่มเล่นเดี๋ยวนี้,เอาชนะคะแนนที่ดีที่สุดของคุณวันนี้ เริ่มเล่นเดี๋ยวนี้
20271021,https://d26ml67612e64s.cloudfront.net/block_blast/image/TOURNAMENT_END_MSG.jpg,"{""social"":""A2U_BETA"",""type"":""20271021""}",A few minutes of puzzle fun awaits you.,A few minutes of puzzle fun awaits you.,بضع دقائق من متعة الألغاز تنتظرك.,بضع دقائق من متعة الألغاز تنتظرك.,Unos minutos de diversión con puzzles te esperan.,Unos minutos de diversión con puzzles te esperan.,Alguns minutos de diversão com puzzles aguardam você.,Alguns minutos de diversão com puzzles aguardam você.,Beberapa menit keseruan puzzle menantimu.,Beberapa menit keseruan puzzle menantimu.,Несколько минут головоломки ждут тебя.,Несколько минут головоломки ждут тебя.,Quelques minutes de plaisir puzzle t'attendent.,Quelques minutes de plaisir puzzle t'attendent.,ความสนุกปริศนาไม่กี่นาทีรอคุณอยู่,ความสนุกปริศนาไม่กี่นาทีรอคุณอยู่
20271022,https://d26ml67612e64s.cloudfront.net/block_blast/image/TOURNAMENT_END_MSG.jpg,"{""social"":""A2U_BETA"",""type"":""20271022""}",Keep your mind sharp with today's block challenge.,Keep your mind sharp with today's block challenge.,حافظ على حدة ذهنك مع تحدي القطع اليوم.,حافظ على حدة ذهنك مع تحدي القطع اليوم.,Mantén tu mente aguda con el desafío de bloques de hoy.,Mantén tu mente aguda con el desafío de bloques de hoy.,Mantenha sua mente afiada com o desafio de blocos de hoje.,Mantenha sua mente afiada com o desafio de blocos de hoje.,Jaga ketajaman pikiranmu dengan tantangan blok hari ini.,Jaga ketajaman pikiranmu dengan tantangan blok hari ini.,Держи свой ум острым с сегодняшним испытанием блоками.,Держи свой ум острым с сегодняшним испытанием блоками.,Garde ton esprit vif avec le défi de blocs d'aujourd'hui.,Garde ton esprit vif avec le défi de blocs d'aujourd'hui.,รักษาสมองของคุณให้แหลมคมด้วยความท้าทายบล็อกวันนี้,รักษาสมองของคุณให้แหลมคมด้วยความท้าทายบล็อกวันนี้
20271024,https://d26ml67612e64s.cloudfront.net/block_blast/image/TOURNAMENT_END_MSG.jpg,"{""social"":""A2U_BETA"",""type"":""20271024""}",Time to clear some lines. Jump in and play today.,Time to clear some lines. Jump in and play today.,حان وقت مسح بعض الخطوط. اقفز والعب اليوم.,حان وقت مسح بعض الخطوط. اقفز والعب اليوم.,Hora de borrar algunas líneas. Salta y juega hoy.,Hora de borrar algunas líneas. Salta y juega hoy.,Hora de limpar algumas linhas. Pule e jogue hoje.,Hora de limpar algumas linhas. Pule e jogue hoje.,Waktunya hapus beberapa garis. Lompat dan main hari ini.,Waktunya hapus beberapa garis. Lompat dan main hari ini.,Время очистить несколько линий. Заходи и играй сегодня.,Время очистить несколько линий. Заходи и играй сегодня.,Il est temps d'effacer quelques lignes. Saute et joue aujourd'hui.,Il est temps d'effacer quelques lignes. Saute et joue aujourd'hui.,ถึงเวลาล้างบางเส้นแล้ว กระโดดเข้ามาเล่นวันนี้,ถึงเวลาล้างบางเส้นแล้ว กระโดดเข้ามาเล่นวันนี้
20271025,https://d26ml67612e64s.cloudfront.net/block_blast/image/TOURNAMENT_END_MSG.jpg,"{""social"":""A2U_BETA"",""type"":""20271025""}",Your puzzle board is waiting. Come match those blocks.,Your puzzle board is waiting. Come match those blocks.,لوحة الألغاز الخاصة بك تنتظر. تعال وطابق تلك القطع.,لوحة الألغاز الخاصة بك تنتظر. تعال وطابق تلك القطع.,Tu tablero de rompecabezas está esperando. Ven a combinar esos bloques.,Tu tablero de rompecabezas está esperando. Ven a combinar esos bloques.,Seu tabuleiro de quebra-cabeça está esperando. Venha combinar esses blocos.,Seu tabuleiro de quebra-cabeça está esperando. Venha combinar esses blocos.,Papan puzzlemu menunggu. Ayo padukan blok-blok itu.,Papan puzzlemu menunggu. Ayo padukan blok-blok itu.,Твоя головоломка ждёт. Приходи и сопоставляй эти блоки.,Твоя головоломка ждёт. Приходи и сопоставляй эти блоки.,Ton tableau de puzzle t'attend. Viens assortir ces blocs.,Ton tableau de puzzle t'attend. Viens assortir ces blocs.,กระดานปริศนาของคุณกำลังรอ มาจับคู่บล็อกเหล่านั้นกันเถอะ,กระดานปริศนาของคุณกำลังรอ มาจับคู่บล็อกเหล่านั้นกันเถอะ
20271026,https://d26ml67612e64s.cloudfront.net/block_blast/image/TOURNAMENT_END_MSG.jpg,"{""social"":""A2U_BETA"",""type"":""20271026""}",Ready for today's block challenge? Let's play.,Ready for today's block challenge? Let's play.,مستعد لتحدي القطع اليوم؟ هيا نلعب.,مستعد لتحدي القطع اليوم؟ هيا نلعب.,¿Listo para el desafío de bloques de hoy? Juguemos.,¿Listo para el desafío de bloques de hoy? Juguemos.,Pronto para o desafio de blocos de hoje? Vamos jogar.,Pronto para o desafio de blocos de hoje? Vamos jogar.,Siap untuk tantangan blok hari ini? Ayo main.,Siap untuk tantangan blok hari ini? Ayo main.,Готов к сегодняшнему испытанию блоками? Давай играть.,Готов к сегодняшнему испытанию блоками? Давай играть.,Prêt pour le défi de blocs d'aujourd'hui? Jouons.,Prêt pour le défi de blocs d'aujourd'hui? Jouons.,พร้อมสำหรับความท้าทายบล็อกวันนี้แล้วหรือยัง? มาเล่นกันเถอะ,พร้อมสำหรับความท้าทายบล็อกวันนี้แล้วหรือยัง? มาเล่นกันเถอะ
20271027,https://d26ml67612e64s.cloudfront.net/block_blast/image/TOURNAMENT_END_MSG.jpg,"{""social"":""A2U_BETA"",""type"":""20271027""}","Clear lines, score big. Start your daily puzzle now.","Clear lines, score big. Start your daily puzzle now.",امسح الخطوط، احرز نقاطاً كبيرة. ابدأ لغزك اليومي الآن.,امسح الخطوط، احرز نقاطاً كبيرة. ابدأ لغزك اليومي الآن.,"Borra líneas, anota en grande. Comienza tu puzzle diario ahora.","Borra líneas, anota en grande. Comienza tu puzzle diario ahora.","Limpe linhas, pontue alto. Comece seu puzzle diário agora.","Limpe linhas, pontue alto. Comece seu puzzle diário agora.","Hapus garis, skor besar. Mulai puzzle harianmu sekarang.","Hapus garis, skor besar. Mulai puzzle harianmu sekarang.","Очищай линии, зарабатывай много. Начни свою ежедневную головоломку сейчас.","Очищай линии, зарабатывай много. Начни свою ежедневную головоломку сейчас.","Efface des lignes, marque gros. Commence ton puzzle quotidien maintenant.","Efface des lignes, marque gros. Commence ton puzzle quotidien maintenant.",ล้างเส้น ทำคะแนนสูง เริ่มปริศนาประจำวันของคุณเดี๋ยวนี้,ล้างเส้น ทำคะแนนสูง เริ่มปริศนาประจำวันของคุณเดี๋ยวนี้
20271028,https://d26ml67612e64s.cloudfront.net/block_blast/image/TOURNAMENT_END_MSG.jpg,"{""social"":""A2U_BETA"",""type"":""20271028""}","New blocks, new challenges. Play Puzzle Block Master today.","New blocks, new challenges. Play Puzzle Block Master today.",قطع جديدة، تحديات جديدة. العب ماستر بلوك بازل اليوم.,قطع جديدة، تحديات جديدة. العب ماستر بلوك بازل اليوم.,"Nuevos bloques, nuevos desafíos. Juega Puzzle Block Master hoy.","Nuevos bloques, nuevos desafíos. Juega Puzzle Block Master hoy.","Novos blocos, novos desafios. Jogue Puzzle Block Master hoje.","Novos blocos, novos desafios. Jogue Puzzle Block Master hoje.","Blok baru, tantangan baru. Main Puzzle Block Master hari ini.","Blok baru, tantangan baru. Main Puzzle Block Master hari ini.","Новые блоки, новые испытания. Играй в Puzzle Block Master сегодня.","Новые блоки, новые испытания. Играй в Puzzle Block Master сегодня.","Nouveaux blocs, nouveaux défis. Joue à Puzzle Block Master aujourd'hui.","Nouveaux blocs, nouveaux défis. Joue à Puzzle Block Master aujourd'hui.",บล็อกใหม่ ความท้าทายใหม่ เล่น Puzzle Block Master วันนี้,บล็อกใหม่ ความท้าทายใหม่ เล่น Puzzle Block Master วันนี้
20271029,https://d26ml67612e64s.cloudfront.net/block_blast/image/TOURNAMENT_END_MSG.jpg,"{""social"":""A2U_BETA"",""type"":""20271029""}",Your brain needs a puzzle break. Come play now.,Your brain needs a puzzle break. Come play now.,عقلك يحتاج لاستراحة ألغاز. تعال والعب الآن.,عقلك يحتاج لاستراحة ألغاز. تعال والعب الآن.,Tu cerebro necesita un descanso de puzzles. Ven a jugar ahora.,Tu cerebro necesita un descanso de puzzles. Ven a jugar ahora.,Seu cérebro precisa de uma pausa para puzzles. Venha jogar agora.,Seu cérebro precisa de uma pausa para puzzles. Venha jogar agora.,Otakmu butuh istirahat puzzle. Ayo main sekarang.,Otakmu butuh istirahat puzzle. Ayo main sekarang.,Твоему мозгу нужна головоломка. Заходи играть сейчас.,Твоему мозгу нужна головоломка. Заходи играть сейчас.,Ton cerveau a besoin d'une pause puzzle. Viens jouer maintenant.,Ton cerveau a besoin d'une pause puzzle. Viens jouer maintenant.,สมองของคุณต้องการพักปริศนา มาเล่นเดี๋ยวนี้,สมองของคุณต้องการพักปริศนา มาเล่นเดี๋ยวนี้
20271031,https://d26ml67612e64s.cloudfront.net/block_blast/image/TOURNAMENT_END_MSG.jpg,"{""social"":""A2U_BETA"",""type"":""20271031""}","Stack, match, and clear. Today's puzzle awaits.","Stack, match, and clear. Today's puzzle awaits.",كدّس، طابق، وامسح. لغزك اليوم بانتظارك.,كدّس، طابق، وامسح. لغزك اليوم بانتظارك.,"Apila, combina y borra. Tu puzzle de hoy te espera.","Apila, combina y borra. Tu puzzle de hoy te espera.","Empilhe, combine e limpe. Seu puzzle de hoje aguarda.","Empilhe, combine e limpe. Seu puzzle de hoje aguarda.","Tumpuk, padukan, dan hapus. Puzzle hari ini menanti.","Tumpuk, padukan, dan hapus. Puzzle hari ini menanti.","Складывай, сопоставляй и очищай. Твоя головоломка на сегодня ждёт.","Складывай, сопоставляй и очищай. Твоя головоломка на сегодня ждёт.","Empile, assortis et efface. Ton puzzle d'aujourd'hui t'attend.","Empile, assortis et efface. Ton puzzle d'aujourd'hui t'attend.",เรียง จับคู่ และล้าง ปริศนาวันนี้รออยู่,เรียง จับคู่ และล้าง ปริศนาวันนี้รออยู่
20271101,https://d26ml67612e64s.cloudfront.net/block_blast/image/TOURNAMENT_END_MSG.jpg,"{""social"":""A2U_BETA"",""type"":""20271101""}",How many lines can you clear today? Find out now.,How many lines can you clear today? Find out now.,كم خطاً يمكنك مسحه اليوم؟ اكتشف الآن.,كم خطاً يمكنك مسحه اليوم؟ اكتشف الآن.,¿Cuántas líneas puedes borrar hoy? Descúbrelo ahora.,¿Cuántas líneas puedes borrar hoy? Descúbrelo ahora.,Quantas linhas você pode limpar hoje? Descubra agora.,Quantas linhas você pode limpar hoje? Descubra agora.,Berapa banyak garis yang bisa kamu hapus hari ini? Cari tahu sekarang.,Berapa banyak garis yang bisa kamu hapus hari ini? Cari tahu sekarang.,Сколько линий ты можешь очистить сегодня? Узнай сейчас.,Сколько линий ты можешь очистить сегодня? Узнай сейчас.,Combien de lignes peux-tu effacer aujourd'hui? Découvre-le maintenant.,Combien de lignes peux-tu effacer aujourd'hui? Découvre-le maintenant.,วันนี้คุณจะล้างได้กี่เส้น? มาดูกันเดี๋ยวนี้,วันนี้คุณจะล้างได้กี่เส้น? มาดูกันเดี๋ยวนี้
20271102,https://d26ml67612e64s.cloudfront.net/block_blast/image/TOURNAMENT_END_MSG.jpg,"{""social"":""A2U_BETA"",""type"":""20271102""}",Daily block fun is calling. Come play your favorite puzzle.,Daily block fun is calling. Come play your favorite puzzle.,متعة القطع اليومية تناديك. تعال والعب لغزك المفضل.,متعة القطع اليومية تناديك. تعال والعب لغزك المفضل.,La diversión diaria de bloques te llama. Ven a jugar tu puzzle favorito.,La diversión diaria de bloques te llama. Ven a jugar tu puzzle favorito.,A diversão diária de blocos está chamando. Venha jogar seu puzzle favorito.,A diversão diária de blocos está chamando. Venha jogar seu puzzle favorito.,Keseruan blok harian memanggilmu. Ayo main puzzle favoritmu.,Keseruan blok harian memanggilmu. Ayo main puzzle favoritmu.,Ежедневное веселье с блоками зовёт. Заходи играть в свою любимую головоломку.,Ежедневное веселье с блоками зовёт. Заходи играть в свою любимую головоломку.,Le plaisir quotidien des blocs t'appelle. Viens jouer à ton puzzle préféré.,Le plaisir quotidien des blocs t'appelle. Viens jouer à ton puzzle préféré.,ความสนุกบล็อกประจำวันกำลังเรียกหา มาเล่นปริศนาโปรดของคุณ,ความสนุกบล็อกประจำวันกำลังเรียกหา มาเล่นปริศนาโปรดของคุณ
20271103,https://d26ml67612e64s.cloudfront.net/block_blast/image/TOURNAMENT_END_MSG.jpg,"{""social"":""A2U_BETA"",""type"":""20271103""}",Master the board today. Your blocks are ready.,Master the board today. Your blocks are ready.,أتقن اللوحة اليوم. قطعك جاهزة.,أتقن اللوحة اليوم. قطعك جاهزة.,Domina el tablero hoy. Tus bloques están listos.,Domina el tablero hoy. Tus bloques están listos.,Domine o tabuleiro hoje. Seus blocos estão prontos.,Domine o tabuleiro hoje. Seus blocos estão prontos.,Kuasai papan hari ini. Blokmu sudah siap.,Kuasai papan hari ini. Blokmu sudah siap.,Освой доску сегодня. Твои блоки готовы.,Освой доску сегодня. Твои блоки готовы.,Maîtrise le tableau aujourd'hui. Tes blocs sont prêts.,Maîtrise le tableau aujourd'hui. Tes blocs sont prêts.,มาเชี่ยวชาญกระดานวันนี้ บล็อกของคุณพร้อมแล้ว,มาเชี่ยวชาญกระดานวันนี้ บล็อกของคุณพร้อมแล้ว
20271104,https://d26ml67612e64s.cloudfront.net/block_blast/image/TOURNAMENT_END_MSG.jpg,"{""social"":""A2U_BETA"",""type"":""20271104""}",Take a puzzle break and clear the board today.,Take a puzzle break and clear the board today.,خذ استراحة ألغاز وامسح اللوحة اليوم.,خذ استراحة ألغاز وامسح اللوحة اليوم.,Toma un descanso de puzzles y despeja el tablero hoy.,Toma un descanso de puzzles y despeja el tablero hoy.,Faça uma pausa para puzzles e limpe o tabuleiro hoje.,Faça uma pausa para puzzles e limpe o tabuleiro hoje.,Istirahat puzzle dan bersihkan papan hari ini.,Istirahat puzzle dan bersihkan papan hari ini.,Сделай перерыв на головоломку и очисти доску сегодня.,Сделай перерыв на головоломку и очисти доску сегодня.,Prends une pause puzzle et vide le tableau aujourd'hui.,Prends une pause puzzle et vide le tableau aujourd'hui.,พักปริศนาและล้างกระดานวันนี้,พักปริศนาและล้างกระดานวันนี้
20271105,https://d26ml67612e64s.cloudfront.net/block_blast/image/TOURNAMENT_END_MSG.jpg,"{""social"":""A2U_BETA"",""type"":""20271105""}",Your next high score is waiting. Come play now.,Your next high score is waiting. Come play now.,أعلى نتيجة تاليه لك تنتظرك. تعال والعب الآن.,أعلى نتيجة تاليه لك تنتظرك. تعال والعب الآن.,Tu próxima puntuación alta está esperando. Ven a jugar ahora.,Tu próxima puntuación alta está esperando. Ven a jugar ahora.,Sua próxima pontuação alta está esperando. Venha jogar agora.,Sua próxima pontuação alta está esperando. Venha jogar agora.,Skor tertinggi berikutnya menunggumu. Ayo main sekarang.,Skor tertinggi berikutnya menunggumu. Ayo main sekarang.,Твой следующий рекорд ждёт. Заходи играть сейчас.,Твой следующий рекорд ждёт. Заходи играть сейчас.,Ton prochain score élevé t'attend. Viens jouer maintenant.,Ton prochain score élevé t'attend. Viens jouer maintenant.,คะแนนสูงถัดไปของคุณกำลังรอ มาเล่นเดี๋ยวนี้,คะแนนสูงถัดไปของคุณกำลังรอ มาเล่นเดี๋ยวนี้
20271107,https://d26ml67612e64s.cloudfront.net/block_blast/image/TOURNAMENT_END_MSG.jpg,"{""social"":""A2U_BETA"",""type"":""20271107""}",Relax with some block-matching fun today.,Relax with some block-matching fun today.,استرخ مع بعض متعة مطابقة القطع اليوم.,استرخ مع بعض متعة مطابقة القطع اليوم.,Relájate con algo de diversión combinando bloques hoy.,Relájate con algo de diversión combinando bloques hoy.,Relaxe com alguma diversão combinando blocos hoje.,Relaxe com alguma diversão combinando blocos hoje.,Santai dengan keseruan mencocokkan blok hari ini.,Santai dengan keseruan mencocokkan blok hari ini.,Расслабься с весёлым сопоставлением блоков сегодня.,Расслабься с весёлым сопоставлением блоков сегодня.,Détends-toi avec du plaisir d'assortiment de blocs aujourd'hui.,Détends-toi avec du plaisir d'assortiment de blocs aujourd'hui.,ผ่อนคลายกับความสนุกในการจับคู่บล็อกวันนี้,ผ่อนคลายกับความสนุกในการจับคู่บล็อกวันนี้
20271108,https://d26ml67612e64s.cloudfront.net/block_blast/image/TOURNAMENT_END_MSG.jpg,"{""social"":""A2U_BETA"",""type"":""20271108""}",Challenge yourself with fresh puzzles right now.,Challenge yourself with fresh puzzles right now.,تحدى نفسك بألغاز جديدة الآن.,تحدى نفسك بألغاز جديدة الآن.,Desafíate con puzzles frescos ahora mismo.,Desafíate con puzzles frescos ahora mismo.,Desafie-se com puzzles frescos agora mesmo.,Desafie-se com puzzles frescos agora mesmo.,Tantang dirimu dengan puzzle segar sekarang juga.,Tantang dirimu dengan puzzle segar sekarang juga.,Брось себе вызов со свежими головоломками прямо сейчас.,Брось себе вызов со свежими головоломками прямо сейчас.,Défie-toi avec des puzzles frais dès maintenant.,Défie-toi avec des puzzles frais dès maintenant.,ท้าทายตัวเองด้วยปริศนาใหม่ตอนนี้เลย,ท้าทายตัวเองด้วยปริศนาใหม่ตอนนี้เลย
20271109,https://d26ml67612e64s.cloudfront.net/block_blast/image/TOURNAMENT_END_MSG.jpg,"{""social"":""A2U_BETA"",""type"":""20271109""}",Your puzzle board is waiting. Come match those blocks.,Your puzzle board is waiting. Come match those blocks.,لوحة الألغاز الخاصة بك تنتظر. تعال وطابق تلك القطع.,لوحة الألغاز الخاصة بك تنتظر. تعال وطابق تلك القطع.,Tu tablero de rompecabezas está esperando. Ven a combinar esos bloques.,Tu tablero de rompecabezas está esperando. Ven a combinar esos bloques.,Seu tabuleiro de quebra-cabeça está esperando. Venha combinar esses blocos.,Seu tabuleiro de quebra-cabeça está esperando. Venha combinar esses blocos.,Papan puzzlemu menunggu. Ayo padukan blok-blok itu.,Papan puzzlemu menunggu. Ayo padukan blok-blok itu.,Твоя головоломка ждёт. Приходи и сопоставляй эти блоки.,Твоя головоломка ждёт. Приходи и сопоставляй эти блоки.,Ton tableau de puzzle t'attend. Viens assortir ces blocs.,Ton tableau de puzzle t'attend. Viens assortir ces blocs.,กระดานปริศนาของคุณกำลังรอ มาจับคู่บล็อกเหล่านั้นกันเถอะ,กระดานปริศนาของคุณกำลังรอ มาจับคู่บล็อกเหล่านั้นกันเถอะ
20271110,https://d26ml67612e64s.cloudfront.net/block_blast/image/TOURNAMENT_END_MSG.jpg,"{""social"":""A2U_BETA"",""type"":""20271110""}",Ready for today's block challenge? Let's play.,Ready for today's block challenge? Let's play.,مستعد لتحدي القطع اليوم؟ هيا نلعب.,مستعد لتحدي القطع اليوم؟ هيا نلعب.,¿Listo para el desafío de bloques de hoy? Juguemos.,¿Listo para el desafío de bloques de hoy? Juguemos.,Pronto para o desafio de blocos de hoje? Vamos jogar.,Pronto para o desafio de blocos de hoje? Vamos jogar.,Siap untuk tantangan blok hari ini? Ayo main.,Siap untuk tantangan blok hari ini? Ayo main.,Готов к сегодняшнему испытанию блоками? Давай играть.,Готов к сегодняшнему испытанию блоками? Давай играть.,Prêt pour le défi de blocs d'aujourd'hui? Jouons.,Prêt pour le défi de blocs d'aujourd'hui? Jouons.,พร้อมสำหรับความท้าทายบล็อกวันนี้แล้วหรือยัง? มาเล่นกันเถอะ,พร้อมสำหรับความท้าทายบล็อกวันนี้แล้วหรือยัง? มาเล่นกันเถอะ
20271111,https://d26ml67612e64s.cloudfront.net/block_blast/image/TOURNAMENT_END_MSG.jpg,"{""social"":""A2U_BETA"",""type"":""20271111""}","Clear lines, score big. Start your daily puzzle now.","Clear lines, score big. Start your daily puzzle now.",امسح الخطوط، احرز نقاطاً كبيرة. ابدأ لغزك اليومي الآن.,امسح الخطوط، احرز نقاطاً كبيرة. ابدأ لغزك اليومي الآن.,"Borra líneas, anota en grande. Comienza tu puzzle diario ahora.","Borra líneas, anota en grande. Comienza tu puzzle diario ahora.","Limpe linhas, pontue alto. Comece seu puzzle diário agora.","Limpe linhas, pontue alto. Comece seu puzzle diário agora.","Hapus garis, skor besar. Mulai puzzle harianmu sekarang.","Hapus garis, skor besar. Mulai puzzle harianmu sekarang.","Очищай линии, зарабатывай много. Начни свою ежедневную головоломку сейчас.","Очищай линии, зарабатывай много. Начни свою ежедневную головоломку сейчас.","Efface des lignes, marque gros. Commence ton puzzle quotidien maintenant.","Efface des lignes, marque gros. Commence ton puzzle quotidien maintenant.",ล้างเส้น ทำคะแนนสูง เริ่มปริศนาประจำวันของคุณเดี๋ยวนี้,ล้างเส้น ทำคะแนนสูง เริ่มปริศนาประจำวันของคุณเดี๋ยวนี้
20271112,https://d26ml67612e64s.cloudfront.net/block_blast/image/TOURNAMENT_END_MSG.jpg,"{""social"":""A2U_BETA"",""type"":""20271112""}","New blocks, new challenges. Play Puzzle Block Master today.","New blocks, new challenges. Play Puzzle Block Master today.",قطع جديدة، تحديات جديدة. العب ماستر بلوك بازل اليوم.,قطع جديدة، تحديات جديدة. العب ماستر بلوك بازل اليوم.,"Nuevos bloques, nuevos desafíos. Juega Puzzle Block Master hoy.","Nuevos bloques, nuevos desafíos. Juega Puzzle Block Master hoy.","Novos blocos, novos desafios. Jogue Puzzle Block Master hoje.","Novos blocos, novos desafios. Jogue Puzzle Block Master hoje.","Blok baru, tantangan baru. Main Puzzle Block Master hari ini.","Blok baru, tantangan baru. Main Puzzle Block Master hari ini.","Новые блоки, новые испытания. Играй в Puzzle Block Master сегодня.","Новые блоки, новые испытания. Играй в Puzzle Block Master сегодня.","Nouveaux blocs, nouveaux défis. Joue à Puzzle Block Master aujourd'hui.","Nouveaux blocs, nouveaux défis. Joue à Puzzle Block Master aujourd'hui.",บล็อกใหม่ ความท้าทายใหม่ เล่น Puzzle Block Master วันนี้,บล็อกใหม่ ความท้าทายใหม่ เล่น Puzzle Block Master วันนี้
20271114,https://d26ml67612e64s.cloudfront.net/block_blast/image/TOURNAMENT_END_MSG.jpg,"{""social"":""A2U_BETA"",""type"":""20271114""}",Your brain needs a puzzle break. Come play now.,Your brain needs a puzzle break. Come play now.,عقلك يحتاج لاستراحة ألغاز. تعال والعب الآن.,عقلك يحتاج لاستراحة ألغاز. تعال والعب الآن.,Tu cerebro necesita un descanso de puzzles. Ven a jugar ahora.,Tu cerebro necesita un descanso de puzzles. Ven a jugar ahora.,Seu cérebro precisa de uma pausa para puzzles. Venha jogar agora.,Seu cérebro precisa de uma pausa para puzzles. Venha jogar agora.,Otakmu butuh istirahat puzzle. Ayo main sekarang.,Otakmu butuh istirahat puzzle. Ayo main sekarang.,Твоему мозгу нужна головоломка. Заходи играть сейчас.,Твоему мозгу нужна головоломка. Заходи играть сейчас.,Ton cerveau a besoin d'une pause puzzle. Viens jouer maintenant.,Ton cerveau a besoin d'une pause puzzle. Viens jouer maintenant.,สมองของคุณต้องการพักปริศนา มาเล่นเดี๋ยวนี้,สมองของคุณต้องการพักปริศนา มาเล่นเดี๋ยวนี้
20271115,https://d26ml67612e64s.cloudfront.net/block_blast/image/TOURNAMENT_END_MSG.jpg,"{""social"":""A2U_BETA"",""type"":""20271115""}","Stack, match, and clear. Today's puzzle awaits.","Stack, match, and clear. Today's puzzle awaits.",كدّس، طابق، وامسح. لغزك اليوم بانتظارك.,كدّس، طابق، وامسح. لغزك اليوم بانتظارك.,"Apila, combina y borra. Tu puzzle de hoy te espera.","Apila, combina y borra. Tu puzzle de hoy te espera.","Empilhe, combine e limpe. Seu puzzle de hoje aguarda.","Empilhe, combine e limpe. Seu puzzle de hoje aguarda.","Tumpuk, padukan, dan hapus. Puzzle hari ini menanti.","Tumpuk, padukan, dan hapus. Puzzle hari ini menanti.","Складывай, сопоставляй и очищай. Твоя головоломка на сегодня ждёт.","Складывай, сопоставляй и очищай. Твоя головоломка на сегодня ждёт.","Empile, assortis et efface. Ton puzzle d'aujourd'hui t'attend.","Empile, assortis et efface. Ton puzzle d'aujourd'hui t'attend.",เรียง จับคู่ และล้าง ปริศนาวันนี้รออยู่,เรียง จับคู่ และล้าง ปริศนาวันนี้รออยู่
20271116,https://d26ml67612e64s.cloudfront.net/block_blast/image/TOURNAMENT_END_MSG.jpg,"{""social"":""A2U_BETA"",""type"":""20271116""}",How many lines can you clear today? Find out now.,How many lines can you clear today? Find out now.,كم خطاً يمكنك مسحه اليوم؟ اكتشف الآن.,كم خطاً يمكنك مسحه اليوم؟ اكتشف الآن.,¿Cuántas líneas puedes borrar hoy? Descúbrelo ahora.,¿Cuántas líneas puedes borrar hoy? Descúbrelo ahora.,Quantas linhas você pode limpar hoje? Descubra agora.,Quantas linhas você pode limpar hoje? Descubra agora.,Berapa banyak garis yang bisa kamu hapus hari ini? Cari tahu sekarang.,Berapa banyak garis yang bisa kamu hapus hari ini? Cari tahu sekarang.,Сколько линий ты можешь очистить сегодня? Узнай сейчас.,Сколько линий ты можешь очистить сегодня? Узнай сейчас.,Combien de lignes peux-tu effacer aujourd'hui? Découvre-le maintenant.,Combien de lignes peux-tu effacer aujourd'hui? Découvre-le maintenant.,วันนี้คุณจะล้างได้กี่เส้น? มาดูกันเดี๋ยวนี้,วันนี้คุณจะล้างได้กี่เส้น? มาดูกันเดี๋ยวนี้
20271117,https://d26ml67612e64s.cloudfront.net/block_blast/image/TOURNAMENT_END_MSG.jpg,"{""social"":""A2U_BETA"",""type"":""20271117""}",Daily block fun is calling. Come play your favorite puzzle.,Daily block fun is calling. Come play your favorite puzzle.,متعة القطع اليومية تناديك. تعال والعب لغزك المفضل.,متعة القطع اليومية تناديك. تعال والعب لغزك المفضل.,La diversión diaria de bloques te llama. Ven a jugar tu puzzle favorito.,La diversión diaria de bloques te llama. Ven a jugar tu puzzle favorito.,A diversão diária de blocos está chamando. Venha jogar seu puzzle favorito.,A diversão diária de blocos está chamando. Venha jogar seu puzzle favorito.,Keseruan blok harian memanggilmu. Ayo main puzzle favoritmu.,Keseruan blok harian memanggilmu. Ayo main puzzle favoritmu.,Ежедневное веселье с блоками зовёт. Заходи играть в свою любимую головоломку.,Ежедневное веселье с блоками зовёт. Заходи играть в свою любимую головоломку.,Le plaisir quotidien des blocs t'appelle. Viens jouer à ton puzzle préféré.,Le plaisir quotidien des blocs t'appelle. Viens jouer à ton puzzle préféré.,ความสนุกบล็อกประจำวันกำลังเรียกหา มาเล่นปริศนาโปรดของคุณ,ความสนุกบล็อกประจำวันกำลังเรียกหา มาเล่นปริศนาโปรดของคุณ
20271118,https://d26ml67612e64s.cloudfront.net/block_blast/image/TOURNAMENT_END_MSG.jpg,"{""social"":""A2U_BETA"",""type"":""20271118""}",Master the board today. Your blocks are ready.,Master the board today. Your blocks are ready.,أتقن اللوحة اليوم. قطعك جاهزة.,أتقن اللوحة اليوم. قطعك جاهزة.,Domina el tablero hoy. Tus bloques están listos.,Domina el tablero hoy. Tus bloques están listos.,Domine o tabuleiro hoje. Seus blocos estão prontos.,Domine o tabuleiro hoje. Seus blocos estão prontos.,Kuasai papan hari ini. Blokmu sudah siap.,Kuasai papan hari ini. Blokmu sudah siap.,Освой доску сегодня. Твои блоки готовы.,Освой доску сегодня. Твои блоки готовы.,Maîtrise le tableau aujourd'hui. Tes blocs sont prêts.,Maîtrise le tableau aujourd'hui. Tes blocs sont prêts.,มาเชี่ยวชาญกระดานวันนี้ บล็อกของคุณพร้อมแล้ว,มาเชี่ยวชาญกระดานวันนี้ บล็อกของคุณพร้อมแล้ว
20271119,https://d26ml67612e64s.cloudfront.net/block_blast/image/TOURNAMENT_END_MSG.jpg,"{""social"":""A2U_BETA"",""type"":""20271119""}",Take a puzzle break and clear the board today.,Take a puzzle break and clear the board today.,خذ استراحة ألغاز وامسح اللوحة اليوم.,خذ استراحة ألغاز وامسح اللوحة اليوم.,Toma un descanso de puzzles y despeja el tablero hoy.,Toma un descanso de puzzles y despeja el tablero hoy.,Faça uma pausa para puzzles e limpe o tabuleiro hoje.,Faça uma pausa para puzzles e limpe o tabuleiro hoje.,Istirahat puzzle dan bersihkan papan hari ini.,Istirahat puzzle dan bersihkan papan hari ini.,Сделай перерыв на головоломку и очисти доску сегодня.,Сделай перерыв на головоломку и очисти доску сегодня.,Prends une pause puzzle et vide le tableau aujourd'hui.,Prends une pause puzzle et vide le tableau aujourd'hui.,พักปริศนาและล้างกระดานวันนี้,พักปริศนาและล้างกระดานวันนี้
20271121,https://d26ml67612e64s.cloudfront.net/block_blast/image/TOURNAMENT_END_MSG.jpg,"{""social"":""A2U_BETA"",""type"":""20271121""}",Your next high score is waiting. Come play now.,Your next high score is waiting. Come play now.,أعلى نتيجة تاليه لك تنتظرك. تعال والعب الآن.,أعلى نتيجة تاليه لك تنتظرك. تعال والعب الآن.,Tu próxima puntuación alta está esperando. Ven a jugar ahora.,Tu próxima puntuación alta está esperando. Ven a jugar ahora.,Sua próxima pontuação alta está esperando. Venha jogar agora.,Sua próxima pontuação alta está esperando. Venha jogar agora.,Skor tertinggi berikutnya menunggumu. Ayo main sekarang.,Skor tertinggi berikutnya menunggumu. Ayo main sekarang.,Твой следующий рекорд ждёт. Заходи играть сейчас.,Твой следующий рекорд ждёт. Заходи играть сейчас.,Ton prochain score élevé t'attend. Viens jouer maintenant.,Ton prochain score élevé t'attend. Viens jouer maintenant.,คะแนนสูงถัดไปของคุณกำลังรอ มาเล่นเดี๋ยวนี้,คะแนนสูงถัดไปของคุณกำลังรอ มาเล่นเดี๋ยวนี้
20271122,https://d26ml67612e64s.cloudfront.net/block_blast/image/TOURNAMENT_END_MSG.jpg,"{""social"":""A2U_BETA"",""type"":""20271122""}",Relax with some block-matching fun today.,Relax with some block-matching fun today.,استرخ مع بعض متعة مطابقة القطع اليوم.,استرخ مع بعض متعة مطابقة القطع اليوم.,Relájate con algo de diversión combinando bloques hoy.,Relájate con algo de diversión combinando bloques hoy.,Relaxe com alguma diversão combinando blocos hoje.,Relaxe com alguma diversão combinando blocos hoje.,Santai dengan keseruan mencocokkan blok hari ini.,Santai dengan keseruan mencocokkan blok hari ini.,Расслабься с весёлым сопоставлением блоков сегодня.,Расслабься с весёлым сопоставлением блоков сегодня.,Détends-toi avec du plaisir d'assortiment de blocs aujourd'hui.,Détends-toi avec du plaisir d'assortiment de blocs aujourd'hui.,ผ่อนคลายกับความสนุกในการจับคู่บล็อกวันนี้,ผ่อนคลายกับความสนุกในการจับคู่บล็อกวันนี้
20271123,https://d26ml67612e64s.cloudfront.net/block_blast/image/TOURNAMENT_END_MSG.jpg,"{""social"":""A2U_BETA"",""type"":""20271123""}",Challenge yourself with fresh puzzles right now.,Challenge yourself with fresh puzzles right now.,تحدى نفسك بألغاز جديدة الآن.,تحدى نفسك بألغاز جديدة الآن.,Desafíate con puzzles frescos ahora mismo.,Desafíate con puzzles frescos ahora mismo.,Desafie-se com puzzles frescos agora mesmo.,Desafie-se com puzzles frescos agora mesmo.,Tantang dirimu dengan puzzle segar sekarang juga.,Tantang dirimu dengan puzzle segar sekarang juga.,Брось себе вызов со свежими головоломками прямо сейчас.,Брось себе вызов со свежими головоломками прямо сейчас.,Défie-toi avec des puzzles frais dès maintenant.,Défie-toi avec des puzzles frais dès maintenant.,ท้าทายตัวเองด้วยปริศนาใหม่ตอนนี้เลย,ท้าทายตัวเองด้วยปริศนาใหม่ตอนนี้เลย
20271124,https://d26ml67612e64s.cloudfront.net/block_blast/image/TOURNAMENT_END_MSG.jpg,"{""social"":""A2U_BETA"",""type"":""20271124""}",Fill those lines and feel the satisfaction. Play today.,Fill those lines and feel the satisfaction. Play today.,املأ تلك الخطوط واشعر بالرضا. العب اليوم.,املأ تلك الخطوط واشعر بالرضا. العب اليوم.,Llena esas líneas y siente la satisfacción. Juega hoy.,Llena esas líneas y siente la satisfacción. Juega hoy.,Preencha essas linhas e sinta a satisfação. Jogue hoje.,Preencha essas linhas e sinta a satisfação. Jogue hoje.,Isi garis-garis itu dan rasakan kepuasannya. Main hari ini.,Isi garis-garis itu dan rasakan kepuasannya. Main hari ini.,Заполни эти линии и почувствуй удовлетворение. Играй сегодня.,Заполни эти линии и почувствуй удовлетворение. Играй сегодня.,Remplis ces lignes et ressens la satisfaction. Joue aujourd'hui.,Remplis ces lignes et ressens la satisfaction. Joue aujourd'hui.,เติมเส้นเหล่านั้นและรู้สึกถึงความพึงพอใจ เล่นวันนี้,เติมเส้นเหล่านั้นและรู้สึกถึงความพึงพอใจ เล่นวันนี้
20271125,https://d26ml67612e64s.cloudfront.net/block_blast/image/TOURNAMENT_END_MSG.jpg,"{""social"":""A2U_BETA"",""type"":""20271125""}",Perfect time for a quick puzzle session.,Perfect time for a quick puzzle session.,الوقت المثالي لجلسة ألغاز سريعة.,الوقت المثالي لجلسة ألغاز سريعة.,Momento perfecto para una sesión rápida de puzzles.,Momento perfecto para una sesión rápida de puzzles.,Momento perfeito para uma sessão rápida de puzzles.,Momento perfeito para uma sessão rápida de puzzles.,Waktu sempurna untuk sesi puzzle cepat.,Waktu sempurna untuk sesi puzzle cepat.,Идеальное время для быстрой головоломки.,Идеальное время для быстрой головоломки.,Moment parfait pour une session de puzzle rapide.,Moment parfait pour une session de puzzle rapide.,เวลาที่สมบูรณ์แบบสำหรับช่วงปริศนาสั้นๆ,เวลาที่สมบูรณ์แบบสำหรับช่วงปริศนาสั้นๆ
20271126,https://d26ml67612e64s.cloudfront.net/block_blast/image/TOURNAMENT_END_MSG.jpg,"{""social"":""A2U_BETA"",""type"":""20271126""}",Your blocks won't arrange themselves. Jump in now.,Your blocks won't arrange themselves. Jump in now.,قطعك لن ترتب نفسها. اقفز للداخل الآن.,قطعك لن ترتب نفسها. اقفز للداخل الآن.,Tus bloques no se organizarán solos. Salta ahora.,Tus bloques no se organizarán solos. Salta ahora.,Seus blocos não vão se organizar sozinhos. Pule agora.,Seus blocos não vão se organizar sozinhos. Pule agora.,Blokmu tidak akan mengatur dirinya sendiri. Lompat sekarang.,Blokmu tidak akan mengatur dirinya sendiri. Lompat sekarang.,Твои блоки не расставятся сами. Заходи сейчас.,Твои блоки не расставятся сами. Заходи сейчас.,Tes blocs ne s'arrangeront pas tout seuls. Saute maintenant.,Tes blocs ne s'arrangeront pas tout seuls. Saute maintenant.,บล็อกของคุณจะไม่จัดเรียงตัวเอง กระโดดเข้ามาเดี๋ยวนี้,บล็อกของคุณจะไม่จัดเรียงตัวเอง กระโดดเข้ามาเดี๋ยวนี้
20271128,https://d26ml67612e64s.cloudfront.net/block_blast/image/TOURNAMENT_END_MSG.jpg,"{""social"":""A2U_BETA"",""type"":""20271128""}",Beat your best score today. Start playing now.,Beat your best score today. Start playing now.,اهزم أفضل نتيجة لك اليوم. ابدأ اللعب الآن.,اهزم أفضل نتيجة لك اليوم. ابدأ اللعب الآن.,Supera tu mejor puntuación hoy. Empieza a jugar ahora.,Supera tu mejor puntuación hoy. Empieza a jugar ahora.,Bata sua melhor pontuação hoje. Comece a jogar agora.,Bata sua melhor pontuação hoje. Comece a jogar agora.,Kalahkan skor terbaikmu hari ini. Mulai main sekarang.,Kalahkan skor terbaikmu hari ini. Mulai main sekarang.,Побей свой лучший результат сегодня. Начни играть сейчас.,Побей свой лучший результат сегодня. Начни играть сейчас.,Bats ton meilleur score aujourd'hui. Commence à jouer maintenant.,Bats ton meilleur score aujourd'hui. Commence à jouer maintenant.,เอาชนะคะแนนที่ดีที่สุดของคุณวันนี้ เริ่มเล่นเดี๋ยวนี้,เอาชนะคะแนนที่ดีที่สุดของคุณวันนี้ เริ่มเล่นเดี๋ยวนี้
20271129,https://d26ml67612e64s.cloudfront.net/block_blast/image/TOURNAMENT_END_MSG.jpg,"{""social"":""A2U_BETA"",""type"":""20271129""}",A few minutes of puzzle fun awaits you.,A few minutes of puzzle fun awaits you.,بضع دقائق من متعة الألغاز تنتظرك.,بضع دقائق من متعة الألغاز تنتظرك.,Unos minutos de diversión con puzzles te esperan.,Unos minutos de diversión con puzzles te esperan.,Alguns minutos de diversão com puzzles aguardam você.,Alguns minutos de diversão com puzzles aguardam você.,Beberapa menit keseruan puzzle menantimu.,Beberapa menit keseruan puzzle menantimu.,Несколько минут головоломки ждут тебя.,Несколько минут головоломки ждут тебя.,Quelques minutes de plaisir puzzle t'attendent.,Quelques minutes de plaisir puzzle t'attendent.,ความสนุกปริศนาไม่กี่นาทีรอคุณอยู่,ความสนุกปริศนาไม่กี่นาทีรอคุณอยู่
20271130,https://d26ml67612e64s.cloudfront.net/block_blast/image/TOURNAMENT_END_MSG.jpg,"{""social"":""A2U_BETA"",""type"":""20271130""}",Keep your mind sharp with today's block challenge.,Keep your mind sharp with today's block challenge.,حافظ على حدة ذهنك مع تحدي القطع اليوم.,حافظ على حدة ذهنك مع تحدي القطع اليوم.,Mantén tu mente aguda con el desafío de bloques de hoy.,Mantén tu mente aguda con el desafío de bloques de hoy.,Mantenha sua mente afiada com o desafio de blocos de hoje.,Mantenha sua mente afiada com o desafio de blocos de hoje.,Jaga ketajaman pikiranmu dengan tantangan blok hari ini.,Jaga ketajaman pikiranmu dengan tantangan blok hari ini.,Держи свой ум острым с сегодняшним испытанием блоками.,Держи свой ум острым с сегодняшним испытанием блоками.,Garde ton esprit vif avec le défi de blocs d'aujourd'hui.,Garde ton esprit vif avec le défi de blocs d'aujourd'hui.,รักษาสมองของคุณให้แหลมคมด้วยความท้าทายบล็อกวันนี้,รักษาสมองของคุณให้แหลมคมด้วยความท้าทายบล็อกวันนี้
20271201,https://d26ml67612e64s.cloudfront.net/block_blast/image/TOURNAMENT_END_MSG.jpg,"{""social"":""A2U_BETA"",""type"":""20271201""}",Time to clear some lines. Jump in and play today.,Time to clear some lines. Jump in and play today.,حان وقت مسح بعض الخطوط. اقفز والعب اليوم.,حان وقت مسح بعض الخطوط. اقفز والعب اليوم.,Hora de borrar algunas líneas. Salta y juega hoy.,Hora de borrar algunas líneas. Salta y juega hoy.,Hora de limpar algumas linhas. Pule e jogue hoje.,Hora de limpar algumas linhas. Pule e jogue hoje.,Waktunya hapus beberapa garis. Lompat dan main hari ini.,Waktunya hapus beberapa garis. Lompat dan main hari ini.,Время очистить несколько линий. Заходи и играй сегодня.,Время очистить несколько линий. Заходи и играй сегодня.,Il est temps d'effacer quelques lignes. Saute et joue aujourd'hui.,Il est temps d'effacer quelques lignes. Saute et joue aujourd'hui.,ถึงเวลาล้างบางเส้นแล้ว กระโดดเข้ามาเล่นวันนี้,ถึงเวลาล้างบางเส้นแล้ว กระโดดเข้ามาเล่นวันนี้
20271202,https://d26ml67612e64s.cloudfront.net/block_blast/image/TOURNAMENT_END_MSG.jpg,"{""social"":""A2U_BETA"",""type"":""20271202""}",Your puzzle board is waiting. Come match those blocks.,Your puzzle board is waiting. Come match those blocks.,لوحة الألغاز الخاصة بك تنتظر. تعال وطابق تلك القطع.,لوحة الألغاز الخاصة بك تنتظر. تعال وطابق تلك القطع.,Tu tablero de rompecabezas está esperando. Ven a combinar esos bloques.,Tu tablero de rompecabezas está esperando. Ven a combinar esos bloques.,Seu tabuleiro de quebra-cabeça está esperando. Venha combinar esses blocos.,Seu tabuleiro de quebra-cabeça está esperando. Venha combinar esses blocos.,Papan puzzlemu menunggu. Ayo padukan blok-blok itu.,Papan puzzlemu menunggu. Ayo padukan blok-blok itu.,Твоя головоломка ждёт. Приходи и сопоставляй эти блоки.,Твоя головоломка ждёт. Приходи и сопоставляй эти блоки.,Ton tableau de puzzle t'attend. Viens assortir ces blocs.,Ton tableau de puzzle t'attend. Viens assortir ces blocs.,กระดานปริศนาของคุณกำลังรอ มาจับคู่บล็อกเหล่านั้นกันเถอะ,กระดานปริศนาของคุณกำลังรอ มาจับคู่บล็อกเหล่านั้นกันเถอะ
20271203,https://d26ml67612e64s.cloudfront.net/block_blast/image/TOURNAMENT_END_MSG.jpg,"{""social"":""A2U_BETA"",""type"":""20271203""}",Ready for today's block challenge? Let's play.,Ready for today's block challenge? Let's play.,مستعد لتحدي القطع اليوم؟ هيا نلعب.,مستعد لتحدي القطع اليوم؟ هيا نلعب.,¿Listo para el desafío de bloques de hoy? Juguemos.,¿Listo para el desafío de bloques de hoy? Juguemos.,Pronto para o desafio de blocos de hoje? Vamos jogar.,Pronto para o desafio de blocos de hoje? Vamos jogar.,Siap untuk tantangan blok hari ini? Ayo main.,Siap untuk tantangan blok hari ini? Ayo main.,Готов к сегодняшнему испытанию блоками? Давай играть.,Готов к сегодняшнему испытанию блоками? Давай играть.,Prêt pour le défi de blocs d'aujourd'hui? Jouons.,Prêt pour le défi de blocs d'aujourd'hui? Jouons.,พร้อมสำหรับความท้าทายบล็อกวันนี้แล้วหรือยัง? มาเล่นกันเถอะ,พร้อมสำหรับความท้าทายบล็อกวันนี้แล้วหรือยัง? มาเล่นกันเถอะ
20271205,https://d26ml67612e64s.cloudfront.net/block_blast/image/TOURNAMENT_END_MSG.jpg,"{""social"":""A2U_BETA"",""type"":""20271205""}","Clear lines, score big. Start your daily puzzle now.","Clear lines, score big. Start your daily puzzle now.",امسح الخطوط، احرز نقاطاً كبيرة. ابدأ لغزك اليومي الآن.,امسح الخطوط، احرز نقاطاً كبيرة. ابدأ لغزك اليومي الآن.,"Borra líneas, anota en grande. Comienza tu puzzle diario ahora.","Borra líneas, anota en grande. Comienza tu puzzle diario ahora.","Limpe linhas, pontue alto. Comece seu puzzle diário agora.","Limpe linhas, pontue alto. Comece seu puzzle diário agora.","Hapus garis, skor besar. Mulai puzzle harianmu sekarang.","Hapus garis, skor besar. Mulai puzzle harianmu sekarang.","Очищай линии, зарабатывай много. Начни свою ежедневную головоломку сейчас.","Очищай линии, зарабатывай много. Начни свою ежедневную головоломку сейчас.","Efface des lignes, marque gros. Commence ton puzzle quotidien maintenant.","Efface des lignes, marque gros. Commence ton puzzle quotidien maintenant.",ล้างเส้น ทำคะแนนสูง เริ่มปริศนาประจำวันของคุณเดี๋ยวนี้,ล้างเส้น ทำคะแนนสูง เริ่มปริศนาประจำวันของคุณเดี๋ยวนี้
20271206,https://d26ml67612e64s.cloudfront.net/block_blast/image/TOURNAMENT_END_MSG.jpg,"{""social"":""A2U_BETA"",""type"":""20271206""}","New blocks, new challenges. Play Puzzle Block Master today.","New blocks, new challenges. Play Puzzle Block Master today.",قطع جديدة، تحديات جديدة. العب ماستر بلوك بازل اليوم.,قطع جديدة، تحديات جديدة. العب ماستر بلوك بازل اليوم.,"Nuevos bloques, nuevos desafíos. Juega Puzzle Block Master hoy.","Nuevos bloques, nuevos desafíos. Juega Puzzle Block Master hoy.","Novos blocos, novos desafios. Jogue Puzzle Block Master hoje.","Novos blocos, novos desafios. Jogue Puzzle Block Master hoje.","Blok baru, tantangan baru. Main Puzzle Block Master hari ini.","Blok baru, tantangan baru. Main Puzzle Block Master hari ini.","Новые блоки, новые испытания. Играй в Puzzle Block Master сегодня.","Новые блоки, новые испытания. Играй в Puzzle Block Master сегодня.","Nouveaux blocs, nouveaux défis. Joue à Puzzle Block Master aujourd'hui.","Nouveaux blocs, nouveaux défis. Joue à Puzzle Block Master aujourd'hui.",บล็อกใหม่ ความท้าทายใหม่ เล่น Puzzle Block Master วันนี้,บล็อกใหม่ ความท้าทายใหม่ เล่น Puzzle Block Master วันนี้
20271207,https://d26ml67612e64s.cloudfront.net/block_blast/image/TOURNAMENT_END_MSG.jpg,"{""social"":""A2U_BETA"",""type"":""20271207""}",Your brain needs a puzzle break. Come play now.,Your brain needs a puzzle break. Come play now.,عقلك يحتاج لاستراحة ألغاز. تعال والعب الآن.,عقلك يحتاج لاستراحة ألغاز. تعال والعب الآن.,Tu cerebro necesita un descanso de puzzles. Ven a jugar ahora.,Tu cerebro necesita un descanso de puzzles. Ven a jugar ahora.,Seu cérebro precisa de uma pausa para puzzles. Venha jogar agora.,Seu cérebro precisa de uma pausa para puzzles. Venha jogar agora.,Otakmu butuh istirahat puzzle. Ayo main sekarang.,Otakmu butuh istirahat puzzle. Ayo main sekarang.,Твоему мозгу нужна головоломка. Заходи играть сейчас.,Твоему мозгу нужна головоломка. Заходи играть сейчас.,Ton cerveau a besoin d'une pause puzzle. Viens jouer maintenant.,Ton cerveau a besoin d'une pause puzzle. Viens jouer maintenant.,สมองของคุณต้องการพักปริศนา มาเล่นเดี๋ยวนี้,สมองของคุณต้องการพักปริศนา มาเล่นเดี๋ยวนี้
20271208,https://d26ml67612e64s.cloudfront.net/block_blast/image/TOURNAMENT_END_MSG.jpg,"{""social"":""A2U_BETA"",""type"":""20271208""}","Stack, match, and clear. Today's puzzle awaits.","Stack, match, and clear. Today's puzzle awaits.",كدّس، طابق، وامسح. لغزك اليوم بانتظارك.,كدّس، طابق، وامسح. لغزك اليوم بانتظارك.,"Apila, combina y borra. Tu puzzle de hoy te espera.","Apila, combina y borra. Tu puzzle de hoy te espera.","Empilhe, combine e limpe. Seu puzzle de hoje aguarda.","Empilhe, combine e limpe. Seu puzzle de hoje aguarda.","Tumpuk, padukan, dan hapus. Puzzle hari ini menanti.","Tumpuk, padukan, dan hapus. Puzzle hari ini menanti.","Складывай, сопоставляй и очищай. Твоя головоломка на сегодня ждёт.","Складывай, сопоставляй и очищай. Твоя головоломка на сегодня ждёт.","Empile, assortis et efface. Ton puzzle d'aujourd'hui t'attend.","Empile, assortis et efface. Ton puzzle d'aujourd'hui t'attend.",เรียง จับคู่ และล้าง ปริศนาวันนี้รออยู่,เรียง จับคู่ และล้าง ปริศนาวันนี้รออยู่
20271209,https://d26ml67612e64s.cloudfront.net/block_blast/image/TOURNAMENT_END_MSG.jpg,"{""social"":""A2U_BETA"",""type"":""20271209""}",How many lines can you clear today? Find out now.,How many lines can you clear today? Find out now.,كم خطاً يمكنك مسحه اليوم؟ اكتشف الآن.,كم خطاً يمكنك مسحه اليوم؟ اكتشف الآن.,¿Cuántas líneas puedes borrar hoy? Descúbrelo ahora.,¿Cuántas líneas puedes borrar hoy? Descúbrelo ahora.,Quantas linhas você pode limpar hoje? Descubra agora.,Quantas linhas você pode limpar hoje? Descubra agora.,Berapa banyak garis yang bisa kamu hapus hari ini? Cari tahu sekarang.,Berapa banyak garis yang bisa kamu hapus hari ini? Cari tahu sekarang.,Сколько линий ты можешь очистить сегодня? Узнай сейчас.,Сколько линий ты можешь очистить сегодня? Узнай сейчас.,Combien de lignes peux-tu effacer aujourd'hui? Découvre-le maintenant.,Combien de lignes peux-tu effacer aujourd'hui? Découvre-le maintenant.,วันนี้คุณจะล้างได้กี่เส้น? มาดูกันเดี๋ยวนี้,วันนี้คุณจะล้างได้กี่เส้น? มาดูกันเดี๋ยวนี้
20271210,https://d26ml67612e64s.cloudfront.net/block_blast/image/TOURNAMENT_END_MSG.jpg,"{""social"":""A2U_BETA"",""type"":""20271210""}",Daily block fun is calling. Come play your favorite puzzle.,Daily block fun is calling. Come play your favorite puzzle.,متعة القطع اليومية تناديك. تعال والعب لغزك المفضل.,متعة القطع اليومية تناديك. تعال والعب لغزك المفضل.,La diversión diaria de bloques te llama. Ven a jugar tu puzzle favorito.,La diversión diaria de bloques te llama. Ven a jugar tu puzzle favorito.,A diversão diária de blocos está chamando. Venha jogar seu puzzle favorito.,A diversão diária de blocos está chamando. Venha jogar seu puzzle favorito.,Keseruan blok harian memanggilmu. Ayo main puzzle favoritmu.,Keseruan blok harian memanggilmu. Ayo main puzzle favoritmu.,Ежедневное веселье с блоками зовёт. Заходи играть в свою любимую головоломку.,Ежедневное веселье с блоками зовёт. Заходи играть в свою любимую головоломку.,Le plaisir quotidien des blocs t'appelle. Viens jouer à ton puzzle préféré.,Le plaisir quotidien des blocs t'appelle. Viens jouer à ton puzzle préféré.,ความสนุกบล็อกประจำวันกำลังเรียกหา มาเล่นปริศนาโปรดของคุณ,ความสนุกบล็อกประจำวันกำลังเรียกหา มาเล่นปริศนาโปรดของคุณ
20271212,https://d26ml67612e64s.cloudfront.net/block_blast/image/TOURNAMENT_END_MSG.jpg,"{""social"":""A2U_BETA"",""type"":""20271212""}",Master the board today. Your blocks are ready.,Master the board today. Your blocks are ready.,أتقن اللوحة اليوم. قطعك جاهزة.,أتقن اللوحة اليوم. قطعك جاهزة.,Domina el tablero hoy. Tus bloques están listos.,Domina el tablero hoy. Tus bloques están listos.,Domine o tabuleiro hoje. Seus blocos estão prontos.,Domine o tabuleiro hoje. Seus blocos estão prontos.,Kuasai papan hari ini. Blokmu sudah siap.,Kuasai papan hari ini. Blokmu sudah siap.,Освой доску сегодня. Твои блоки готовы.,Освой доску сегодня. Твои блоки готовы.,Maîtrise le tableau aujourd'hui. Tes blocs sont prêts.,Maîtrise le tableau aujourd'hui. Tes blocs sont prêts.,มาเชี่ยวชาญกระดานวันนี้ บล็อกของคุณพร้อมแล้ว,มาเชี่ยวชาญกระดานวันนี้ บล็อกของคุณพร้อมแล้ว
20271213,https://d26ml67612e64s.cloudfront.net/block_blast/image/TOURNAMENT_END_MSG.jpg,"{""social"":""A2U_BETA"",""type"":""20271213""}",Take a puzzle break and clear the board today.,Take a puzzle break and clear the board today.,خذ استراحة ألغاز وامسح اللوحة اليوم.,خذ استراحة ألغاز وامسح اللوحة اليوم.,Toma un descanso de puzzles y despeja el tablero hoy.,Toma un descanso de puzzles y despeja el tablero hoy.,Faça uma pausa para puzzles e limpe o tabuleiro hoje.,Faça uma pausa para puzzles e limpe o tabuleiro hoje.,Istirahat puzzle dan bersihkan papan hari ini.,Istirahat puzzle dan bersihkan papan hari ini.,Сделай перерыв на головоломку и очисти доску сегодня.,Сделай перерыв на головоломку и очисти доску сегодня.,Prends une pause puzzle et vide le tableau aujourd'hui.,Prends une pause puzzle et vide le tableau aujourd'hui.,พักปริศนาและล้างกระดานวันนี้,พักปริศนาและล้างกระดานวันนี้
20271214,https://d26ml67612e64s.cloudfront.net/block_blast/image/TOURNAMENT_END_MSG.jpg,"{""social"":""A2U_BETA"",""type"":""20271214""}",Your next high score is waiting. Come play now.,Your next high score is waiting. Come play now.,أعلى نتيجة تاليه لك تنتظرك. تعال والعب الآن.,أعلى نتيجة تاليه لك تنتظرك. تعال والعب الآن.,Tu próxima puntuación alta está esperando. Ven a jugar ahora.,Tu próxima puntuación alta está esperando. Ven a jugar ahora.,Sua próxima pontuação alta está esperando. Venha jogar agora.,Sua próxima pontuação alta está esperando. Venha jogar agora.,Skor tertinggi berikutnya menunggumu. Ayo main sekarang.,Skor tertinggi berikutnya menunggumu. Ayo main sekarang.,Твой следующий рекорд ждёт. Заходи играть сейчас.,Твой следующий рекорд ждёт. Заходи играть сейчас.,Ton prochain score élevé t'attend. Viens jouer maintenant.,Ton prochain score élevé t'attend. Viens jouer maintenant.,คะแนนสูงถัดไปของคุณกำลังรอ มาเล่นเดี๋ยวนี้,คะแนนสูงถัดไปของคุณกำลังรอ มาเล่นเดี๋ยวนี้
20271215,https://d26ml67612e64s.cloudfront.net/block_blast/image/TOURNAMENT_END_MSG.jpg,"{""social"":""A2U_BETA"",""type"":""20271215""}",Relax with some block-matching fun today.,Relax with some block-matching fun today.,استرخ مع بعض متعة مطابقة القطع اليوم.,استرخ مع بعض متعة مطابقة القطع اليوم.,Relájate con algo de diversión combinando bloques hoy.,Relájate con algo de diversión combinando bloques hoy.,Relaxe com alguma diversão combinando blocos hoje.,Relaxe com alguma diversão combinando blocos hoje.,Santai dengan keseruan mencocokkan blok hari ini.,Santai dengan keseruan mencocokkan blok hari ini.,Расслабься с весёлым сопоставлением блоков сегодня.,Расслабься с весёлым сопоставлением блоков сегодня.,Détends-toi avec du plaisir d'assortiment de blocs aujourd'hui.,Détends-toi avec du plaisir d'assortiment de blocs aujourd'hui.,ผ่อนคลายกับความสนุกในการจับคู่บล็อกวันนี้,ผ่อนคลายกับความสนุกในการจับคู่บล็อกวันนี้
20271216,https://d26ml67612e64s.cloudfront.net/block_blast/image/TOURNAMENT_END_MSG.jpg,"{""social"":""A2U_BETA"",""type"":""20271216""}",Challenge yourself with fresh puzzles right now.,Challenge yourself with fresh puzzles right now.,تحدى نفسك بألغاز جديدة الآن.,تحدى نفسك بألغاز جديدة الآن.,Desafíate con puzzles frescos ahora mismo.,Desafíate con puzzles frescos ahora mismo.,Desafie-se com puzzles frescos agora mesmo.,Desafie-se com puzzles frescos agora mesmo.,Tantang dirimu dengan puzzle segar sekarang juga.,Tantang dirimu dengan puzzle segar sekarang juga.,Брось себе вызов со свежими головоломками прямо сейчас.,Брось себе вызов со свежими головоломками прямо сейчас.,Défie-toi avec des puzzles frais dès maintenant.,Défie-toi avec des puzzles frais dès maintenant.,ท้าทายตัวเองด้วยปริศนาใหม่ตอนนี้เลย,ท้าทายตัวเองด้วยปริศนาใหม่ตอนนี้เลย
20271217,https://d26ml67612e64s.cloudfront.net/block_blast/image/TOURNAMENT_END_MSG.jpg,"{""social"":""A2U_BETA"",""type"":""20271217""}",Fill those lines and feel the satisfaction. Play today.,Fill those lines and feel the satisfaction. Play today.,املأ تلك الخطوط واشعر بالرضا. العب اليوم.,املأ تلك الخطوط واشعر بالرضا. العب اليوم.,Llena esas líneas y siente la satisfacción. Juega hoy.,Llena esas líneas y siente la satisfacción. Juega hoy.,Preencha essas linhas e sinta a satisfação. Jogue hoje.,Preencha essas linhas e sinta a satisfação. Jogue hoje.,Isi garis-garis itu dan rasakan kepuasannya. Main hari ini.,Isi garis-garis itu dan rasakan kepuasannya. Main hari ini.,Заполни эти линии и почувствуй удовлетворение. Играй сегодня.,Заполни эти линии и почувствуй удовлетворение. Играй сегодня.,Remplis ces lignes et ressens la satisfaction. Joue aujourd'hui.,Remplis ces lignes et ressens la satisfaction. Joue aujourd'hui.,เติมเส้นเหล่านั้นและรู้สึกถึงความพึงพอใจ เล่นวันนี้,เติมเส้นเหล่านั้นและรู้สึกถึงความพึงพอใจ เล่นวันนี้
20271219,https://d26ml67612e64s.cloudfront.net/block_blast/image/TOURNAMENT_END_MSG.jpg,"{""social"":""A2U_BETA"",""type"":""20271219""}",Perfect time for a quick puzzle session.,Perfect time for a quick puzzle session.,الوقت المثالي لجلسة ألغاز سريعة.,الوقت المثالي لجلسة ألغاز سريعة.,Momento perfecto para una sesión rápida de puzzles.,Momento perfecto para una sesión rápida de puzzles.,Momento perfeito para uma sessão rápida de puzzles.,Momento perfeito para uma sessão rápida de puzzles.,Waktu sempurna untuk sesi puzzle cepat.,Waktu sempurna untuk sesi puzzle cepat.,Идеальное время для быстрой головоломки.,Идеальное время для быстрой головоломки.,Moment parfait pour une session de puzzle rapide.,Moment parfait pour une session de puzzle rapide.,เวลาที่สมบูรณ์แบบสำหรับช่วงปริศนาสั้นๆ,เวลาที่สมบูรณ์แบบสำหรับช่วงปริศนาสั้นๆ
20271220,https://d26ml67612e64s.cloudfront.net/block_blast/image/TOURNAMENT_END_MSG.jpg,"{""social"":""A2U_BETA"",""type"":""20271220""}",Your blocks won't arrange themselves. Jump in now.,Your blocks won't arrange themselves. Jump in now.,قطعك لن ترتب نفسها. اقفز للداخل الآن.,قطعك لن ترتب نفسها. اقفز للداخل الآن.,Tus bloques no se organizarán solos. Salta ahora.,Tus bloques no se organizarán solos. Salta ahora.,Seus blocos não vão se organizar sozinhos. Pule agora.,Seus blocos não vão se organizar sozinhos. Pule agora.,Blokmu tidak akan mengatur dirinya sendiri. Lompat sekarang.,Blokmu tidak akan mengatur dirinya sendiri. Lompat sekarang.,Твои блоки не расставятся сами. Заходи сейчас.,Твои блоки не расставятся сами. Заходи сейчас.,Tes blocs ne s'arrangeront pas tout seuls. Saute maintenant.,Tes blocs ne s'arrangeront pas tout seuls. Saute maintenant.,บล็อกของคุณจะไม่จัดเรียงตัวเอง กระโดดเข้ามาเดี๋ยวนี้,บล็อกของคุณจะไม่จัดเรียงตัวเอง กระโดดเข้ามาเดี๋ยวนี้
20271221,https://d26ml67612e64s.cloudfront.net/block_blast/image/TOURNAMENT_END_MSG.jpg,"{""social"":""A2U_BETA"",""type"":""20271221""}",Beat your best score today. Start playing now.,Beat your best score today. Start playing now.,اهزم أفضل نتيجة لك اليوم. ابدأ اللعب الآن.,اهزم أفضل نتيجة لك اليوم. ابدأ اللعب الآن.,Supera tu mejor puntuación hoy. Empieza a jugar ahora.,Supera tu mejor puntuación hoy. Empieza a jugar ahora.,Bata sua melhor pontuação hoje. Comece a jogar agora.,Bata sua melhor pontuação hoje. Comece a jogar agora.,Kalahkan skor terbaikmu hari ini. Mulai main sekarang.,Kalahkan skor terbaikmu hari ini. Mulai main sekarang.,Побей свой лучший результат сегодня. Начни играть сейчас.,Побей свой лучший результат сегодня. Начни играть сейчас.,Bats ton meilleur score aujourd'hui. Commence à jouer maintenant.,Bats ton meilleur score aujourd'hui. Commence à jouer maintenant.,เอาชนะคะแนนที่ดีที่สุดของคุณวันนี้ เริ่มเล่นเดี๋ยวนี้,เอาชนะคะแนนที่ดีที่สุดของคุณวันนี้ เริ่มเล่นเดี๋ยวนี้
20271222,https://d26ml67612e64s.cloudfront.net/block_blast/image/TOURNAMENT_END_MSG.jpg,"{""social"":""A2U_BETA"",""type"":""20271222""}",A few minutes of puzzle fun awaits you.,A few minutes of puzzle fun awaits you.,بضع دقائق من متعة الألغاز تنتظرك.,بضع دقائق من متعة الألغاز تنتظرك.,Unos minutos de diversión con puzzles te esperan.,Unos minutos de diversión con puzzles te esperan.,Alguns minutos de diversão com puzzles aguardam você.,Alguns minutos de diversão com puzzles aguardam você.,Beberapa menit keseruan puzzle menantimu.,Beberapa menit keseruan puzzle menantimu.,Несколько минут головоломки ждут тебя.,Несколько минут головоломки ждут тебя.,Quelques minutes de plaisir puzzle t'attendent.,Quelques minutes de plaisir puzzle t'attendent.,ความสนุกปริศนาไม่กี่นาทีรอคุณอยู่,ความสนุกปริศนาไม่กี่นาทีรอคุณอยู่
20271223,https://d26ml67612e64s.cloudfront.net/block_blast/image/TOURNAMENT_END_MSG.jpg,"{""social"":""A2U_BETA"",""type"":""20271223""}",Keep your mind sharp with today's block challenge.,Keep your mind sharp with today's block challenge.,حافظ على حدة ذهنك مع تحدي القطع اليوم.,حافظ على حدة ذهنك مع تحدي القطع اليوم.,Mantén tu mente aguda con el desafío de bloques de hoy.,Mantén tu mente aguda con el desafío de bloques de hoy.,Mantenha sua mente afiada com o desafio de blocos de hoje.,Mantenha sua mente afiada com o desafio de blocos de hoje.,Jaga ketajaman pikiranmu dengan tantangan blok hari ini.,Jaga ketajaman pikiranmu dengan tantangan blok hari ini.,Держи свой ум острым с сегодняшним испытанием блоками.,Держи свой ум острым с сегодняшним испытанием блоками.,Garde ton esprit vif avec le défi de blocs d'aujourd'hui.,Garde ton esprit vif avec le défi de blocs d'aujourd'hui.,รักษาสมองของคุณให้แหลมคมด้วยความท้าทายบล็อกวันนี้,รักษาสมองของคุณให้แหลมคมด้วยความท้าทายบล็อกวันนี้
20271224,https://d26ml67612e64s.cloudfront.net/block_blast/image/TOURNAMENT_END_MSG.jpg,"{""social"":""A2U_BETA"",""type"":""20271224""}",Time to clear some lines. Jump in and play today.,Time to clear some lines. Jump in and play today.,حان وقت مسح بعض الخطوط. اقفز والعب اليوم.,حان وقت مسح بعض الخطوط. اقفز والعب اليوم.,Hora de borrar algunas líneas. Salta y juega hoy.,Hora de borrar algunas líneas. Salta y juega hoy.,Hora de limpar algumas linhas. Pule e jogue hoje.,Hora de limpar algumas linhas. Pule e jogue hoje.,Waktunya hapus beberapa garis. Lompat dan main hari ini.,Waktunya hapus beberapa garis. Lompat dan main hari ini.,Время очистить несколько линий. Заходи и играй сегодня.,Время очистить несколько линий. Заходи и играй сегодня.,Il est temps d'effacer quelques lignes. Saute et joue aujourd'hui.,Il est temps d'effacer quelques lignes. Saute et joue aujourd'hui.,ถึงเวลาล้างบางเส้นแล้ว กระโดดเข้ามาเล่นวันนี้,ถึงเวลาล้างบางเส้นแล้ว กระโดดเข้ามาเล่นวันนี้
20271226,https://d26ml67612e64s.cloudfront.net/block_blast/image/TOURNAMENT_END_MSG.jpg,"{""social"":""A2U_BETA"",""type"":""20271226""}",Your puzzle board is waiting. Come match those blocks.,Your puzzle board is waiting. Come match those blocks.,لوحة الألغاز الخاصة بك تنتظر. تعال وطابق تلك القطع.,لوحة الألغاز الخاصة بك تنتظر. تعال وطابق تلك القطع.,Tu tablero de rompecabezas está esperando. Ven a combinar esos bloques.,Tu tablero de rompecabezas está esperando. Ven a combinar esos bloques.,Seu tabuleiro de quebra-cabeça está esperando. Venha combinar esses blocos.,Seu tabuleiro de quebra-cabeça está esperando. Venha combinar esses blocos.,Papan puzzlemu menunggu. Ayo padukan blok-blok itu.,Papan puzzlemu menunggu. Ayo padukan blok-blok itu.,Твоя головоломка ждёт. Приходи и сопоставляй эти блоки.,Твоя головоломка ждёт. Приходи и сопоставляй эти блоки.,Ton tableau de puzzle t'attend. Viens assortir ces blocs.,Ton tableau de puzzle t'attend. Viens assortir ces blocs.,กระดานปริศนาของคุณกำลังรอ มาจับคู่บล็อกเหล่านั้นกันเถอะ,กระดานปริศนาของคุณกำลังรอ มาจับคู่บล็อกเหล่านั้นกันเถอะ
20271227,https://d26ml67612e64s.cloudfront.net/block_blast/image/TOURNAMENT_END_MSG.jpg,"{""social"":""A2U_BETA"",""type"":""20271227""}",Ready for today's block challenge? Let's play.,Ready for today's block challenge? Let's play.,مستعد لتحدي القطع اليوم؟ هيا نلعب.,مستعد لتحدي القطع اليوم؟ هيا نلعب.,¿Listo para el desafío de bloques de hoy? Juguemos.,¿Listo para el desafío de bloques de hoy? Juguemos.,Pronto para o desafio de blocos de hoje? Vamos jogar.,Pronto para o desafio de blocos de hoje? Vamos jogar.,Siap untuk tantangan blok hari ini? Ayo main.,Siap untuk tantangan blok hari ini? Ayo main.,Готов к сегодняшнему испытанию блоками? Давай играть.,Готов к сегодняшнему испытанию блоками? Давай играть.,Prêt pour le défi de blocs d'aujourd'hui? Jouons.,Prêt pour le défi de blocs d'aujourd'hui? Jouons.,พร้อมสำหรับความท้าทายบล็อกวันนี้แล้วหรือยัง? มาเล่นกันเถอะ,พร้อมสำหรับความท้าทายบล็อกวันนี้แล้วหรือยัง? มาเล่นกันเถอะ
20271228,https://d26ml67612e64s.cloudfront.net/block_blast/image/TOURNAMENT_END_MSG.jpg,"{""social"":""A2U_BETA"",""type"":""20271228""}","Clear lines, score big. Start your daily puzzle now.","Clear lines, score big. Start your daily puzzle now.",امسح الخطوط، احرز نقاطاً كبيرة. ابدأ لغزك اليومي الآن.,امسح الخطوط، احرز نقاطاً كبيرة. ابدأ لغزك اليومي الآن.,"Borra líneas, anota en grande. Comienza tu puzzle diario ahora.","Borra líneas, anota en grande. Comienza tu puzzle diario ahora.","Limpe linhas, pontue alto. Comece seu puzzle diário agora.","Limpe linhas, pontue alto. Comece seu puzzle diário agora.","Hapus garis, skor besar. Mulai puzzle harianmu sekarang.","Hapus garis, skor besar. Mulai puzzle harianmu sekarang.","Очищай линии, зарабатывай много. Начни свою ежедневную головоломку сейчас.","Очищай линии, зарабатывай много. Начни свою ежедневную головоломку сейчас.","Efface des lignes, marque gros. Commence ton puzzle quotidien maintenant.","Efface des lignes, marque gros. Commence ton puzzle quotidien maintenant.",ล้างเส้น ทำคะแนนสูง เริ่มปริศนาประจำวันของคุณเดี๋ยวนี้,ล้างเส้น ทำคะแนนสูง เริ่มปริศนาประจำวันของคุณเดี๋ยวนี้
20271229,https://d26ml67612e64s.cloudfront.net/block_blast/image/TOURNAMENT_END_MSG.jpg,"{""social"":""A2U_BETA"",""type"":""20271229""}","New blocks, new challenges. Play Puzzle Block Master today.","New blocks, new challenges. Play Puzzle Block Master today.",قطع جديدة، تحديات جديدة. العب ماستر بلوك بازل اليوم.,قطع جديدة، تحديات جديدة. العب ماستر بلوك بازل اليوم.,"Nuevos bloques, nuevos desafíos. Juega Puzzle Block Master hoy.","Nuevos bloques, nuevos desafíos. Juega Puzzle Block Master hoy.","Novos blocos, novos desafios. Jogue Puzzle Block Master hoje.","Novos blocos, novos desafios. Jogue Puzzle Block Master hoje.","Blok baru, tantangan baru. Main Puzzle Block Master hari ini.","Blok baru, tantangan baru. Main Puzzle Block Master hari ini.","Новые блоки, новые испытания. Играй в Puzzle Block Master сегодня.","Новые блоки, новые испытания. Играй в Puzzle Block Master сегодня.","Nouveaux blocs, nouveaux défis. Joue à Puzzle Block Master aujourd'hui.","Nouveaux blocs, nouveaux défis. Joue à Puzzle Block Master aujourd'hui.",บล็อกใหม่ ความท้าทายใหม่ เล่น Puzzle Block Master วันนี้,บล็อกใหม่ ความท้าทายใหม่ เล่น Puzzle Block Master วันนี้
20271230,https://d26ml67612e64s.cloudfront.net/block_blast/image/TOURNAMENT_END_MSG.jpg,"{""social"":""A2U_BETA"",""type"":""20271230""}",Your brain needs a puzzle break. Come play now.,Your brain needs a puzzle break. Come play now.,عقلك يحتاج لاستراحة ألغاز. تعال والعب الآن.,عقلك يحتاج لاستراحة ألغاز. تعال والعب الآن.,Tu cerebro necesita un descanso de puzzles. Ven a jugar ahora.,Tu cerebro necesita un descanso de puzzles. Ven a jugar ahora.,Seu cérebro precisa de uma pausa para puzzles. Venha jogar agora.,Seu cérebro precisa de uma pausa para puzzles. Venha jogar agora.,Otakmu butuh istirahat puzzle. Ayo main sekarang.,Otakmu butuh istirahat puzzle. Ayo main sekarang.,Твоему мозгу нужна головоломка. Заходи играть сейчас.,Твоему мозгу нужна головоломка. Заходи играть сейчас.,Ton cerveau a besoin d'une pause puzzle. Viens jouer maintenant.,Ton cerveau a besoin d'une pause puzzle. Viens jouer maintenant.,สมองของคุณต้องการพักปริศนา มาเล่นเดี๋ยวนี้,สมองของคุณต้องการพักปริศนา มาเล่นเดี๋ยวนี้
20271231,https://d26ml67612e64s.cloudfront.net/block_blast/image/TOURNAMENT_END_MSG.jpg,"{""social"":""A2U_BETA"",""type"":""20271231""}","Stack, match, and clear. Today's puzzle awaits.","Stack, match, and clear. Today's puzzle awaits.",كدّس، طابق، وامسح. لغزك اليوم بانتظارك.,كدّس، طابق، وامسح. لغزك اليوم بانتظارك.,"Apila, combina y borra. Tu puzzle de hoy te espera.","Apila, combina y borra. Tu puzzle de hoy te espera.","Empilhe, combine e limpe. Seu puzzle de hoje aguarda.","Empilhe, combine e limpe. Seu puzzle de hoje aguarda.","Tumpuk, padukan, dan hapus. Puzzle hari ini menanti.","Tumpuk, padukan, dan hapus. Puzzle hari ini menanti.","Складывай, сопоставляй и очищай. Твоя головоломка на сегодня ждёт.","Складывай, сопоставляй и очищай. Твоя головоломка на сегодня ждёт.","Empile, assortis et efface. Ton puzzle d'aujourd'hui t'attend.","Empile, assortis et efface. Ton puzzle d'aujourd'hui t'attend.",เรียง จับคู่ และล้าง ปริศนาวันนี้รออยู่,เรียง จับคู่ และล้าง ปริศนาวันนี้รออยู่
